run_id,environment,seed,algorithm,learning_rate,steps,batch_size,buffer_size,epochs,num_agents,total_time,average_cpu,average_ram,early_reward_mean,early_reward_mean_step,final_reward_mean,final_reward_mean_step,best_reward,best_reward_step,p_loss_mean,p_loss_mean_step,v_loss_mean,v_loss_mean_step,entropy_mean,entropy_mean_step,step_interval,threshold_value,steps_to_threshold,time_to_threshold,threshold_version,run_reached_threshold,p_reach,pred_reach,pred_steps_to_threshold_cond,pred_time_to_threshold_cond,expected_steps
R_LN_3DBall_4238,3DBall,4238,ppo,0.0006063624299467,200000,66,12494,3.0,12.0,193,44.8,61.3,1.1604004134099055,12000,0.6252372407906237,142000,0.6270461975427244,168000,0.1706486235133713,24000,2.275510798495531,24000,-1.623549382926545,12000,180000,2.5657600000000005,48000.0,38.5,2025-11-21_09-33,1,0.9996352005192295,1,44889.05196364709,33.58592317621717,44945.63635695257
R_LN_3DBall_3615,3DBall,3615,ppo,0.0006656033819784,200000,121,22697,3.0,12.0,174,43.3,62.5,-0.9044161949257536,12000,-1.2222392640974855,142000,-1.026659682608215,180000,0.0033022863137091,24000,-0.7357570680477193,24000,0.426146286344435,12000,180000,2.5657600000000005,96000.0,81.4,2025-11-21_09-33,1,0.7227746528687041,1,86189.36210210473,76.05556088374826,117740.55570058296
C_LF_3DBall_109,3DBall,109,ppo,0.0003,500000,64,12000,3.0,12.0,804,23.4,53.4,0.4311900870460116,12000,0.680224602088181,442000,0.6270461975427244,120000,0.1663759510742309,24000,1.0730451894148705,24000,-0.0305216606952198,12000,480000,2.5657600000000005,48000.0,60.3,2025-11-21_09-33,1,0.9561108166580686,1,53336.89421372413,26.68201606982654,72940.57315565448
R_AK_3DBall_2556,3DBall,2556,ppo,0.0003844068249589,500000,146,27458,3.0,12.0,212,25.0,79.4,-0.5106426186892499,12000,0.7173596335131767,442000,0.6270461975427244,276000,-0.0700452572248662,36000,-0.5979532843245536,36000,0.7925426624576345,12000,480000,2.5657600000000005,120000.0,47.6,2025-11-21_09-33,1,0.9613724386701546,1,110800.89057851995,38.14739856017508,125834.70304721937
R_AK_3DBall_2507,3DBall,2507,ppo,0.0002533006310968,500000,169,31864,3.0,12.0,232,43.5,82.1,-0.7033076628127639,12000,0.7022538159287011,442000,0.6270461975427244,300000,-0.0892722832009975,36000,-0.8568882952216627,36000,0.5588985965303759,12000,480000,2.5657600000000005,108000.0,46.4,2025-11-21_09-33,1,0.9916549880985419,1,122522.57658829371,60.335530131838986,125672.63017919613
R_LN_3DBall_3100,3DBall,3100,ppo,0.0003431111685279,100000,75,14086,3.0,12.0,112,40.2,56.4,0.4757102964450705,12000,-1.5674306629381254,46000,-1.527505279463604,96000,0.1321945715611084,24000,1.0842736458663875,24000,-0.3969180368084193,12000,84000,2.5657600000000005,60000.0,64.1,2025-11-21_09-33,1,0.21377188879213022,0,62844.19396258468,69.44093135537989,92057.13316378769
R_AK_3DBall_2343,3DBall,2343,ppo,0.0003986687269981,500000,168,31516,3.0,12.0,221,39.0,83.0,-0.9166976320013548,12000,0.7173596335131767,442000,0.6270461975427244,276000,-0.0871359469814274,36000,-0.8596103452705152,36000,0.6491701674568193,12000,480000,2.5657600000000005,108000.0,44.2,2025-11-21_09-33,1,0.9777180081644798,1,119472.00399012554,55.14980999691272,127950.92569040442
R_LN_3DBall_4472,3DBall,4472,ppo,0.0006561553939033,200000,54,10247,3.0,12.0,188,44.6,64.1,0.0312757922717072,12000,0.6772198282467846,142000,0.6270461975427244,156000,0.2404356066859962,12000,0.4895057101920824,12000,0.0119590785642892,12000,180000,2.5657600000000005,48000.0,37.5,2025-11-21_09-33,1,0.9897907429804116,1,53495.404407795715,40.07918431196507,54991.107478747384
R_AP_3DBall_1252,3DBall,1252,ppo,0.0008375957593236,500000,74,13907,3.0,12.0,479,61.6,88.2,0.7620212982700513,12000,0.7173596335131767,442000,0.6270461975427244,180000,0.1329066836342985,24000,1.901569173034397,24000,-1.5279677195926644,12000,480000,2.5657600000000005,48000.0,35.9,2025-11-21_09-33,1,0.9999949247431409,1,41747.551692765745,27.05683084033521,41749.87744164722
R_AK_3DBall_2638,3DBall,2638,ppo,4.3715300418814754e-05,500000,171,32227,3.0,12.0,241,45.2,84.5,-0.1867197158202357,12000,0.7008184776804968,442000,0.6270461975427244,336000,-0.0985297401524682,36000,-0.5023412763586041,36000,0.7235114611609397,12000,480000,2.5657600000000005,120000.0,54.2,2025-11-21_09-33,1,0.9836632962292554,1,126854.98594091849,62.30414190797291,132950.94549913204
R_LN_3DBall_3528,3DBall,3528,ppo,0.0002226495688328,200000,144,27101,3.0,12.0,182,43.1,66.4,-0.3018581884040094,12000,-1.4001765077598254,142000,-1.275741598008752,192000,-0.0486818950291646,36000,-0.5955714905318076,36000,0.3942857318998002,12000,180000,2.5657600000000005,96000.0,85.0,2025-11-21_09-33,1,0.4095684684077152,0,110593.7990772476,98.8883055396805,163382.03922191585
R_AK_3DBall_2024,3DBall,2024,ppo,0.0004707996792515,500000,36,6846,3.0,12.0,256,44.9,84.4,3.312722260909231,12000,0.7173596335131767,442000,0.6270461975427244,120000,0.4184636249835092,12000,2.283676948642089,12000,-2.595296293487652,12000,480000,2.5657600000000005,36000.0,12.8,2025-11-21_09-33,1,0.9999999983393355,1,33130.521382476225,13.852190359561943,33130.52215778979
R_AK_3DBall_2171,3DBall,2171,ppo,0.0007070081115114,500000,37,7059,3.0,12.0,277,45.2,83.6,2.538224135329053,12000,0.6846572643252826,442000,0.6270461975427244,168000,0.3985244869341878,12000,1.389143251337885,12000,-2.499714630153771,12000,480000,2.5657600000000005,36000.0,13.9,2025-11-21_09-33,1,0.9999999993906012,1,34066.81236028681,14.231697672164174,34066.81264422591
R_AP_3DBall_1261,3DBall,1261,ppo,6.0613101867130064e-05,500000,124,23291,3.0,12.0,422,52.4,87.7,-1.156185654975603,12000,0.3212832588179438,442000,0.4336496070873149,456000,-0.0429849984436441,24000,-0.3652180051476516,24000,0.6066894281973103,12000,480000,2.5657600000000005,180000.0,147.8,2025-11-21_09-33,1,0.7077749950197817,1,99534.98262050578,65.40899052665058,216560.8743186317
R_AK_3DBall_2766,3DBall,2766,ppo,0.0006363179078942,500000,112,21026,3.0,12.0,267,48.0,84.4,0.3145164348277877,12000,0.6951342402235078,442000,0.6270461975427244,192000,0.0054386225332793,24000,-0.1784173205451381,24000,-0.248235449400167,12000,480000,2.5657600000000005,60000.0,26.7,2025-11-21_09-33,1,0.9999900086038784,1,68668.89622580101,31.039021390572636,68673.20582571837
R_AK_3DBall_2972,3DBall,2972,ppo,0.00052042652506,500000,166,31185,3.0,12.0,247,50.1,84.2,-0.5989154476701428,12000,0.7173596335131767,442000,0.6270461975427244,228000,-0.0842874986886671,36000,-0.7503880870603024,36000,0.2137425900469249,12000,480000,2.5657600000000005,96000.0,43.2,2025-11-21_09-33,1,0.9997499623473941,1,103536.6433516362,51.67633492177877,103635.77411867681
R_LN_3DBall_3336,3DBall,3336,ppo,0.0001156509507295,100000,92,17395,3.0,12.0,98,40.2,58.0,-0.3179775745657375,12000,-1.7027423338834629,46000,-1.8606373530760616,96000,0.0730892694863342,24000,-0.4730792383334381,24000,0.5217279496783039,12000,84000,2.5657600000000005,84000.0,84.0,2025-11-21_09-33,1,0.02546336326670703,0,89644.99119615533,100.88300228363518,99736.32664919776
R_AK_3DBall_2445,3DBall,2445,ppo,0.0006871536969176,500000,37,6986,3.0,12.0,329,54.6,83.8,2.516731620446748,12000,0.6800731217540283,442000,0.6270461975427244,132000,0.3885549179095269,12000,1.794388452360824,12000,-3.3280890457140506,12000,480000,2.5657600000000005,36000.0,16.5,2025-11-21_09-33,1,0.9999999999693929,1,30171.221764572896,14.313177781550605,30171.22177895298
R_LN_3DBall_4229,3DBall,4229,ppo,0.0003781065314291,200000,88,16533,3.0,12.0,184,44.3,61.2,-0.1107283239149455,12000,0.5982389753330505,142000,0.6270461975427244,180000,0.0787861660718545,24000,0.1812335421595191,24000,-0.2535455418076042,12000,180000,2.5657600000000005,60000.0,49.1,2025-11-21_09-33,1,0.9759249244017827,1,68333.91661943341,55.40642680593697,71503.78753054173
R_AK_3DBall_2723,3DBall,2723,ppo,0.0004300585507907,500000,69,12979,3.0,12.0,281,49.6,83.8,-0.1652272009379321,12000,0.5722464399628867,442000,0.6270461975427244,108000,0.1499973733908597,24000,1.4514101462053894,24000,-0.70490339643981,12000,480000,2.5657600000000005,48000.0,21.1,2025-11-21_09-33,1,0.9997737558343823,1,52660.1199839128,24.922971059535246,52761.32802181455
R_AK_3DBall_2382,3DBall,2382,ppo,0.000128381679988,500000,166,31142,3.0,12.0,218,28.0,83.3,-0.222796437229819,12000,-0.9167580623624432,442000,-0.868922844811577,492000,-0.0835753866154772,36000,0.0675879526199207,36000,0.6704105370865681,12000,480000,2.5657600000000005,252000.0,108.9,2025-11-21_09-33,1,0.7809439906291388,1,124874.75864579469,46.79189224922966,207048.19703112805
R_AP_3DBall_1177,3DBall,1177,ppo,0.0006994993081991,500000,63,11977,3.0,12.0,585,60.9,88.8,0.993065833254822,12000,0.6443138297572422,442000,0.6270461975427244,156000,0.1756334080257016,12000,1.1455197719655723,12000,-1.3208741157025916,12000,480000,2.5657600000000005,48000.0,43.8,2025-11-21_09-33,1,0.999998120825956,1,43928.71766737827,28.432645752577617,43929.574704694256
R_LN_3DBall_3918,3DBall,3918,ppo,0.0006267083410832,200000,163,30631,3.0,12.0,176,43.8,59.7,-0.86373393461282,12000,-1.5687343871255082,142000,-1.6499872081308238,192000,-0.0828632745422871,36000,-0.9245992901868724,36000,0.7925426624576345,12000,180000,2.5657600000000005,108000.0,93.9,2025-11-21_09-33,1,0.540071892171375,1,110221.30303503212,98.28125738539701,151513.0492534493
R_AK_3DBall_2655,3DBall,2655,ppo,0.0004737557057688,500000,143,26929,3.0,12.0,213,33.1,84.8,-0.2964850596834322,12000,0.7173596335131767,442000,0.6270461975427244,264000,-0.0793027141763368,36000,-0.3886956868190058,36000,0.4314563787518721,12000,480000,2.5657600000000005,120000.0,47.9,2025-11-21_09-33,1,0.995618686214373,1,101307.44303777842,37.60676362092863,103054.24023382389
R_AK_3DBall_2816,3DBall,2816,ppo,9.58757375257688e-05,500000,178,33487,3.0,12.0,224,39.2,83.1,-0.1867197158202357,12000,0.7173596335131767,442000,0.6270461975427244,348000,-0.1163325419822195,36000,-0.7602555184873933,36000,0.776612385235323,12000,480000,2.5657600000000005,120000.0,50.3,2025-11-21_09-33,1,0.987322425063793,1,133839.21893799555,58.28772466506838,138481.24967860922
R_AK_3DBall_2078,3DBall,2078,ppo,0.0006748705008507,500000,82,15486,3.0,12.0,269,44.8,83.8,0.5340471225541807,12000,0.7173596335131767,442000,0.6270461975427244,132000,0.1029979765603163,24000,0.5575569614133988,24000,-1.3261842081100286,12000,480000,2.5657600000000005,60000.0,26.9,2025-11-21_09-33,1,0.9999980109991664,1,53990.29496320839,24.5723615803903,53991.1820768835
R_AP_3DBall_1248,3DBall,1248,ppo,0.0004804583185837,500000,186,34977,3.0,12.0,426,62.2,87.5,-0.2987878291351075,12000,0.6806070278498134,442000,0.6270461975427244,276000,-0.1141962057626494,36000,-0.8385144573919071,36000,0.1234710191204814,12000,480000,2.5657600000000005,84000.0,63.9,2025-11-21_09-33,1,0.9991791236528463,1,111898.56066533306,86.095511137772,112217.14395717917
R_LN_3DBall_3242,3DBall,3242,ppo,0.0004984508173028,100000,142,26727,3.0,12.0,91,40.9,57.3,-0.2588731586394006,12000,-1.7218859715225758,46000,-1.8886282862679749,96000,-0.0607878002733954,36000,-0.7078560550469796,36000,0.564208688937813,12000,84000,2.5657600000000005,,,2025-11-21_09-33,0,0.06987264005868662,0,104328.93646714963,119.39613836018324,100302.47421960607
R_LN_3DBall_3763,3DBall,3763,ppo,0.0001933170560585,200000,142,26746,3.0,12.0,197,42.2,51.4,-0.2742249549839036,12000,-1.1320985321397543,142000,-0.8769346208988432,192000,-0.0501061191755447,36000,-0.3747451803186358,36000,0.4792472104188066,12000,180000,2.5657600000000005,96000.0,91.7,2025-11-21_09-33,1,0.5400239957846377,1,100359.98196328517,92.9564551797846,146191.9993197599
R_AK_3DBall_2704,3DBall,2704,ppo,0.0002020746758862,500000,42,8060,3.0,12.0,251,45.7,83.8,1.2202724191534675,12000,0.6499285352575709,442000,0.6270461975427244,192000,0.3422676331521737,12000,2.192148015749418,12000,-0.6624226571803128,12000,480000,2.5657600000000005,36000.0,12.6,2025-11-21_09-33,1,0.9999083455391641,1,45557.18131434111,19.609922310406084,45598.8330258685
R_LN_3DBall_3813,3DBall,3813,ppo,0.0006840405910475,200000,59,11176,3.0,12.0,186,42.4,51.6,0.0097832773894019,12000,0.7173596335131767,142000,0.6270461975427244,144000,0.2019815547337335,12000,0.1611584230492307,12000,-1.262463099220771,12000,180000,2.5657600000000005,48000.0,37.3,2025-11-21_09-33,1,0.9998424623847373,1,49217.65122627123,41.458016143980345,49241.405117920745
R_LN_3DBall_3425,3DBall,3425,ppo,0.0003749483282325,100000,132,24929,3.0,12.0,98,47.0,72.9,-0.4638196398385156,12000,-1.7285312399519783,46000,-1.9041876866254144,96000,-0.0451213346632144,36000,-0.6323191661913184,36000,0.5111077648634296,12000,84000,2.5657600000000005,,,2025-11-21_09-33,0,0.029321399950880348,0,110636.90538730884,127.01892545146308,100311.88895710096
R_LN_3DBall_3190,3DBall,3190,ppo,0.0003409305790647,100000,96,18009,3.0,12.0,94,40.8,56.9,0.0827043100257918,12000,-1.7032414740009183,46000,-1.8574037620836477,96000,0.056710691802963,24000,-0.6119037908249235,24000,0.5854490585675617,12000,84000,2.5657600000000005,84000.0,80.3,2025-11-21_09-33,1,0.13122478697185905,0,82385.64066296969,93.31910378617535,97688.55944835243
R_AP_3DBall_1214,3DBall,1214,ppo,0.0001623858522957,500000,189,35489,3.0,12.0,421,62.2,87.7,-0.5252268252165279,12000,0.7173596335131767,442000,0.6270461975427244,372000,-0.1163325419822195,36000,-0.8507636826117441,36000,0.5323481344931901,12000,480000,2.5657600000000005,120000.0,94.6,2025-11-21_09-33,1,0.9807520534631297,1,127891.29609883112,102.78577418493508,135053.62453742494
R_LN_3DBall_4037,3DBall,4037,ppo,0.0007744054995665,200000,72,13620,3.0,12.0,190,44.5,61.5,-0.0147795967618019,12000,0.5925597044443942,142000,0.6270461975427244,168000,0.1443004768053393,24000,1.6579456936620849,24000,-0.811105244588565,12000,180000,2.5657600000000005,48000.0,38.1,2025-11-21_09-33,1,0.9823622540575848,1,50782.28446786471,40.11128390157696,53414.14862452809
R_LN_3DBall_3836,3DBall,3836,ppo,0.0002419194289968,200000,41,7692,3.0,12.0,203,38.0,52.4,0.0113184570238537,12000,0.6795764649207393,142000,0.6270461975427244,132000,0.360782547055115,12000,0.4827005850699507,12000,-0.9544777395893802,12000,180000,2.5657600000000005,60000.0,54.0,2025-11-21_09-33,1,0.9953165555214971,1,51211.39439703056,41.979146346604054,51908.23757040594
R_LN_3DBall_3704,3DBall,3704,ppo,0.0005604147781057,200000,167,31357,3.0,12.0,173,42.9,49.8,-0.438489175870085,12000,-1.6129840276873642,142000,-1.755506966504501,192000,-0.0914086194205677,36000,-0.8521247076361704,36000,0.8031628472725089,12000,180000,2.5657600000000005,108000.0,92.4,2025-11-21_09-33,1,0.7040062186465944,1,105625.55820197835,100.20013149760912,133559.80609289167
R_AK_3DBall_2376,3DBall,2376,ppo,0.0003350672475272,500000,144,27137,3.0,12.0,214,26.7,82.8,-0.0477859589024832,12000,0.7161602072607846,442000,0.6270461975427244,276000,-0.068621033078486,36000,-0.4393938689788864,36000,0.6066894281973103,12000,480000,2.5657600000000005,120000.0,48.1,2025-11-21_09-33,1,0.9829261125368882,1,108982.96251036979,38.224064680447434,115659.1434046271
R_AK_3DBall_2588,3DBall,2588,ppo,0.0003051765148033,500000,115,21651,3.0,12.0,226,42.1,84.4,-0.7823694139869544,12000,0.7173596335131767,442000,0.6270461975427244,240000,-0.0031067223450013,24000,-0.6952665735710362,24000,0.5854490585675617,12000,480000,2.5657600000000005,84000.0,33.9,2025-11-21_09-33,1,0.9940615287049348,1,91100.74596323511,41.01744086366,93528.982445906
R_AK_3DBall_2804,3DBall,2804,ppo,0.0002672304766173,500000,101,19016,3.0,12.0,224,40.4,83.4,-0.5336703132060053,12000,0.7173596335131767,442000,0.6270461975427244,180000,0.0310746571681211,24000,-0.628576347374146,24000,0.6597903522716937,12000,480000,2.5657600000000005,84000.0,33.6,2025-11-21_09-33,1,0.9966677694656736,1,84404.29935155812,35.51280108817276,85789.16003519364
R_AK_3DBall_2409,3DBall,2409,ppo,0.0007695551351266,500000,46,8709,3.0,12.0,297,43.4,83.2,2.624961784675494,12000,-1.614287751874747,442000,-0.1439615430728414,84000,0.3137831502245716,12000,2.104702157930027,12000,-2.8130100821925987,12000,480000,2.5657600000000005,36000.0,14.9,2025-11-21_09-33,1,0.99999999931856,1,33074.529109676296,12.629968222858126,33074.529427858
R_LN_3DBall_3072,3DBall,3072,ppo,0.0006591024414206,100000,87,16345,3.0,12.0,110,40.2,55.2,-0.1498754045934291,12000,-1.6335356874488505,46000,-1.6286903755898745,96000,0.0631197004616734,24000,-0.2376219091076832,24000,-0.4340886836604794,12000,84000,2.5657600000000005,60000.0,62.9,2025-11-21_09-33,1,0.7685027838044475,1,67464.761366134,75.20960454601276,74996.57853813197
R_LN_3DBall_3200,3DBall,3200,ppo,0.0006287748840704,100000,119,22339,3.0,12.0,93,40.5,57.0,-0.512945388140925,12000,-1.718680051663697,46000,-1.8882492289506825,96000,-0.0080915068573317,24000,-0.6680460730825095,24000,0.5429683193080643,12000,84000,2.5657600000000005,,,2025-11-21_09-33,0,0.08406308381226198,0,88855.63223109023,100.43445508570234,99063.17007820746
R_AK_3DBall_2795,3DBall,2795,ppo,0.0007616192778523,500000,47,8986,3.0,12.0,286,50.6,83.7,2.4169449442074784,12000,0.6766735057301669,442000,0.6270461975427244,96000,0.3237527192492323,12000,2.108444976747199,12000,-3.1422358114537383,12000,480000,2.5657600000000005,36000.0,14.3,2025-11-21_09-33,1,0.999999999891896,1,32273.368601806516,13.415865785333063,32273.368652369623
R_LN_3DBall_3777,3DBall,3777,ppo,0.0005151557951638,200000,190,35742,3.0,12.0,170,43.0,51.8,-0.5344379030232304,12000,-1.6562900202659716,142000,-1.7783122924510033,192000,-0.1191809902749797,36000,-0.8344313823186281,36000,0.6651004446791309,12000,180000,2.5657600000000005,120000.0,102.2,2025-11-21_09-33,1,0.6163020319668897,1,123224.15990445799,117.34739856857072,152682.89374315244
R_LN_3DBall_4445,3DBall,4445,ppo,0.0003657330967643,200000,108,20297,3.0,12.0,175,44.8,63.7,-0.1767410481963098,12000,-0.7083459554095095,142000,-0.2895092384283763,192000,0.0047265104600892,24000,-0.574135346397093,24000,0.6757206294940051,12000,180000,2.5657600000000005,84000.0,70.1,2025-11-21_09-33,1,0.8870181196314626,1,84551.93431367201,67.07835172760925,97595.47385982376
R_LN_3DBall_3441,3DBall,3441,ppo,5.817526725859885e-05,100000,55,10398,3.0,12.0,107,44.4,65.0,-0.1468050453245288,12000,-1.65541838752355,46000,-1.736474163382483,96000,0.2261933652221953,12000,-0.1617447639959155,12000,0.4473866559741836,12000,84000,2.5657600000000005,60000.0,61.2,2025-11-21_09-33,1,0.046562588191861105,0,73321.60797472586,83.7517409735141,98757.78501850613
R_AK_3DBall_2585,3DBall,2585,ppo,0.0001449934668862,500000,110,20687,3.0,12.0,230,41.2,84.8,-0.4707279481935429,12000,0.7173596335131767,442000,0.6270461975427244,204000,-0.0002582740522411,24000,-0.7020716986931678,24000,0.6066894281973103,12000,480000,2.5657600000000005,84000.0,34.5,2025-11-21_09-33,1,0.9942267498340017,1,91871.62441061439,40.59729370451559,94227.85162273441
R_AK_3DBall_2606,3DBall,2606,ppo,0.0007352890211209,500000,139,26183,3.0,12.0,215,34.1,85.4,-0.6273162709074738,12000,0.7173596335131767,442000,0.6270461975427244,228000,-0.0401365501508839,36000,-0.596932515556234,36000,0.2456031444915479,12000,480000,2.5657600000000005,96000.0,37.6,2025-11-21_09-33,1,0.9988669078141182,1,93673.44995280234,35.26811756901676,94133.8553915771
R_AP_3DBall_1161,3DBall,1161,ppo,0.0008615314322983,500000,146,27460,3.0,12.0,401,55.6,89.3,-0.5451841604643813,12000,0.7173596335131767,442000,0.6270461975427244,240000,-0.0700452572248662,36000,-0.5428317708352873,36000,-0.0464519379175313,12000,480000,2.5657600000000005,96000.0,70.2,2025-11-21_09-33,1,0.9995107575938053,1,84011.0551588806,54.30295193169729,84214.57459120508
R_AK_3DBall_2497,3DBall,2497,ppo,0.0001076410789874,500000,100,18821,3.0,12.0,249,45.8,82.9,0.0105508672066287,12000,0.7173596335131767,442000,0.6270461975427244,192000,0.0175445277775101,24000,-0.4336095126250746,24000,0.7341316459758139,12000,480000,2.5657600000000005,72000.0,31.1,2025-11-21_09-33,1,0.9969427478817718,1,82249.71266858187,39.40604247384276,83526.88061941626
R_AK_3DBall_2603,3DBall,2603,ppo,0.0001430523845259,500000,144,27088,3.0,12.0,219,34.6,84.3,-0.7386167944051204,12000,0.69240262764042,442000,0.6270461975427244,396000,-0.0522424553951149,36000,-0.2440867779737083,36000,0.5695187813452501,12000,480000,2.5657600000000005,156000.0,65.6,2025-11-21_09-33,1,0.919169883593619,1,112711.63921397686,45.82173537690945,144016.20249914762
R_AK_3DBall_2521,3DBall,2521,ppo,0.0002289347255457,500000,111,20987,3.0,12.0,226,44.3,84.8,-0.8829236800434483,12000,0.7173596335131767,442000,0.6270461975427244,228000,-0.0045309464913814,24000,-0.5033620451269238,24000,0.5907591509749988,12000,480000,2.5657600000000005,96000.0,39.5,2025-11-21_09-33,1,0.9864337119809613,1,91152.7632041024,43.086962179389154,96699.30257426367
R_AK_3DBall_2062,3DBall,2062,ppo,0.000394670481533,500000,84,15809,3.0,12.0,239,41.8,83.2,-0.0262934440201796,12000,0.7173596335131767,442000,0.6270461975427244,156000,0.071665045339954,24000,0.0209728455333188,24000,-0.1261033240291005,12000,480000,2.5657600000000005,60000.0,23.9,2025-11-21_09-33,1,0.9995482892378741,1,66895.42372900664,30.516635533294586,67091.06172723422
R_AK_3DBall_2300,3DBall,2300,ppo,0.0003933175862116,500000,32,6159,3.0,12.0,321,49.3,83.6,4.610716641836963,12000,0.681332146826415,442000,0.6270461975427244,144000,0.4804173753510435,12000,1.86346047235046,12000,-3.163476181083487,12000,480000,2.5657600000000005,36000.0,16.1,2025-11-21_09-33,1,0.99999999999781,1,30167.349575601707,12.752513659487514,30167.349576630655
R_AK_3DBall_2617,3DBall,2617,ppo,0.0006984200854828,500000,170,31877,3.0,12.0,239,45.5,84.2,-0.7662500278252262,12000,0.7173596335131767,442000,0.6270461975427244,252000,-0.0978176280792782,36000,-0.9113292961987156,36000,0.5164178572708668,12000,480000,2.5657600000000005,108000.0,47.8,2025-11-21_09-33,1,0.9989340501039367,1,105830.91258831615,50.762553303673144,106251.07708607402
R_AP_3DBall_1176,3DBall,1176,ppo,0.0008540496470057,500000,101,19077,3.0,12.0,519,61.1,89.9,0.0266702533683568,12000,0.7057080642042239,442000,0.6270461975427244,156000,0.0246656485094106,24000,-0.5071048639440964,24000,-0.2960262810671014,12000,480000,2.5657600000000005,60000.0,51.9,2025-11-21_09-33,1,0.9999836101199876,1,62368.39391694975,42.02581970230515,62375.56664646309
R_LN_3DBall_4026,3DBall,4026,ppo,0.0008635459194614,200000,128,24098,3.0,12.0,199,43.2,61.5,-0.2120501797886663,12000,-0.276661769051644,142000,0.1032431360896752,168000,-0.0230458603943227,36000,-0.2971667539263352,36000,0.0438196330089122,12000,180000,2.5657600000000005,72000.0,66.5,2025-11-21_09-33,1,0.9860488909938797,1,78433.64760199163,62.80184633598481,80129.63303577268
R_AK_3DBall_2387,3DBall,2387,ppo,0.0005796106323489,500000,83,15562,3.0,12.0,216,26.6,83.2,0.0082480977549518,12000,0.7173596335131767,442000,0.6270461975427244,168000,0.1015737524139362,24000,0.0148482329234005,24000,0.426146286344435,12000,480000,2.5657600000000005,60000.0,21.6,2025-11-21_09-33,1,0.9970885004249821,1,69522.59743316859,22.846738034316864,70775.93220779672
R_AK_3DBall_2185,3DBall,2185,ppo,0.0005410778727008,500000,42,7959,3.0,12.0,266,44.1,83.2,1.5511036303775074,12000,0.7173596335131767,442000,0.6270461975427244,132000,0.3436918572985538,12000,2.700490862372652,12000,-2.106767792003374,12000,480000,2.5657600000000005,36000.0,13.3,2025-11-21_09-33,1,0.9999990674071946,1,36564.69054017991,15.624176961177737,36565.122736615296
R_LN_3DBall_3431,3DBall,3431,ppo,0.0002430536775247,100000,149,28001,3.0,12.0,99,44.5,68.7,-0.6096617051112955,12000,-1.723780717341572,46000,-1.890242503142976,96000,-0.0743179296640064,36000,-0.9011216085155184,36000,0.6916509067163167,12000,84000,2.5657600000000005,,,2025-11-21_09-33,0,0.00987440159629775,0,125841.75430990434,146.05911240402384,100255.17186000886
R_LN_3DBall_3975,3DBall,3975,ppo,0.0007454436995673,200000,33,6221,3.0,12.0,213,43.7,60.4,3.4670078141714864,12000,0.6422129713524312,142000,0.6270461975427244,84000,0.4711599183995729,12000,2.674291130652445,12000,-1.8890540032984269,12000,180000,2.5657600000000005,36000.0,28.5,2025-11-21_09-33,1,0.9999994112861861,1,30579.346426177624,21.745616430789667,30579.446166456746
R_AP_3DBall_1030,3DBall,1030,ppo,0.0002207183961895,500000,185,34777,3.0,12.0,502,64.8,87.6,-0.5229240557648527,12000,0.7173596335131767,442000,0.6270461975427244,264000,-0.1049387488111787,36000,-0.8313690760136688,36000,0.7341316459758139,12000,480000,2.5657600000000005,108000.0,100.3,2025-11-21_09-33,1,0.9712025873888057,1,123292.26849120547,105.52865938990296,134140.47646929123
R_AP_3DBall_1307,3DBall,1307,ppo,0.0004527809885082,500000,88,16569,3.0,12.0,464,62.1,87.8,0.2201028873090942,12000,0.679462233849083,442000,0.6270461975427244,168000,0.0645439246080535,24000,0.9716488250951087,24000,-0.4553290532902398,12000,480000,2.5657600000000005,60000.0,46.4,2025-11-21_09-33,1,0.9996277172027314,1,57375.50683685348,39.79613312140103,57540.28832130787
R_LN_3DBall_3760,3DBall,3760,ppo,0.0006203164881259,200000,121,22759,3.0,12.0,170,42.8,58.5,-0.4991287714308721,12000,-0.6152103827470474,142000,-0.1938140268498335,192000,-0.0145005155160421,24000,-0.5050633264074567,24000,0.3730453622700516,12000,180000,2.5657600000000005,84000.0,68.2,2025-11-21_09-33,1,0.8649469374296705,1,83129.35948097002,71.68952316172742,98913.09740762104
R_AK_3DBall_2529,3DBall,2529,ppo,0.0008527688539902,500000,47,8855,3.0,12.0,228,32.7,84.9,1.5518712201947324,12000,0.6694198326799858,442000,0.6270461975427244,96000,0.3130710381513815,12000,2.5147109465384583,12000,-2.080217329966188,12000,480000,2.5657600000000005,36000.0,11.4,2025-11-21_09-33,1,0.9999995566394119,1,37014.26791008723,11.71722110177555,37014.47317971371
R_LN_3DBall_3805,3DBall,3805,ppo,0.0003555241168694,200000,33,6222,3.0,12.0,219,44.0,51.4,2.6495246588266994,12000,0.6453667422438142,142000,0.6270461975427244,108000,0.4497965562038714,12000,2.836593364815285,12000,-2.3722724123752674,12000,180000,2.5657600000000005,36000.0,29.2,2025-11-21_09-33,1,0.9999956393570147,1,32736.740866187232,26.857121055611042,32737.470241544866
R_LN_3DBall_3230,3DBall,3230,ppo,0.0005633838264467,100000,69,13113,3.0,12.0,97,41.8,57.6,0.1325976481454263,12000,-1.583197034110875,46000,-1.5169638759731812,96000,0.167088063147421,24000,0.5140041606317562,24000,-0.7102134888472472,12000,84000,2.5657600000000005,60000.0,55.3,2025-11-21_09-33,1,0.8026400568994508,1,60376.198615136476,66.55555630887895,68196.3498018806
R_AK_3DBall_2963,3DBall,2963,ppo,4.381232236594175e-05,500000,143,26833,3.0,12.0,267,50.8,84.9,-0.2772953142528039,12000,0.7173596335131767,442000,0.6270461975427244,276000,-0.0707573692980562,36000,-0.5033620451269238,36000,0.6810307219014423,12000,480000,2.5657600000000005,96000.0,46.7,2025-11-21_09-33,1,0.9961733958916961,1,103884.78227544005,52.84032760859046,105400.55839494657
R_LN_3DBall_3580,3DBall,3580,ppo,0.000104083344474,200000,137,25732,3.0,12.0,196,42.6,62.9,-0.5812608818739646,12000,-1.2546833717320696,142000,-1.0745214708141198,192000,-0.0529545674683049,36000,-0.6200699409714815,36000,0.5588985965303759,12000,180000,2.5657600000000005,96000.0,91.5,2025-11-21_09-33,1,0.1681679946416406,0,109865.28231789483,99.9905747785764,184842.22527980997
R_LN_3DBall_3626,3DBall,3626,ppo,0.0006107392495279,200000,49,9220,3.0,12.0,193,37.9,63.0,0.5117870178546522,12000,0.6796906959923956,142000,0.6270461975427244,132000,0.263935305101268,12000,0.8671901544703883,12000,-0.7898648749588164,12000,180000,2.5657600000000005,48000.0,38.6,2025-11-21_09-33,1,0.9952407114186559,1,49670.81845642265,36.74718500729154,50386.2784135858
R_LN_3DBall_3143,3DBall,3143,ppo,0.0001177647201455,100000,90,17038,3.0,12.0,95,41.2,56.7,-0.175205868561858,12000,-1.7075499720296976,46000,-1.854048975894548,96000,0.0673923729008138,24000,-0.42510310622241,24000,0.5004875800485553,12000,84000,2.5657600000000005,96000.0,94.9,2025-11-21_09-33,1,0.03094193330058221,0,86914.97647921403,101.93562843224812,99595.12407498328
R_AK_3DBall_2040,3DBall,2040,ppo,0.0001263283554586,500000,95,17980,3.0,12.0,251,44.2,82.6,0.0320433820889322,12000,0.7173596335131767,442000,0.6270461975427244,192000,0.0552864676565828,24000,-0.497577688773112,24000,0.4739371180113694,12000,480000,2.5657600000000005,60000.0,25.1,2025-11-21_09-33,1,0.9977299794069194,1,80978.39747591464,40.13720327545454,81929.58514258993
R_AK_3DBall_2319,3DBall,2319,ppo,0.0008849099328638,500000,82,15510,3.0,12.0,257,48.2,83.8,-0.3010905985867844,12000,0.7058123621392145,442000,0.6270461975427244,108000,0.0958768558284157,24000,0.3357098824319072,24000,-0.9279272775521944,12000,480000,2.5657600000000005,48000.0,19.3,2025-11-21_09-33,1,0.9999932385371382,1,53839.57216343819,25.47342067529846,53842.58886060143
R_AP_3DBall_1205,3DBall,1205,ppo,0.0005229546877001,500000,58,10898,3.0,12.0,465,54.7,89.6,0.9892278841686968,12000,0.7173596335131767,442000,0.6270461975427244,144000,0.2147995720511544,12000,0.9022365488493662,12000,-1.2996337460728429,12000,480000,2.5657600000000005,48000.0,34.9,2025-11-21_09-33,1,0.9999960440856933,1,46428.11411833383,27.35775268018532,46429.908409846306
R_AK_3DBall_2416,3DBall,2416,ppo,0.0008133755171059,500000,79,14907,3.0,12.0,216,26.5,83.0,0.1418087259521288,12000,0.7173596335131767,442000,0.6270461975427244,132000,0.0766498298522844,24000,-0.0732781374082043,24000,-0.4128483140307308,12000,480000,2.5657600000000005,60000.0,21.6,2025-11-21_09-33,1,0.9999546306823398,1,61850.81851236974,19.381163275642376,61870.697041767206
R_AK_3DBall_2375,3DBall,2375,ppo,0.0007402177791973,500000,177,33285,3.0,12.0,218,37.6,83.4,-0.3755468108576227,12000,0.7173596335131767,442000,0.6270461975427244,288000,-0.0928328435669478,36000,-0.9320849278212172,36000,0.3571150850477401,12000,480000,2.5657600000000005,108000.0,43.5,2025-11-21_09-33,1,0.9992852230865633,1,111752.45215633053,47.8453580607202,112029.96254022759
R_LN_3DBall_4523,3DBall,4523,ppo,0.0006176614143268,200000,101,19023,3.0,12.0,177,42.4,64.8,-0.7516658212979482,12000,-0.6584269770956629,142000,-0.1253052186469095,180000,0.01540819155794,24000,-0.651373516533287,24000,0.2031224052320506,12000,180000,2.5657600000000005,84000.0,70.6,2025-11-21_09-33,1,0.9630597695502223,1,78595.85218813708,58.329833559590064,83080.54938586616
R_LN_3DBall_3694,3DBall,3694,ppo,0.0001646408872378,200000,127,23958,3.0,12.0,181,42.7,50.2,-0.2926471105973069,12000,-1.1092076186934787,142000,-0.8003186276240281,192000,-0.0251821966138929,24000,-0.5462343333963531,24000,0.5270380420857529,12000,180000,2.5657600000000005,84000.0,72.6,2025-11-21_09-33,1,0.6222694386577782,1,94177.04940936678,88.83596493634218,134149.6119388569
R_AK_3DBall_2015,3DBall,2015,ppo,0.0003089811330572,500000,99,18636,3.0,12.0,225,41.6,84.3,-0.222796437229819,12000,0.7173596335131767,442000,0.6270461975427244,192000,0.0211050881434604,24000,-0.6129245595932433,24000,0.6438600750493823,12000,480000,2.5657600000000005,72000.0,28.1,2025-11-21_09-33,1,0.9954247571970309,1,81525.53569014001,38.037476493760046,83440.15797120002
R_LN_3DBall_3825,3DBall,3825,ppo,0.0004055683094164,200000,188,35401,3.0,12.0,176,43.2,52.2,-0.6050561662079433,12000,-1.715151304863181,142000,-1.8897551437350284,192000,-0.1319990075924006,36000,-0.5193540891639332,36000,0.8403334941245689,12000,180000,2.5657600000000005,,,2025-11-21_09-33,0,0.21798165205231457,0,126032.48019191896,119.95908282760982,183876.4378340222
R_LN_3DBall_3397,3DBall,3397,ppo,0.0003897927001752,100000,162,30537,3.0,12.0,99,49.2,62.7,-0.6871882766510358,12000,-1.7293979061260671,46000,-1.9068256161192256,96000,-0.0871359469814274,36000,-0.8344313823186281,36000,0.7606821080130115,12000,84000,2.5657600000000005,,,2025-11-21_09-33,0,0.01828293870094896,0,123723.36787345754,161.65328274973686,100433.73288061048
R_LN_3DBall_3110,3DBall,3110,ppo,0.0008499772608148,100000,111,20970,3.0,12.0,103,39.9,56.2,-0.0807923210431645,12000,-1.6972915251381195,46000,-1.836999132479999,96000,0.0068628466796593,24000,-0.5261592142860649,24000,0.0597499102312237,12000,84000,2.5657600000000005,72000.0,73.5,2025-11-21_09-33,1,0.6715307056852863,1,77266.51221545761,84.0842570752779,84733.7649053584
R_AK_3DBall_2609,3DBall,2609,ppo,0.0007604150465483,500000,136,25653,3.0,12.0,216,35.4,84.6,-0.2926471105973069,12000,0.6798421763265488,442000,0.6270461975427244,228000,-0.0223337483211326,36000,-0.4278251562712626,36000,0.4580068407890579,12000,480000,2.5657600000000005,84000.0,32.4,2025-11-21_09-33,1,0.998993235989129,1,89405.32148784946,34.04798155153159,89818.69343323064
R_LN_3DBall_4227,3DBall,4227,ppo,0.0003358408438226,200000,32,6131,3.0,12.0,216,44.0,61.2,2.627264554127171,12000,0.7173596335131767,142000,0.6270461975427244,108000,0.4882506081561343,12000,2.69572727478716,12000,-1.7032007690381026,12000,180000,2.5657600000000005,36000.0,28.8,2025-11-21_09-33,1,0.9999731407965969,1,36644.9998356832,27.128243569258128,36649.38742085952
R_LN_3DBall_4569,3DBall,4569,ppo,0.0007477493035728,200000,71,13385,3.0,12.0,215,45.3,66.8,0.2999322283005097,12000,0.5116692060066648,142000,0.6270461975427244,156000,0.1186644421704975,24000,1.813442802702793,24000,-0.8164153369960022,12000,180000,2.5657600000000005,48000.0,42.9,2025-11-21_09-33,1,0.9930291134803164,1,50418.27818483525,35.878704112499555,51460.995393027646
R_AK_3DBall_2404,3DBall,2404,ppo,0.0001736772544659,500000,119,22399,3.0,12.0,247,42.7,83.6,-0.1429670962384018,12000,0.7173596335131767,442000,0.6270461975427244,204000,-0.0031067223450013,24000,-0.6013558468856195,24000,0.6226197054196217,12000,480000,2.5657600000000005,84000.0,37.0,2025-11-21_09-33,1,0.996187014856616,1,92526.06833157467,43.048013516548224,94079.76037934265
R_LN_3DBall_3148,3DBall,3148,ppo,0.0005317881467513,100000,73,13839,3.0,12.0,111,40.4,56.4,0.7159659092365421,12000,-1.4268544295599277,46000,-1.0009791940169428,96000,0.1200886663168775,24000,1.7328020700055329,24000,-0.5031198849571743,12000,84000,2.5657600000000005,48000.0,47.7,2025-11-21_09-33,1,0.27876626743369487,0,56898.361622135686,60.392151978646936,87984.71714912586
R_LN_3DBall_3083,3DBall,3083,ppo,4.822894123348807e-05,100000,53,10114,3.0,12.0,103,42.0,55.2,0.362874593312972,12000,-1.6739933530885471,46000,-1.7901713713777292,96000,0.2482688394910868,12000,-0.1573214326665301,12000,0.6173096130121846,12000,84000,2.5657600000000005,72000.0,73.6,2025-11-21_09-33,1,0.07460323812808353,0,69406.29462538705,82.90133710632233,97717.6105127173
R_AK_3DBall_2673,3DBall,2673,ppo,0.0004179895200912,500000,135,25491,3.0,12.0,269,49.5,83.8,-0.5382758521093557,12000,0.7082534304748287,442000,0.6270461975427244,228000,-0.0436971105168342,36000,-0.3291508420003539,36000,0.0331994481940379,12000,480000,2.5657600000000005,84000.0,40.3,2025-11-21_09-33,1,0.9995351126393972,1,89453.88282456282,45.04353261845749,89644.74052538224
R_LN_3DBall_4378,3DBall,4378,ppo,0.0008210363523636,200000,171,32213,3.0,12.0,175,44.7,64.3,0.085007079477467,12000,-1.4992595460009197,142000,-1.5369120896233552,180000,-0.1141962057626494,36000,-0.8228626696110043,36000,0.3146343457882428,12000,180000,2.5657600000000005,108000.0,93.6,2025-11-21_09-33,1,0.9925561743172703,1,103778.93869953816,81.72430483067593,104495.19150686606
R_AK_3DBall_2059,3DBall,2059,ppo,0.0002044200694003,500000,135,25344,3.0,12.0,254,43.3,83.1,-0.7508982314807232,12000,0.6050158578232745,442000,0.6270461975427244,216000,-0.0294548690530332,36000,-0.6360619850084909,36000,0.6279297978270589,12000,480000,2.5657600000000005,96000.0,44.4,2025-11-21_09-33,1,0.9712859912634956,1,101992.77040872583,52.06276585808738,113421.1534764016
R_AK_3DBall_2758,3DBall,2758,ppo,0.0004384341205318,500000,181,34020,3.0,12.0,264,49.4,83.7,-0.426207738794484,12000,0.7173596335131767,442000,0.6270461975427244,252000,-0.109211421250319,36000,-0.7881565314881329,36000,0.2987040685659196,12000,480000,2.5657600000000005,84000.0,39.6,2025-11-21_09-33,1,0.9994726515438711,1,115179.9430322718,59.295957196269434,115382.87729520116
R_LN_3DBall_4363,3DBall,4363,ppo,0.0004680652838263,200000,38,7245,3.0,12.0,206,44.4,63.6,3.2728075904135223,12000,0.7023357643061936,142000,0.6270461975427244,132000,0.3828580213240066,12000,2.687561124640602,12000,-1.5704484588521617,12000,180000,2.5657600000000005,36000.0,27.5,2025-11-21_09-33,1,0.999994363360647,1,35833.88552629458,24.49279119099425,35834.81087147586
R_AP_3DBall_1296,3DBall,1296,ppo,0.0001400248662813,500000,60,11400,3.0,12.0,490,62.5,86.8,-0.0838626803120664,12000,0.7173596335131767,442000,0.6270461975427244,132000,0.2112390116852042,12000,0.4568411096058503,12000,0.4367664711593093,12000,480000,2.5657600000000005,60000.0,49.0,2025-11-21_09-33,1,0.9928428939786668,1,59345.15901673198,43.66600336455275,62498.97243246297
R_LN_3DBall_3914,3DBall,3914,ppo,0.0002811321582021,200000,159,29858,3.0,12.0,177,45.2,66.9,-0.5620711364433345,12000,-1.6262969141036676,142000,-1.7382740409843214,192000,-0.0700452572248662,36000,-0.7214663052912429,36000,0.9412252498658868,12000,180000,2.5657600000000005,132000.0,118.3,2025-11-21_09-33,1,0.16190158822715736,0,120782.8033696669,107.93804020750666,187174.61005064606
R_LN_3DBall_3038,3DBall,3038,ppo,0.0006108632229171,100000,177,33289,3.0,12.0,97,40.0,56.9,-0.8361007011927142,12000,-1.7280345831186896,46000,-1.9049922164417088,84000,-0.0928328435669478,36000,-0.9429731280166278,36000,0.6066894281973103,12000,84000,2.5657600000000005,,,2025-11-21_09-33,0,0.015721124513997386,0,127592.7607229424,154.17741576661518,100433.7892270103
R_LN_3DBall_4049,3DBall,4049,ppo,0.0002731145127853,200000,154,28918,3.0,12.0,176,44.3,61.1,-0.1590864824001299,12000,-1.7024368899309903,142000,-1.873798635711854,192000,-0.0793027141763368,36000,-0.348545448598429,36000,0.7128912763460653,12000,180000,2.5657600000000005,156000.0,140.4,2025-11-21_09-33,1,0.44690393765686215,0,108350.84362302514,94.53497041309963,159041.63113220042
R_AK_3DBall_2134,3DBall,2134,ppo,0.0004240715132033,500000,67,12647,3.0,12.0,222,32.9,84.4,-0.3463783978030684,12000,0.7173596335131767,442000,0.6270461975427244,180000,0.1585427182691403,24000,-0.3733841552942096,24000,-0.0517620303249684,12000,480000,2.5657600000000005,72000.0,27.7,2025-11-21_09-33,1,0.9992369692574171,1,67123.50397045109,25.98840486563638,67453.8020446632
R_AK_3DBall_2670,3DBall,2670,ppo,0.0007653795800904,500000,173,32441,3.0,12.0,214,32.3,84.3,-0.5820284716911897,12000,0.7173596335131767,442000,0.6270461975427244,276000,-0.0942570677133279,36000,-0.8123147256717003,36000,0.5695187813452501,12000,480000,2.5657600000000005,108000.0,42.7,2025-11-21_09-33,1,0.9971881400215175,1,112136.67497586591,41.87155974575732,113227.29233662244
R_AK_3DBall_2654,3DBall,2654,ppo,0.0002621868816596,500000,191,35877,3.0,12.0,224,42.7,84.7,-0.0669757043331116,12000,0.7173596335131767,442000,0.6270461975427244,312000,-0.1141962057626494,36000,-0.7973434504030107,36000,0.5960692433824359,12000,480000,2.5657600000000005,120000.0,50.4,2025-11-21_09-33,1,0.9967503363846072,1,132677.4982563768,62.025280472163615,133871.1728254081
R_AK_3DBall_2370,3DBall,2370,ppo,0.0004453773772851,500000,51,9655,3.0,12.0,242,44.2,83.1,0.8725542319504729,12000,0.680301583897341,442000,0.6270461975427244,192000,0.2760412103454989,12000,1.2128905106746757,12000,-1.6978906766306654,12000,480000,2.5657600000000005,36000.0,12.1,2025-11-21_09-33,1,0.9999991206388509,1,45195.42558538803,19.748448979678482,45195.82552286121
R_LN_3DBall_3373,3DBall,3373,ppo,0.0004894040422345,100000,160,30131,3.0,12.0,96,40.3,58.2,-0.4461650740423374,12000,-1.7216326765375982,46000,-1.897362076292941,84000,-0.0800148262495269,36000,-0.8796854643808035,36000,0.4526967483816208,12000,84000,2.5657600000000005,,,2025-11-21_09-33,0,0.07286135874708362,0,118035.79860951536,133.57686169089132,101314.11279277803
R_LN_3DBall_3835,3DBall,3835,ppo,0.0002391383313884,200000,70,13137,3.0,12.0,181,42.7,51.3,-0.0569970367091857,12000,0.5738531248185758,142000,0.6270461975427244,180000,0.1421641405857691,24000,-0.3019303415118273,24000,-0.0995528619919029,12000,180000,2.5657600000000005,72000.0,60.5,2025-11-21_09-33,1,0.9826594525195245,1,63394.90063647842,56.23162207659843,65763.70784806664
R_AK_3DBall_2022,3DBall,2022,ppo,0.0006294342313035,500000,151,28406,3.0,12.0,213,28.2,84.4,-0.8399386502788395,12000,0.7173596335131767,442000,0.6270461975427244,264000,-0.0493940071023547,36000,-0.8038083192690357,36000,0.4155261015295607,12000,480000,2.5657600000000005,96000.0,37.2,2025-11-21_09-33,1,0.983138296687905,1,109115.56725532978,41.574485281027464,115706.54458958696
R_LN_3DBall_4044,3DBall,4044,ppo,0.0006207001000401,200000,132,24934,3.0,12.0,193,44.4,61.2,-0.1659947907551572,12000,-0.3346340379172666,142000,0.1623425555116422,192000,-0.0358638777117436,36000,-0.3237067419026486,36000,-0.0199014758803454,12000,180000,2.5657600000000005,84000.0,77.0,2025-11-21_09-33,1,0.9775556831859763,1,86029.80808031753,71.69975556520697,88587.79117511796
R_AK_3DBall_2113,3DBall,2113,ppo,0.0003413181815241,500000,151,28369,3.0,12.0,213,28.1,83.3,-0.4139263017188812,12000,0.7173596335131767,442000,0.6270461975427244,252000,-0.0714694813712462,36000,-0.5778781652142654,36000,0.6651004446791309,12000,480000,2.5657600000000005,96000.0,37.2,2025-11-21_09-33,1,0.9463868150165216,1,114499.81174819276,43.528046078820985,135167.70465210266
R_AK_3DBall_2801,3DBall,2801,ppo,0.000524035985285,500000,60,11372,3.0,12.0,243,42.7,83.7,0.7059872416126146,12000,0.7173596335131767,442000,0.6270461975427244,132000,0.2069663392460638,12000,1.1502833595510642,12000,-0.6199419179208037,12000,480000,2.5657600000000005,48000.0,18.2,2025-11-21_09-33,1,0.9999813823460008,1,50101.5948644438,19.917008815978992,50109.97091728543
R_LN_3DBall_3235,3DBall,3235,ppo,0.0007257881745849,100000,133,25106,3.0,12.0,90,43.4,57.2,-0.3064637273073598,12000,-1.7274236952137447,46000,-1.9042830956100387,96000,-0.0479697829559745,36000,-0.6129245595932433,36000,0.4420765635667465,12000,84000,2.5657600000000005,,,2025-11-21_09-33,0,0.22514469453012717,0,92006.49358081019,107.26520358859366,98200.30443902689
R_AK_3DBall_2105,3DBall,2105,ppo,0.0008880471164655,500000,143,26862,3.0,12.0,239,43.6,83.5,-0.65955504323093,12000,0.7173596335131767,442000,0.6270461975427244,288000,-0.054378791614685,36000,-0.5404499770425413,36000,0.2243627748617992,12000,480000,2.5657600000000005,96000.0,41.8,2025-11-21_09-33,1,0.9993958714525886,1,85044.61085307438,40.56434267378777,85295.29724956026
R_LN_3DBall_4317,3DBall,4317,ppo,0.0002656315064592,200000,169,31728,3.0,12.0,176,44.0,62.8,0.1579281121138569,12000,-1.646284868359371,142000,-1.801045417003735,192000,-0.0999539642988483,36000,-0.5863845716169299,36000,0.7394417383832629,12000,180000,2.5657600000000005,132000.0,117.5,2025-11-21_09-33,1,0.7331198547152609,1,118345.67843209427,98.3164147473313,140137.59563526377
R_AK_3DBall_2451,3DBall,2451,ppo,0.0008079326070225,500000,169,31828,3.0,12.0,213,34.0,84.2,-0.5474869299160582,12000,0.7173596335131767,442000,0.6270461975427244,300000,-0.0999539642988483,36000,-0.723848099083989,36000,0.6226197054196217,12000,480000,2.5657600000000005,108000.0,42.6,2025-11-21_09-33,1,0.9964005252503537,1,109554.17190848968,42.821404245048136,110959.5718078098
R_AK_3DBall_2846,3DBall,2846,ppo,0.0007232809273867,500000,72,13625,3.0,12.0,221,32.7,84.9,-0.2949498800489821,12000,0.7173596335131767,442000,0.6270461975427244,156000,0.1443004768053393,24000,1.1802259100884436,24000,-0.3385070203266105,12000,480000,2.5657600000000005,60000.0,22.1,2025-11-21_09-33,1,0.999120232057484,1,57274.8470958998,19.1406997604148,57664.342492770316
R_LN_3DBall_3962,3DBall,3962,ppo,0.0006400484982797,200000,161,30302,3.0,12.0,171,44.0,60.3,-0.615802423649096,12000,-1.5936591103041011,142000,-1.686835705165595,192000,-0.0721815934444363,36000,-0.7837332001587474,36000,0.7075811839386281,12000,180000,2.5657600000000005,108000.0,91.4,2025-11-21_09-33,1,0.704307063328708,1,106979.21660626863,93.7533634590858,134484.8052194252
R_LN_3DBall_3614,3DBall,3614,ppo,0.000228143303658,200000,34,6386,3.0,12.0,255,42.2,63.7,3.741804968738091,12000,0.6335661758848748,142000,0.6270461975427244,60000,0.4476602199843013,12000,1.842364584471852,12000,-0.9757181092191288,12000,180000,2.5657600000000005,36000.0,34.1,2025-11-21_09-33,1,0.9999813963434987,1,39650.10618158041,29.59728204414218,39653.08927592503
R_AK_3DBall_2405,3DBall,2405,ppo,0.0004657212022226,500000,60,11259,3.0,12.0,221,27.0,83.6,-0.1161014526355227,12000,0.6413711380200068,442000,0.6270461975427244,108000,0.1863150891235523,12000,-0.004206117418568,12000,-0.0995528619919029,12000,480000,2.5657600000000005,60000.0,22.1,2025-11-21_09-33,1,0.9993190676396836,1,62546.961256564515,20.732022055385226,62844.83718676367
R_AK_3DBall_2803,3DBall,2803,ppo,0.0005171404233843,500000,174,32694,3.0,12.0,218,36.6,83.4,-0.9827103562827192,12000,0.7173596335131767,442000,0.6270461975427244,312000,-0.0857117228350473,36000,-0.8939762271372799,36000,0.5907591509749988,12000,480000,2.5657600000000005,120000.0,49.1,2025-11-21_09-33,1,0.9915066392724292,1,121844.41465542157,50.429193728855815,125056.22645289874
R_AK_3DBall_2848,3DBall,2848,ppo,4.522909071206314e-05,500000,190,35660,3.0,12.0,226,41.8,84.0,-0.4285105082461591,12000,0.4324872070754487,442000,0.5211087025336631,432000,-0.1113477574698891,36000,-0.3458233985495765,36000,0.7447518307907001,12000,480000,2.5657600000000005,192000.0,84.7,2025-11-21_09-33,1,0.9453977877997657,1,139858.45650540793,64.89136390513659,159522.98148541956
R_LN_3DBall_4371,3DBall,4371,ppo,0.0004651830784085,200000,113,21243,3.0,12.0,177,44.8,63.5,-0.2320075150365198,12000,-0.4729430328515016,142000,-0.0139990342868061,192000,0.0082870708260395,24000,-0.7163624614496441,24000,0.5482784117155015,12000,180000,2.5657600000000005,84000.0,70.7,2025-11-21_09-33,1,0.9451761968935855,1,84789.51215750905,68.00303346679557,91105.78925877974
R_LN_3DBall_3535,3DBall,3535,ppo,0.0007829655065384,200000,76,14367,3.0,12.0,188,43.3,68.5,-0.0807923210431645,12000,0.4599498466721468,142000,0.6270461975427244,132000,0.1357551319270587,24000,1.7198723322734826,24000,-1.198741990331525,12000,180000,2.5657600000000005,48000.0,37.5,2025-11-21_09-33,1,0.9702965418896572,1,53572.649285853164,42.7746390419819,57922.0479639993
R_LN_3DBall_4235,3DBall,4235,ppo,7.131157249530925e-05,200000,101,19124,3.0,12.0,206,43.4,61.2,-0.1713679194757326,12000,-0.3432907665214884,142000,-0.0270649079379734,192000,0.0396200020464017,24000,-0.6030571281661524,24000,0.6332398902345079,12000,180000,2.5657600000000005,72000.0,68.8,2025-11-21_09-33,1,0.718862833154075,1,90139.49897962583,74.52738084607817,121025.36898476769
R_AK_3DBall_2279,3DBall,2279,ppo,0.000521973701391,500000,46,8693,3.0,12.0,225,26.4,81.8,1.35767099643677,12000,0.7173596335131767,442000,0.6270461975427244,96000,0.2981166846143905,12000,2.419098938572509,12000,-0.5509107166241206,12000,480000,2.5657600000000005,36000.0,11.2,2025-11-21_09-33,1,0.9993801475487248,1,45364.516934256535,14.13196395406812,45646.3238528715
R_LN_3DBall_3116,3DBall,3116,ppo,0.0001515987538951,100000,96,18148,3.0,12.0,107,41.2,56.4,0.0044101486688264,12000,-1.6790667026405912,46000,-1.8052537268120448,96000,0.044604786558732,24000,-0.7078560550469796,24000,0.2349829596766736,12000,84000,2.5657600000000005,72000.0,76.4,2025-11-21_09-33,1,0.17274767226943083,0,87910.16401639549,102.97839214247615,97911.50897571312
R_AK_3DBall_2649,3DBall,2649,ppo,0.000494343851532,500000,176,33105,3.0,12.0,214,36.7,84.5,-0.775461105631927,12000,0.7173596335131767,442000,0.6270461975427244,324000,-0.1020903005184185,36000,-0.7245286115962022,36000,0.6704105370865681,12000,480000,2.5657600000000005,120000.0,48.1,2025-11-21_09-33,1,0.9848708023047779,1,123622.87477146047,51.551140618281295,129317.15870700243
R_AK_3DBall_2685,3DBall,2685,ppo,0.0007308342755637,500000,36,6836,3.0,12.0,283,50.5,84.6,4.049608485445377,12000,0.5990584591079765,442000,0.6270461975427244,132000,0.3871306937631468,12000,2.325188211887092,12000,-2.7333586960810297,12000,480000,2.5657600000000005,36000.0,14.2,2025-11-21_09-33,1,0.9999999999858,1,28231.07251545866,11.092324497045077,28231.07252215777
R_AK_3DBall_2257,3DBall,2257,ppo,0.0002104032738993,500000,60,11314,3.0,12.0,278,47.4,83.2,0.1395059565004536,12000,0.7150005135550555,442000,0.6270461975427244,108000,0.2204964686366748,12000,0.6824310074045142,12000,-0.0039711986580222,12000,480000,2.5657600000000005,48000.0,20.9,2025-11-21_09-33,1,0.9990756987853021,1,57773.94054144958,28.736011150346354,58182.69062537818
R_AK_3DBall_2353,3DBall,2353,ppo,0.0008386040593472,500000,177,33192,3.0,12.0,246,43.2,82.9,-0.2911119309628568,12000,0.6768349192009858,442000,0.6270461975427244,336000,-0.0935449556401379,36000,-0.8368131761113742,36000,0.2933939761584824,12000,480000,2.5657600000000005,84000.0,36.9,2025-11-21_09-33,1,0.9997718876664288,1,102110.96789608545,48.020571039401595,102201.73129170107
R_AP_3DBall_1038,3DBall,1038,ppo,0.0005118975970282,500000,99,18568,3.0,12.0,506,72.8,87.0,-0.4024124544605035,12000,0.7173596335131767,442000,0.6270461975427244,180000,0.0339231054608813,24000,-0.5074451202002029,24000,0.0278893557866007,12000,480000,2.5657600000000005,60000.0,50.6,2025-11-21_09-33,1,0.9998506106754188,1,63834.26088384099,57.59856739330588,63899.419389013005
R_LN_3DBall_3509,3DBall,3509,ppo,0.0007542775565348,200000,177,33284,3.0,12.0,184,50.5,70.3,-0.4914528732586215,12000,-1.6646264052127224,142000,-1.8161767662409665,180000,-0.0864238349082373,36000,-0.5629068899455757,36000,0.7606821080130115,12000,180000,2.5657600000000005,144000.0,134.9,2025-11-21_09-33,1,0.48416316893791617,0,113746.40054289783,111.96010626695332,158239.18395454768
R_LN_3DBall_3751,3DBall,3751,ppo,0.0001398314303072,200000,180,33927,3.0,12.0,177,42.8,51.4,-0.6871882766510358,12000,-1.7308779434892676,142000,-1.913816258208888,180000,-0.1220294385677399,36000,0.0111054141062281,36000,0.6119995206047475,12000,180000,2.5657600000000005,,,2025-11-21_09-33,0,0.0507609018167651,0,126119.6022608266,122.97320926261007,196249.76438417827
R_LN_3DBall_3461,3DBall,3461,ppo,3.685410174246679e-05,100000,42,7883,3.0,12.0,117,43.6,63.3,0.9140040820806316,12000,-1.2270618019487187,46000,-0.4100752515394846,96000,0.3344344003470831,12000,1.8062974213245544,12000,0.5429683193080643,12000,84000,2.5657600000000005,48000.0,50.2,2025-11-21_09-33,1,0.00850571293671901,0,57581.17332606817,63.098516787202534,99639.1976371991
R_AK_3DBall_2040,3DBall,2040,ppo,0.0001263283554586,500000,95,17980,3.0,12.0,251,44.2,82.6,0.0320433820889322,12000,0.7173596335131767,442000,0.6270461975427244,192000,0.0552864676565828,24000,-0.497577688773112,24000,0.4739371180113694,12000,480000,2.5657600000000005,60000.0,25.1,2025-11-21_09-33,1,0.9977299794069194,1,80978.39747591464,40.13720327545454,81929.58514258993
R_AK_3DBall_2113,3DBall,2113,ppo,0.0003413181815241,500000,151,28369,3.0,12.0,213,28.1,83.3,-0.4139263017188812,12000,0.7173596335131767,442000,0.6270461975427244,252000,-0.0714694813712462,36000,-0.5778781652142654,36000,0.6651004446791309,12000,480000,2.5657600000000005,96000.0,37.2,2025-11-21_09-33,1,0.9463868150165216,1,114499.81174819276,43.528046078820985,135167.70465210266
R_AK_3DBall_2624,3DBall,2624,ppo,0.0001376359912429,500000,182,34166,3.0,12.0,226,42.5,84.7,-0.1805789972824351,12000,0.715663550427496,442000,0.6270461975427244,324000,-0.1220294385677399,36000,-0.6095219970321775,36000,0.7288215535683767,12000,480000,2.5657600000000005,120000.0,50.8,2025-11-21_09-33,1,0.9851176750067522,1,131165.43095411206,61.553788462063316,136654.54687939747
R_LN_3DBall_3151,3DBall,3151,ppo,0.0001647437478417,100000,87,16315,3.0,12.0,101,41.9,56.7,-0.0301313931063049,12000,-1.675550372260907,46000,-1.7893900491522894,96000,0.0837709505841849,24000,-0.2083598710825172,24000,0.2880838837510452,12000,84000,2.5657600000000005,60000.0,57.8,2025-11-21_09-33,1,0.07154919978174451,0,79494.07434130668,93.71153216036659,98532.81742833655
R_AK_3DBall_2657,3DBall,2657,ppo,0.0003126257108671,500000,76,14436,3.0,12.0,232,46.8,84.0,0.2907211504938089,12000,0.6805697785873169,442000,0.6270461975427244,132000,0.1186644421704975,24000,-0.0477589182002106,24000,0.2349829596766736,12000,480000,2.5657600000000005,60000.0,23.2,2025-11-21_09-33,1,0.9998464540189008,1,65413.54477946872,29.806565531636526,65480.27378310797
R_AK_3DBall_2373,3DBall,2373,ppo,0.0001520016136862,500000,169,31813,3.0,12.0,212,27.6,82.8,-0.1391291471522764,12000,0.7173596335131767,442000,0.6270461975427244,372000,-0.1113477574698891,36000,-0.2913823975725233,36000,0.6173096130121846,12000,480000,2.5657600000000005,144000.0,58.2,2025-11-21_09-33,1,0.9179848472628764,1,129831.77503990415,48.08508988389926,160191.17854843632
R_LN_3DBall_4015,3DBall,4015,ppo,0.0001820341321033,200000,176,33016,3.0,12.0,182,43.9,61.0,-0.1437346860556268,12000,-1.7104305816627718,142000,-1.8878933792242445,192000,-0.1035145246647986,36000,-0.4366718189300339,36000,0.6491701674568193,12000,180000,2.5657600000000005,,,2025-11-21_09-33,0,0.35600989283968903,0,124724.9569575955,111.47909933549495,173201.33999297058
R_AK_3DBall_2071,3DBall,2071,ppo,0.0005460036675083,500000,39,7438,3.0,12.0,264,44.2,83.3,2.57660362619031,12000,0.7173596335131767,442000,0.6270461975427244,204000,0.3714642281529658,12000,2.200654422152083,12000,-1.8518833564463664,12000,480000,2.5657600000000005,36000.0,13.2,2025-11-21_09-33,1,0.9999999349361619,1,35728.250440411815,14.99727131338959,35728.28064771376
R_AK_3DBall_2036,3DBall,2036,ppo,0.000352706949563,500000,164,30847,3.0,12.0,220,38.4,83.4,0.1901668844373132,12000,0.7173596335131767,442000,0.6270461975427244,288000,-0.0857117228350473,36000,-0.7098975925836192,36000,0.6491701674568193,12000,480000,2.5657600000000005,108000.0,44.0,2025-11-21_09-33,1,0.9954916190310203,1,113426.84233162916,51.611451893189106,115169.66139877962
R_AK_3DBall_2161,3DBall,2161,ppo,0.0005449180809069,500000,54,10148,3.0,12.0,224,27.0,83.8,-0.1398967369695015,12000,0.7173596335131767,442000,0.6270461975427244,132000,0.2553899602229874,12000,-0.0164553426384049,12000,-0.5190501621794859,12000,480000,2.5657600000000005,60000.0,22.4,2025-11-21_09-33,1,0.9998245115407947,1,58420.485607873845,20.019072713887383,58497.97771647116
R_AK_3DBall_2700,3DBall,2700,ppo,0.0005732848874434,500000,67,12734,3.0,12.0,238,48.3,84.4,0.7420639630221979,12000,0.7173596335131767,442000,0.6270461975427244,144000,0.1649517269278508,24000,1.5776452172209314,24000,-0.949167647181943,12000,480000,2.5657600000000005,48000.0,17.8,2025-11-21_09-33,1,0.9999895800226929,1,48307.14250800696,21.19395385076946,48311.8491373318
R_LN_3DBall_4218,3DBall,4218,ppo,4.134769710471657e-05,200000,90,17022,3.0,12.0,193,44.1,61.0,-0.3010905985867844,12000,-1.7313597006175574,142000,-1.914259781056332,168000,0.056710691802963,24000,0.2547288934785408,24000,0.6544802598642565,12000,180000,2.5657600000000005,,,2025-11-21_09-33,0,0.23365232461596322,0,81540.84015618777,68.18946029314314,172321.7419304393
R_AK_3DBall_2381,3DBall,2381,ppo,0.0004052329558535,500000,102,19302,3.0,12.0,234,45.1,83.8,0.1349004175971032,12000,0.6788339629549728,442000,0.6270461975427244,180000,0.0339231054608813,24000,-0.4254433624785166,24000,-0.1101730468067772,12000,480000,2.5657600000000005,72000.0,29.2,2025-11-21_09-33,1,0.9999299548567926,1,74689.75768499219,34.674710175949315,74719.54860182272
R_AK_3DBall_2076,3DBall,2076,ppo,0.0004238951042446,500000,51,9670,3.0,12.0,254,45.8,83.1,1.7614232402971997,12000,0.7173596335131767,442000,0.6270461975427244,120000,0.2717685379063585,12000,1.7852015334459466,12000,-1.5120374423703529,12000,480000,2.5657600000000005,36000.0,12.7,2025-11-21_09-33,1,0.9999990078423613,1,42297.265605428045,19.079266960143503,42297.719718692235
R_LN_3DBall_4621,3DBall,4621,ppo,0.0005094630987541,200000,35,6624,3.0,12.0,209,39.5,64.9,0.6092709246422459,12000,0.7077989894723692,142000,0.6270461975427244,108000,0.4092061680320386,12000,1.892041997863413,12000,-1.0606795877381352,12000,180000,2.5657600000000005,48000.0,41.9,2025-11-21_09-33,1,0.9972514495974257,1,43894.57949175965,29.319367702526893,44323.643108141594
R_AK_3DBall_2125,3DBall,2125,ppo,0.0002430393797697,500000,164,30924,3.0,12.0,214,27.4,83.1,-0.4745658972796683,12000,0.6744236502753693,442000,0.6270461975427244,384000,-0.0707573692980562,36000,0.0631646212905351,36000,0.7341316459758139,12000,480000,2.5657600000000005,156000.0,64.1,2025-11-21_09-33,1,0.6195620250967349,1,125178.60885869236,47.911745687467445,267774.8998549161
R_LN_3DBall_3267,3DBall,3267,ppo,0.0005199740104747,100000,104,19532,3.0,12.0,107,39.8,57.8,0.0305082024544821,12000,-1.6795161770747171,46000,-1.8103232961031823,96000,0.0225293122898405,24000,-0.4475600191254444,24000,-0.2163748949555322,12000,84000,2.5657600000000005,72000.0,76.5,2025-11-21_09-33,1,0.6610484222371902,1,79097.97345607667,85.40231630526719,86182.74833157961
R_AK_3DBall_2680,3DBall,2680,ppo,0.0002311598864982,500000,57,10694,3.0,12.0,226,34.8,84.4,-0.3885958377504505,12000,0.7173596335131767,442000,0.6270461975427244,132000,0.209814787538824,12000,-0.1576616889226366,12000,-0.1314134164365376,12000,480000,2.5657600000000005,60000.0,22.6,2025-11-21_09-33,1,0.9994044958292903,1,64523.535268752705,24.46612707503059,64782.8633197461
R_LN_3DBall_4562,3DBall,4562,ppo,0.0003238232185107,200000,66,12394,3.0,12.0,217,44.1,64.9,0.5186953262096777,12000,0.6582475372151567,142000,0.6270461975427244,168000,0.167800175220611,24000,1.225479992150619,24000,-0.4924997001423,12000,180000,2.5657600000000005,48000.0,43.4,2025-11-21_09-33,1,0.985443513886124,1,56788.89858958097,41.767927549597566,58873.54899861463
R_LN_3DBall_4254,3DBall,4254,ppo,0.0002630097817359,200000,102,19278,3.0,12.0,187,50.5,69.8,-0.1859521260030106,12000,-1.484054397049786,142000,-1.4560284782524908,192000,0.0282262088753609,24000,-0.5247981892616386,24000,0.4155261015295607,12000,180000,2.5657600000000005,108000.0,99.5,2025-11-21_09-33,1,0.910709361059785,1,85158.86887586015,74.44421146868511,95413.10685055162
R_AK_3DBall_2030,3DBall,2030,ppo,0.0003023239085524,500000,143,26958,3.0,12.0,223,40.0,83.3,-0.4653548194729658,12000,0.7173596335131767,442000,0.6270461975427244,192000,-0.0586514640538253,36000,-0.5605250961528296,36000,0.4314563787518721,12000,480000,2.5657600000000005,96000.0,39.0,2025-11-21_09-33,1,0.988962233060232,1,104441.86659774325,49.416040505581755,108807.94508536701
R_LN_3DBall_4079,3DBall,4079,ppo,0.0003153277488784,200000,171,32232,3.0,12.0,200,44.0,61.7,-0.4599816907523903,12000,-1.5370998301291847,142000,-1.6289250301196267,180000,-0.1042266367379886,36000,-0.8602908577827284,36000,0.564208688937813,12000,180000,2.5657600000000005,108000.0,106.5,2025-11-21_09-33,1,0.6242188391652592,1,124566.49811391691,109.34928060663805,152912.98701849882
R_AK_3DBall_2607,3DBall,2607,ppo,0.0005318626356657,500000,134,25130,3.0,12.0,215,33.1,85.3,-0.5497896993677335,12000,0.6796137141832361,442000,0.6270461975427244,216000,-0.0536666795414949,36000,-0.4965569200047921,36000,0.3624251774551772,12000,480000,2.5657600000000005,96000.0,37.6,2025-11-21_09-33,1,0.9961342332569788,1,95117.61771527005,35.528912633391286,96682.79856354157
R_LN_3DBall_3390,3DBall,3390,ppo,0.0003100814589676,100000,97,18350,3.0,12.0,125,60.7,78.3,-0.5137129779581502,12000,-1.72094729010766,46000,-1.8918283551847104,96000,0.0396200020464017,24000,-0.6612409479603779,24000,0.914674787828701,12000,84000,2.5657600000000005,,,2025-11-21_09-33,0,0.029733131092448222,0,91660.32374650578,129.20230894850462,99752.03531268628
R_AK_3DBall_2345,3DBall,2345,ppo,7.402737415364043e-05,500000,184,34636,3.0,12.0,223,37.0,82.6,-0.501431540882549,12000,0.6939397805394484,442000,0.6270461975427244,372000,-0.1120598695430792,36000,-0.6612409479603779,36000,0.7022710915311909,12000,480000,2.5657600000000005,144000.0,61.3,2025-11-21_09-33,1,0.9216128852996056,1,142485.99317470676,65.0495332334483,170510.4846347186
R_AK_3DBall_2467,3DBall,2467,ppo,0.0005811787536821,500000,83,15691,3.0,12.0,271,51.3,83.5,0.7850489927868067,12000,0.7173596335131767,442000,0.6270461975427244,132000,0.0823467264378048,24000,1.2724353554933274,24000,-1.5120374423703529,12000,480000,2.5657600000000005,48000.0,20.3,2025-11-21_09-33,1,0.9999988577526102,1,50440.024634536094,24.24739748275386,50440.53814324451
R_LN_3DBall_4369,3DBall,4369,ppo,0.0005611201371539,200000,107,20161,3.0,12.0,172,44.7,63.9,-0.3701736821370472,12000,-0.1913261919559809,142000,0.5911621048390248,192000,0.0089991828992295,24000,-0.6455891601794751,24000,0.6173096130121846,12000,180000,2.5657600000000005,72000.0,57.5,2025-11-21_09-33,1,0.928840085072664,1,81249.78584649411,64.18899955280554,89700.04098326052
R_LN_3DBall_3590,3DBall,3590,ppo,0.0006509600546382,200000,66,12391,3.0,12.0,212,43.1,62.9,0.5478637392642337,12000,0.5188061647010235,142000,0.6270461975427244,168000,0.1635275027814707,24000,1.6967349068582351,24000,-1.0128887560712008,12000,180000,2.5657600000000005,48000.0,42.4,2025-11-21_09-33,1,0.9897877356740711,1,49109.61598789988,39.50120415041482,50650.54847367237
R_LN_3DBall_3812,3DBall,3812,ppo,0.0003809067331741,200000,90,16909,3.0,12.0,202,42.1,51.9,0.9892278841686968,12000,0.4566719115724416,142000,0.4497169958223501,144000,0.0602712521689132,24000,0.8726342545680934,24000,-0.4978097925497372,12000,180000,2.5657600000000005,48000.0,40.5,2025-11-21_09-33,1,0.994843780819918,1,59536.31336654137,49.41399799678515,60260.57492166584
R_AK_3DBall_2094,3DBall,2094,ppo,0.0007509720889301,500000,71,13413,3.0,12.0,219,26.5,82.3,-0.1091931442804954,12000,0.7173596335131767,442000,0.6270461975427244,132000,0.1350430198538686,24000,0.6538494818915614,24000,0.1871921280097273,12000,480000,2.5657600000000005,60000.0,21.9,2025-11-21_09-33,1,0.9953353178048011,1,60450.890722719174,20.19681962217024,62501.24762668043
R_AK_3DBall_2342,3DBall,2342,ppo,0.0001329789486236,500000,86,16164,3.0,12.0,250,44.1,83.5,0.099591286004745,12000,0.6799588906823716,442000,0.6270461975427244,168000,0.0951647437552258,24000,-0.0021645798819286,24000,0.3252545306031171,12000,480000,2.5657600000000005,60000.0,25.0,2025-11-21_09-33,1,0.9981399021353136,1,72876.75107305872,34.26802460796082,73671.24211634566
R_AK_3DBall_2069,3DBall,2069,ppo,0.0006025056701649,500000,53,10098,3.0,12.0,252,43.0,83.8,1.6984808752847371,12000,0.6816773233255508,442000,0.6270461975427244,168000,0.2297539255881455,12000,1.773292564482216,12000,-1.0766098649604467,12000,480000,2.5657600000000005,36000.0,12.6,2025-11-21_09-33,1,0.9999966185664894,1,42860.77123230264,17.90130552342101,42862.317018209826
R_AK_3DBall_2244,3DBall,2244,ppo,0.0004164275671122,500000,107,20075,3.0,12.0,235,39.8,82.5,-0.1391291471522764,12000,0.7173596335131767,442000,0.6270461975427244,192000,0.0268019847289807,24000,-0.6384437788012368,24000,0.5217279496783039,12000,480000,2.5657600000000005,72000.0,29.4,2025-11-21_09-33,1,0.9987119465056218,1,80633.57406211046,35.63471702882645,81173.74045246467
R_AK_3DBall_2007,3DBall,2007,ppo,0.0008772381257862,500000,49,9237,3.0,12.0,225,27.6,84.6,1.0176287074060275,12000,0.7173596335131767,442000,0.6270461975427244,96000,0.2852986672969695,12000,1.7338228387738526,12000,-1.7138209538529767,12000,480000,2.5657600000000005,48000.0,16.9,2025-11-21_09-33,1,0.9999964529298329,1,41963.08467974115,13.380359076686121,41964.709368818934
R_LN_3DBall_4442,3DBall,4442,ppo,0.0001766472059308,200000,123,23240,3.0,12.0,177,44.8,63.5,-0.6411328876175266,12000,-1.6484651918575082,142000,-1.787461240490147,192000,-0.0180610758819924,24000,-0.4148954185392126,24000,0.4208361939369978,12000,180000,2.5657600000000005,132000.0,118.3,2025-11-21_09-33,1,0.6022699944599349,1,98868.84284883962,81.79690947920227,139091.73854284384
R_AP_3DBall_1055,3DBall,1055,ppo,0.0003310406172619,500000,53,10113,3.0,12.0,651,63.6,87.2,1.780612985727828,12000,0.7173596335131767,442000,0.6270461975427244,108000,0.2447082791251366,12000,1.6810831190773323,12000,-0.9332373699596316,12000,480000,2.5657600000000005,36000.0,32.6,2025-11-21_09-33,1,0.9999912922497487,1,43030.04155009256,30.194075820786853,43034.02073036309
R_AP_3DBall_1157,3DBall,1157,ppo,0.0007700398609769,500000,60,11269,3.0,12.0,458,53.0,88.5,0.3298682311722907,12000,0.7173596335131767,442000,0.6270461975427244,156000,0.1834666408307921,12000,0.2890947753453053,12000,-0.8270355218108766,12000,480000,2.5657600000000005,48000.0,34.4,2025-11-21_09-33,1,0.9999889886210275,1,48009.1745304506,27.822123452397356,48014.151572721945
R_AP_3DBall_1343,3DBall,1343,ppo,0.000303195511518,500000,92,17328,3.0,12.0,534,61.6,85.3,-0.222796437229819,12000,0.6798819088732118,442000,0.6270461975427244,168000,0.0467411227783023,24000,0.222744805404522,24000,0.0650600026386608,12000,480000,2.5657600000000005,60000.0,53.4,2025-11-21_09-33,1,0.9982172753584694,1,66196.3426265146,47.58653074981902,66969.69509610042
R_LN_3DBall_3138,3DBall,3138,ppo,0.0005262329389803,100000,190,35773,3.0,12.0,88,43.2,56.2,-0.3156748051140624,12000,-1.729911945948521,46000,-1.9081587632827648,96000,-0.12345366271412,36000,-0.71976502401071,36000,0.6916509067163167,12000,84000,2.5657600000000005,,,2025-11-21_09-33,0,0.024878012941112037,0,133100.54045912717,167.33357105044553,100823.47567389997
R_LN_3DBall_4292,3DBall,4292,ppo,0.0008054993407887,200000,78,14673,3.0,12.0,209,44.0,63.0,-0.1913252547235878,12000,0.4164153919502267,142000,0.5363973476644649,132000,0.1215128904632577,24000,0.2833104189914937,24000,-0.460639145697677,12000,180000,2.5657600000000005,60000.0,55.7,2025-11-21_09-33,1,0.9968924357535817,1,57434.29671134481,43.74108989360857,57877.32879365012
R_AP_3DBall_1110,3DBall,1110,ppo,0.0002944043008265,500000,187,35083,3.0,12.0,425,62.9,89.3,-0.2366130539398702,12000,0.7173596335131767,442000,0.6270461975427244,336000,-0.1020903005184185,36000,-0.7347362992793997,36000,0.7235114611609397,12000,480000,2.5657600000000005,120000.0,95.6,2025-11-21_09-33,1,0.9840295835634251,1,120552.33720442509,96.54946991120043,126612.27439515547
R_AK_3DBall_2183,3DBall,2183,ppo,0.0003382948955831,500000,69,12938,3.0,12.0,247,42.8,83.5,0.3421496682478935,12000,0.7173596335131767,442000,0.6270461975427244,132000,0.1663759510742309,24000,1.6872077316872507,24000,-0.5349804394017973,12000,480000,2.5657600000000005,48000.0,18.5,2025-11-21_09-33,1,0.9987053749520927,1,54253.13470985656,24.36083972083004,54830.20976668736
R_AP_3DBall_1132,3DBall,1132,ppo,3.980272650920342e-05,500000,170,31954,3.0,12.0,434,62.8,89.7,-0.3709412719542723,12000,0.6036252186900662,442000,0.6270461975427244,360000,-0.1049387488111787,36000,-0.5703925275799204,36000,0.776612385235323,12000,480000,2.5657600000000005,144000.0,119.3,2025-11-21_09-33,1,0.9262806524665569,1,120202.72861646069,96.22452100304403,148201.13565783724
R_AK_3DBall_2464,3DBall,2464,ppo,0.0006192466635233,500000,181,34041,3.0,12.0,224,43.2,83.6,-0.7347788453189951,12000,0.7173596335131767,442000,0.6270461975427244,300000,-0.1006660763720383,36000,-0.8841087957101892,36000,0.4739371180113694,12000,480000,2.5657600000000005,108000.0,44.8,2025-11-21_09-33,1,0.9976782136228155,1,117238.94692845183,56.151233852872345,118127.63632719014
R_AP_3DBall_1235,3DBall,1235,ppo,0.0007799550435184,500000,129,24334,3.0,12.0,423,61.6,88.6,-0.9259087098080572,12000,0.6533678838280953,442000,0.6270461975427244,228000,-0.0422728863704542,36000,-0.5778781652142654,36000,0.2402930520841107,12000,480000,2.5657600000000005,84000.0,63.4,2025-11-21_09-33,1,0.9986750881954789,1,79205.76390650377,57.023271585460826,79763.27915717848
R_AP_3DBall_1362,3DBall,1362,ppo,0.0008393479432139,500000,129,24237,3.0,12.0,404,51.4,89.1,-0.2696194160805532,12000,0.7173596335131767,442000,0.6270461975427244,228000,-0.0515303433219248,36000,-0.4118331122342533,36000,0.4367664711593093,12000,480000,2.5657600000000005,84000.0,60.6,2025-11-21_09-33,1,0.9986296735140476,1,78606.96039651347,44.951384775046385,79184.4064396781
R_AK_3DBall_2216,3DBall,2216,ppo,0.0008428468041169,500000,156,29403,3.0,12.0,230,38.9,83.2,0.0013397893999261,12000,0.6910368213488759,442000,0.6270461975427244,276000,-0.0828632745422871,36000,-0.7622970560240327,36000,-0.0252115682877826,12000,480000,2.5657600000000005,72000.0,28.7,2025-11-21_09-33,1,0.999932145118988,1,92806.32386235506,39.66639295365987,92833.95394079822
R_AK_3DBall_2213,3DBall,2213,ppo,0.0001168358715727,500000,128,24024,3.0,12.0,214,26.9,82.9,-0.5459517502816064,12000,0.7173596335131767,442000,0.6270461975427244,288000,-0.040848662224074,36000,-0.42510310622241,36000,0.5907591509749988,12000,480000,2.5657600000000005,120000.0,48.1,2025-11-21_09-33,1,0.8846171669038022,1,107461.45956276935,39.803422957901155,152753.66845786342
R_AK_3DBall_2658,3DBall,2658,ppo,0.0008177717689444,500000,116,21838,3.0,12.0,213,35.4,83.7,-0.6188727829179963,12000,0.7173596335131767,442000,0.6270461975427244,228000,-0.0102278430769018,24000,-0.6663447918019766,24000,0.5748288737526873,12000,480000,2.5657600000000005,84000.0,31.9,2025-11-21_09-33,1,0.9990437557791955,1,80714.8132965864,30.35456714221951,81115.7523332405
R_AK_3DBall_2283,3DBall,2283,ppo,0.0008687033743798,500000,72,13571,3.0,12.0,253,43.8,81.8,0.188631704802863,12000,0.6742696866570496,442000,0.6270461975427244,156000,0.140739916439389,24000,1.1979192354059858,24000,-0.5880813634761807,12000,480000,2.5657600000000005,60000.0,25.3,2025-11-21_09-33,1,0.9999495395287942,1,48587.38344470448,21.08788406186197,48610.16193804411
R_AK_3DBall_2621,3DBall,2621,ppo,0.0006437590177206,500000,119,22339,3.0,12.0,215,33.4,84.4,-0.0485535487197082,12000,0.6796906959923956,442000,0.6270461975427244,192000,-0.0137884034428521,24000,-0.6350412162401711,24000,0.2243627748617992,12000,480000,2.5657600000000005,84000.0,32.2,2025-11-21_09-33,1,0.9997573073890276,1,82629.54589065969,29.9810921145186,82730.83861591022
R_AK_3DBall_2318,3DBall,2318,ppo,0.0001419798669469,500000,137,25689,3.0,12.0,244,44.3,83.8,-0.1943956139924881,12000,0.6801873528256847,442000,0.6270461975427244,264000,-0.0444092225900243,36000,-0.4101318309537204,36000,0.6704105370865681,12000,480000,2.5657600000000005,84000.0,36.6,2025-11-21_09-33,1,0.9882270199930788,1,100051.80071609601,49.180512860379345,104760.38287006953
R_AK_3DBall_2979,3DBall,2979,ppo,0.0001342329415639,500000,104,19568,3.0,12.0,252,46.3,84.3,-0.249662080832698,12000,0.7173596335131767,442000,0.6270461975427244,180000,0.0225293122898405,24000,-0.5625666336894691,24000,0.6969609991237539,12000,480000,2.5657600000000005,72000.0,31.5,2025-11-21_09-33,1,0.9983030451615171,1,84989.05229786015,38.70210312300351,85693.30713358666
R_LN_3DBall_4153,3DBall,4153,ppo,0.0001746773838327,200000,117,22021,3.0,12.0,177,43.4,60.6,-0.4093207628155307,12000,-1.5346835946352353,142000,-1.5705579391201845,192000,-0.0116520672232819,24000,-0.3427610922446172,24000,0.5854490585675617,12000,180000,2.5657600000000005,108000.0,94.6,2025-11-21_09-33,1,0.48769626545219313,0,92993.2658891147,78.4373551657544,147813.21539588543
R_AK_3DBall_2379,3DBall,2379,ppo,0.0008374651924554,500000,38,7247,3.0,12.0,230,26.0,83.4,1.373790382598498,12000,0.7173596335131767,442000,0.6270461975427244,120000,0.3807216851044365,12000,2.2003141658959766,12000,-1.793472339964546,12000,480000,2.5657600000000005,36000.0,11.5,2025-11-21_09-33,1,0.9999983384723639,1,38494.30285305472,11.269873174266262,38495.06965752477
R_LN_3DBall_3515,3DBall,3515,ppo,6.760447883091596e-05,200000,39,7427,3.0,12.0,213,48.2,78.7,0.4081623925292561,12000,0.6275963607487449,142000,0.6270461975427244,120000,0.3586462108355449,12000,0.5296559484126587,12000,0.2562233293064223,12000,180000,2.5657600000000005,60000.0,56.8,2025-11-21_09-33,1,0.6172730031266757,1,62563.97754929015,55.098070664183155,115164.45368406511
R_LN_3DBall_3325,3DBall,3325,ppo,0.0008742913927587,100000,147,27645,3.0,12.0,94,40.8,57.6,-0.9758020479276918,12000,-1.7188464317028491,46000,-1.8794329230471216,96000,-0.0671968089321059,36000,-0.7224870740595626,36000,0.4739371180113694,12000,84000,2.5657600000000005,96000.0,94.0,2025-11-21_09-33,1,0.07579471130007442,0,99233.86312308634,111.5760162719831,99941.930876598
R_LN_3DBall_4287,3DBall,4287,ppo,0.0007868126757224,200000,151,28353,3.0,12.0,175,44.3,62.6,-0.4446298944078873,12000,-1.439375148327135,142000,-1.3860137552652203,192000,-0.0892722832009975,36000,-0.8902334083201076,36000,0.4526967483816208,12000,180000,2.5657600000000005,96000.0,81.8,2025-11-21_09-33,1,0.9691913606844369,1,95574.25227122461,77.11326466559692,98791.46746825844
R_AK_3DBall_2278,3DBall,2278,ppo,0.00025157396092,500000,82,15480,3.0,12.0,235,40.5,81.9,0.5440257901781084,12000,0.7173596335131767,442000,0.6270461975427244,168000,0.0923162954624655,24000,-0.1355450322757087,24000,0.0916104646758466,12000,480000,2.5657600000000005,60000.0,23.5,2025-11-21_09-33,1,0.9998046560486721,1,68571.82525047373,29.74961973094726,68656.1021348435
R_AK_3DBall_2501,3DBall,2501,ppo,0.0007353503849045,500000,175,32901,3.0,12.0,214,28.0,85.0,-0.1621568416690318,12000,0.7124352810111192,442000,0.6270461975427244,312000,-0.1120598695430792,36000,-0.6544358228382463,36000,0.7819224776427602,12000,480000,2.5657600000000005,120000.0,48.3,2025-11-21_09-33,1,0.9928294065873214,1,117037.8347805393,40.56829252583973,119783.90075976709
R_AK_3DBall_2857,3DBall,2857,ppo,0.0005636795810279,500000,91,17201,3.0,12.0,254,46.9,84.2,0.5302091734680554,12000,0.7173596335131767,442000,0.6270461975427244,168000,0.085195174730565,24000,0.6259484688908218,24000,-0.2588556342150413,12000,480000,2.5657600000000005,60000.0,25.4,2025-11-21_09-33,1,0.999972322643554,1,60626.00837892818,26.160237065668483,60638.1690895074
R_LN_3DBall_4141,3DBall,4141,ppo,0.0001974430228263,200000,158,29739,3.0,12.0,193,44.0,60.6,-0.3225831134690879,12000,-1.384941559398695,142000,-1.1539713687944082,192000,-0.0978176280792782,36000,-0.8514441951239571,36000,0.6757206294940051,12000,180000,2.5657600000000005,96000.0,90.3,2025-11-21_09-33,1,0.5957403368061214,1,118174.1346612187,102.9725682299184,151253.0314236221
R_AK_3DBall_2046,3DBall,2046,ppo,0.0007890612973777,500000,179,33646,3.0,12.0,237,42.6,82.0,-0.4853121547208209,12000,0.6796534467298991,442000,0.6270461975427244,264000,-0.0992418522256582,36000,-0.836132663599161,36000,0.2456031444915479,12000,480000,2.5657600000000005,84000.0,35.5,2025-11-21_09-33,1,0.999338108863146,1,106930.48044144853,52.68969106919476,107190.64967261179
R_AK_3DBall_2820,3DBall,2820,ppo,0.0005030125300106,500000,123,23097,3.0,12.0,213,26.9,82.9,-0.556698007722759,12000,0.7173596335131767,442000,0.6270461975427244,216000,-0.0173489638088023,24000,-0.6704278668752557,24000,0.7075811839386281,12000,480000,2.5657600000000005,84000.0,31.9,2025-11-21_09-33,1,0.9919274454095819,1,95070.89372595542,31.30095557561141,98339.70604160186
R_AK_3DBall_2478,3DBall,2478,ppo,0.0006285656975956,500000,177,33313,3.0,12.0,231,42.5,83.1,-0.1268477100766736,12000,0.534281991626299,442000,0.6270461975427244,324000,-0.1113477574698891,36000,-0.8643739328560074,36000,0.5004875800485553,12000,480000,2.5657600000000005,108000.0,46.2,2025-11-21_09-33,1,0.9994299068786289,1,111440.56318175209,51.18466662096547,111662.07824392601
R_AK_3DBall_2253,3DBall,2253,ppo,0.000437957471431,500000,164,30891,3.0,12.0,288,47.6,83.4,-0.3555894756097693,12000,0.7173596335131767,442000,0.6270461975427244,312000,-0.1049387488111787,36000,-0.8684570079292863,36000,0.5004875800485553,12000,480000,2.5657600000000005,96000.0,50.4,2025-11-21_09-33,1,0.9985065288942144,1,108896.2772446484,57.02572194763447,109480.3793539487
R_AP_3DBall_1158,3DBall,1158,ppo,0.0007151250854814,500000,156,29358,3.0,12.0,395,50.6,90.8,-0.8414738299132913,12000,0.6796906959923956,442000,0.6270461975427244,276000,-0.0671968089321059,36000,-0.7439232181942773,36000,0.5748288737526873,12000,480000,2.5657600000000005,108000.0,79.0,2025-11-21_09-33,1,0.9829177353593794,1,101838.21601727558,62.0160447691486,108639.72098105008
R_AK_3DBall_2029,3DBall,2029,ppo,0.0002466390584454,500000,89,16816,3.0,12.0,232,44.3,83.2,-0.208979820519766,12000,0.7173596335131767,442000,0.6270461975427244,168000,0.0595591400957232,24000,0.0900448655229551,24000,0.2349829596766736,12000,480000,2.5657600000000005,60000.0,23.2,2025-11-21_09-33,1,0.9959178675644667,1,73201.16771294325,35.867674041580585,74943.41706967
R_LN_3DBall_3353,3DBall,3353,ppo,0.0007816343353559,100000,64,12124,3.0,12.0,105,42.4,58.2,-0.1821141769168853,12000,-1.2744503136969594,46000,-0.3724557467640984,96000,0.1706486235133713,24000,0.9961472755347828,24000,-1.2412227295910223,12000,84000,2.5657600000000005,48000.0,45.0,2025-11-21_09-33,1,0.9193633391274579,1,52767.50964416228,56.78231238811551,56576.17995115158
R_LN_3DBall_3742,3DBall,3742,ppo,0.0007528200747725,200000,181,34025,3.0,12.0,169,43.4,51.1,-0.4039476340949536,12000,-1.665145411603509,142000,-1.8160452565594567,192000,-0.1177567661285996,36000,-0.6476306977161146,36000,0.7394417383832629,12000,180000,2.5657600000000005,144000.0,124.2,2025-11-21_09-33,1,0.7756539341536964,1,107089.82116812633,100.04317388789296,127933.85426613371
R_AK_3DBall_2893,3DBall,2893,ppo,8.099549972744532e-05,500000,60,11255,3.0,12.0,224,32.9,83.8,-0.5298323641198782,12000,0.7173596335131767,442000,0.6270461975427244,192000,0.196284658148213,12000,-0.3533090361839212,12000,0.3730453622700516,12000,480000,2.5657600000000005,84000.0,33.6,2025-11-21_09-33,1,0.9958234770518972,1,71798.65110391597,26.237321034579917,73587.04386398903
R_AK_3DBall_2234,3DBall,2234,ppo,0.0006643152324434,500000,141,26509,3.0,12.0,242,42.4,82.3,-0.6603226330481551,12000,0.6803388331598378,442000,0.6270461975427244,204000,-0.0337275414921735,36000,-0.3825710742090872,36000,-0.0092812910654593,12000,480000,2.5657600000000005,84000.0,36.3,2025-11-21_09-33,1,0.9992226220940306,1,88109.31381614397,41.60150134999955,88429.50853525789
R_AP_3DBall_1175,3DBall,1175,ppo,0.000877916842411,500000,60,11313,3.0,12.0,487,62.6,89.6,0.3122136653761125,12000,0.7173596335131767,442000,0.6270461975427244,120000,0.209102675465634,12000,1.2394304986509888,12000,-1.4961071651480295,12000,480000,2.5657600000000005,48000.0,36.6,2025-11-21_09-33,1,0.9999972240290977,1,41081.58716023791,27.671980366772793,41082.86110439847
R_AK_3DBall_2602,3DBall,2602,ppo,0.0002110973450839,500000,165,31050,3.0,12.0,217,38.8,84.9,-0.4331160471495096,12000,0.6795764649207393,442000,0.6270461975427244,336000,-0.094969179786518,36000,-0.4887310261143409,36000,0.7022710915311909,12000,480000,2.5657600000000005,132000.0,54.2,2025-11-21_09-33,1,0.9723207316477087,1,122036.67863855482,53.100246991718144,132498.42683784157
R_AP_3DBall_1300,3DBall,1300,ppo,0.0005801175617807,500000,120,22598,3.0,12.0,509,62.4,88.5,-0.483009385269144,12000,0.6328286404874414,442000,0.6270461975427244,192000,-0.0123641792964719,24000,-0.2917226538286299,24000,-0.4712593305125513,12000,480000,2.5657600000000005,60000.0,50.9,2025-11-21_09-33,1,0.9998642768147074,1,73329.21716076646,53.00842782271748,73387.1262784847
R_LN_3DBall_4604,3DBall,4604,ppo,0.0008093609614227,200000,58,10974,3.0,12.0,219,44.2,65.3,0.3843671081952773,12000,0.6603459123358012,142000,0.6270461975427244,84000,0.2454203911983266,12000,1.7957494773852505,12000,-1.8837439108909892,12000,180000,2.5657600000000005,48000.0,43.8,2025-11-21_09-33,1,0.9999003448362448,1,43712.696722583656,30.729930218977294,43728.27155938462
R_LN_3DBall_4147,3DBall,4147,ppo,0.000858970102578,200000,103,19469,3.0,12.0,206,43.8,61.1,-0.2872739818767315,12000,0.262794466845701,142000,0.3697359018736111,144000,0.01683241570432,24000,-0.6258542973252934,24000,-0.5402905318092345,12000,180000,2.5657600000000005,72000.0,68.8,2025-11-21_09-33,1,0.9993533004366925,1,68560.63379418947,53.908636636903005,68645.63557491619
R_AK_3DBall_2308,3DBall,2308,ppo,0.000765236987096,500000,143,26840,3.0,12.0,240,41.6,84.5,-0.0101740578584515,12000,0.4922946229400731,442000,0.6270461975427244,180000,-0.0550909036878751,36000,-0.0218994427361104,36000,-0.0623822151398427,12000,480000,2.5657600000000005,72000.0,30.0,2025-11-21_09-33,1,0.999761314173918,1,82598.11727130586,36.207685505053036,82697.74518449313
R_LN_3DBall_3792,3DBall,3792,ppo,0.0001206152822961,200000,88,16574,3.0,12.0,203,42.2,51.4,-0.0792571414087143,12000,0.4211236987298035,142000,0.5857882582455705,180000,0.0481653469246823,24000,-0.051501737017383,24000,0.2615334217138594,12000,180000,2.5657600000000005,60000.0,54.0,2025-11-21_09-33,1,0.7884569275289339,1,73576.66549059862,65.46983392435143,100320.64610475475
R_LN_3DBall_3273,3DBall,3273,ppo,0.0002656099441836,100000,67,12742,3.0,12.0,98,43.0,57.2,-0.1567837129484547,12000,-1.588148702738763,46000,-1.5377063049548254,96000,0.1699365114401812,24000,0.1778309795984532,24000,-0.0092812910654593,12000,84000,2.5657600000000005,60000.0,55.8,2025-11-21_09-33,1,0.156194052144056,0,69068.53673994563,80.45529774414197,95168.68941466711
R_AP_3DBall_1277,3DBall,1277,ppo,0.0004642365772162,500000,92,17331,3.0,12.0,465,62.0,91.0,-0.4292780980633842,12000,0.7173596335131767,442000,0.6270461975427244,204000,0.071665045339954,24000,-0.0559250683467686,24000,-0.2907161886596643,12000,480000,2.5657600000000005,60000.0,46.5,2025-11-21_09-33,1,0.9995807371807722,1,65900.60866528095,46.60304035559678,66082.610399917
C_LF_3DBall_106,3DBall,106,ppo,0.0003,500000,64,12000,3.0,12.0,784,22.7,53.3,0.0013397893999261,12000,0.7173596335131767,442000,0.6270461975427244,144000,0.195572546075023,24000,1.2659704866273025,24000,0.0066489861568521,12000,480000,2.5657600000000005,48000.0,58.8,2025-11-21_09-33,1,0.8136134499622969,1,54219.24216971338,27.407099231278956,137306.7796948933
R_AK_3DBall_2017,3DBall,2017,ppo,0.0004832450337158,500000,156,29421,3.0,12.0,223,40.9,83.9,-0.3555894756097693,12000,0.7020054875120566,442000,0.6270461975427244,264000,-0.0743179296640064,36000,-0.8072108818301016,36000,0.6013793357898731,12000,480000,2.5657600000000005,96000.0,39.0,2025-11-21_09-33,1,0.9949375445081227,1,108191.10144885672,51.46833690193024,110174.61655909337
R_LN_3DBall_3225,3DBall,3225,ppo,0.0004756297256826,100000,54,10140,3.0,12.0,100,40.6,57.6,0.5094842484029769,12000,-1.1544257400802476,46000,-0.0577376071842016,96000,0.2219206927830549,12000,0.3445565450906785,12000,-1.124400696627393,12000,84000,2.5657600000000005,48000.0,42.8,2025-11-21_09-33,1,0.9783598296673063,1,54425.24319282156,58.49391529000158,55411.48869299999
R_LN_3DBall_3286,3DBall,3286,ppo,0.0006770946461023,100000,45,8562,3.0,12.0,104,42.3,58.2,2.2396316964284693,12000,-0.7206953275692327,46000,0.1658417444882821,84000,0.3016772449803407,12000,2.07952319497814,12000,-0.673042841995187,12000,84000,2.5657600000000005,36000.0,29.7,2025-11-21_09-33,1,0.982208601722465,1,41986.89349830579,42.18562309885543,43019.027781394485
R_LN_3DBall_4560,3DBall,4560,ppo,0.0003766401262907,200000,50,9461,3.0,12.0,196,44.2,64.6,0.9692705489208416,12000,0.6905798970622503,142000,0.6270461975427244,120000,0.2689200896135983,12000,1.8015338337390625,12000,-0.5084299773646115,12000,180000,2.5657600000000005,48000.0,39.3,2025-11-21_09-33,1,0.9908815074286328,1,48950.68885527938,35.3662773759152,50328.03087686265
R_LN_3DBall_3129,3DBall,3129,ppo,0.0008107001942513,100000,136,25628,3.0,12.0,93,42.4,55.9,-0.7017724831783121,12000,-1.715811858451455,46000,-1.87529165739017,96000,-0.0415607742972641,36000,-0.7085365675591928,36000,0.3040141609733567,12000,84000,2.5657600000000005,96000.0,92.9,2025-11-21_09-33,1,0.191456334999598,0,92225.96490289351,109.32722033790624,98511.61173214974
R_AK_3DBall_2493,3DBall,2493,ppo,7.222768057835257e-05,500000,89,16816,3.0,12.0,250,46.9,83.3,-0.3609626043303447,12000,0.7173596335131767,442000,0.6270461975427244,204000,0.0816346143646147,24000,-0.1780770642890315,24000,0.6173096130121846,12000,480000,2.5657600000000005,72000.0,31.2,2025-11-21_09-33,1,0.9925183114196915,1,78755.32632146121,39.04576310264992,81906.94778603772
R_AK_3DBall_2829,3DBall,2829,ppo,0.0003151506194768,500000,55,10437,3.0,12.0,223,26.5,84.7,-0.0224554949340543,12000,0.7173596335131767,442000,0.6270461975427244,120000,0.2418598308323764,12000,-0.0800832625303359,12000,-0.0358317531026569,12000,480000,2.5657600000000005,60000.0,22.3,2025-11-21_09-33,1,0.9995113166829095,1,65283.70474688561,20.43861642584288,65496.1433480432
R_LN_3DBall_4184,3DBall,4184,ppo,4.137723963725532e-05,200000,54,10279,3.0,12.0,213,44.0,67.4,-0.6227107320041216,12000,-1.735658265509671,142000,-1.9190328089087716,180000,0.2347387101004758,12000,0.0662269275954943,12000,0.5323481344931901,12000,180000,2.5657600000000005,,,2025-11-21_09-33,0,0.2901932147050421,0,71638.14343754009,58.78714079311689,162750.26019863226
R_AK_3DBall_2316,3DBall,2316,ppo,0.0008974853391121,500000,167,31326,3.0,12.0,239,41.1,83.4,-0.3563570654269943,12000,0.6877886856591681,442000,0.6270461975427244,276000,-0.0743179296640064,36000,-0.8538259889167034,36000,0.3995958243072374,12000,480000,2.5657600000000005,96000.0,41.8,2025-11-21_09-33,1,0.9996737329428258,1,97744.31467174453,43.95429043114926,97875.55745042818
R_LN_3DBall_3489,3DBall,3489,ppo,0.0003925827187383,200000,110,20746,3.0,12.0,186,51.3,69.0,-0.397039325739928,12000,-1.472646189589145,142000,-1.4587953388066062,180000,0.01683241570432,24000,-0.1927080833016144,24000,0.7075811839386281,12000,180000,2.5657600000000005,108000.0,99.2,2025-11-21_09-33,1,0.35088147861663743,0,85539.56028288988,84.48060993303693,159837.9516689499
R_AK_3DBall_2995,3DBall,2995,ppo,0.0003313633781533,500000,106,19997,3.0,12.0,255,48.5,83.4,-0.2772953142528039,12000,0.6797279452548924,442000,0.6270461975427244,192000,0.0196808639970802,24000,-0.5336448519204097,24000,0.5323481344931901,12000,480000,2.5657600000000005,72000.0,31.9,2025-11-21_09-33,1,0.9995960030190169,1,79729.239474554,37.20800076469001,79899.02759300177
R_LN_3DBall_4119,3DBall,4119,ppo,0.0005716706503874,200000,185,34778,3.0,12.0,176,43.8,60.5,-0.8115378270415103,12000,-1.6912794941711602,142000,-1.8513929960522932,192000,-0.1106356453966991,36000,-0.6673655605702964,36000,0.3358747154179914,12000,180000,2.5657600000000005,156000.0,140.5,2025-11-21_09-33,1,0.7049047856242162,1,121698.86472099656,107.04046994810584,144805.15502202132
R_LN_3DBall_3691,3DBall,3691,ppo,0.0004318146576024,200000,133,24940,3.0,12.0,169,42.8,50.1,-0.4776362565485685,12000,-1.217391893404588,142000,-0.9400902114779616,192000,-0.0294548690530332,36000,-0.622111478508121,36000,0.6013793357898731,12000,180000,2.5657600000000005,84000.0,67.7,2025-11-21_09-33,1,0.720089922323465,1,89378.47709161043,83.87457525011773,120342.55616159434
R_LN_3DBall_3130,3DBall,3130,ppo,7.737216190387251e-05,100000,185,34848,3.0,12.0,88,41.7,55.9,-0.5329027233887802,12000,-1.7370215885170486,46000,-1.920487151268996,60000,-0.1341353438119708,36000,0.1774907233423467,36000,0.6757206294940051,12000,84000,2.5657600000000005,,,2025-11-21_09-33,0,0.00035710207512934506,0,143212.66141749884,181.9719370331655,100015.43133106406
R_AK_3DBall_2280,3DBall,2280,ppo,0.0007194759948891,500000,119,22355,3.0,12.0,235,40.6,82.2,-0.526762004850978,12000,0.7173596335131767,442000,0.6270461975427244,192000,-0.0102278430769018,24000,-0.4438172003082721,24000,0.0916104646758466,12000,480000,2.5657600000000005,72000.0,29.3,2025-11-21_09-33,1,0.9995802054531361,1,77672.11004538901,34.313871910310226,77849.4009905805
R_LN_3DBall_3077,3DBall,3077,ppo,0.0004914342469824,100000,62,11808,3.0,12.0,98,40.3,55.3,-0.0815599108603895,12000,-1.5909995129618402,46000,-1.5254784831956314,96000,0.1969967702214031,12000,0.077795640303118,12000,0.4473866559741836,12000,84000,2.5657600000000005,60000.0,55.9,2025-11-21_09-33,1,0.09822037775683032,0,64909.31459104683,73.24455230378011,96553.37962338653
R_AK_3DBall_2377,3DBall,2377,ppo,5.199682896443426e-05,500000,46,8763,3.0,12.0,245,45.5,83.4,0.4342604463149118,12000,0.7173596335131767,442000,0.6270461975427244,108000,0.2945561242484402,12000,1.3183699500677155,12000,0.5535885041229387,12000,480000,2.5657600000000005,48000.0,18.4,2025-11-21_09-33,1,0.9855192204407036,1,56091.33703994247,26.48930056152537,62519.48053272905
R_LN_3DBall_3105,3DBall,3105,ppo,0.0004204416050925,100000,74,13941,3.0,12.0,98,40.5,55.9,-0.1383615573350513,12000,-1.7095092832370216,46000,-1.8653381795347317,96000,0.1378914681466288,24000,-0.348545448598429,24000,0.0438196330089122,12000,84000,2.5657600000000005,84000.0,84.0,2025-11-21_09-33,1,0.3432727612420568,0,69945.23895937076,79.63395250401948,89683.01918911302
R_LN_3DBall_3125,3DBall,3125,ppo,0.0001276681529218,100000,167,31436,3.0,12.0,94,41.7,56.8,-0.6787447886615584,12000,-1.7364082173279372,46000,-1.9202189746635647,84000,-0.0842874986886671,36000,0.0839202529130365,36000,0.7500619231981372,12000,84000,2.5657600000000005,,,2025-11-21_09-33,0,0.00038696409035052286,0,130391.02445906721,164.15272356398472,100011.76023513463
R_AK_3DBall_2452,3DBall,2452,ppo,0.0006747781358872,500000,33,6219,3.0,12.0,240,34.1,83.7,0.4419363444871625,12000,0.6931476128903531,442000,0.6270461975427244,108000,0.4633266855944825,12000,1.903610710571037,12000,-1.9580852045951216,12000,480000,2.5657600000000005,36000.0,12.0,2025-11-21_09-33,1,0.9999969314067492,1,39183.7969399868,14.155973329372083,39185.210997477385
R_LN_3DBall_3312,3DBall,3312,ppo,0.0005168215390189,100000,98,18379,3.0,12.0,95,41.6,64.8,-0.2028391019819638,12000,-1.71582924144062,46000,-1.8864699803184928,96000,0.0595591400957232,24000,-0.4070695246487611,24000,-0.0305216606952198,12000,84000,2.5657600000000005,,,2025-11-21_09-33,0,0.3424362503026053,0,80342.31009849829,86.5072812632923,93268.49438051836
R_LN_3DBall_3965,3DBall,3965,ppo,0.0006198541332879,200000,57,10688,3.0,12.0,188,44.4,60.7,0.2300815549330218,12000,0.7152910578025294,142000,0.6270461975427244,132000,0.2439961670519465,12000,0.2142383990018574,12000,-0.6942832116249358,12000,180000,2.5657600000000005,48000.0,37.7,2025-11-21_09-33,1,0.9991399287142053,1,51511.75167371993,42.16366368733205,51639.46215238332
R_LN_3DBall_4311,3DBall,4311,ppo,0.0006856726965873,200000,141,26609,3.0,12.0,174,45.0,62.9,-0.6134996541974208,12000,-0.9643800028223296,142000,-0.3311978074669444,192000,-0.0422728863704542,36000,-0.6364022412645974,36000,0.4208361939369978,12000,180000,2.5657600000000005,96000.0,81.4,2025-11-21_09-33,1,0.9236006883933865,1,94429.1897287924,77.58504096320219,102494.72695926506
R_AK_3DBall_2247,3DBall,2247,ppo,0.0005412082718938,500000,63,11914,3.0,12.0,320,51.7,84.4,0.1272245194248508,12000,0.7173596335131767,442000,0.6270461975427244,132000,0.1784818563184617,12000,1.2445343424925877,12000,-1.6713402145934797,12000,480000,2.5657600000000005,48000.0,24.0,2025-11-21_09-33,1,0.9999964137386157,1,47223.83549029964,24.10472878573286,47225.45926397416
R_LN_3DBall_3124,3DBall,3124,ppo,0.0003124246461547,100000,85,16111,3.0,12.0,97,40.4,56.6,0.6829595470958609,12000,-1.6551352931285757,46000,-1.7424900866562492,96000,0.0730892694863342,24000,0.0526166773512311,24000,0.0278893557866007,12000,84000,2.5657600000000005,60000.0,55.3,2025-11-21_09-33,1,0.4526332739268123,0,73249.87403239234,80.44329739954686,87892.0029053271
R_AK_3DBall_2626,3DBall,2626,ppo,0.0004013204980163,500000,42,7905,3.0,12.0,233,34.4,83.9,-0.0838626803120664,12000,0.7173596335131767,442000,0.6270461975427244,96000,0.3451160814449339,12000,1.985272212036616,12000,-1.135020881442267,12000,480000,2.5657600000000005,48000.0,17.5,2025-11-21_09-33,1,0.9995046798400625,1,47329.500859432555,17.377254213984063,47553.71768346584
R_AK_3DBall_2551,3DBall,2551,ppo,0.0004149381976142,500000,163,30632,3.0,12.0,250,38.2,80.2,-0.3010905985867844,12000,0.6429082909190355,442000,0.6270461975427244,228000,-0.0785906021031467,36000,-0.8061901130617818,36000,0.4420765635667465,12000,480000,2.5657600000000005,84000.0,37.5,2025-11-21_09-33,1,0.9983491562500738,1,110039.21301822552,48.0525531908975,110682.97734613068
R_LN_3DBall_3035,3DBall,3035,ppo,0.000631350598516,100000,164,30777,3.0,12.0,92,39.9,60.7,-0.4308132776978344,12000,-1.7239793800748875,46000,-1.898029939185314,96000,-0.0785906021031467,36000,-0.7231675865717758,36000,0.3836655470849259,12000,84000,2.5657600000000005,,,2025-11-21_09-33,0,0.05176642667500694,0,114680.00789764564,132.01996266431763,100759.931552422
R_LN_3DBall_3483,3DBall,3483,ppo,0.0003580660456115,200000,32,6006,3.0,12.0,220,47.9,68.0,0.7520426306461238,12000,0.7173596335131767,142000,0.6270461975427244,96000,0.4647509097408626,12000,2.2962664301180324,12000,-1.9474650197802472,12000,180000,2.5657600000000005,36000.0,29.4,2025-11-21_09-33,1,0.9983592372243523,1,40847.061590137295,36.949726114278995,41108.19380711516
R_LN_3DBall_4029,3DBall,4029,ppo,0.0002641846356153,200000,113,21343,3.0,12.0,201,43.3,68.6,-0.3548218857925442,12000,-0.0306204571245922,142000,0.1922906621989639,180000,0.0132718553383698,24000,-0.4533443754792562,24000,0.1553315735651044,12000,180000,2.5657600000000005,72000.0,66.8,2025-11-21_09-33,1,0.798399453102156,1,92729.41109416955,75.14070657353022,114355.22048363875
R_AK_3DBall_2437,3DBall,2437,ppo,0.0002952818857044,500000,107,20157,3.0,12.0,217,33.6,83.7,-0.5551628280883089,12000,0.7173596335131767,442000,0.6270461975427244,228000,0.029650433021741,24000,-0.3635167238671187,24000,0.5270380420857529,12000,480000,2.5657600000000005,96000.0,38.0,2025-11-21_09-33,1,0.9849784414618808,1,88665.30892063816,34.788570657471034,94844.19706144596
R_AK_3DBall_2492,3DBall,2492,ppo,0.0003682012671476,500000,35,6720,3.0,12.0,319,51.7,83.4,5.944787744174276,12000,0.6556574718295559,442000,0.6270461975427244,132000,0.4334179785205002,12000,2.357512556217217,12000,-2.319171488300884,12000,480000,2.5657600000000005,36000.0,15.9,2025-11-21_09-33,1,0.9999999999974265,1,28739.926731356933,11.625153104329907,28739.92673256972
R_LN_3DBall_3427,3DBall,3427,ppo,0.0003858264411628,100000,113,21333,3.0,12.0,106,51.4,72.8,-0.5651414957122365,12000,-1.7039839759666848,46000,-1.8547555181050115,96000,-0.0116520672232819,24000,-0.6962873423393559,24000,0.4420765635667465,12000,84000,2.5657600000000005,84000.0,91.0,2025-11-21_09-33,1,0.07180521887049093,0,97293.88307881904,119.69505602577145,99805.68668218546
R_LN_3DBall_4362,3DBall,4362,ppo,0.0004887725571513,200000,108,20268,3.0,12.0,181,44.7,63.8,-0.2757601346183537,12000,0.4346898801310838,142000,0.6270461975427244,180000,0.0082870708260395,24000,-0.4046877308560151,24000,0.2615334217138594,12000,180000,2.5657600000000005,72000.0,60.2,2025-11-21_09-33,1,0.9565475921842025,1,79409.06578889252,63.10468375958243,84649.03224112156
R_AP_3DBall_1165,3DBall,1165,ppo,0.0003235371397988,500000,134,25305,3.0,12.0,437,61.8,88.1,-0.8798533207745481,12000,0.7173596335131767,442000,0.6270461975427244,252000,-0.0358638777117436,36000,-0.6112232783127104,36000,0.4792472104188066,12000,480000,2.5657600000000005,84000.0,65.5,2025-11-21_09-33,1,0.9842584251984416,1,93980.93895312377,71.96402316296401,100372.31837345166
R_LN_3DBall_3157,3DBall,3157,ppo,0.000871974056083,100000,184,34646,3.0,12.0,91,41.7,57.0,-0.3763144006748478,12000,-1.7273144307104211,46000,-1.903579132020781,84000,-0.1206052144213598,36000,-0.8783244393563772,36000,0.4792472104188066,12000,84000,2.5657600000000005,,,2025-11-21_09-33,0,0.17909694584784128,0,118385.48204933698,139.35381736148508,103292.78368297656
R_LN_3DBall_4199,3DBall,4199,ppo,0.0008457111911666,200000,165,31070,3.0,12.0,172,43.5,61.5,-0.2373806437570952,12000,-1.3655620097637702,142000,-1.3346115201433786,192000,-0.0963934039328981,36000,-0.7605957747434998,36000,0.2721536065287337,12000,180000,2.5657600000000005,84000.0,68.9,2025-11-21_09-33,1,0.9835020990928532,1,99788.57171133965,80.6439719005042,101441.84992500962
R_AK_3DBall_2317,3DBall,2317,ppo,0.0003311492961843,500000,155,29074,3.0,12.0,211,29.4,83.9,-0.7063780220816642,12000,0.6953825686401519,442000,0.6270461975427244,288000,-0.0736058175908164,36000,-0.7309934804622271,36000,0.7606821080130115,12000,480000,2.5657600000000005,108000.0,42.2,2025-11-21_09-33,1,0.926264301142673,1,119120.52622361534,45.72529457197878,147204.940402928
R_AK_3DBall_2601,3DBall,2601,ppo,0.0003931019843242,500000,99,18571,3.0,12.0,250,44.0,84.3,0.1717447288239098,12000,0.7173596335131767,442000,0.6270461975427244,204000,0.0488774589978724,24000,-0.109345300555502,24000,-0.8642061686629366,12000,480000,2.5657600000000005,48000.0,18.8,2025-11-21_09-33,1,0.9999907591750795,1,68351.85359039438,30.12107983688819,68355.8423753426
R_AK_3DBall_2815,3DBall,2815,ppo,0.0006083815622698,500000,187,35131,3.0,12.0,214,31.4,83.3,-0.0063361087723261,12000,0.7173596335131767,442000,0.6270461975427244,312000,-0.1070750850307488,36000,-0.5224163954688925,36000,0.564208688937813,12000,480000,2.5657600000000005,120000.0,48.1,2025-11-21_09-33,1,0.9975679303965204,1,121568.16057401476,44.18991189485362,122488.5331476716
R_LN_3DBall_3654,3DBall,3654,ppo,0.0008761104785465,200000,169,31707,3.0,12.0,197,42.2,63.5,-0.1483402249589789,12000,-1.5062946900444538,142000,-1.6057947979011598,192000,-0.0743179296640064,36000,-0.8728803392586719,36000,0.4420765635667465,12000,180000,2.5657600000000005,108000.0,105.1,2025-11-21_09-33,1,0.9485780640911874,1,102648.98115583562,86.8206195727055,107654.95900749785
R_AK_3DBall_2269,3DBall,2269,ppo,0.0008100562153883,500000,140,26295,3.0,12.0,236,38.9,81.7,-0.175205868561858,12000,0.7173596335131767,442000,0.6270461975427244,264000,-0.0536666795414949,36000,-0.3778074866235951,36000,0.1128508343056071,12000,480000,2.5657600000000005,84000.0,35.5,2025-11-21_09-33,1,0.9997350066058867,1,83366.14971622494,35.60777548704968,83476.55493431416
R_AK_3DBall_2782,3DBall,2782,ppo,0.0008973338001436,500000,154,28906,3.0,12.0,213,34.9,84.8,-0.542113801195481,12000,0.7173596335131767,442000,0.6270461975427244,228000,-0.0657725847857259,36000,-0.703432723717594,36000,0.3518049926403029,12000,480000,2.5657600000000005,96000.0,37.2,2025-11-21_09-33,1,0.9995357626889089,1,95065.83977983535,35.40883244147503,95253.82532554491
R_LN_3DBall_3830,3DBall,3830,ppo,0.0005136289126699,200000,174,32666,3.0,12.0,177,43.0,52.2,-0.4453974842251123,12000,-1.684515028101768,142000,-1.84289386055708,192000,-0.1184688782017896,36000,-0.2451075467420282,36000,0.7819224776427602,12000,180000,2.5657600000000005,144000.0,130.1,2025-11-21_09-33,1,0.3390879178490784,0,108711.82522053501,100.450185679029,169045.28288978848
R_AP_3DBall_1238,3DBall,1238,ppo,0.0002657471626883,500000,54,10274,3.0,12.0,496,61.4,89.1,0.2584823781703527,12000,0.7173596335131767,442000,0.6270461975427244,96000,0.2553899602229874,12000,0.417371383897487,12000,-0.6146318255133665,12000,480000,2.5657600000000005,48000.0,37.2,2025-11-21_09-33,1,0.99992075319229,1,52899.85539692324,37.163467714216324,52935.28665610971
R_LN_3DBall_3126,3DBall,3126,ppo,0.0001119340147391,100000,176,33146,3.0,12.0,97,40.0,56.3,-0.3617301941475715,12000,-1.730892843194266,46000,-1.911142228018191,96000,-0.0928328435669478,36000,-0.7330350179988667,36000,0.7500619231981372,12000,84000,2.5657600000000005,,,2025-11-21_09-33,0,0.0034861533362171705,0,142753.91982176626,175.09798324477512,100149.04672022302
R_LN_3DBall_4466,3DBall,4466,ppo,0.0004139506134917,200000,51,9706,3.0,12.0,227,44.5,63.9,2.09225445152124,12000,0.6751438026836378,142000,0.6270461975427244,156000,0.2582384085157476,12000,1.6630495375036836,12000,-2.011186128669493,12000,180000,2.5657600000000005,36000.0,30.2,2025-11-21_09-33,1,0.9999962087856813,1,43179.28374926938,30.369271625539135,43179.8782902143
R_AK_3DBall_2527,3DBall,2527,ppo,0.0008515016538806,500000,146,27432,3.0,12.0,229,43.9,84.7,-0.4922204630758465,12000,0.7173596335131767,442000,0.6270461975427244,228000,-0.0607878002733954,36000,-0.5013205075902843,36000,0.4049059167146746,12000,480000,2.5657600000000005,96000.0,40.0,2025-11-21_09-33,1,0.9995102159288278,1,87387.56953324706,39.261557248978164,87589.66052925732
R_LN_3DBall_3177,3DBall,3177,ppo,0.0004919257491562,100000,74,13941,3.0,12.0,99,40.2,56.3,-0.629619040359149,12000,-1.6604122719822676,46000,-1.7329543454361946,96000,0.1343309077806786,24000,-0.078381981249803,24000,0.3783554546774887,12000,84000,2.5657600000000005,72000.0,70.7,2025-11-21_09-33,1,0.041503431106625154,0,70636.32927003721,79.77151653208198,98781.30691482137
R_AK_3DBall_2078,3DBall,2078,ppo,0.0006748705008507,500000,82,15486,3.0,12.0,269,44.8,83.8,0.5340471225541807,12000,0.7173596335131767,442000,0.6270461975427244,132000,0.1029979765603163,24000,0.5575569614133988,24000,-1.3261842081100286,12000,480000,2.5657600000000005,60000.0,26.9,2025-11-21_09-33,1,0.9999980109991664,1,53990.29496320839,24.5723615803903,53991.1820768835
R_AK_3DBall_2559,3DBall,2559,ppo,0.000765870381118,500000,100,18911,3.0,12.0,217,25.8,81.5,-0.175205868561858,12000,0.7173596335131767,442000,0.6270461975427244,216000,0.0602712521689132,24000,-0.4968971762608988,24000,0.4049059167146746,12000,480000,2.5657600000000005,72000.0,27.1,2025-11-21_09-33,1,0.9993383811511746,1,76162.23297603556,24.335855158696585,76442.6520315427
R_LN_3DBall_3435,3DBall,3435,ppo,0.0002703276432584,100000,70,13177,3.0,12.0,102,43.5,67.4,-0.2120501797886663,12000,-1.7135297203024935,46000,-1.881715002814496,96000,0.1485731492444796,24000,-0.2325180652660845,24000,0.5004875800485553,12000,84000,2.5657600000000005,96000.0,102.0,2025-11-21_09-33,1,0.05017679843338695,0,76535.74798571912,83.50661960361833,98822.63895628923
R_LN_3DBall_3032,3DBall,3032,ppo,0.0008700978863923,100000,34,6426,3.0,12.0,150,50.6,61.3,3.694981989887357,12000,0.0946363962308158,46000,0.5903008453561966,96000,0.4469481079111113,12000,1.4759085966450634,12000,-2.8926614683041563,12000,84000,2.5657600000000005,36000.0,42.8,2025-11-21_09-33,1,0.9999999645162837,1,30996.52940690112,34.991695534942444,30996.531855400695
R_LN_3DBall_4264,3DBall,4264,ppo,0.0002331580504846,200000,81,15340,3.0,12.0,183,45.7,63.2,0.6668401609341328,12000,0.5783404193073387,142000,0.6270461975427244,156000,0.1051343127798865,24000,0.2754845251010421,24000,0.0172691709717264,12000,180000,2.5657600000000005,60000.0,48.9,2025-11-21_09-33,1,0.9844702483142894,1,68028.13100131639,54.54704129977553,70077.62135636507
R_AK_3DBall_2352,3DBall,2352,ppo,0.0006922327107721,500000,190,35646,3.0,12.0,229,40.0,82.8,-0.3839902988471002,12000,0.6415126852174942,442000,0.6270461975427244,288000,-0.1263021110068802,36000,-0.7881565314881329,36000,0.3199444381956799,12000,480000,2.5657600000000005,84000.0,34.3,2025-11-21_09-33,1,0.9989355535408141,1,116799.72492685393,53.15717690056225,117207.6211028146
R_AP_3DBall_1293,3DBall,1293,ppo,0.000781284290799,500000,68,12859,3.0,12.0,445,54.4,85.4,-0.2289371557676195,12000,0.643052321400689,442000,0.6270461975427244,144000,0.1770576321720817,24000,1.6198369929781475,24000,-0.6624226571803128,12000,480000,2.5657600000000005,48000.0,33.4,2025-11-21_09-33,1,0.9992034641478602,1,47477.53848682482,28.67578908791222,47837.988851318616
R_LN_3DBall_3101,3DBall,3101,ppo,0.0007812447005863,100000,79,14966,3.0,12.0,95,40.6,55.7,-0.0884682192154169,12000,-1.6026833649649568,46000,-1.6243634492060852,96000,0.1058464248530765,24000,-0.2869590662431377,24000,-0.3597473899563592,12000,84000,2.5657600000000005,60000.0,54.2,2025-11-21_09-33,1,0.8728119209659017,1,63865.40342834428,70.20113630803664,68461.2933529653
R_AK_3DBall_2843,3DBall,2843,ppo,0.0008180181596169,500000,52,9795,3.0,12.0,272,49.3,84.5,0.8372451003581164,12000,0.6473657859978013,442000,0.6270461975427244,216000,0.2682079775404082,12000,1.2193553795407008,12000,-1.857193448853804,12000,480000,2.5657600000000005,48000.0,20.4,2025-11-21_09-33,1,0.999999958552375,1,39264.14342609834,16.82156927230825,39264.16252250534
R_LN_3DBall_3888,3DBall,3888,ppo,0.0004643068097051,200000,33,6357,3.0,12.0,266,44.6,61.9,4.140184083877943,12000,0.6147056326407371,142000,0.6270461975427244,108000,0.444099659618351,12000,2.043115775574736,12000,-3.0041734088603484,12000,180000,2.5657600000000005,36000.0,35.5,2025-11-21_09-33,1,0.9999999968775868,1,32269.867043118553,23.310502239802215,32269.867566841338
R_LN_3DBall_3817,3DBall,3817,ppo,0.0008534118712857,200000,58,10945,3.0,12.0,184,42.7,51.3,0.2485037105464251,12000,0.6402635932817728,142000,0.6270461975427244,108000,0.2048300030264937,12000,1.1097928650743814,12000,-1.336804392924903,12000,180000,2.5657600000000005,48000.0,36.9,2025-11-21_09-33,1,0.9997338543955427,1,43077.31199045121,35.42941191792951,43119.07627410458
R_AK_3DBall_2630,3DBall,2630,ppo,0.0006771268783424,500000,190,35681,3.0,12.0,242,49.0,84.8,-0.1107283239149455,12000,0.7173596335131767,442000,0.6270461975427244,336000,-0.1149083178358394,36000,-0.7813514063660013,36000,0.4367664711593093,12000,480000,2.5657600000000005,84000.0,36.3,2025-11-21_09-33,1,0.9997554423039017,1,112246.40155147189,56.64091954269494,112341.2296781623
R_AK_3DBall_2086,3DBall,2086,ppo,0.0006263614697653,500000,110,20807,3.0,12.0,223,39.7,83.5,-0.3033933680384595,12000,0.7173596335131767,442000,0.6270461975427244,192000,0.01540819155794,24000,-0.5084658889685225,24000,0.1659517583799787,12000,480000,2.5657600000000005,72000.0,27.9,2025-11-21_09-33,1,0.99945753061264,1,78614.17635684673,34.61366155024016,78842.76526644063
R_AK_3DBall_2042,3DBall,2042,ppo,0.0006811453503469,500000,163,30571,3.0,12.0,210,26.9,82.5,-0.6096617051112955,12000,0.7173596335131767,442000,0.6270461975427244,276000,-0.0971055160060881,36000,-0.7925798628175185,36000,0.4473866559741836,12000,480000,2.5657600000000005,108000.0,41.9,2025-11-21_09-33,1,0.9888541402314749,1,111269.22311232712,41.39186662560742,115601.96183922695
R_LN_3DBall_4310,3DBall,4310,ppo,7.731062184154283e-05,200000,126,23702,3.0,12.0,187,45.4,62.7,-0.0646729348814364,12000,-1.734396757153118,142000,-1.915051417766596,180000,-0.026606420760273,24000,0.1142030597065224,24000,0.7447518307907001,12000,180000,2.5657600000000005,,,2025-11-21_09-33,0,0.2828463329409693,0,96721.89311371862,81.77449242723527,170788.16619412985
R_AK_3DBall_2574,3DBall,2574,ppo,0.0008609219582769,500000,72,13516,3.0,12.0,221,34.9,84.2,-0.0147795967618019,12000,0.7173596335131767,442000,0.6270461975427244,168000,0.1286340111951582,24000,0.8961119362394476,24000,-0.1845143405109092,12000,480000,2.5657600000000005,60000.0,22.1,2025-11-21_09-33,1,0.9997181192038237,1,53812.55954195757,19.040059931555007,53938.33121291775
R_LN_3DBall_4440,3DBall,4440,ppo,0.0002793666768174,200000,54,10242,3.0,12.0,200,44.1,63.8,1.035283273202206,12000,0.5056720747447038,142000,0.6270461975427244,96000,0.2382992704664261,12000,1.000230350608062,12000,-0.8376557066257508,12000,180000,2.5657600000000005,48000.0,39.9,2025-11-21_09-33,1,0.9990908203429073,1,52823.289036575115,39.22235562422287,52957.09910818087
R_AP_3DBall_1050,3DBall,1050,ppo,0.000136130152989,500000,45,8564,3.0,12.0,536,65.2,87.5,0.3859022878297274,12000,0.6957749275384499,442000,0.6270461975427244,108000,0.3287375037615627,12000,0.7365317521254608,12000,-0.5190501621794859,12000,480000,2.5657600000000005,48000.0,40.2,2025-11-21_09-33,1,0.9998234245973595,1,49653.49186863503,39.124229501632215,49733.01198463606
R_LN_3DBall_3226,3DBall,3226,ppo,0.0003303381849645,100000,137,25786,3.0,12.0,90,42.2,57.6,-0.7017724831783121,12000,-1.7261423205838595,46000,-1.9042573093979784,96000,-0.0522424553951149,36000,-0.6064596907272182,36000,0.7819224776427602,12000,84000,2.5657600000000005,,,2025-11-21_09-33,0,0.006363291605276351,0,109074.10524663552,131.22145925967223,100057.7411777413
R_LN_3DBall_3469,3DBall,3469,ppo,0.0003169463143865,100000,170,31908,3.0,12.0,100,47.7,64.9,-0.3033933680384595,12000,-1.7318489075983468,46000,-1.9124238027576088,96000,-0.0971055160060881,36000,-0.4713779570529052,36000,0.8403334941245689,12000,84000,2.5657600000000005,,,2025-11-21_09-33,0,0.00902306150204184,0,127165.58958705701,158.3124340589141,100245.11678558325
R_AK_3DBall_2072,3DBall,2072,ppo,0.0001305916656084,500000,130,24462,3.0,12.0,241,43.7,83.5,-0.6726040701237578,12000,0.7173596335131767,442000,0.6270461975427244,216000,-0.0145005155160421,36000,-0.6217712222520144,36000,0.7075811839386281,12000,480000,2.5657600000000005,84000.0,36.1,2025-11-21_09-33,1,0.9632905922025141,1,102286.97679953837,52.40049599183157,116886.78635457509
R_LN_3DBall_4016,3DBall,4016,ppo,0.0003060463645098,200000,93,17486,3.0,12.0,179,44.0,60.9,-0.1314532489800257,12000,0.2081324157739475,142000,0.3386377301283813,192000,0.0503016831442525,24000,-0.0082891924918471,24000,0.1553315735651044,12000,180000,2.5657600000000005,72000.0,59.8,2025-11-21_09-33,1,0.8821210329336032,1,74278.53804747015,62.196122870531426,89098.45412051167
R_AP_3DBall_1289,3DBall,1289,ppo,0.000628400493494,500000,116,21830,3.0,12.0,524,63.3,89.9,-0.8007915696003577,12000,0.7173596335131767,442000,0.6270461975427244,300000,-0.0009703861254312,24000,-0.5680107337871744,24000,-0.1685840632885978,12000,480000,2.5657600000000005,72000.0,65.4,2025-11-21_09-33,1,0.9996742806953874,1,74230.96503716218,54.58169401049755,74369.64623115583
R_AK_3DBall_2551,3DBall,2551,ppo,0.0004149381976142,500000,163,30632,3.0,12.0,250,38.2,80.2,-0.3010905985867844,12000,0.6429082909190355,442000,0.6270461975427244,228000,-0.0785906021031467,36000,-0.8061901130617818,36000,0.4420765635667465,12000,480000,2.5657600000000005,84000.0,37.5,2025-11-21_09-33,1,0.9983491562500738,1,110039.21301822552,48.0525531908975,110682.97734613068
R_LN_3DBall_3959,3DBall,3959,ppo,0.0003481606174005,200000,45,8566,3.0,12.0,196,44.7,59.7,0.6200171820833985,12000,0.7173596335131767,142000,0.6270461975427244,132000,0.319480046810092,12000,1.1730805287102055,12000,-0.8642061686629366,12000,180000,2.5657600000000005,48000.0,39.3,2025-11-21_09-33,1,0.996781469009336,1,48783.38016932918,40.64784586805056,49270.07554655766
R_AK_3DBall_2442,3DBall,2442,ppo,0.0001596028554787,500000,112,21041,3.0,12.0,240,45.8,83.7,-0.7232649980606174,12000,0.7173596335131767,442000,0.6270461975427244,180000,0.0246656485094106,24000,-0.651373516533287,24000,0.5057976724559924,12000,480000,2.5657600000000005,84000.0,36.0,2025-11-21_09-33,1,0.9939594513176625,1,89774.50983448114,44.866130876633726,92252.49687856172
R_LN_3DBall_3622,3DBall,3622,ppo,0.0008883203865832,200000,88,16521,3.0,12.0,174,39.2,62.7,0.1487170343071544,12000,0.4710004612128203,142000,0.5790451637916916,192000,0.0730892694863342,24000,-0.2699462534378086,24000,-0.418158406438168,12000,180000,2.5657600000000005,72000.0,57.9,2025-11-21_09-33,1,0.9979459914786851,1,61677.284218655564,46.56506569010528,61961.40025556186
R_AK_3DBall_2861,3DBall,2861,ppo,0.0003452392630714,500000,60,11254,3.0,12.0,299,50.8,84.4,1.2947286314243076,12000,0.7173596335131767,442000,0.6270461975427244,144000,0.2069663392460638,12000,1.6882285004555704,12000,-0.7686245053290678,12000,480000,2.5657600000000005,48000.0,22.4,2025-11-21_09-33,1,0.999992325436158,1,46414.85602670703,20.942132810425306,46418.33709485223
R_LN_3DBall_4306,3DBall,4306,ppo,0.0005004948011848,200000,71,13373,3.0,12.0,192,44.3,62.8,0.0673525136812887,12000,0.5669744276775273,142000,0.623178265733616,120000,0.1450125888785293,24000,1.40955862670428,24000,-0.7420740432918702,12000,180000,2.5657600000000005,48000.0,38.5,2025-11-21_09-33,1,0.9788108898279436,1,55212.94329406439,42.62343696339252,58280.852190094236
R_LN_3DBall_3357,3DBall,3357,ppo,0.0005996363872123,100000,175,32962,3.0,12.0,94,39.8,57.7,-0.3955041461054778,12000,-1.727369062962083,46000,-1.905822532470064,96000,-0.1006660763720383,36000,-0.7398401431209983,36000,0.6757206294940051,12000,84000,2.5657600000000005,,,2025-11-21_09-33,0,0.03561200659927786,0,124160.61784268513,139.72283123590452,100860.40808205634
R_AK_3DBall_2348,3DBall,2348,ppo,0.0008132221915936,500000,54,10184,3.0,12.0,240,43.9,82.9,1.0490998899122588,12000,0.6119541537843174,442000,0.6270461975427244,168000,0.2397234946128063,12000,1.745731807737583,12000,-2.536885277005831,12000,480000,2.5657600000000005,36000.0,12.0,2025-11-21_09-33,1,0.9999999645217382,1,37964.689390559324,15.661430568643809,37964.70578276902
R_LN_3DBall_3665,3DBall,3665,ppo,0.000783562325415,200000,181,33956,3.0,12.0,171,43.2,63.6,-0.4484678434940126,12000,-1.651586680054728,142000,-1.774475304096368,192000,-0.1028024125916085,36000,-0.7833929439026408,36000,0.8775041409766409,12000,180000,2.5657600000000005,144000.0,125.4,2025-11-21_09-33,1,0.5385461713031751,1,115378.80343263807,101.58269967033164,154427.57857755385
R_LN_3DBall_4461,3DBall,4461,ppo,0.0008891119944453,200000,161,30303,3.0,12.0,173,45.2,64.2,-0.179043817647985,12000,-1.3581891390735992,142000,-1.2245791746590748,192000,-0.1049387488111787,36000,-0.8408962511846532,36000,0.3995958243072374,12000,180000,2.5657600000000005,96000.0,80.9,2025-11-21_09-33,1,0.9905686927834637,1,97421.36574011669,76.26479390700435,98388.81635367437
R_AK_3DBall_2383,3DBall,2383,ppo,0.0004971695080559,500000,151,28404,3.0,12.0,211,27.1,83.0,-0.3463783978030684,12000,0.7173596335131767,442000,0.6270461975427244,252000,-0.068621033078486,36000,-0.718063742730177,36000,0.5004875800485553,12000,480000,2.5657600000000005,96000.0,36.9,2025-11-21_09-33,1,0.9921970878299752,1,109777.9814623433,38.94824656912224,112822.84959980244
R_AP_3DBall_1330,3DBall,1330,ppo,0.0005978012901119,500000,112,21009,3.0,12.0,430,62.2,89.1,-0.1928604343580379,12000,0.7173596335131767,442000,0.6270461975427244,168000,-0.0002582740522411,24000,-0.5237774204933188,24000,0.1128508343056071,12000,480000,2.5657600000000005,72000.0,53.7,2025-11-21_09-33,1,0.9997878571298294,1,71102.60418091045,50.104187216287855,71193.59170546819
R_AP_3DBall_1358,3DBall,1358,ppo,0.0007155999958302,500000,111,20952,3.0,12.0,511,61.4,90.1,-0.0877006293981918,12000,0.7173596335131767,442000,0.6270461975427244,216000,0.0189687519238903,24000,-0.3686205677087174,24000,-0.2163748949555322,12000,480000,2.5657600000000005,72000.0,63.9,2025-11-21_09-33,1,0.9999452098115618,1,68418.9036440498,46.36918801261675,68442.55005364552
R_AK_3DBall_2565,3DBall,2565,ppo,0.0005023742157307,500000,45,8618,3.0,12.0,230,32.7,85.0,-0.3279562421896634,12000,0.7173596335131767,442000,0.6270461975427244,132000,0.304525693273101,12000,0.4946095540336809,12000,-0.5190501621794859,12000,480000,2.5657600000000005,48000.0,17.2,2025-11-21_09-33,1,0.9997473241662994,1,55171.81352365621,19.767265720251977,55284.21085652764
R_LN_3DBall_4489,3DBall,4489,ppo,4.364077619013747e-05,200000,187,35116,3.0,12.0,180,44.6,64.8,-0.6864206868338107,12000,-1.734111179473977,142000,-1.917758970032972,168000,-0.1149083178358394,36000,-0.0154345738700853,36000,0.7288215535683767,12000,180000,2.5657600000000005,,,2025-11-21_09-33,0,0.04005000131811079,0,141696.93106184152,122.2523831439633,197664.96201217687
R_LN_3DBall_4305,3DBall,4305,ppo,0.0008362394746126,200000,52,9787,3.0,12.0,229,43.9,62.5,1.894983868494375,12000,0.6475098164794552,142000,0.6270461975427244,144000,0.2539657360766073,12000,1.8005130649707426,12000,-2.738668788488467,12000,180000,2.5657600000000005,36000.0,30.5,2025-11-21_09-33,1,0.9999997952832566,1,36415.775712696865,25.252804042623158,36415.80920112654
R_AK_3DBall_2466,3DBall,2466,ppo,0.0006745743906597,500000,153,28873,3.0,12.0,214,32.2,83.8,-0.7040752526299889,12000,0.7173596335131767,442000,0.6270461975427244,276000,-0.0736058175908164,36000,-0.7150014364252179,36000,0.2296728672692364,12000,480000,2.5657600000000005,120000.0,48.1,2025-11-21_09-33,1,0.9977474597721574,1,104974.70535638042,39.94477404818608,105864.51572358055
R_LN_3DBall_3762,3DBall,3762,ppo,0.0005183885436766,200000,60,11325,3.0,12.0,188,38.4,51.1,0.0151564061099791,12000,0.7173596335131767,142000,0.6270461975427244,132000,0.1905877615626927,12000,0.007022339032949,12000,-0.460639145697677,12000,180000,2.5657600000000005,60000.0,50.2,2025-11-21_09-33,1,0.9956612528612785,1,55177.01725383967,44.436154023413685,55805.367555850695
R_AK_3DBall_2340,3DBall,2340,ppo,0.0006567247370088,500000,80,15099,3.0,12.0,216,27.3,83.2,0.874089411584923,12000,0.7173596335131767,442000,0.6270461975427244,180000,0.1051343127798865,24000,0.0519361648390178,24000,0.1075407418981699,12000,480000,2.5657600000000005,60000.0,21.6,2025-11-21_09-33,1,0.9998978643310965,1,63648.12287277233,20.33614194824179,63692.68996362001
R_AK_3DBall_2634,3DBall,2634,ppo,0.0001904202232774,500000,74,14020,3.0,12.0,222,32.7,84.0,0.0727256424018659,12000,0.7173596335131767,442000,0.6270461975427244,192000,0.1208007783900676,24000,-0.149155282519972,24000,0.2296728672692364,12000,480000,2.5657600000000005,96000.0,38.8,2025-11-21_09-33,1,0.9986240898591862,1,73298.26858450491,26.574008217546798,73885.37182386233
R_AK_3DBall_2317,3DBall,2317,ppo,0.0003311492961843,500000,155,29074,3.0,12.0,211,29.4,83.9,-0.7063780220816642,12000,0.6953825686401519,442000,0.6270461975427244,288000,-0.0736058175908164,36000,-0.7309934804622271,36000,0.7606821080130115,12000,480000,2.5657600000000005,108000.0,42.2,2025-11-21_09-33,1,0.926264301142673,1,119120.52622361534,45.72529457197878,147204.940402928
R_AK_3DBall_2494,3DBall,2494,ppo,0.0001268426005745,500000,127,23897,3.0,12.0,228,42.2,83.3,-0.6211755523696715,12000,0.7173596335131767,442000,0.6270461975427244,264000,-0.0209095241747526,24000,-0.4598092443452813,24000,0.8668839561617666,12000,480000,2.5657600000000005,108000.0,45.6,2025-11-21_09-33,1,0.9580187569670919,1,100694.65905705163,47.16910662049462,117457.99361951576
R_LN_3DBall_3285,3DBall,3285,ppo,0.0008494546179675,100000,146,27423,3.0,12.0,92,41.8,57.4,-0.8276572132032385,12000,-1.7273044975737557,46000,-1.900103150634996,96000,-0.0586514640538253,36000,-0.7252091241084153,36000,0.8137830320873831,12000,84000,2.5657600000000005,,,2025-11-21_09-33,0,0.03775714916309321,0,99122.30844751545,114.0082878094761,99966.86086913364
R_LN_3DBall_4395,3DBall,4395,ppo,0.0004689337316342,200000,54,10252,3.0,12.0,188,44.3,63.6,0.2692286356115036,12000,0.6798421763265488,142000,0.6270461975427244,132000,0.2468446153447068,12000,0.4912069914726151,12000,-0.4765694229199885,12000,180000,2.5657600000000005,48000.0,37.5,2025-11-21_09-33,1,0.9970921729916159,1,54456.46541756294,41.52464768896542,54879.680838317436
R_AK_3DBall_2386,3DBall,2386,ppo,0.0008376420696857,500000,65,12201,3.0,12.0,218,26.4,82.9,-0.2596407484566256,12000,0.7173596335131767,442000,0.6270461975427244,144000,0.1699365114401812,24000,0.2707209375155501,24000,-0.0783124923621542,12000,480000,2.5657600000000005,60000.0,21.8,2025-11-21_09-33,1,0.9994950634708494,1,57296.23152755441,18.30855099114265,57519.768831848785
R_LN_3DBall_3565,3DBall,3565,ppo,0.0006459609902079,200000,185,34750,3.0,12.0,174,43.6,62.9,-0.3686385025025971,12000,-1.6935268663417913,142000,-1.8588065320197509,192000,-0.1120598695430792,36000,-0.4203395186369179,36000,0.5535885041229387,12000,180000,2.5657600000000005,156000.0,139.4,2025-11-21_09-33,1,0.47178008723080306,0,117989.38951628588,107.326611669631,161309.02703214192
R_LN_3DBall_4300,3DBall,4300,ppo,0.0002380011365422,200000,171,32119,3.0,12.0,180,44.2,65.8,-0.3417728588997163,12000,-1.7072172119513944,142000,-1.8795979548043105,180000,-0.1141962057626494,36000,-0.1171711944459533,36000,0.6757206294940051,12000,180000,2.5657600000000005,180000.0,168.4,2025-11-21_09-33,1,0.20142609578428164,0,122638.26307930631,102.39420013760163,184417.32736897396
R_AP_3DBall_1094,3DBall,1094,ppo,0.0007343159712933,500000,137,25796,3.0,12.0,417,56.6,89.6,-0.7086807915333394,12000,0.7065573473891475,442000,0.6270461975427244,240000,-0.0700452572248662,36000,-0.7058145175103402,36000,0.4633169331964951,12000,480000,2.5657600000000005,96000.0,73.0,2025-11-21_09-33,1,0.9962426290781058,1,86797.14261016689,58.00270169165975,88349.69901136705
R_AK_3DBall_2153,3DBall,2153,ppo,0.000518489809566,500000,88,16557,3.0,12.0,249,43.5,83.4,0.0335785617233824,12000,0.6808752225397894,442000,0.6270461975427244,156000,0.071665045339954,24000,0.0961694781328735,24000,0.070370095046098,12000,480000,2.5657600000000005,60000.0,24.9,2025-11-21_09-33,1,0.9995883813663884,1,65445.058343274504,30.065412754125518,65623.92925458842
R_LN_3DBall_4063,3DBall,4063,ppo,0.000375377398338,200000,181,34014,3.0,12.0,172,44.2,61.6,-0.3103016763934851,12000,-1.6693868609597944,142000,-1.8288713184384595,192000,-0.1149083178358394,36000,-0.6210907097398012,36000,0.6597903522716937,12000,180000,2.5657600000000005,144000.0,126.3,2025-11-21_09-33,1,0.5282150568492198,1,124871.87642196949,110.11883634726449,160316.1939332554
R_AK_3DBall_2831,3DBall,2831,ppo,0.0007496257373344,500000,59,11149,3.0,12.0,262,51.9,84.7,0.0074805079377267,12000,0.7173596335131767,442000,0.6270461975427244,96000,0.2105268996120141,12000,1.3398060942024308,12000,-0.9332373699596316,12000,480000,2.5657600000000005,48000.0,19.7,2025-11-21_09-33,1,0.999990861910725,1,44832.36138883778,20.873990418397373,44836.52075135452
R_AK_3DBall_2023,3DBall,2023,ppo,0.0005139110434227,500000,130,24413,3.0,12.0,226,40.0,84.4,-0.3187451643829626,12000,0.6389648356627232,442000,0.6270461975427244,228000,-0.0394244380776939,36000,-0.4050279871121217,36000,0.2084324976394878,12000,480000,2.5657600000000005,84000.0,33.9,2025-11-21_09-33,1,0.9979290080665945,1,88353.50162312966,40.1972882273169,89206.0182006828
R_AK_3DBall_2341,3DBall,2341,ppo,8.438999123902009e-05,500000,83,15707,3.0,12.0,229,40.4,82.9,-0.4922204630758465,12000,0.7173596335131767,442000,0.6270461975427244,156000,0.0958768558284157,24000,-0.3196236668293695,24000,0.7075811839386281,12000,480000,2.5657600000000005,72000.0,28.6,2025-11-21_09-33,1,0.9794807706145356,1,80482.34862261651,36.410041620943474,89090.52754248031
R_LN_3DBall_3065,3DBall,3065,ppo,0.0007782760233561,100000,73,13845,3.0,12.0,99,41.5,55.6,0.2024483215129159,12000,-1.5780442194655049,46000,-1.5259503708763429,96000,0.1293461232683483,24000,0.5864787431824582,24000,-0.2641657266224785,12000,84000,2.5657600000000005,60000.0,56.5,2025-11-21_09-33,1,0.6366372543412168,1,58112.58353481391,64.1973923186863,73332.91019015685
R_LN_3DBall_3726,3DBall,3726,ppo,0.0002550523999872,200000,183,34328,3.0,12.0,173,43.3,51.2,0.1241541601559505,12000,-1.6900304022354389,142000,-1.8569653964786152,192000,-0.1277263351532603,36000,-0.400604655782736,36000,0.6651004446791309,12000,180000,2.5657600000000005,156000.0,138.6,2025-11-21_09-33,1,0.5436641620917358,1,118290.96441506586,113.29831978927304,155577.72563339295
R_AP_3DBall_1346,3DBall,1346,ppo,0.0004654366399586,500000,164,30925,3.0,12.0,432,62.1,88.3,-0.2918795207800819,12000,0.6501271979908863,442000,0.6270461975427244,228000,-0.0835753866154772,36000,-0.8609713702949415,36000,0.4739371180113694,12000,480000,2.5657600000000005,96000.0,75.6,2025-11-21_09-33,1,0.9984612821549937,1,103567.15135148511,76.85571946369726,104177.14965004724
R_LN_3DBall_3993,3DBall,3993,ppo,0.0004563828506893,200000,32,6157,3.0,12.0,214,44.5,61.0,5.181803465852476,12000,0.6094162373662123,142000,0.6270461975427244,96000,0.4718720304727631,12000,2.2302567164333555,12000,-2.287310933856261,12000,180000,2.5657600000000005,36000.0,28.5,2025-11-21_09-33,1,0.9999999970978635,1,30976.301826758183,21.385171658960466,30976.30231728803
R_LN_3DBall_4501,3DBall,4501,ppo,0.0007362981703694,200000,184,34554,3.0,12.0,170,44.9,64.5,-0.5405786215610309,12000,-1.6514625158464056,142000,-1.7730364334633797,192000,-0.1198931023481697,36000,-0.6731499169241083,36000,0.4367664711593093,12000,180000,2.5657600000000005,144000.0,124.4,2025-11-21_09-33,1,0.9131300852208867,1,115443.79769331322,93.65690273034993,122789.18778174056
R_AK_3DBall_2523,3DBall,2523,ppo,0.0001838148530181,500000,144,27169,3.0,12.0,230,44.6,85.1,-0.2258667964987192,12000,0.7173596335131767,442000,0.6270461975427244,264000,-0.0501061191755447,36000,-0.4863492323215946,36000,0.5376582269006271,12000,480000,2.5657600000000005,96000.0,40.2,2025-11-21_09-33,1,0.9949298096545003,1,105740.95458139751,50.47301944347932,107739.92298710484
R_LN_3DBall_3915,3DBall,3915,ppo,0.0003234854397079,200000,75,14248,3.0,12.0,184,46.6,62.0,-0.6050561662079433,12000,0.3501762700945138,142000,0.6004013046203811,168000,0.1236492266828278,24000,-0.3175821292927301,24000,0.2456031444915479,12000,180000,2.5657600000000005,72000.0,61.5,2025-11-21_09-33,1,0.8471284856953596,1,71413.85752501317,63.7960426685085,91071.01584375664
R_AK_3DBall_2832,3DBall,2832,ppo,0.0007892969317732,500000,134,25296,3.0,12.0,215,33.9,84.2,-0.2105150001542162,12000,0.6929092176103744,442000,0.6270461975427244,240000,-0.0394244380776939,36000,-0.6493319789966475,36000,0.5960692433824359,12000,480000,2.5657600000000005,96000.0,37.6,2025-11-21_09-33,1,0.9994566819362756,1,89657.95954917975,31.969896616791214,89880.90579206223
R_LN_3DBall_4223,3DBall,4223,ppo,0.0001499218441824,200000,96,18165,3.0,12.0,179,44.6,68.1,-0.3901310173849007,12000,-0.442001312137616,142000,0.1080548432602057,180000,0.0624075883884834,24000,-0.6251737848130802,24000,0.5057976724559924,12000,180000,2.5657600000000005,84000.0,71.4,2025-11-21_09-33,1,0.7148241823228743,1,89168.62350215821,72.62566788628169,120775.05191921162
R_AK_3DBall_2716,3DBall,2716,ppo,7.756954432565695e-05,500000,165,31028,3.0,12.0,216,33.0,83.4,-0.6864206868338107,12000,0.550992010782297,442000,0.577407739325836,492000,-0.0842874986886671,36000,-0.1583422014348497,36000,0.7394417383832629,12000,480000,2.5657600000000005,192000.0,80.9,2025-11-21_09-33,1,0.7868473132185082,1,128776.79969795917,51.37796271695279,207904.02223796307
R_LN_3DBall_3311,3DBall,3311,ppo,0.0006435675329617,100000,170,31981,3.0,12.0,94,39.7,63.0,-0.3717088617714973,12000,-1.7295022040610577,46000,-1.9090122869019752,84000,-0.0978176280792782,36000,-0.7711437186828038,36000,0.6597903522716937,12000,84000,2.5657600000000005,,,2025-11-21_09-33,0,0.03524251396590479,0,122570.15478236153,133.37669823502145,100795.42899513
R_AK_3DBall_2290,3DBall,2290,ppo,0.0008852292173052,500000,145,27308,3.0,12.0,214,28.5,81.9,-0.1314532489800257,12000,0.7173596335131767,442000,0.6270461975427244,240000,-0.0501061191755447,36000,-0.5819612402875443,36000,0.4049059167146746,12000,480000,2.5657600000000005,96000.0,37.4,2025-11-21_09-33,1,0.9991385297641708,1,92034.09250032231,32.479582635227274,92385.5429868663
R_AP_3DBall_1201,3DBall,1201,ppo,0.000441291775025,500000,103,19421,3.0,12.0,421,55.0,90.6,0.055071076605686,12000,0.7173596335131767,442000,0.6270461975427244,168000,0.0075749587528494,24000,-0.595231234275701,24000,0.2456031444915479,12000,480000,2.5657600000000005,72000.0,52.6,2025-11-21_09-33,1,0.9993121962750495,1,75646.28335615597,47.14431835462656,75938.15542316018
R_AK_3DBall_2027,3DBall,2027,ppo,0.0007063408929922,500000,156,29290,3.0,12.0,226,40.2,84.7,-0.5474869299160582,12000,0.7173596335131767,442000,0.6270461975427244,264000,-0.067908921005296,36000,-0.8473611200506782,36000,0.2456031444915479,12000,480000,2.5657600000000005,96000.0,39.5,2025-11-21_09-33,1,0.998893668488167,1,99664.88903326092,46.134407332208816,100107.79238181659
R_LN_3DBall_4495,3DBall,4495,ppo,0.0006707736134914,200000,187,35138,3.0,12.0,173,45.3,64.2,-0.6419004774347518,12000,-1.6868964976173872,142000,-1.8432393957986928,192000,-0.1312868955192106,36000,-0.6748511982046412,36000,0.7341316459758139,12000,180000,2.5657600000000005,156000.0,138.1,2025-11-21_09-33,1,0.7122757455593075,1,121874.59588357643,100.77017692757609,144353.1695358522
R_AP_3DBall_1076,3DBall,1076,ppo,0.0003083616788489,500000,49,9196,3.0,12.0,652,64.7,87.8,2.4914011564783185,12000,0.6798421763265488,442000,0.6270461975427244,120000,0.2874350035165397,12000,1.2724353554933274,12000,-1.3261842081100286,12000,480000,2.5657600000000005,36000.0,32.6,2025-11-21_09-33,1,0.9999998366472564,1,39791.32029132097,27.90922449816483,39791.395467671406
R_LN_3DBall_3909,3DBall,3909,ppo,0.0001187321107694,200000,88,16523,3.0,12.0,195,43.3,59.5,-0.4638196398385156,12000,-1.7260107065230383,142000,-1.905972092500016,192000,0.0730892694863342,24000,0.285351956528133,24000,0.5270380420857529,12000,180000,2.5657600000000005,,,2025-11-21_09-33,0,0.19924103571974286,0,77237.63915135608,67.1657002749226,175540.70007711538
R_LN_3DBall_4326,3DBall,4326,ppo,0.0001111917090141,200000,105,19860,3.0,12.0,182,44.1,63.3,-0.4392567656873118,12000,-1.3726716523322977,142000,-1.3172909215021922,180000,0.0089991828992295,24000,-0.4615105256258143,24000,0.7500619231981372,12000,180000,2.5657600000000005,96000.0,84.7,2025-11-21_09-33,1,0.4400020435814455,0,92661.29897672028,75.93434011282112,152770.7521943791
R_LN_3DBall_3232,3DBall,3232,ppo,0.0002251736162059,100000,78,14635,3.0,12.0,96,40.4,57.0,-0.5213888761304025,12000,-1.71093468834856,46000,-1.869226740313488,96000,0.1051343127798865,24000,-0.4846479510410618,24000,0.0916104646758466,12000,84000,2.5657600000000005,84000.0,82.2,2025-11-21_09-33,1,0.10369012253227608,0,77674.81539852341,88.86582547151954,97685.09887311721
R_AK_3DBall_2833,3DBall,2833,ppo,0.0004694744572616,500000,51,9658,3.0,12.0,278,50.2,83.1,0.8809977199399504,12000,0.6192872919278253,442000,0.6270461975427244,96000,0.263935305101268,12000,0.9821967690344128,12000,-0.8960667231075714,12000,480000,2.5657600000000005,36000.0,13.9,2025-11-21_09-33,1,0.9999984785459579,1,45525.98855833637,20.731226134796785,45526.6800196581
R_LN_3DBall_3641,3DBall,3641,ppo,0.0008410183781868,200000,175,32857,3.0,12.0,177,43.0,63.6,-0.5774229327878375,12000,-1.5268537996584393,142000,-1.6108231092530003,180000,-0.0992418522256582,36000,-0.8997605834910918,36000,0.6013793357898731,12000,180000,2.5657600000000005,108000.0,94.4,2025-11-21_09-33,1,0.7740574940505698,1,110525.24615951319,96.70036473937105,130741.3962614412
R_AK_3DBall_2494,3DBall,2494,ppo,0.0001268426005745,500000,127,23897,3.0,12.0,228,42.2,83.3,-0.6211755523696715,12000,0.7173596335131767,442000,0.6270461975427244,264000,-0.0209095241747526,24000,-0.4598092443452813,24000,0.8668839561617666,12000,480000,2.5657600000000005,108000.0,45.6,2025-11-21_09-33,1,0.9580187569670919,1,100694.65905705163,47.16910662049462,117457.99361951576
R_AK_3DBall_2584,3DBall,2584,ppo,0.0006146010572941,500000,114,21426,3.0,12.0,260,47.1,85.0,0.1134079027147979,12000,0.6473657859978013,442000,0.6270461975427244,216000,0.0111355191187997,24000,-0.4635520631624537,24000,0.2562233293064223,12000,480000,2.5657600000000005,72000.0,32.5,2025-11-21_09-33,1,0.999926029067724,1,74537.31733374405,34.39527712393797,74568.78920502953
R_AK_3DBall_2407,3DBall,2407,ppo,0.0003718859307552,500000,101,18991,3.0,12.0,226,43.4,83.2,0.158695701931082,12000,0.7173596335131767,442000,0.6270461975427244,216000,0.0503016831442525,24000,-0.3975423494777769,24000,0.1553315735651044,12000,480000,2.5657600000000005,72000.0,28.2,2025-11-21_09-33,1,0.9998043814605886,1,74694.65993552162,33.89923753798056,74777.8575449489
R_AK_3DBall_2648,3DBall,2648,ppo,0.0002943623668212,500000,136,25679,3.0,12.0,215,32.9,84.5,-0.4500030231284627,12000,0.6798049270640524,442000,0.6270461975427244,300000,-0.0579393519806353,36000,-0.416936956075852,36000,0.6757206294940051,12000,480000,2.5657600000000005,120000.0,48.3,2025-11-21_09-33,1,0.9773337069863773,1,106038.95128179117,40.063652021356766,114968.58784799217
R_AK_3DBall_2350,3DBall,2350,ppo,0.0007468464308279,500000,32,6126,3.0,12.0,302,50.5,83.0,5.6715257692421215,12000,0.6716299555881204,442000,0.6270461975427244,300000,0.4611903493749123,12000,2.3422010246924208,12000,-3.683865237012388,12000,480000,2.5657600000000005,24000.0,7.6,2025-11-21_09-33,1,0.9999999999999811,1,24085.708734859654,9.395899401441634,24085.708734868636
R_AK_3DBall_2090,3DBall,2090,ppo,0.0001096586046063,500000,159,29854,3.0,12.0,238,41.9,82.3,-0.1352911980661511,12000,0.7173596335131767,442000,0.6270461975427244,264000,-0.0842874986886671,36000,-0.7214663052912429,36000,0.7182013687535025,12000,480000,2.5657600000000005,96000.0,41.6,2025-11-21_09-33,1,0.9831433137304236,1,116794.90831330915,58.19959555173735,123254.47632077594
R_LN_3DBall_3127,3DBall,3127,ppo,0.0003594425846382,100000,81,15225,3.0,12.0,109,41.6,56.0,-0.0792571414087143,12000,-1.5346885612035683,46000,-1.314544689917725,96000,0.0951647437552258,24000,0.1278133099507857,24000,-0.2163748949555322,12000,84000,2.5657600000000005,60000.0,62.3,2025-11-21_09-33,1,0.27325705056008937,0,70128.3205175911,81.02802191079971,91837.35296936063
R_LN_3DBall_3996,3DBall,3996,ppo,0.0008175339088112,200000,161,30286,3.0,12.0,180,43.7,61.1,-0.6242459116385718,12000,-1.3274733972188604,142000,-1.1663848512804391,192000,-0.0558030157610651,36000,-0.9018021210277314,36000,0.2615334217138594,12000,180000,2.5657600000000005,96000.0,84.1,2025-11-21_09-33,1,0.9609753313182048,1,100475.75877207473,85.87429641745003,104359.65931180157
R_AK_3DBall_2346,3DBall,2346,ppo,0.0006334399628706,500000,120,22584,3.0,12.0,248,42.7,82.4,-0.9880834850032946,12000,0.6051772712940934,442000,0.6270461975427244,192000,0.002590174240519,24000,-0.5363669019692624,24000,-0.0570721227324056,12000,480000,2.5657600000000005,84000.0,37.2,2025-11-21_09-33,1,0.9993324360198595,1,81436.01868165247,38.055398299239286,81715.43691896478
R_AK_3DBall_2909,3DBall,2909,ppo,0.0002835845347028,500000,49,9245,3.0,12.0,227,33.5,84.1,-0.5613035466261095,12000,0.7173596335131767,442000,0.6270461975427244,156000,0.2703443137599784,12000,-0.2968264976702286,12000,0.3624251774551772,12000,480000,2.5657600000000005,60000.0,22.7,2025-11-21_09-33,1,0.998380055270421,1,64146.81851841941,23.21440589615471,64852.87658263075
R_AK_3DBall_2081,3DBall,2081,ppo,0.0004812642763635,500000,138,26039,3.0,12.0,230,41.8,83.9,-0.1828817667341103,12000,0.6801501035631877,442000,0.6270461975427244,252000,-0.0458334467364044,36000,-0.5322838268959833,36000,0.1553315735651044,12000,480000,2.5657600000000005,96000.0,40.2,2025-11-21_09-33,1,0.9990939311820274,1,93392.34844401255,43.8021627750934,93760.7629582365
R_LN_3DBall_3107,3DBall,3107,ppo,0.0004448842872104,100000,43,8233,3.0,12.0,103,39.9,55.8,0.1533225732105065,12000,-1.2349437458930104,46000,-0.3644336561920081,96000,0.318767934736902,12000,0.4544593158131045,12000,-0.2854060962522271,12000,84000,2.5657600000000005,48000.0,44.2,2025-11-21_09-33,1,0.5181314475580846,1,55641.87163390952,61.99316102775651,77016.6587387102
R_AK_3DBall_2050,3DBall,2050,ppo,0.0005626153803667,500000,158,29729,3.0,12.0,211,28.2,82.5,-0.4292780980633842,12000,0.7173596335131767,442000,0.6270461975427244,276000,-0.0586514640538253,36000,-0.7388193743526785,36000,0.5482784117155015,12000,480000,2.5657600000000005,96000.0,36.9,2025-11-21_09-33,1,0.9864259153002728,1,112159.88394132943,42.87544315302644,117424.45852666187
R_LN_3DBall_4023,3DBall,4023,ppo,0.0002989138907418,200000,165,31000,3.0,12.0,175,43.9,61.8,-0.3187451643829626,12000,-1.6046252931831153,142000,-1.7311338388647075,192000,-0.1106356453966991,36000,-0.7578737246946472,36000,0.6119995206047475,12000,180000,2.5657600000000005,108000.0,93.5,2025-11-21_09-33,1,0.5942227353387178,1,118159.62843994498,103.29590337471949,151368.59055044712
R_LN_3DBall_3009,3DBall,3009,ppo,0.0007558952768987,100000,176,33163,3.0,12.0,102,45.6,66.8,-0.5183185168615022,12000,-1.729313474464408,46000,-1.908898827568908,84000,-0.0814390503959069,36000,-0.7891773002564527,36000,0.6226197054196217,12000,84000,2.5657600000000005,,,2025-11-21_09-33,0,0.035531560691060005,0,123542.8743276771,152.49184739568636,100836.51506801585
R_LN_3DBall_3382,3DBall,3382,ppo,0.0001888661289162,100000,163,30588,3.0,12.0,92,40.5,57.8,-0.7854397732558547,12000,-1.7361772719004578,46000,-1.9198115525130048,84000,-0.0935449556401379,36000,0.2489445371247288,36000,0.7553720156055744,12000,84000,2.5657600000000005,,,2025-11-21_09-33,0,0.0003501280440711833,0,124376.51440148018,146.4228407021273,100008.53490130867
R_LN_3DBall_3099,3DBall,3099,ppo,0.0002711417094158,100000,67,12573,3.0,12.0,97,43.3,56.3,0.0765635914879913,12000,-1.5896808890694587,46000,-1.548701545777517,96000,0.1613911665619005,24000,0.3159750195777254,24000,0.0969205570832956,12000,84000,2.5657600000000005,60000.0,55.4,2025-11-21_09-33,1,0.12416224864092786,0,65785.09805460497,78.65505036686883,95751.8008374309
R_AK_3DBall_2615,3DBall,2615,ppo,0.0003205162470493,500000,142,26653,3.0,12.0,241,45.6,83.9,-0.4154614813533313,12000,0.6922312810329354,442000,0.6270461975427244,252000,-0.0650604727125358,36000,-0.5744756026531995,36000,0.2402930520841107,12000,480000,2.5657600000000005,96000.0,42.2,2025-11-21_09-33,1,0.9989297305507293,1,97029.03856798673,46.50806307799435,97460.32607695065
R_AK_3DBall_2498,3DBall,2498,ppo,0.000722783597871,500000,159,29822,3.0,12.0,234,45.3,83.7,-0.6764420192098831,12000,0.7173596335131767,442000,0.6270461975427244,300000,-0.0800148262495269,36000,-0.8912541770884274,36000,0.4420765635667465,12000,480000,2.5657600000000005,96000.0,40.9,2025-11-21_09-33,1,0.9993558538278337,1,98275.3169653339,47.20374549470754,98534.08638217542
R_AK_3DBall_2246,3DBall,2246,ppo,0.0001162449220978,500000,37,6942,3.0,12.0,317,45.8,82.1,3.13540901313022,12000,0.7104883862246275,442000,0.6270461975427244,72000,0.3985244869341878,12000,3.0778350503948517,12000,-0.773934597736505,12000,480000,2.5657600000000005,36000.0,15.8,2025-11-21_09-33,1,0.9999897153947849,1,37598.175276916576,16.365697945650588,37602.93089713461
R_AK_3DBall_2946,3DBall,2946,ppo,0.000711822396232,500000,130,24401,3.0,12.0,237,44.1,84.5,-0.4093207628155307,12000,0.7173596335131767,442000,0.6270461975427244,228000,-0.0415607742972641,36000,-0.5023412763586041,36000,0.0066489861568521,12000,480000,2.5657600000000005,84000.0,35.5,2025-11-21_09-33,1,0.999928124387325,1,80753.33904237083,34.30749620732437,80783.4726529891
R_AK_3DBall_2366,3DBall,2366,ppo,0.0002647593118685,500000,139,26074,3.0,12.0,244,45.3,83.7,-0.1214745813560981,12000,0.680224602088181,442000,0.6270461975427244,300000,-0.0323033173457934,36000,-0.4108123434659335,36000,0.3305646230105543,12000,480000,2.5657600000000005,84000.0,36.6,2025-11-21_09-33,1,0.9982288727720089,1,95116.22773131132,46.864510081977315,95833.32840454814
R_LN_3DBall_4046,3DBall,4046,ppo,0.0002698291232267,200000,60,11267,3.0,12.0,189,44.0,61.0,0.1395059565004536,12000,0.7173596335131767,142000,0.6270461975427244,132000,0.2062542271728737,12000,0.5776320805236869,12000,0.0756801874535352,12000,180000,2.5657600000000005,48000.0,37.9,2025-11-21_09-33,1,0.9026633894278636,1,59591.33105682013,49.1990706198514,73258.23498669444
R_LN_3DBall_4342,3DBall,4342,ppo,0.0005641794130764,200000,156,29285,3.0,12.0,177,44.9,62.9,-0.5889367800462153,12000,-1.229857979920134,142000,-0.6815473348723459,192000,-0.0828632745422871,36000,-0.9259603152112988,36000,0.3571150850477401,12000,180000,2.5657600000000005,96000.0,82.4,2025-11-21_09-33,1,0.9356082281864558,1,104823.59132653402,87.45948360871127,110952.16891586847
R_LN_3DBall_3288,3DBall,3288,ppo,0.0007705641724813,100000,71,13434,3.0,12.0,98,40.0,57.7,0.0005721995827011,12000,-1.4333209015293462,46000,-0.9951566673336318,96000,0.1357551319270587,24000,1.1356523405384813,24000,-0.6464923799579895,12000,84000,2.5657600000000005,48000.0,42.0,2025-11-21_09-33,1,0.5442169306736995,1,56192.494175325446,58.25998791984968,76159.2136396254
U_OE_3DBall_5,3DBall,5,sac,0.0003,500000,64,200000,3.0,12.0,485,46.9,72.8,-3.729146722314311,12000,0.5019694980525369,442000,0.6270461975427244,72000,-18.565020022116887,12000,-1.4053813800654726,12000,-10.22589908297569,12000,480000,2.5657600000000005,60000.0,48.5,2025-11-21_09-33,1,0.9981893758224781,1,50739.26862385076,43.032964927737694,51552.710966091574
R_LN_3DBall_3233,3DBall,3233,ppo,0.0006394989926261,100000,106,20017,3.0,12.0,91,41.9,57.1,0.3160516144622378,12000,-1.6902340315370874,46000,-1.8318779907647396,96000,0.0346352175340713,24000,-0.576517140189839,24000,0.2668435141212966,12000,84000,2.5657600000000005,72000.0,65.0,2025-11-21_09-33,1,0.6814384377132755,1,78595.13276257322,87.23941976665654,85413.90071026783
R_AK_3DBall_2455,3DBall,2455,ppo,0.0002714415605649,500000,45,8508,3.0,12.0,273,49.7,83.9,0.8694838726815727,12000,0.6799588906823716,442000,0.6270461975427244,132000,0.3002530208339606,12000,2.350367174838979,12000,-1.4961071651480295,12000,480000,2.5657600000000005,36000.0,13.7,2025-11-21_09-33,1,0.9999815399247579,1,42368.4192197423,20.272616831101008,42376.86713315666
R_LN_3DBall_3823,3DBall,3823,ppo,0.0002895420249935,200000,64,12150,3.0,12.0,183,42.8,51.1,0.0074805079377267,12000,0.6716001561781232,142000,0.6270461975427244,156000,0.1827545287576021,24000,0.0563594961684034,24000,-0.1579638784737234,12000,180000,2.5657600000000005,60000.0,48.7,2025-11-21_09-33,1,0.9808116828996382,1,60169.723654419606,53.11041516193351,62852.83133716983
R_AK_3DBall_2620,3DBall,2620,ppo,3.7535447217927925e-05,500000,58,10976,3.0,12.0,244,48.0,84.2,0.2116593993196184,12000,0.7173596335131767,442000,0.6270461975427244,228000,0.1934362098554529,12000,-0.0218994427361104,12000,0.6279297978270589,12000,480000,2.5657600000000005,84000.0,36.6,2025-11-21_09-33,1,0.9986752804322051,1,64566.462838799824,31.022743243592462,65143.29016595141
R_AK_3DBall_2004,3DBall,2004,ppo,0.0004042798403166,500000,38,7291,3.0,12.0,296,49.2,85.0,2.2933629836342293,12000,0.680301583897341,442000,0.6270461975427244,120000,0.3650552194942553,12000,2.5916088604185457,12000,-2.6165366631174005,12000,480000,2.5657600000000005,36000.0,14.8,2025-11-21_09-33,1,0.9999999648901706,1,35063.479700267635,16.404556677453307,35063.49602410953
R_AK_3DBall_2709,3DBall,2709,ppo,0.0001204590629803,500000,91,17199,3.0,12.0,252,47.0,83.4,0.3429172580651186,12000,0.7173596335131767,442000,0.6270461975427244,168000,0.071665045339954,24000,0.4789577662527783,24000,0.5748288737526873,12000,480000,2.5657600000000005,60000.0,25.2,2025-11-21_09-33,1,0.9969619581638005,1,72769.15219392857,33.86375400870106,74067.0973832784
R_LN_3DBall_3194,3DBall,3194,ppo,0.0002418063798631,100000,139,26087,3.0,12.0,90,42.5,56.9,-0.4661224092901909,12000,-1.729152060993589,46000,-1.9079137942681883,96000,-0.0622120244197756,36000,-0.39822286198999,36000,0.6491701674568193,12000,84000,2.5657600000000005,,,2025-11-21_09-33,0,0.00750968234999314,0,107821.25627157165,131.45484887221298,100058.7351501774
R_AP_3DBall_1053,3DBall,1053,ppo,0.0002893893925795,500000,134,25205,3.0,12.0,518,65.7,87.9,-0.967358559938216,12000,0.6515327368290933,442000,0.6270461975427244,216000,-0.0315912052726034,36000,-0.5013205075902843,36000,0.3411848078254286,12000,480000,2.5657600000000005,84000.0,77.7,2025-11-21_09-33,1,0.9854093033198837,1,90618.52099580182,76.19627916297452,96591.68198240947
R_AK_3DBall_2021,3DBall,2021,ppo,0.000848695215761,500000,175,32912,3.0,12.0,222,37.5,84.2,-0.6211755523696715,12000,0.6893804708098582,442000,0.6270461975427244,276000,-0.0928328435669478,36000,-0.8466806075384651,36000,0.5748288737526873,12000,480000,2.5657600000000005,108000.0,44.4,2025-11-21_09-33,1,0.9962159507303955,1,110200.43124314002,49.00347108745463,111675.45201658657
R_AP_3DBall_1134,3DBall,1134,ppo,0.0008194901092012,500000,146,27502,3.0,12.0,442,65.4,89.5,-0.2780629040700289,12000,0.7173596335131767,442000,0.6270461975427244,192000,-0.0643483606393457,36000,-0.1586824576909562,36000,-0.0039711986580222,12000,480000,2.5657600000000005,72000.0,55.2,2025-11-21_09-33,1,0.999685838255029,1,78529.76711471715,60.018003970678514,78662.17693853372
R_AK_3DBall_2682,3DBall,2682,ppo,0.0002390007732128,500000,58,10946,3.0,12.0,287,51.6,85.0,1.3054748888654586,12000,0.6814091286355748,442000,0.6270461975427244,108000,0.2026936668069235,12000,1.6963946506021286,12000,-1.3155640232951544,12000,480000,2.5657600000000005,36000.0,14.4,2025-11-21_09-33,1,0.9999974151299547,1,46610.48623120779,21.89486315239758,46611.6581841808
R_LN_3DBall_3954,3DBall,3954,ppo,0.0003660213459888,200000,136,25640,3.0,12.0,173,44.0,59.6,-0.4883825139897212,12000,-1.543288174271962,142000,-1.5418295202633343,192000,-0.0344396535653636,36000,-0.6023766156539392,36000,0.6757206294940051,12000,180000,2.5657600000000005,120000.0,104.1,2025-11-21_09-33,1,0.5661152761559696,1,99653.86764898429,87.80962822328188,143192.52157292128
R_AK_3DBall_2604,3DBall,2604,ppo,0.0006444487514344,500000,94,17700,3.0,12.0,246,47.8,84.2,-0.0071036985895512,12000,0.7173596335131767,442000,0.6270461975427244,144000,0.0602712521689132,24000,0.653168969379348,24000,-0.1845143405109092,12000,480000,2.5657600000000005,60000.0,24.6,2025-11-21_09-33,1,0.99985135544309,1,61242.082549876,28.12548624781808,61307.30152610612
R_LN_3DBall_3507,3DBall,3507,ppo,0.0005712202489144,200000,69,13114,3.0,12.0,189,48.9,69.4,0.0757960016707662,12000,0.6625610018122688,142000,0.6270461975427244,156000,0.1457247009517194,24000,0.9604203686435916,24000,-0.1845143405109092,12000,180000,2.5657600000000005,60000.0,50.4,2025-11-21_09-33,1,0.8872522077937308,1,58719.40690764862,52.3274846846697,74648.48186040352
R_AK_3DBall_2481,3DBall,2481,ppo,0.0004271361250021,500000,126,23704,3.0,12.0,232,45.1,83.0,0.1763502677272602,12000,0.7173596335131767,442000,0.6270461975427244,216000,-0.0401365501508839,24000,-0.2634813845717836,24000,0.2827737913436081,12000,480000,2.5657600000000005,84000.0,34.8,2025-11-21_09-33,1,0.9996377506440657,1,83151.21058065578,38.57439470394024,83302.21378614494
R_AK_3DBall_2663,3DBall,2663,ppo,0.0004112517416155,500000,89,16699,3.0,12.0,216,32.7,84.1,-0.5298323641198782,12000,0.7173596335131767,442000,0.6270461975427244,168000,0.057422803876153,24000,-0.3396987859396579,24000,0.4526967483816208,12000,480000,2.5657600000000005,72000.0,27.0,2025-11-21_09-33,1,0.9957230703820997,1,76872.83212589454,27.99162664685203,78682.51724231357
R_AP_3DBall_1005,3DBall,1005,ppo,0.0002906705736218,500000,145,27196,3.0,12.0,444,63.9,90.2,-0.6518791450586776,12000,0.6818685362063669,442000,0.6270461975427244,240000,-0.0515303433219248,36000,-0.6551163353504594,36000,0.7925426624576345,12000,480000,2.5657600000000005,96000.0,77.8,2025-11-21_09-33,1,0.9637091753648617,1,98644.83936865398,79.70246962286812,113210.34911953393
R_AK_3DBall_2562,3DBall,2562,ppo,0.0001292413638492,500000,187,35152,3.0,12.0,252,49.6,85.2,-0.3210479338346378,12000,0.634047933013165,442000,0.6270461975427244,300000,-0.1084993091771289,36000,-0.8034680630129292,36000,0.7659922004204487,12000,480000,2.5657600000000005,120000.0,56.7,2025-11-21_09-33,1,0.9905074059721412,1,133830.47806156756,72.58695667341364,137306.37667870426
R_AK_3DBall_2026,3DBall,2026,ppo,0.0008248133404876,500000,125,23580,3.0,12.0,252,43.0,84.7,-0.7232649980606174,12000,0.7173596335131767,442000,0.6270461975427244,264000,-0.0237579724675128,24000,-0.3781477428797016,24000,0.0491297254163493,12000,480000,2.5657600000000005,84000.0,37.8,2025-11-21_09-33,1,0.9992887189138199,1,79730.14491098709,37.460345936534566,80029.07491000356
R_AK_3DBall_2740,3DBall,2740,ppo,0.0007728216020792,500000,71,13449,3.0,12.0,252,50.4,83.6,-0.0393424709130074,12000,0.7118964083470011,442000,0.6270461975427244,168000,0.140739916439389,24000,1.7079633633097522,24000,-0.5615309014389949,12000,480000,2.5657600000000005,48000.0,18.9,2025-11-21_09-33,1,0.9998887511224472,1,47996.249908054815,22.061021410495893,48046.53481790218
R_AK_3DBall_2193,3DBall,2193,ppo,0.00020532843733,500000,53,10085,3.0,12.0,292,45.0,82.8,0.8111470465724607,12000,0.7173596335131767,442000,0.6270461975427244,192000,0.2546778481497973,12000,1.5817282922942102,12000,-0.3331969279191616,12000,480000,2.5657600000000005,36000.0,14.6,2025-11-21_09-33,1,0.9994374876412818,1,51672.948946396304,24.06217018279637,51925.13845336164
R_LN_3DBall_4284,3DBall,4284,ppo,0.0006513360453499,200000,106,20061,3.0,12.0,174,44.2,62.8,-0.075419192322589,12000,-0.4527340663049847,142000,-0.2362194525836898,180000,0.0253777605826007,24000,-0.5421512583230742,24000,0.5535885041229387,12000,180000,2.5657600000000005,72000.0,58.1,2025-11-21_09-33,1,0.9712649343971612,1,77688.17679842691,60.77000321668594,81202.81506212693
R_LN_3DBall_3283,3DBall,3283,ppo,0.000875653856063,100000,126,23671,3.0,12.0,95,40.5,57.4,-0.8445441891821917,12000,-1.7162712660222472,46000,-1.8828263885543128,84000,-0.0258943086870829,24000,-0.8034680630129292,24000,0.426146286344435,12000,84000,2.5657600000000005,84000.0,81.3,2025-11-21_09-33,1,0.1721415671462517,0,87927.46976357535,97.4391002768926,97921.81572568134
R_AK_3DBall_2020,3DBall,2020,ppo,0.000617720748082,500000,140,26434,3.0,12.0,229,44.3,84.7,0.0312757922717072,12000,0.6801873528256847,442000,0.6270461975427244,216000,-0.0493940071023547,36000,-0.3036316227923603,36000,0.2827737913436081,12000,480000,2.5657600000000005,84000.0,34.3,2025-11-21_09-33,1,0.9992644202148425,1,88685.29741402277,42.73705432242706,88987.85219458309
R_AK_3DBall_2226,3DBall,2226,ppo,4.49377818442038e-05,500000,40,7502,3.0,12.0,269,48.5,83.8,0.2815100726871064,12000,0.7173596335131767,442000,0.6270461975427244,120000,0.3743126764457259,12000,0.7569471274918558,12000,0.5057976724559924,12000,480000,2.5657600000000005,48000.0,20.2,2025-11-21_09-33,1,0.9955578294460827,1,54500.93227396642,28.347069640886343,56479.9151144166
R_LN_3DBall_3606,3DBall,3606,ppo,0.0001676714114461,200000,175,32847,3.0,12.0,179,42.8,62.9,-0.5075722594203496,12000,-1.7056353599373697,142000,-1.8789532995027924,192000,-0.1042266367379886,36000,-0.3291508420003539,36000,0.7341316459758139,12000,180000,2.5657600000000005,180000.0,167.0,2025-11-21_09-33,1,0.05031668418660448,0,129905.44375122548,120.42843898680361,196473.07435003022
R_LN_3DBall_4260,3DBall,4260,ppo,0.0006998697320917,200000,108,20381,3.0,12.0,201,46.5,65.5,0.0873098489291422,12000,0.2781188134368238,142000,0.5334216187926578,168000,0.0232414243630305,24000,-0.5516784334940585,24000,-0.4022281292158565,12000,180000,2.5657600000000005,72000.0,66.9,2025-11-21_09-33,1,0.9991972273017519,1,72937.55857858536,58.24842961202136,73039.56083753123
R_AK_3DBall_2097,3DBall,2097,ppo,0.0008099744822643,500000,151,28491,3.0,12.0,241,44.5,82.9,-0.4054828137294037,12000,0.5988299969646639,442000,0.6270461975427244,300000,-0.0728937055176264,36000,-0.7939408878419448,36000,0.4208361939369978,12000,480000,2.5657600000000005,84000.0,36.1,2025-11-21_09-33,1,0.9995108468710004,1,92804.66690947523,45.24693318215852,93003.84778077048
R_AK_3DBall_2777,3DBall,2777,ppo,0.0005146312977404,500000,88,16505,3.0,12.0,242,45.2,84.2,-0.0324341625579801,12000,0.7173596335131767,442000,0.6270461975427244,156000,0.056710691802963,24000,0.0097443890818017,24000,0.3252545306031171,12000,480000,2.5657600000000005,60000.0,24.2,2025-11-21_09-33,1,0.9997123119882375,1,65648.50646234081,28.449144827965288,65773.46417992272
R_AK_3DBall_2698,3DBall,2698,ppo,0.0001578625769392,500000,137,25829,3.0,12.0,228,42.8,84.2,-0.5966126782184676,12000,0.7173596335131767,442000,0.6270461975427244,288000,-0.0351517656385536,36000,-0.5418110020669676,36000,0.6544802598642565,12000,480000,2.5657600000000005,108000.0,45.6,2025-11-21_09-33,1,0.9870494781964089,1,105431.42621214685,48.46417989554019,110541.2951299983
R_AK_3DBall_2070,3DBall,2070,ppo,0.0002989551820544,500000,160,30119,3.0,12.0,226,37.0,82.6,-0.0539266774402854,12000,0.7173596335131767,442000,0.6270461975427244,264000,-0.0921207314937577,36000,-0.6037376406783656,36000,0.6810307219014423,12000,480000,2.5657600000000005,108000.0,45.2,2025-11-21_09-33,1,0.9864670386614184,1,114473.05544880347,51.160926578828885,119690.37668439631
R_AK_3DBall_2355,3DBall,2355,ppo,0.0002525795350055,500000,46,8688,3.0,12.0,257,44.8,82.8,1.8143869376857344,12000,0.7173596335131767,442000,0.6270461975427244,144000,0.2867228914433496,12000,2.81413645191225,12000,-0.91730709273732,12000,480000,2.5657600000000005,36000.0,12.9,2025-11-21_09-33,1,0.9999345571757131,1,41726.54098313528,17.928323656630717,41756.531692589066
R_LN_3DBall_4032,3DBall,4032,ppo,0.0004021977869081,200000,84,15767,3.0,12.0,178,43.9,61.3,-0.0992144766565695,12000,0.4063680242127964,142000,0.5627792212237888,192000,0.0958768558284157,24000,-0.3257482794392881,24000,0.0278893557866007,12000,180000,2.5657600000000005,72000.0,59.4,2025-11-21_09-33,1,0.9768937521301436,1,69373.35017871796,57.345696545470155,72391.64192789744
C_LF_3DBall_101,3DBall,101,ppo,0.0003,500000,64,12000,3.0,12.0,781,16.6,55.3,-0.0738840126881389,12000,0.7075506610557251,442000,0.6270461975427244,132000,0.1742091838793215,24000,0.8307827350669839,24000,0.0225792633791635,12000,480000,2.5657600000000005,48000.0,58.6,2025-11-21_09-33,1,0.8038011686686575,1,58464.54520981744,26.24579981444162,145093.28543100407
R_LN_3DBall_4622,3DBall,4622,ppo,0.0001420823556016,200000,131,24699,3.0,12.0,181,44.9,65.1,-0.3310266014585654,12000,-1.44240227172603,142000,-1.3368626564562796,192000,-0.0380002139313138,36000,-0.4410951502594193,36000,0.7606821080130115,12000,180000,2.5657600000000005,108000.0,96.3,2025-11-21_09-33,1,0.5173631179646357,1,104469.6355095222,83.51218092879417,150576.11276690828
R_LN_3DBall_3468,3DBall,3468,ppo,0.0008551106017669,100000,145,27347,3.0,12.0,101,47.4,64.7,-0.2488944910154729,12000,-1.716705840751375,46000,-1.880650032256388,96000,-0.067908921005296,36000,-0.5959117467879141,36000,0.1871921280097273,12000,84000,2.5657600000000005,96000.0,101.1,2025-11-21_09-33,1,0.5671606219140997,1,94745.4876232408,109.49117170053493,97019.84749254191
R_LN_3DBall_3671,3DBall,3671,ppo,0.0004958621603185,200000,98,18546,3.0,12.0,176,42.9,63.8,0.1103375434458976,12000,0.0290578279633769,142000,0.5834236625996022,192000,0.0381957779000216,24000,-0.5088061452246293,24000,0.2137425900469249,12000,180000,2.5657600000000005,72000.0,58.6,2025-11-21_09-33,1,0.9634264770045896,1,77025.2343064741,63.68722529426204,81522.85472742148
R_AK_3DBall_2807,3DBall,2807,ppo,0.0005622096480453,500000,128,24029,3.0,12.0,213,27.3,83.5,-0.4239049693428087,12000,0.7173596335131767,442000,0.6270461975427244,252000,-0.0365759897849337,36000,-0.5918286717146352,36000,0.983705989125396,12000,480000,2.5657600000000005,108000.0,42.6,2025-11-21_09-33,1,0.985180540337215,1,96251.73628306329,31.568533686644987,102235.0673911359
R_LN_3DBall_4335,3DBall,4335,ppo,0.0004243006033182,200000,129,24285,3.0,12.0,178,44.4,63.4,-0.600450627304593,12000,-0.7977764680956377,142000,-0.0236765996731947,192000,-0.0244700845407029,36000,-0.6231322472764407,36000,0.0438196330089122,12000,180000,2.5657600000000005,84000.0,71.1,2025-11-21_09-33,1,0.9435419500672335,1,93184.17554991688,76.4930664950021,99214.7887003293
R_LN_3DBall_3932,3DBall,3932,ppo,0.0001760951840592,200000,60,11412,3.0,12.0,194,43.9,59.6,0.7850489927868067,12000,0.7173596335131767,142000,0.6270461975427244,120000,0.2183601324171047,12000,1.1751220662468451,12000,-0.2269950797704183,12000,180000,2.5657600000000005,48000.0,38.9,2025-11-21_09-33,1,0.9512669294531653,1,57360.83119775115,47.469002696160274,64312.075873733
R_LN_3DBall_3757,3DBall,3757,ppo,0.0004713254389206,200000,47,8982,3.0,12.0,204,42.7,51.5,2.1812948703193573,12000,0.6111893022610528,142000,0.6270461975427244,96000,0.2995409087607705,12000,2.0162355313423155,12000,-1.039439218108387,12000,180000,2.5657600000000005,36000.0,27.1,2025-11-21_09-33,1,0.999821978213045,1,40275.17723034883,32.236799424411096,40303.61172871936
R_LN_3DBall_3618,3DBall,3618,ppo,0.0004600435084488,200000,54,10243,3.0,12.0,200,42.6,62.9,0.8994198755533537,12000,0.6783025401433539,142000,0.6270461975427244,168000,0.251117287783847,12000,1.2666509991395154,12000,-0.9969584788488892,12000,180000,2.5657600000000005,48000.0,40.0,2025-11-21_09-33,1,0.997115415868011,1,49898.8208747282,40.110175289958015,50331.800354225794
R_AK_3DBall_2577,3DBall,2577,ppo,0.0004292655657585,500000,113,21197,3.0,12.0,217,33.2,84.5,-0.1575513027656797,12000,0.7173596335131767,442000,0.6270461975427244,228000,-0.0059551706377615,24000,-0.5302422893593438,24000,-0.0623822151398427,12000,480000,2.5657600000000005,96000.0,37.9,2025-11-21_09-33,1,0.9996296652857561,1,83934.22263998327,31.091503445993673,84088.30624074854
R_AK_3DBall_2382,3DBall,2382,ppo,0.000128381679988,500000,166,31142,3.0,12.0,218,28.0,83.3,-0.222796437229819,12000,-0.9167580623624432,442000,-0.868922844811577,492000,-0.0835753866154772,36000,0.0675879526199207,36000,0.6704105370865681,12000,480000,2.5657600000000005,252000.0,108.9,2025-11-21_09-33,1,0.7809439906291388,1,124874.75864579469,46.79189224922966,207048.19703112805
R_AP_3DBall_1326,3DBall,1326,ppo,0.0004100721181845,500000,180,33888,3.0,12.0,413,62.9,89.9,-0.7363140249534452,12000,0.7173596335131767,442000,0.6270461975427244,288000,-0.1120598695430792,36000,-0.8844490519662958,36000,0.5270380420857529,12000,480000,2.5657600000000005,108000.0,82.6,2025-11-21_09-33,1,0.9913096583008466,1,117594.37989461768,90.82265648704556,120917.6154010101
R_AK_3DBall_2141,3DBall,2141,ppo,0.0002081320060876,500000,101,19108,3.0,12.0,236,41.4,83.9,-0.3793847599437497,12000,0.7173596335131767,442000,0.6270461975427244,168000,0.0488774589978724,24000,-0.6336801912157448,24000,0.6226197054196217,12000,480000,2.5657600000000005,72000.0,29.5,2025-11-21_09-33,1,0.9929269768422981,1,86611.1810624583,40.55705190380714,89535.08975193855
R_AK_3DBall_2055,3DBall,2055,ppo,0.0005385917769596,500000,142,26681,3.0,12.0,213,26.8,82.6,-0.8959727069362763,12000,0.7173596335131767,442000,0.6270461975427244,300000,-0.0444092225900243,36000,-0.5581433023600835,36000,0.4951774876411181,12000,480000,2.5657600000000005,120000.0,47.9,2025-11-21_09-33,1,0.9508917795519632,1,105116.18354009575,39.325983299158416,124508.22505017082
R_LN_3DBall_3589,3DBall,3589,ppo,0.0002132276741184,200000,144,27017,3.0,12.0,198,42.8,63.0,-0.527529594668203,12000,-1.2669060963993042,142000,-1.194584652790044,192000,-0.0515303433219248,36000,-0.5224163954688925,36000,0.5376582269006271,12000,180000,2.5657600000000005,96000.0,92.3,2025-11-21_09-33,1,0.22015227401587148,0,108873.77006840431,98.8906349555131,179938.35325806602
R_LN_3DBall_3957,3DBall,3957,ppo,0.0006330709078114,200000,66,12494,3.0,12.0,184,43.8,59.4,0.4334928564976867,12000,0.6953552525143212,142000,0.6270461975427244,156000,0.1613911665619005,24000,0.8525591354578054,24000,-0.0411418455100941,12000,180000,2.5657600000000005,48000.0,36.7,2025-11-21_09-33,1,0.9804452830325024,1,53898.16847517255,42.98940215997159,56755.14843907356
R_AK_3DBall_2499,3DBall,2499,ppo,0.0003144206225058,500000,34,6426,3.0,12.0,324,54.3,83.6,3.2728075904135223,12000,0.7173596335131767,442000,0.6270461975427244,132000,0.4270089698617899,12000,1.6644105625281096,12000,-2.1226980692256854,12000,480000,2.5657600000000005,36000.0,16.2,2025-11-21_09-33,1,0.999999999384001,1,33963.85092361818,16.23479624295879,33963.851210696
R_AK_3DBall_2378,3DBall,2378,ppo,0.0007368816339409,500000,76,14390,3.0,12.0,216,26.4,83.0,-0.0784895515914893,12000,0.7173596335131767,442000,0.6270461975427244,168000,0.1172402180241173,24000,-0.3117977729389182,24000,0.3836655470849259,12000,480000,2.5657600000000005,72000.0,27.0,2025-11-21_09-33,1,0.9992485472408975,1,66836.35584297132,21.544972495394454,67161.857858516
R_AK_3DBall_2575,3DBall,2575,ppo,0.0003727777780052,500000,132,24840,3.0,12.0,271,48.3,84.4,-0.426207738794484,12000,0.7173596335131767,442000,0.6270461975427244,216000,-0.0522424553951149,36000,-0.5979532843245536,36000,0.3518049926403029,12000,480000,2.5657600000000005,84000.0,40.7,2025-11-21_09-33,1,0.9991380621809944,1,91181.30220167772,45.328733429430045,91533.67849842671
R_AP_3DBall_1008,3DBall,1008,ppo,0.0004093762505073,500000,101,19068,3.0,12.0,450,65.8,89.1,-0.0262934440201796,12000,0.7173596335131767,442000,0.6270461975427244,156000,0.0460290107051122,24000,-0.5714132963482402,24000,0.1022306494907328,12000,480000,2.5657600000000005,72000.0,56.2,2025-11-21_09-33,1,0.9997526655865475,1,70530.76689156579,55.712873631396825,70636.98941243255
R_LN_3DBall_3530,3DBall,3530,ppo,7.441404179007342e-05,200000,136,25575,3.0,12.0,184,42.9,66.7,-0.8399386502788395,12000,-1.7294277055360645,142000,-1.9120034875010188,192000,-0.0308790931994133,36000,-0.1974716708871066,36000,0.6438600750493823,12000,180000,2.5657600000000005,,,2025-11-21_09-33,0,0.02204090186256682,0,112551.68262538676,102.7772415349592,198072.56021869954
R_AK_3DBall_2185,3DBall,2185,ppo,0.0005410778727008,500000,42,7959,3.0,12.0,266,44.1,83.2,1.5511036303775074,12000,0.7173596335131767,442000,0.6270461975427244,132000,0.3436918572985538,12000,2.700490862372652,12000,-2.106767792003374,12000,480000,2.5657600000000005,36000.0,13.3,2025-11-21_09-33,1,0.9999990674071946,1,36564.69054017991,15.624176961177737,36565.122736615296
R_LN_3DBall_3158,3DBall,3158,ppo,0.0006574710408643,100000,188,35282,3.0,12.0,88,42.4,56.6,-0.1222421711733232,12000,-1.7281264646328482,46000,-1.9048400777905503,96000,-0.12345366271412,36000,-0.7711437186828038,36000,0.564208688937813,12000,84000,2.5657600000000005,,,2025-11-21_09-33,0,0.09817845310042288,0,123631.67372936352,149.9175478233325,102320.12117092282
R_AK_3DBall_2168,3DBall,2168,ppo,4.328495481705952e-05,500000,103,19380,3.0,12.0,220,27.0,83.7,-0.3594274246958946,12000,-0.0099347000181182,442000,0.2234919787924364,468000,0.029650433021741,24000,-0.1753550142401788,24000,0.6491701674568193,12000,480000,2.5657600000000005,192000.0,82.4,2025-11-21_09-33,1,0.8598095852170374,1,95311.0134093096,34.89992993566319,152044.53029755526
R_AK_3DBall_2651,3DBall,2651,ppo,0.0006055485990784,500000,175,32827,3.0,12.0,215,33.5,84.7,-0.6656957617687305,12000,0.6768001532226555,442000,0.6270461975427244,276000,-0.0971055160060881,36000,-0.8017667817323962,36000,0.7182013687535025,12000,480000,2.5657600000000005,108000.0,43.0,2025-11-21_09-33,1,0.9898544989312047,1,119723.48531062221,46.56827267511692,123581.58109684105
R_LN_3DBall_4625,3DBall,4625,ppo,0.0002594527084297,200000,169,31804,3.0,12.0,179,44.6,65.4,-0.1099607340977204,12000,-1.5599510110287975,142000,-1.6830296602654322,180000,-0.0899843952741876,36000,-0.7476660370114497,36000,0.8137830320873831,12000,180000,2.5657600000000005,108000.0,95.3,2025-11-21_09-33,1,0.7061270365825544,1,124402.71403737346,99.90467422768985,146618.71248952657
R_AP_3DBall_1108,3DBall,1108,ppo,0.0006484928038766,500000,111,20964,3.0,12.0,451,66.7,89.5,-0.4008772748260533,12000,0.6949281276376928,442000,0.6270461975427244,180000,0.0175445277775101,24000,-0.2348998590588307,24000,-0.3916079444009822,12000,480000,2.5657600000000005,60000.0,45.1,2025-11-21_09-33,1,0.9999001380180033,1,67795.82741057192,53.21501567501001,67838.98817587396
R_AK_3DBall_2714,3DBall,2714,ppo,0.0004292220338011,500000,82,15504,3.0,12.0,244,48.7,83.0,-0.2220288474125922,12000,0.7173596335131767,442000,0.6270461975427244,192000,0.1001495282675561,24000,-0.0460576369196777,24000,-0.4553290532902398,12000,480000,2.5657600000000005,60000.0,24.4,2025-11-21_09-33,1,0.9999702949183116,1,63135.907470911254,30.028322255336096,63148.884554466575
R_AK_3DBall_2366,3DBall,2366,ppo,0.0002647593118685,500000,139,26074,3.0,12.0,244,45.3,83.7,-0.1214745813560981,12000,0.680224602088181,442000,0.6270461975427244,300000,-0.0323033173457934,36000,-0.4108123434659335,36000,0.3305646230105543,12000,480000,2.5657600000000005,84000.0,36.6,2025-11-21_09-33,1,0.9982288727720089,1,95116.22773131132,46.864510081977315,95833.32840454814
R_AK_3DBall_2956,3DBall,2956,ppo,0.0007258260413784,500000,146,27524,3.0,12.0,213,33.2,84.6,-0.5659090855294615,12000,0.6990652790589877,442000,0.6270461975427244,228000,-0.0572272399074452,36000,-0.5976130280684471,36000,0.6863408143088795,12000,480000,2.5657600000000005,96000.0,37.2,2025-11-21_09-33,1,0.9973299137942102,1,99414.91653243062,35.37331745495679,100484.51323804253
R_AK_3DBall_2860,3DBall,2860,ppo,0.0002535874342213,500000,39,7356,3.0,12.0,270,53.3,84.3,1.667009692778506,12000,0.6800333892073649,442000,0.6270461975427244,180000,0.3807216851044365,12000,2.368741012668734,12000,-0.7102134888472472,12000,480000,2.5657600000000005,36000.0,13.5,2025-11-21_09-33,1,0.999989113437689,1,39996.540869494616,18.948854970684526,40001.5487258157
R_LN_3DBall_3372,3DBall,3372,ppo,0.0003742791644454,100000,118,22133,3.0,12.0,95,41.9,58.2,-0.500663951065324,12000,-1.7060500683931656,46000,-1.8632494963578128,96000,-0.0095157310037117,24000,-0.5785586777264784,24000,0.3942857318998002,12000,84000,2.5657600000000005,84000.0,81.5,2025-11-21_09-33,1,0.06213722613317823,0,93446.25285895678,107.2525571492818,99592.76833187733
R_AK_3DBall_2034,3DBall,2034,ppo,0.000256304435196,500000,135,25497,3.0,12.0,226,39.4,83.9,-0.1421995064211767,12000,0.7173596335131767,442000,0.6270461975427244,252000,-0.0444092225900243,36000,-0.5727743213726666,36000,0.6013793357898731,12000,480000,2.5657600000000005,96000.0,39.5,2025-11-21_09-33,1,0.990312306329244,1,102013.27822394871,46.91376632834887,105868.85166954348
R_AP_3DBall_1131,3DBall,1131,ppo,0.0004051674465986,500000,58,10897,3.0,12.0,508,61.9,87.1,1.48892885518227,12000,0.6956308970567964,442000,0.6270461975427244,108000,0.1977088822945932,12000,2.112868308076585,12000,-1.8147127095942948,12000,480000,2.5657600000000005,36000.0,25.4,2025-11-21_09-33,1,0.9999975406015918,1,40415.89738658449,27.183563919464437,40417.027686994865
R_LN_3DBall_3421,3DBall,3421,ppo,3.864592679012569e-05,100000,131,24607,3.0,12.0,105,50.4,72.5,-0.3195127542001877,12000,-1.7375182453503373,46000,-1.920843000995434,36000,-0.0479697829559745,36000,0.6946802326243514,36000,0.7235114611609397,12000,84000,2.5657600000000005,,,2025-11-21_09-33,0,0.0004702231134645802,0,108288.92458353138,134.84644731411723,100003.89764392494
U_OE_3DBall_10,3DBall,10,sac,0.0003,500000,64,200000,3.0,12.0,523,55.5,73.7,-3.3868016638318936,12000,0.6530996891381193,442000,0.6270461975427244,72000,-18.965939119322883,12000,-1.4057216363215792,12000,-8.877135611486498,12000,480000,2.5657600000000005,48000.0,39.2,2025-11-21_09-33,1,0.9612127973127427,1,51346.05192441433,45.404619173235666,68748.08354486029
R_AK_3DBall_2399,3DBall,2399,ppo,0.0001479694978062,500000,137,25696,3.0,12.0,253,45.8,83.5,-0.9504715839592628,12000,0.6819827672780232,442000,0.6270461975427244,228000,-0.0522424553951149,36000,-0.6081609720077511,36000,0.6491701674568193,12000,480000,2.5657600000000005,84000.0,37.9,2025-11-21_09-33,1,0.9686953041955104,1,103908.62722338548,53.346275208768645,116308.14715894008
R_LN_3DBall_4359,3DBall,4359,ppo,0.0008280480489802,200000,108,20377,3.0,12.0,175,45.4,63.9,-0.5728173938844872,12000,0.2163669860698743,142000,0.6270461975427244,180000,0.0132718553383698,24000,-0.6040778969344721,24000,0.0119590785642892,12000,180000,2.5657600000000005,72000.0,58.4,2025-11-21_09-33,1,0.9932600027517263,1,74070.26676245434,58.387330020189566,74919.03281795123
R_AK_3DBall_2197,3DBall,2197,ppo,0.0001515773648528,500000,96,18021,3.0,12.0,238,39.5,83.0,0.421979009239309,12000,0.7173596335131767,442000,0.6270461975427244,192000,0.0517259072906326,24000,-0.4366718189300339,24000,0.4526967483816208,12000,480000,2.5657600000000005,84000.0,35.7,2025-11-21_09-33,1,0.9988878251720344,1,79132.51914104458,34.76046570087775,79600.59735916519
R_AK_3DBall_2506,3DBall,2506,ppo,0.0005701995254493,500000,111,20894,3.0,12.0,215,28.1,83.8,-0.7539685907496234,12000,0.7173596335131767,442000,0.6270461975427244,204000,-0.0038188344181914,24000,-0.4693364195162657,24000,0.7606821080130115,12000,480000,2.5657600000000005,96000.0,37.6,2025-11-21_09-33,1,0.9764450910458381,1,88510.13619475534,30.538135129155112,98202.74247224836
R_AK_3DBall_2229,3DBall,2229,ppo,0.0001791965433492,500000,119,22323,3.0,12.0,233,42.3,84.0,-0.6488087857897773,12000,0.6796137141832361,442000,0.6270461975427244,216000,-0.0159247396624222,24000,-0.7071755425347664,24000,0.6438600750493823,12000,480000,2.5657600000000005,96000.0,40.7,2025-11-21_09-33,1,0.9846005448957784,1,94961.68074966359,45.60908718431313,101199.05016244852
R_AK_3DBall_2677,3DBall,2677,ppo,0.0004687778385275,500000,36,6915,3.0,12.0,331,47.1,84.9,4.003553096411868,12000,-1.7623535702989384,442000,0.6270461975427244,108000,0.4312816423009301,12000,3.04210814350366,12000,-2.2342100097818776,12000,480000,2.5657600000000005,36000.0,16.5,2025-11-21_09-33,1,0.9999999985810015,1,31068.805901088865,11.893039502686465,31068.806566501513
R_AK_3DBall_2428,3DBall,2428,ppo,0.0002476536926259,500000,168,31637,3.0,12.0,241,43.3,83.9,-0.8000239797831326,12000,0.7173596335131767,442000,0.6270461975427244,264000,-0.0899843952741876,36000,-0.875942645563631,36000,0.5482784117155015,12000,480000,2.5657600000000005,108000.0,48.2,2025-11-21_09-33,1,0.9871379285118661,1,123566.82327792673,60.89196229733832,128408.53370743137
R_LN_3DBall_4532,3DBall,4532,ppo,0.0006572183664213,200000,113,21209,3.0,12.0,201,44.8,65.5,-0.5198536964959524,12000,-0.081403618328361,142000,0.3312989741759,168000,-0.0066672827109516,24000,-0.4485807878937641,24000,-0.3703675747712335,12000,180000,2.5657600000000005,72000.0,66.9,2025-11-21_09-33,1,0.995260240010316,1,77125.41775081509,59.16752891656268,77707.81377950891
R_AK_3DBall_2486,3DBall,2486,ppo,0.0005406810403078,500000,112,21166,3.0,12.0,254,48.4,83.4,-0.2872739818767315,12000,0.7173596335131767,442000,0.6270461975427244,204000,0.01540819155794,24000,-0.5384084395059018,24000,0.0066489861568521,12000,480000,2.5657600000000005,72000.0,31.7,2025-11-21_09-33,1,0.9999103371139376,1,76499.63812591477,37.62703401565738,76537.61039060887
R_LN_3DBall_3649,3DBall,3649,ppo,8.746216831500958e-05,200000,185,34693,3.0,12.0,176,43.7,63.5,-0.1153338628182976,12000,-1.6984288692863507,142000,-1.8699126535543036,192000,-0.1141962057626494,36000,-0.3121380291950248,36000,0.7500619231981372,12000,180000,2.5657600000000005,156000.0,141.1,2025-11-21_09-33,1,0.0804964761489361,0,136402.63253634467,127.51818591412076,194880.63602682675
R_AK_3DBall_2768,3DBall,2768,ppo,0.0004741269617434,500000,87,16334,3.0,12.0,277,49.4,84.7,0.2485037105464251,12000,0.7173596335131767,442000,0.6270461975427244,156000,0.0866193988769451,24000,0.9447685808626888,24000,-0.66773274958775,12000,480000,2.5657600000000005,60000.0,27.7,2025-11-21_09-33,1,0.9999627147973487,1,57848.61458903989,26.734142709637677,57865.10029304751
R_AK_3DBall_2272,3DBall,2272,ppo,0.0007287497879564,500000,37,7007,3.0,12.0,238,31.5,83.7,2.1605699452542773,12000,0.6799961399448685,442000,0.6270461975427244,96000,0.402085047300138,12000,2.9254002476591023,12000,-1.294323653665394,12000,480000,2.5657600000000005,36000.0,11.9,2025-11-21_09-33,1,0.9999939175018658,1,35996.382921170996,11.574814434247614,35999.20522230612
R_LN_3DBall_3846,3DBall,3846,ppo,0.0007736425224034,200000,106,19934,3.0,12.0,170,42.9,52.0,-0.4093207628155307,12000,0.227437466883879,142000,0.5978226834143088,192000,0.0125597432651797,24000,-0.6200699409714815,24000,-0.1579638784737234,12000,180000,2.5657600000000005,72000.0,56.8,2025-11-21_09-33,1,0.9957168185871162,1,68688.48234127113,59.27503241685793,69250.91339300456
R_AK_3DBall_2519,3DBall,2519,ppo,0.0008799244654622,500000,107,20096,3.0,12.0,216,33.2,85.0,-0.2696194160805532,12000,0.7173596335131767,442000,0.6270461975427244,156000,0.01540819155794,24000,-0.506424351431883,24000,-0.3225767431042872,12000,480000,2.5657600000000005,72000.0,27.0,2025-11-21_09-33,1,0.9999609299564886,1,71324.1080922562,25.438697038286726,71340.85647800534
R_LN_3DBall_3102,3DBall,3102,ppo,0.0004299644608964,100000,126,23689,3.0,12.0,94,40.9,55.8,-0.471495538010768,12000,-1.7239247478232258,46000,-1.900043842347256,96000,-0.0294548690530332,24000,-0.5567822773356573,24000,0.7500619231981372,12000,84000,2.5657600000000005,,,2025-11-21_09-33,0,0.015658790324977655,0,97588.10291788485,115.24575438370276,99962.23260930573
R_AP_3DBall_1209,3DBall,1209,ppo,0.0007946425206887,500000,173,32441,3.0,12.0,434,62.6,87.5,-0.5083398492375747,12000,0.7173596335131767,442000,0.6270461975427244,300000,-0.0899843952741876,36000,-0.9579444032853172,36000,0.5588985965303759,12000,480000,2.5657600000000005,108000.0,86.7,2025-11-21_09-33,1,0.9990069168407124,1,97445.83683943404,73.97926624025446,97845.6065995699
R_AK_3DBall_2319,3DBall,2319,ppo,0.0008849099328638,500000,82,15510,3.0,12.0,257,48.2,83.8,-0.3010905985867844,12000,0.7058123621392145,442000,0.6270461975427244,108000,0.0958768558284157,24000,0.3357098824319072,24000,-0.9279272775521944,12000,480000,2.5657600000000005,48000.0,19.3,2025-11-21_09-33,1,0.9999932385371382,1,53839.57216343819,25.47342067529846,53842.58886060143
R_AK_3DBall_2681,3DBall,2681,ppo,0.0004875566451141,500000,133,25042,3.0,12.0,225,46.4,84.6,-0.1613892518518068,12000,0.6846945135877794,442000,0.6270461975427244,192000,-0.0444092225900243,36000,-0.3849528680018332,36000,0.4473866559741836,12000,480000,2.5657600000000005,84000.0,33.7,2025-11-21_09-33,1,0.999351917528187,1,87974.89635788326,40.85402964842973,88241.92260550066
R_AK_3DBall_2680,3DBall,2680,ppo,0.0002311598864982,500000,57,10694,3.0,12.0,226,34.8,84.4,-0.3885958377504505,12000,0.7173596335131767,442000,0.6270461975427244,132000,0.209814787538824,12000,-0.1576616889226366,12000,-0.1314134164365376,12000,480000,2.5657600000000005,60000.0,22.6,2025-11-21_09-33,1,0.9994044958292903,1,64523.535268752705,24.46612707503059,64782.8633197461
R_AP_3DBall_1180,3DBall,1180,ppo,0.0001494930454195,500000,65,12342,3.0,12.0,474,62.8,86.7,0.1272245194248508,12000,0.7173596335131767,442000,0.6270461975427244,144000,0.1742091838793215,24000,0.5885202807190978,24000,0.2880838837510452,12000,480000,2.5657600000000005,48000.0,35.5,2025-11-21_09-33,1,0.9954219186054719,1,59232.63448532801,43.975625659800706,61250.50336070589
R_LN_3DBall_4514,3DBall,4514,ppo,0.0001601774678521,200000,155,29076,3.0,12.0,178,44.4,64.9,-0.2588731586394006,12000,-1.7215929439909352,142000,-1.9032258609155488,192000,-0.0671968089321059,36000,0.4146493338486343,36000,0.7713022928278859,12000,180000,2.5657600000000005,,,2025-11-21_09-33,0,0.09911791888682647,0,110213.19663986028,89.84540286875216,191100.51890744222
R_LN_3DBall_4130,3DBall,4130,ppo,0.0003984442820575,200000,116,21910,3.0,12.0,179,43.6,61.0,-0.8330303419238139,12000,-1.6278812494018586,142000,-1.757342944803225,192000,0.0089991828992295,24000,-0.5710730400921337,24000,0.3305646230105543,12000,180000,2.5657600000000005,120000.0,107.1,2025-11-21_09-33,1,0.7513248444228652,1,89868.22206000409,76.00453694936441,117255.25907321903
R_AK_3DBall_2053,3DBall,2053,ppo,8.762159478465068e-05,500000,115,21671,3.0,12.0,226,40.3,81.9,-0.2366130539398702,12000,0.7173596335131767,442000,0.6270461975427244,216000,-0.0109399551500919,24000,-0.4281654125273693,24000,0.6597903522716937,12000,480000,2.5657600000000005,96000.0,39.5,2025-11-21_09-33,1,0.978949840429133,1,93551.70272858528,44.32825524779994,102107.50424345574
R_LN_3DBall_3899,3DBall,3899,ppo,0.000852817565896,200000,188,35304,3.0,12.0,176,43.5,58.8,-0.3885958377504505,12000,-1.5741827125866852,142000,-1.6296186792240603,192000,-0.109923533323509,36000,-0.8813867456613365,36000,0.5535885041229387,12000,180000,2.5657600000000005,120000.0,105.9,2025-11-21_09-33,1,0.9193904508413316,1,112618.1842818371,98.98035914501467,119661.99305154405
R_AK_3DBall_2215,3DBall,2215,ppo,0.0005064621364616,500000,138,26041,3.0,12.0,235,38.0,83.2,-0.5444165706471562,12000,0.7173596335131767,442000,0.6270461975427244,216000,-0.0436971105168342,36000,-0.5578030461039769,36000,0.1712618507874159,12000,480000,2.5657600000000005,96000.0,41.1,2025-11-21_09-33,1,0.99782728410519,1,96205.30311965336,42.07753785572136,97082.63427580529
R_LN_3DBall_3884,3DBall,3884,ppo,0.0006440463479344,200000,130,24453,3.0,12.0,206,52.8,58.2,-0.6987021239094118,12000,-0.7821069450053795,142000,-0.2766161323980156,192000,-0.0308790931994133,36000,-0.6915237547538636,36000,-0.0199014758803454,12000,180000,2.5657600000000005,84000.0,82.3,2025-11-21_09-33,1,0.9852532189631737,1,81838.79325274457,83.86016381184082,83581.29069569349
R_LN_3DBall_3816,3DBall,3816,ppo,0.0002927160323491,200000,164,30933,3.0,12.0,173,42.6,51.5,-0.629619040359149,12000,-1.5745403055066531,142000,-1.663357359084308,192000,-0.1028024125916085,36000,-0.8327301010380952,36000,0.6810307219014423,12000,180000,2.5657600000000005,108000.0,92.5,2025-11-21_09-33,1,0.4454709191822897,0,116493.9889527561,109.55698042791711,162800.50050153784
R_AK_3DBall_2351,3DBall,2351,ppo,6.220353589468255e-05,500000,150,28302,3.0,12.0,222,37.2,82.6,-0.4100883526327558,12000,0.6691516379900099,442000,0.6270461975427244,384000,-0.0636362485661556,36000,-0.3288105857442474,36000,0.6597903522716937,12000,480000,2.5657600000000005,156000.0,66.5,2025-11-21_09-33,1,0.9341063153818031,1,117173.7961675352,51.99702528055117,142399.6253064532
R_AK_3DBall_2780,3DBall,2780,ppo,0.0006300061530744,500000,179,33735,3.0,12.0,264,48.6,84.3,-0.5144805677753752,12000,0.7173596335131767,442000,0.6270461975427244,228000,-0.1270142230800703,36000,-0.8619921390632611,36000,0.3093242533808056,12000,480000,2.5657600000000005,84000.0,39.6,2025-11-21_09-33,1,0.9997074905377239,1,111328.28481414718,54.92360391131269,111441.97496855812
R_AK_3DBall_2936,3DBall,2936,ppo,0.0003194926351425,500000,123,23113,3.0,12.0,216,33.5,83.9,-0.4308132776978344,12000,0.7173596335131767,442000,0.6270461975427244,264000,-0.026606420760273,24000,-0.3710023615014634,24000,0.8668839561617666,12000,480000,2.5657600000000005,108000.0,43.2,2025-11-21_09-33,1,0.9824188552594374,1,95892.07804240612,35.046165039641366,102996.75790915055
R_LN_3DBall_4319,3DBall,4319,ppo,0.0008787528341417,200000,173,32506,3.0,12.0,198,44.8,63.0,-0.7079132017161143,12000,-1.311289834306148,142000,-1.1433809715010697,192000,-0.1141962057626494,36000,-0.792920119073625,36000,0.1659517583799787,12000,180000,2.5657600000000005,108000.0,105.5,2025-11-21_09-33,1,0.9729448049033185,1,104309.13392894859,85.85116283213782,106898.06897947131
R_AK_3DBall_2849,3DBall,2849,ppo,0.0002557808999019,500000,73,13722,3.0,12.0,262,49.4,84.5,0.8572024356059699,12000,0.7173596335131767,442000,0.6270461975427244,108000,0.1421641405857691,24000,1.6970751631143417,24000,-0.5456006242166717,12000,480000,2.5657600000000005,48000.0,19.7,2025-11-21_09-33,1,0.999899672500901,1,53482.855195143435,24.197912212599746,53527.653143586555
R_LN_3DBall_3227,3DBall,3227,ppo,0.0004859761098137,100000,88,16560,3.0,12.0,109,39.8,57.6,0.2715314050631788,12000,-1.5887546240753754,46000,-1.526182446784889,96000,0.0723771574131441,24000,0.1427845852194752,24000,0.0544398178237865,12000,84000,2.5657600000000005,60000.0,62.4,2025-11-21_09-33,1,0.31383889688893746,0,71340.65936916709,76.37562637159046,91005.5841508551
R_AP_3DBall_1234,3DBall,1234,ppo,0.0004708843903721,500000,95,17964,3.0,12.0,441,62.4,88.9,-0.3479135774375186,12000,0.7173596335131767,442000,0.6270461975427244,180000,0.0545743555833928,24000,0.0607828274977891,24000,0.4739371180113694,12000,480000,2.5657600000000005,60000.0,44.1,2025-11-21_09-33,1,0.9953468372755746,1,68415.17129204156,49.29919938420307,70423.40572941296
R_LN_3DBall_4121,3DBall,4121,ppo,0.0003386363818484,200000,189,35536,3.0,12.0,176,44.2,60.8,-0.6204079625524465,12000,-1.6356141962961634,142000,-1.773088005887501,192000,-0.12345366271412,36000,-0.8657349578804335,36000,0.5376582269006271,12000,180000,2.5657600000000005,120000.0,105.3,2025-11-21_09-33,1,0.5404824879351815,1,134534.8265892185,120.81206770402244,164617.2202018327
R_LN_3DBall_4355,3DBall,4355,ppo,0.0005523193821711,200000,183,34402,3.0,12.0,169,45.1,63.3,-0.30799890694181,12000,-1.612124811365775,142000,-1.752456457617718,192000,-0.1156204299090295,36000,-0.7939408878419448,36000,0.4792472104188066,12000,180000,2.5657600000000005,120000.0,101.6,2025-11-21_09-33,1,0.8999530567296835,1,120533.18319013501,101.51864504780322,128483.59530338421
R_AP_3DBall_1133,3DBall,1133,ppo,0.0004161622275301,500000,50,9540,3.0,12.0,482,53.6,88.6,0.1794206269961605,12000,0.7173596335131767,442000,0.6270461975427244,132000,0.263935305101268,12000,0.19110097358661,12000,-0.6252520103282408,12000,480000,2.5657600000000005,60000.0,48.2,2025-11-21_09-33,1,0.9999257547697605,1,52665.08004621596,32.347901932943095,52698.292530342085
R_AK_3DBall_2107,3DBall,2107,ppo,0.0008951739512821,500000,126,23634,3.0,12.0,243,44.0,83.7,-0.6050561662079433,12000,0.7173596335131767,442000,0.6270461975427244,276000,-0.0223337483211326,24000,-0.3369767358908052,24000,-0.2163748949555322,12000,480000,2.5657600000000005,84000.0,36.4,2025-11-21_09-33,1,0.9998562673139822,1,74309.25073979406,35.0934058570507,74370.43641459815
R_LN_3DBall_4381,3DBall,4381,ppo,0.0008364925729444,200000,69,13057,3.0,12.0,181,44.3,63.8,-0.1951632038097131,12000,0.6360891925979816,142000,0.6270461975427244,168000,0.1514215975372398,24000,0.7491212336014041,24000,0.0809902798609723,12000,180000,2.5657600000000005,60000.0,48.4,2025-11-21_09-33,1,0.9692714571194864,1,55077.70515901085,41.06423065419723,59530.95611037463
R_AK_3DBall_2035,3DBall,2035,ppo,9.525935843945289e-05,500000,130,24443,3.0,12.0,216,32.0,84.0,-0.2066770510680909,12000,0.6806467603964768,442000,0.6270461975427244,324000,-0.0237579724675128,36000,-0.3727036427819963,36000,0.5854490585675617,12000,480000,2.5657600000000005,156000.0,64.7,2025-11-21_09-33,1,0.9429101195324949,1,105614.05661452346,43.34822946516748,128129.50298046455
R_AP_3DBall_1077,3DBall,1077,ppo,0.0007436168615878,500000,55,10317,3.0,12.0,635,64.4,87.9,0.4442391139388394,12000,0.6799588906823716,442000,0.6270461975427244,156000,0.250405175710657,12000,1.468082702754612,12000,-2.149248531262871,12000,480000,2.5657600000000005,48000.0,47.6,2025-11-21_09-33,1,0.9999994475895896,1,38365.80764646899,27.59611734725842,38366.062658002644
R_AP_3DBall_1309,3DBall,1309,ppo,0.0005051588730657,500000,85,15998,3.0,12.0,431,53.5,90.1,-0.4906852834413964,12000,0.7173596335131767,442000,0.6270461975427244,168000,0.0766498298522844,24000,-0.1249970883364047,24000,0.1022306494907328,12000,480000,2.5657600000000005,60000.0,43.1,2025-11-21_09-33,1,0.9976798028244154,1,66957.72026410767,40.481055586078675,67962.46373845961
R_AP_3DBall_1149,3DBall,1149,ppo,0.0003254434121825,500000,62,11729,3.0,12.0,579,60.9,88.2,0.2354546836535972,12000,0.7046477018651527,442000,0.6270461975427244,132000,0.1891635374163125,12000,1.7930274273363975,12000,-0.6252520103282408,12000,480000,2.5657600000000005,48000.0,43.5,2025-11-21_09-33,1,0.9981834020856435,1,49887.42952631685,34.68248044297292,50705.10308306499
R_LN_3DBall_3889,3DBall,3889,ppo,0.0002959698301658,200000,41,7778,3.0,12.0,198,44.2,59.8,1.4789501875583424,12000,0.6933537254761677,142000,0.6270461975427244,156000,0.3707521160797756,12000,2.9873268862705,12000,0.1181609267130442,12000,180000,2.5657600000000005,36000.0,26.5,2025-11-21_09-33,1,0.6167323228367655,1,43888.535273288486,35.51710655518204,103721.01373764542
R_AK_3DBall_2705,3DBall,2705,ppo,0.0003984145168508,500000,140,26431,3.0,12.0,213,28.8,83.4,-0.4108559424499809,12000,0.7173596335131767,442000,0.6270461975427244,264000,-0.0493940071023547,36000,-0.4448379690765917,36000,0.6013793357898731,12000,480000,2.5657600000000005,120000.0,47.9,2025-11-21_09-33,1,0.9861390871711277,1,106314.73672137859,37.12412862896092,111771.57383769518
R_AK_3DBall_2014,3DBall,2014,ppo,0.0003161008530917,500000,134,25206,3.0,12.0,213,29.1,84.2,-0.2611759280910757,12000,0.7173596335131767,442000,0.6270461975427244,300000,-0.0394244380776939,36000,-0.2985277789507615,36000,0.7075811839386281,12000,480000,2.5657600000000005,120000.0,47.9,2025-11-21_09-33,1,0.928719089430798,1,103711.352585018,39.77024046247105,131959.16822099537
R_AK_3DBall_2699,3DBall,2699,ppo,0.0008347687419273,500000,72,13503,3.0,12.0,219,32.4,83.8,0.028973022820032,12000,0.7173596335131767,442000,0.6270461975427244,144000,0.1599669424155205,24000,0.1808932859034125,24000,0.3942857318998002,12000,480000,2.5657600000000005,60000.0,21.9,2025-11-21_09-33,1,0.999640071680556,1,58341.88821894477,19.73958818909403,58500.85348088692
R_LN_3DBall_3487,3DBall,3487,ppo,0.0003402252794535,200000,176,33181,3.0,12.0,192,51.5,69.1,-0.4169966609877814,12000,-1.5781038182854994,142000,-1.6828723643718615,192000,-0.1020903005184185,36000,-0.8497429138434243,36000,0.5004875800485553,12000,180000,2.5657600000000005,108000.0,102.5,2025-11-21_09-33,1,0.5215660811001355,1,127581.78342186849,132.75938916406506,162229.11457908308
R_LN_3DBall_3017,3DBall,3017,ppo,0.0003581229035572,100000,149,27990,3.0,12.0,92,41.9,66.3,-0.4845445649035942,12000,-1.7343396416172896,46000,-1.9159642496735452,96000,-0.0914086194205677,36000,-0.4285056687834759,36000,0.776612385235323,12000,84000,2.5657600000000005,,,2025-11-21_09-33,0,0.0025279063441579117,0,118582.07935304305,138.00534708874216,100046.97375628419
R_AK_3DBall_2517,3DBall,2517,ppo,0.0008554599246992,500000,67,12682,3.0,12.0,221,32.3,85.0,-0.6917938155543862,12000,0.6801501035631877,442000,0.6270461975427244,132000,0.1507094854640497,24000,0.3482993639078509,24000,-0.1101730468067772,12000,480000,2.5657600000000005,60000.0,22.1,2025-11-21_09-33,1,0.9992353628581319,1,58335.97059552511,20.332308392744597,58673.68331663492
R_AK_3DBall_2691,3DBall,2691,ppo,0.0004049400278563,500000,110,20732,3.0,12.0,217,37.3,84.8,-0.5106426186892499,12000,0.7173596335131767,442000,0.6270461975427244,204000,0.0082870708260395,24000,-0.613945328361563,24000,0.1287811115279186,12000,480000,2.5657600000000005,84000.0,32.5,2025-11-21_09-33,1,0.9992407505361628,1,85367.68760227904,33.906798122902295,85682.49696315659
R_AK_3DBall_2371,3DBall,2371,ppo,0.0006004054419071,500000,65,12304,3.0,12.0,220,27.1,82.7,-0.4500030231284627,12000,0.7173596335131767,442000,0.6270461975427244,120000,0.1571184941227603,24000,0.2247863429411614,24000,-0.8695162610703856,12000,480000,2.5657600000000005,60000.0,22.0,2025-11-21_09-33,1,0.9998568317087916,1,60481.96423578633,20.14875880604792,60544.88928192197
R_AK_3DBall_2585,3DBall,2585,ppo,0.0001449934668862,500000,110,20687,3.0,12.0,230,41.2,84.8,-0.4707279481935429,12000,0.7173596335131767,442000,0.6270461975427244,204000,-0.0002582740522411,24000,-0.7020716986931678,24000,0.6066894281973103,12000,480000,2.5657600000000005,84000.0,34.5,2025-11-21_09-33,1,0.9942267498340017,1,91871.62441061439,40.59729370451559,94227.85162273441
R_AK_3DBall_2011,3DBall,2011,ppo,0.0008774973417153,500000,140,26433,3.0,12.0,251,43.7,84.9,-0.5259944150337529,12000,0.6424414334957438,442000,0.6270461975427244,252000,-0.0358638777117436,36000,-0.193048339557721,36000,0.2721536065287337,12000,480000,2.5657600000000005,72000.0,31.4,2025-11-21_09-33,1,0.9986524273333555,1,84495.36153333118,40.24279464841247,85055.28422699287
R_LN_3DBall_4169,3DBall,4169,ppo,0.0001179675267325,200000,141,26442,3.0,12.0,182,44.1,60.8,-0.4960584121619719,12000,-1.7114189287610164,142000,-1.8862662692432128,180000,-0.0536666795414949,36000,-0.1688901453741537,36000,0.6863408143088795,12000,180000,2.5657600000000005,,,2025-11-21_09-33,0,0.18106749598196048,0,105621.14257444278,92.15772505052868,182911.05661231588
R_LN_3DBall_3246,3DBall,3246,ppo,0.0005392051950058,100000,77,14596,3.0,12.0,108,41.8,57.4,-0.324118293103538,12000,-1.553042514477752,46000,-1.466407428606931,96000,0.1215128904632577,24000,-0.0627301934689001,24000,-0.5137400697720487,12000,84000,2.5657600000000005,60000.0,61.8,2025-11-21_09-33,1,0.670773150343592,1,67453.800815025,75.81207237768139,78168.88344098427
R_AK_3DBall_2056,3DBall,2056,ppo,0.0004863600020942,500000,106,20039,3.0,12.0,215,27.0,82.4,-0.5620711364433345,12000,0.7173596335131767,442000,0.6270461975427244,216000,0.0282262088753609,24000,-0.6295971161424657,24000,0.8403334941245689,12000,480000,2.5657600000000005,96000.0,37.6,2025-11-21_09-33,1,0.9642874212299477,1,89881.15515054116,32.656550003456005,104527.55670231032
R_LN_3DBall_3992,3DBall,3992,ppo,0.0004135736936829,200000,119,22351,3.0,12.0,195,43.3,62.2,-0.6495763756070024,12000,-0.4110297920137332,142000,0.16676231225885,168000,-0.0088036189305217,24000,-0.4911128199070869,24000,-0.0623822151398427,12000,180000,2.5657600000000005,72000.0,64.9,2025-11-21_09-33,1,0.906063926217045,1,87150.43156042327,73.69648715404963,97751.07694773798
R_AK_3DBall_2419,3DBall,2419,ppo,0.000188015150169,500000,130,24468,3.0,12.0,245,43.8,83.4,-0.6726040701237578,12000,0.7139252515109854,442000,0.6270461975427244,204000,-0.0194853000283725,36000,-0.535005876944836,36000,0.426146286344435,12000,480000,2.5657600000000005,84000.0,36.7,2025-11-21_09-33,1,0.9917272947635499,1,98415.4404108387,47.87376472353449,101737.63109982945
R_LN_3DBall_3678,3DBall,3678,ppo,0.0005679922575159,200000,101,19032,3.0,12.0,300,78.6,85.5,-0.2358454641226451,12000,0.4275703044258905,142000,0.5988953898360349,156000,0.0203929760702703,24000,-0.4924738449315132,24000,0.176571943194853,12000,180000,2.5657600000000005,72000.0,100.1,2025-11-21_09-33,1,0.9927380470205219,1,71920.61990440072,99.06133730050665,72850.72634029566
R_LN_3DBall_3936,3DBall,3936,ppo,0.000104164091457,200000,77,14491,3.0,12.0,185,43.9,59.5,-0.1951632038097131,12000,-1.4906301335225285,142000,-1.4258173522021498,192000,0.112967545584977,24000,-0.2141442274363292,24000,0.4686270256039323,12000,180000,2.5657600000000005,108000.0,98.4,2025-11-21_09-33,1,0.6888772191794772,1,74052.77640658473,64.26235531242506,113237.82684759225
R_AK_3DBall_2580,3DBall,2580,ppo,0.0002360367082877,500000,88,16612,3.0,12.0,253,48.0,84.2,-0.0807923210431645,12000,0.7173596335131767,442000,0.6270461975427244,156000,0.0495895710710625,24000,-0.2641618970839967,24000,0.4420765635667465,12000,480000,2.5657600000000005,72000.0,31.6,2025-11-21_09-33,1,0.9991914769303681,1,73093.65828523542,35.126429982550064,73438.82191108394
R_AK_3DBall_2331,3DBall,2331,ppo,0.0003287721456953,500000,131,24670,3.0,12.0,232,39.7,84.0,-0.7585741296529739,12000,0.7173596335131767,442000,0.6270461975427244,240000,-0.0308790931994133,36000,-0.5809404715192246,36000,0.4898673952336809,12000,480000,2.5657600000000005,84000.0,34.8,2025-11-21_09-33,1,0.9878479164634162,1,98868.60127965987,44.60380624475269,103743.18354605616
R_AK_3DBall_2333,3DBall,2333,ppo,0.000257278218335,500000,142,26761,3.0,12.0,214,27.1,84.2,-0.6495763756070024,12000,0.7173596335131767,442000,0.6270461975427244,336000,-0.0607878002733954,36000,-0.2835565036820718,36000,0.5535885041229387,12000,480000,2.5657600000000005,144000.0,58.8,2025-11-21_09-33,1,0.8853180032717998,1,113268.10686347877,41.064667291618065,157619.29256685197
R_AK_3DBall_2018,3DBall,2018,ppo,0.0002840070609391,500000,123,23101,3.0,12.0,225,37.8,84.0,-0.4300456878806093,12000,0.7173596335131767,442000,0.6270461975427244,228000,-0.0173489638088023,24000,-0.6037376406783656,24000,0.5111077648634296,12000,480000,2.5657600000000005,84000.0,33.7,2025-11-21_09-33,1,0.9880640188804464,1,94843.58433223759,42.64386846627352,99679.52366011402
R_LN_3DBall_4633,3DBall,4633,ppo,0.0007378199670047,200000,123,23118,3.0,12.0,172,44.7,65.5,-0.2005363325302886,12000,-0.2944371171150463,142000,0.3872344253780167,180000,-0.0294548690530332,24000,-0.5343253644326227,24000,-0.1845143405109092,12000,180000,2.5657600000000005,84000.0,68.9,2025-11-21_09-33,1,0.9975519586284473,1,79616.69802990841,59.345158681685525,79911.40133357533
R_AK_3DBall_2230,3DBall,2230,ppo,0.0008613651931387,500000,96,18170,3.0,12.0,241,43.9,84.2,-0.3325617810930155,12000,0.7173596335131767,442000,0.6270461975427244,180000,0.0645439246080535,24000,-0.6357217287523842,24000,0.4420765635667465,12000,480000,2.5657600000000005,72000.0,30.1,2025-11-21_09-33,1,0.9998272447650977,1,68166.81573909322,30.806551756215274,68241.41718227883
R_LN_3DBall_3144,3DBall,3144,ppo,0.0003105172638693,100000,63,11933,3.0,12.0,98,40.9,56.0,-0.0623701654297612,12000,-1.6034209003623905,46000,-1.6044977514345056,96000,0.1991331064409732,12000,-0.0287045678582421,12000,0.0916104646758466,12000,84000,2.5657600000000005,60000.0,56.0,2025-11-21_09-33,1,0.19688884062044743,0,67238.15320186142,77.14001954830512,93549.55796732978
R_LN_3DBall_3346,3DBall,3346,ppo,7.340666821328078e-05,100000,129,24310,3.0,12.0,96,41.9,57.7,-0.3486811672547436,12000,-1.737851005428641,46000,-1.9212426872823751,96000,-0.0365759897849337,36000,-0.1018596629211571,36000,0.6544802598642565,12000,84000,2.5657600000000005,,,2025-11-21_09-33,0,0.003685711177205906,0,107397.48477147758,126.67021842331567,100027.26499230544
R_AK_3DBall_2873,3DBall,2873,ppo,0.0008319735266581,500000,179,33661,3.0,12.0,214,33.1,84.6,-0.6879558664682609,12000,0.7173596335131767,442000,0.6270461975427244,300000,-0.0864238349082373,36000,-0.8851295644785088,36000,0.4420765635667465,12000,480000,2.5657600000000005,108000.0,42.8,2025-11-21_09-33,1,0.9988404940085709,1,115103.8482637266,42.53178030294558,115550.13765774282
R_AP_3DBall_1199,3DBall,1199,ppo,0.0003520633281354,500000,34,6474,3.0,12.0,545,53.8,87.2,0.2193352974918691,12000,0.7173596335131767,442000,0.6270461975427244,108000,0.4483723320574914,12000,2.4027666382793926,12000,-1.7456815082976116,12000,480000,2.5657600000000005,48000.0,40.9,2025-11-21_09-33,1,0.9998423015638043,1,40271.91148119558,25.13240404163968,40344.409881830245
R_AK_3DBall_2339,3DBall,2339,ppo,0.000542304506617,500000,78,14733,3.0,12.0,231,41.1,83.8,0.4864565538862215,12000,0.667388506231835,442000,0.6270461975427244,132000,0.1029979765603163,24000,-0.1062829942505427,24000,-0.2588556342150413,12000,480000,2.5657600000000005,60000.0,23.1,2025-11-21_09-33,1,0.9999773274695503,1,61258.8384659435,25.591808310069705,61268.785838287935
R_LN_3DBall_3320,3DBall,3320,ppo,0.0002642685757634,100000,176,33136,3.0,12.0,95,40.7,58.2,-0.7931156714281054,12000,-1.730751295996779,46000,-1.9117378895167931,84000,-0.1170446540554095,36000,-0.6986691361321019,36000,0.776612385235323,12000,84000,2.5657600000000005,,,2025-11-21_09-33,0,0.002436541349764523,0,140272.13137685697,167.3495164526938,100098.12471334286
R_LN_3DBall_3365,3DBall,3365,ppo,0.0005624896885359,100000,91,17231,3.0,12.0,94,41.3,57.6,-0.9604502515831888,12000,-1.7192189243278155,46000,-1.88351745903754,96000,0.056710691802963,24000,-0.6551163353504594,24000,-0.0995528619919029,12000,84000,2.5657600000000005,96000.0,94.1,2025-11-21_09-33,1,0.2892940831550398,0,79028.69898886739,88.64165077358312,93933.12670141603
R_AP_3DBall_1240,3DBall,1240,ppo,0.0004668252339707,500000,135,25319,3.0,12.0,401,52.7,88.1,-0.9028810152913018,12000,0.7038729172052224,442000,0.6270461975427244,264000,-0.0429849984436441,36000,-0.7177234864740705,36000,0.3093242533808056,12000,480000,2.5657600000000005,108000.0,80.1,2025-11-21_09-33,1,0.9899888052039791,1,92576.11771647503,59.30888825708128,96654.91756656647
R_AK_3DBall_2048,3DBall,2048,ppo,0.0001101893014954,500000,63,11829,3.0,12.0,244,44.5,82.1,0.640742107148477,12000,0.7173596335131767,442000,0.6270461975427244,120000,0.1905877615626927,12000,1.0226872635110962,12000,0.0863003722684095,12000,480000,2.5657600000000005,48000.0,18.3,2025-11-21_09-33,1,0.9978031954183267,1,58268.2584179421,28.105853161467525,59238.656731720075
R_AK_3DBall_2430,3DBall,2430,ppo,0.0007944401849507,500000,36,6860,3.0,12.0,330,48.9,84.2,5.512634677076516,12000,0.642784126710713,442000,0.6270461975427244,84000,0.4177515129103192,12000,3.836946757768635,12000,-2.574055923857891,12000,480000,2.5657600000000005,24000.0,8.2,2025-11-21_09-33,1,0.9999999999750397,1,24104.058062168257,8.830704311277367,24104.05807404674
R_LN_3DBall_3433,3DBall,3433,ppo,7.640907404785448e-05,100000,54,10138,3.0,12.0,121,44.0,68.5,1.7890564737173038,12000,-1.0481064117781371,46000,-0.3495343828633233,96000,0.2546778481497973,12000,1.3915250451306311,12000,0.3093242533808056,12000,84000,2.5657600000000005,36000.0,34.6,2025-11-21_09-33,1,0.18514628276145628,0,60492.84749024356,62.60988789522127,92685.39757032866
R_AK_3DBall_2434,3DBall,2434,ppo,0.0007276253298747,500000,159,29825,3.0,12.0,219,38.9,84.1,-0.3463783978030684,12000,0.6802643346348445,442000,0.6270461975427244,252000,-0.0835753866154772,36000,-0.7942811440980514,36000,0.7288215535683767,12000,480000,2.5657600000000005,96000.0,38.3,2025-11-21_09-33,1,0.9980853815209926,1,101204.60150809675,43.087427405155516,101968.14254739248
R_LN_3DBall_3611,3DBall,3611,ppo,0.0007693465229852,200000,32,6017,3.0,12.0,218,43.5,62.8,5.811994705794324,12000,0.6367720957437536,142000,0.6270461975427244,120000,0.4839779357169939,12000,2.0825855012830994,12000,-3.444911078677692,12000,180000,2.5657600000000005,24000.0,14.5,2025-11-21_09-33,1,0.9999999999918643,1,26026.00544894135,17.470405745033567,26026.00545035675
R_AP_3DBall_1237,3DBall,1237,ppo,0.0001385674108922,500000,71,13330,3.0,12.0,490,61.8,87.4,0.2431305818258496,12000,0.6809124718022862,442000,0.6270461975427244,156000,0.1464368130249095,24000,0.8716134857997737,24000,0.4049059167146746,12000,480000,2.5657600000000005,60000.0,49.0,2025-11-21_09-33,1,0.9885097830956541,1,59614.581386762206,42.91230728810363,64674.70536813949
R_AK_3DBall_2640,3DBall,2640,ppo,7.767658355494472e-05,500000,93,17599,3.0,12.0,221,33.1,84.4,-0.3594274246958946,12000,0.7173596335131767,442000,0.6270461975427244,312000,0.0723771574131441,24000,-0.3407195547079777,24000,0.6385499826419451,12000,480000,2.5657600000000005,132000.0,55.2,2025-11-21_09-33,1,0.9803309694596302,1,88542.31351248402,33.54813483897726,96635.28731407688
R_LN_3DBall_3019,3DBall,3019,ppo,0.000329770812606,100000,68,12919,3.0,12.0,99,40.7,66.0,0.0013397893999261,12000,-1.5963112577938627,46000,-1.5543229400067542,96000,0.1492852613176697,24000,0.2741235000766159,24000,0.1447113887502301,12000,84000,2.5657600000000005,60000.0,56.5,2025-11-21_09-33,1,0.04589666014882977,0,72487.72062933784,78.61170769089082,98737.27826380507
R_AK_3DBall_2465,3DBall,2465,ppo,8.652374314319183e-05,500000,91,17096,3.0,12.0,247,45.7,84.0,-0.1759734583790848,12000,0.7173596335131767,442000,0.6270461975427244,192000,0.0624075883884834,24000,-0.3002290602312944,24000,0.5164178572708668,12000,480000,2.5657600000000005,72000.0,30.9,2025-11-21_09-33,1,0.9966885246843468,1,78349.85417209355,37.73130950407721,79746.13822184424
R_AK_3DBall_2957,3DBall,2957,ppo,9.31799645938823e-05,500000,101,19122,3.0,12.0,236,43.9,84.6,-0.8291923928376885,12000,0.7173596335131767,442000,0.6270461975427244,228000,0.0218172002166504,24000,-0.4455184815888049,24000,0.8031628472725089,12000,480000,2.5657600000000005,96000.0,41.3,2025-11-21_09-33,1,0.9815826968806239,1,90170.4932385753,40.14016639090979,97718.44749186485
R_AK_3DBall_2149,3DBall,2149,ppo,0.0005296781427218,500000,156,29403,3.0,12.0,218,38.1,84.0,-0.3578922450614444,12000,0.7173596335131767,442000,0.6270461975427244,252000,-0.0835753866154772,36000,-0.8354521510869478,36000,0.4526967483816208,12000,480000,2.5657600000000005,96000.0,38.1,2025-11-21_09-33,1,0.997295626673538,1,107460.80003595499,47.48934153539816,108522.37257792849
R_LN_3DBall_4429,3DBall,4429,ppo,0.0007444300934408,200000,140,26331,3.0,12.0,171,44.4,65.0,-0.3816875293954249,12000,-1.0627006728243256,142000,-0.8218526933159364,180000,-0.0465455588095944,36000,-0.4785233384311434,36000,0.3942857318998002,12000,180000,2.5657600000000005,96000.0,79.9,2025-11-21_09-33,1,0.953825846478365,1,90387.5325512888,70.45402289911135,95448.7954511508
R_LN_3DBall_3147,3DBall,3147,ppo,0.0002885976647236,100000,87,16422,3.0,12.0,96,42.0,56.2,0.6760512387408353,12000,-1.6574993796550297,46000,-1.7485034313088093,96000,0.0695287091203839,24000,0.054998471143977,24000,0.1659517583799787,12000,84000,2.5657600000000005,60000.0,54.8,2025-11-21_09-33,1,0.36599251644371356,0,73436.53185219322,83.31132553008506,90277.96944711177
R_AK_3DBall_2258,3DBall,2258,ppo,0.0008879661633656,500000,112,21020,3.0,12.0,219,32.2,83.4,0.1180134416181483,12000,0.7173596335131767,442000,0.6270461975427244,168000,-0.0002582740522411,24000,-0.4795441071994632,24000,0.2031224052320506,12000,480000,2.5657600000000005,72000.0,27.4,2025-11-21_09-33,1,0.999858650864268,1,73079.62863321682,26.454049909069667,73139.97345873593
R_AK_3DBall_2752,3DBall,2752,ppo,0.0007239105342741,500000,171,32122,3.0,12.0,244,45.4,84.4,-0.3901310173849007,12000,0.7173596335131767,442000,0.6270461975427244,312000,-0.0885601711278075,36000,-0.8395352261602268,36000,0.3518049926403029,12000,480000,2.5657600000000005,84000.0,36.6,2025-11-21_09-33,1,0.999777540922667,1,103306.4292410277,47.80929937437925,103394.67732676267
R_LN_3DBall_4301,3DBall,4301,ppo,0.0008279964092415,200000,65,12286,3.0,12.0,185,45.6,62.8,-0.4039476340949536,12000,0.6843518203728102,142000,0.6270461975427244,144000,0.1777697442452718,24000,0.5772918242675803,24000,0.1022306494907328,12000,180000,2.5657600000000005,48000.0,37.1,2025-11-21_09-33,1,0.9670504732539269,1,54338.22134213454,42.63790604902748,59137.708013902455
R_AK_3DBall_2719,3DBall,2719,ppo,0.0001817309022091,500000,102,19296,3.0,12.0,248,47.2,84.0,-0.164459611120707,12000,0.7173596335131767,442000,0.6270461975427244,168000,0.0360594416804515,24000,-0.5033620451269238,24000,0.2402930520841107,12000,480000,2.5657600000000005,72000.0,31.0,2025-11-21_09-33,1,0.9995917714298802,1,81469.69916358155,38.73635282485959,81640.55518984381
R_AK_3DBall_2083,3DBall,2083,ppo,0.000773170464049,500000,189,35460,3.0,12.0,210,27.2,83.0,-0.5505572891849585,12000,0.7173596335131767,442000,0.6270461975427244,348000,-0.1084993091771289,36000,-0.6387840350573435,36000,0.6969609991237539,12000,480000,2.5657600000000005,156000.0,62.9,2025-11-21_09-33,1,0.971223605083004,1,124692.41862875212,46.93697247059943,135492.41780563377
R_AK_3DBall_2394,3DBall,2394,ppo,0.0007094241843102,500000,190,35801,3.0,12.0,215,36.3,83.3,-0.8268896233860134,12000,0.7173596335131767,442000,0.6270461975427244,300000,-0.1319990075924006,36000,-0.8987398147227721,36000,0.8350234017171319,12000,480000,2.5657600000000005,120000.0,48.3,2025-11-21_09-33,1,0.9839263448793003,1,128781.78129005083,55.026931662391206,134748.614912115
R_AK_3DBall_2250,3DBall,2250,ppo,0.0005663518105335,500000,75,14124,3.0,12.0,270,45.9,83.5,-0.2488944910154729,12000,0.6544977781238268,442000,0.6270461975427244,144000,0.1136796576581671,24000,0.8413306790062879,24000,-0.8482758914406252,12000,480000,2.5657600000000005,60000.0,27.0,2025-11-21_09-33,1,0.9999017288200837,1,55376.014546467886,26.02255894444563,55419.70827013751
R_AK_3DBall_2055,3DBall,2055,ppo,0.0005385917769596,500000,142,26681,3.0,12.0,213,26.8,82.6,-0.8959727069362763,12000,0.7173596335131767,442000,0.6270461975427244,300000,-0.0444092225900243,36000,-0.5581433023600835,36000,0.4951774876411181,12000,480000,2.5657600000000005,120000.0,47.9,2025-11-21_09-33,1,0.9508917795519632,1,105116.18354009575,39.325983299158416,124508.22505017082
R_LN_3DBall_4035,3DBall,4035,ppo,0.0002343288361909,200000,133,24947,3.0,12.0,194,43.6,61.3,-0.8437765993649665,12000,-1.0277062323508044,142000,-0.7911954657969449,192000,-0.0330154294189834,36000,-0.7360973243038259,36000,0.5482784117155015,12000,180000,2.5657600000000005,84000.0,77.4,2025-11-21_09-33,1,0.4066529017658549,0,102981.57974369034,90.54620538197715,160547.17787803247
R_AK_3DBall_2666,3DBall,2666,ppo,0.0003374743986859,500000,83,15732,3.0,12.0,219,33.1,83.6,-0.4192994304394566,12000,0.7173596335131767,442000,0.6270461975427244,156000,0.0873315109501352,24000,-0.2958057289019088,24000,0.4792472104188066,12000,480000,2.5657600000000005,72000.0,27.3,2025-11-21_09-33,1,0.9957343672195532,1,77067.55709995939,28.312242586364814,78871.63159230824
R_LN_3DBall_3222,3DBall,3222,ppo,0.0003898014945286,100000,67,12628,3.0,12.0,110,42.2,57.0,0.8149849956585877,12000,-1.1584238275882217,46000,-0.0567422593986577,96000,0.1464368130249095,24000,1.5881931611602351,24000,-0.7208336736621216,12000,84000,2.5657600000000005,48000.0,47.2,2025-11-21_09-33,1,0.5315916592571988,1,55795.30863542572,61.01668901188705,76501.15477055359
R_LN_3DBall_3018,3DBall,3018,ppo,0.0005842777154731,100000,184,34546,3.0,12.0,90,41.8,66.0,-0.7800666445352792,12000,-1.731523597372543,46000,-1.9099663767482216,96000,-0.1263021110068802,36000,-0.7296324554378009,36000,0.7182013687535025,12000,84000,2.5657600000000005,,,2025-11-21_09-33,0,0.003970244752754167,0,137186.63332917693,162.9331138114294,100147.64003584775
R_AK_3DBall_2543,3DBall,2543,ppo,0.0002984501278321,500000,113,21215,3.0,12.0,218,34.2,84.2,-0.9558447126798384,12000,0.7173596335131767,442000,0.6270461975427244,252000,-0.0095157310037117,24000,-0.4856687198093816,24000,0.3730453622700516,12000,480000,2.5657600000000005,120000.0,49.0,2025-11-21_09-33,1,0.9829305706521213,1,92211.99374587339,36.46734196984477,99172.70230754053
R_AK_3DBall_2947,3DBall,2947,ppo,0.000238116628284,500000,150,28280,3.0,12.0,237,45.3,85.0,-0.5329027233887802,12000,0.6420962569966083,442000,0.6270461975427244,252000,-0.0707573692980562,36000,-0.8650544453682204,36000,0.6385499826419451,12000,480000,2.5657600000000005,96000.0,41.4,2025-11-21_09-33,1,0.9973612195461078,1,110846.41227035952,51.16256549369344,111873.30315122253
R_AP_3DBall_1019,3DBall,1019,ppo,0.0004799262095894,500000,165,31094,3.0,12.0,414,61.4,87.0,-0.3885958377504505,12000,0.692732904434557,442000,0.6270461975427244,288000,-0.0750300417371965,36000,-0.792239606561412,36000,0.4633169331964951,12000,480000,2.5657600000000005,108000.0,82.8,2025-11-21_09-33,1,0.9964720511532066,1,103336.35665343002,80.14465895679501,104735.76569653943
R_AK_3DBall_2365,3DBall,2365,ppo,0.000462513252879,500000,141,26439,3.0,12.0,224,43.0,83.7,-0.8161433659448607,12000,0.7173596335131767,442000,0.6270461975427244,228000,-0.0565151278342551,36000,-0.5863845716169299,36000,0.4473866559741836,12000,480000,2.5657600000000005,84000.0,33.6,2025-11-21_09-33,1,0.9942720934422448,1,96704.46118457569,45.99372770206044,99014.50034606998
R_AK_3DBall_2695,3DBall,2695,ppo,0.000228843010714,500000,38,7225,3.0,12.0,258,52.0,84.4,1.0705924047945623,12000,0.7173596335131767,442000,0.6270461975427244,108000,0.402797159373328,12000,2.3449230747412737,12000,-0.4765694229199885,12000,480000,2.5657600000000005,36000.0,12.9,2025-11-21_09-33,1,0.9998545066119534,1,42634.32323180039,20.782930410583223,42700.86691368962
R_AK_3DBall_2435,3DBall,2435,ppo,0.0006251114816407,500000,43,8123,3.0,12.0,228,26.4,82.9,0.8264988429169637,12000,0.6812179157547587,442000,0.6270461975427244,96000,0.3230406071760422,12000,1.967919142975181,12000,-1.3952154094067115,12000,480000,2.5657600000000005,36000.0,11.4,2025-11-21_09-33,1,0.9999705112343075,1,43998.08939672771,13.504720235313334,44011.53633022483
R_AK_3DBall_2984,3DBall,2984,ppo,9.248308206064696e-05,500000,157,29618,3.0,12.0,265,47.4,84.0,-0.7401519740395706,12000,0.7173596335131767,442000,0.6270461975427244,264000,-0.0764542658835766,36000,-0.8497429138434243,36000,0.7341316459758139,12000,480000,2.5657600000000005,108000.0,53.0,2025-11-21_09-33,1,0.991491405000116,1,120012.47855090663,59.07118324454485,123245.6384759267
R_LN_3DBall_4632,3DBall,4632,ppo,6.955177692039946e-05,200000,96,18095,3.0,12.0,192,44.4,65.2,-0.175205868561858,12000,-1.7277490054395488,142000,-1.9107373844888376,168000,0.0624075883884834,24000,0.4122675400558881,24000,0.6757206294940051,12000,180000,2.5657600000000005,,,2025-11-21_09-33,0,0.30530281335453113,0,83245.73621141863,64.7109508705504,164354.59479420906
R_LN_3DBall_3198,3DBall,3198,ppo,8.935573297712267e-05,100000,116,21855,3.0,12.0,105,41.2,57.0,-0.4922204630758465,12000,-1.7137532158774735,46000,-1.8790203436541504,96000,-0.0016824981986211,24000,-0.6445683914111553,24000,0.7235114611609397,12000,84000,2.5657600000000005,96000.0,104.9,2025-11-21_09-33,1,0.00703795057384735,0,103774.4669865355,123.98657994947841,100026.56451209386
R_AK_3DBall_2175,3DBall,2175,ppo,0.0006819482583149,500000,140,26402,3.0,12.0,232,39.4,82.7,-0.58509883096009,12000,0.7173596335131767,442000,0.6270461975427244,216000,-0.0593635761270154,36000,-0.5809404715192246,36000,0.1925022204171645,12000,480000,2.5657600000000005,84000.0,34.8,2025-11-21_09-33,1,0.9988413992321121,1,91672.03171826406,40.79271467519907,92145.12081586538
R_LN_3DBall_4354,3DBall,4354,ppo,0.0003634757352985,200000,75,14236,3.0,12.0,181,40.9,63.9,-0.0961441173876675,12000,0.2434571330416061,142000,0.6089958491002194,192000,0.1193765542436875,24000,-0.217546789997395,24000,0.2668435141212966,12000,180000,2.5657600000000005,72000.0,60.5,2025-11-21_09-33,1,0.9447210622821227,1,71043.74963887817,52.28907440541991,78172.31417092161
R_LN_3DBall_3269,3DBall,3269,ppo,0.0008683911963052,100000,41,7845,3.0,12.0,108,40.7,57.8,2.126028403479146,12000,-0.4141910127576156,46000,0.341017797501586,96000,0.3429797452253637,12000,3.0540171124673905,12000,-1.899674188113301,12000,84000,2.5657600000000005,36000.0,30.8,2025-11-21_09-33,1,0.9979415769461359,1,35321.95259800874,34.07732172778875,35455.08738185991
R_LN_3DBall_4451,3DBall,4451,ppo,0.0002324929639916,200000,81,15251,3.0,12.0,207,44.5,63.7,0.4611260899177926,12000,0.4747800197141471,142000,0.6270461975427244,168000,0.099437416194366,24000,0.4102260025192488,24000,-0.1420336012514119,12000,180000,2.5657600000000005,60000.0,55.1,2025-11-21_09-33,1,0.9822740261262533,1,67313.45356798053,51.76248611483588,69665.45182343219
R_AK_3DBall_2441,3DBall,2441,ppo,0.0001792906793996,500000,84,15750,3.0,12.0,244,46.0,83.8,-0.2013039223475137,12000,0.6893183887056972,442000,0.6270461975427244,156000,0.0944526316820357,24000,-0.3152003354999841,24000,0.6438600750493823,12000,480000,2.5657600000000005,60000.0,24.4,2025-11-21_09-33,1,0.9969402032847451,1,73512.6541053393,35.47999569597491,74817.61868540557
R_AK_3DBall_2781,3DBall,2781,ppo,0.0004765439619141,500000,38,7253,3.0,12.0,321,53.3,84.6,4.477923603457011,12000,0.6432435342815052,442000,0.6270461975427244,288000,0.3700400040065857,12000,1.9257273672179644,12000,-3.3865000621958714,12000,480000,2.5657600000000005,36000.0,16.0,2025-11-21_09-33,1,0.9999999999995108,1,29451.061893276175,12.152756360047746,29451.06189350635
R_LN_3DBall_4313,3DBall,4313,ppo,0.0003446709665941,200000,50,9383,3.0,12.0,196,40.0,62.6,-0.2865063920595064,12000,0.7173596335131767,142000,0.6270461975427244,144000,0.2553899602229874,12000,-0.1634460452764484,12000,-1.3102539308877172,12000,180000,2.5657600000000005,60000.0,52.1,2025-11-21_09-33,1,0.9995226600754609,1,56606.92089047604,42.14625567891041,56675.36813203761
R_AP_3DBall_1064,3DBall,1064,ppo,0.000247856302049,500000,78,14683,3.0,12.0,455,59.6,88.0,0.0397192802611829,12000,0.6799588906823716,442000,0.6270461975427244,168000,0.1094069852190267,24000,-0.3679400551965041,24000,0.176571943194853,12000,480000,2.5657600000000005,72000.0,56.8,2025-11-21_09-33,1,0.999190728171335,1,65737.4636155604,46.576852171506,66088.90005250092
R_AK_3DBall_2238,3DBall,2238,ppo,0.0004667726824267,500000,172,32383,3.0,12.0,269,42.6,82.6,-0.1729030991101828,12000,0.680301583897341,442000,0.6270461975427244,300000,-0.1156204299090295,36000,-0.883428283197976,36000,0.5854490585675617,12000,480000,2.5657600000000005,108000.0,53.8,2025-11-21_09-33,1,0.9979937524168813,1,114613.38505259265,55.16980535857997,115386.5660173972
R_AK_3DBall_2484,3DBall,2484,ppo,5.628560763727482e-05,500000,40,7577,3.0,12.0,262,47.8,83.1,-0.0416452403646826,12000,0.7173596335131767,442000,0.6270461975427244,120000,0.3821459092508166,12000,0.3731380706036313,12000,0.4951774876411181,12000,480000,2.5657600000000005,60000.0,26.2,2025-11-21_09-33,1,0.9974499864556536,1,56914.138126772326,28.730906659845584,58044.01307585744
R_AK_3DBall_2320,3DBall,2320,ppo,0.0004894247989946,500000,48,9174,3.0,12.0,256,46.9,83.4,1.1634707726788058,12000,0.6852011035577338,442000,0.6270461975427244,108000,0.2860107793701595,12000,2.092112676454083,12000,-1.862503541261241,12000,480000,2.5657600000000005,36000.0,12.8,2025-11-21_09-33,1,0.9999988116057225,1,40891.14519484364,18.368783686403862,40891.69079717946
R_AK_3DBall_2214,3DBall,2214,ppo,0.0004469316399792,500000,75,14227,3.0,12.0,254,44.4,83.3,0.1026616452736453,12000,0.7000188601789019,442000,0.6270461975427244,144000,0.1364672440002488,24000,1.5242249850121978,24000,-0.991648386441452,12000,480000,2.5657600000000005,48000.0,19.0,2025-11-21_09-33,1,0.9997744617721861,1,55107.24504275108,25.280282880710438,55207.58536627138
R_AP_3DBall_1341,3DBall,1341,ppo,3.1716643590758594e-05,500000,117,22118,3.0,12.0,457,62.0,90.3,-0.6979345340921868,12000,0.7173596335131767,442000,0.6270461975427244,252000,-0.0095157310037117,24000,-0.4536846317353628,24000,0.7288215535683767,12000,480000,2.5657600000000005,96000.0,79.9,2025-11-21_09-33,1,0.940436394057371,1,93927.16638288298,70.08153410374143,118114.32862845968
R_LN_3DBall_3905,3DBall,3905,ppo,9.915906809534996e-05,200000,68,12847,3.0,12.0,187,43.8,59.2,-0.1268477100766736,12000,0.6883846738591145,142000,0.6270461975427244,168000,0.1357551319270587,24000,0.2799078564304279,24000,0.6332398902345079,12000,180000,2.5657600000000005,60000.0,49.9,2025-11-21_09-33,1,0.36855072840632347,0,69534.4327561591,59.970429708956125,151916.82016033828
R_AK_3DBall_2146,3DBall,2146,ppo,0.0002968018669491,500000,83,15563,3.0,12.0,243,41.3,83.6,0.4089299823464812,12000,0.6792610878316011,442000,0.6270461975427244,144000,0.1151038818045472,24000,0.2775260626376817,24000,0.1447113887502301,12000,480000,2.5657600000000005,60000.0,24.3,2025-11-21_09-33,1,0.9991597261443041,1,66480.18997415513,29.703385401103674,66844.46533644608
R_AK_3DBall_2069,3DBall,2069,ppo,0.0006025056701649,500000,53,10098,3.0,12.0,252,43.0,83.8,1.6984808752847371,12000,0.6816773233255508,442000,0.6270461975427244,168000,0.2297539255881455,12000,1.773292564482216,12000,-1.0766098649604467,12000,480000,2.5657600000000005,36000.0,12.6,2025-11-21_09-33,1,0.9999966185664894,1,42860.77123230264,17.90130552342101,42862.317018209826
R_AK_3DBall_2354,3DBall,2354,ppo,0.0006066104940717,500000,138,25907,3.0,12.0,221,38.0,82.9,-0.4407919453217619,12000,0.7173596335131767,442000,0.6270461975427244,216000,-0.0380002139313138,36000,-0.6479709539722212,36000,0.4526967483816208,12000,480000,2.5657600000000005,96000.0,38.6,2025-11-21_09-33,1,0.9982349031081814,1,92398.5227882018,39.4028176370797,93117.978888729
R_AP_3DBall_1113,3DBall,1113,ppo,0.0001104736652259,500000,102,19130,3.0,12.0,439,55.0,88.3,-0.5958450884012426,12000,0.6800333892073649,442000,0.6270461975427244,300000,0.0389078899732117,24000,0.0131469516428675,24000,0.564208688937813,12000,480000,2.5657600000000005,156000.0,131.7,2025-11-21_09-33,1,0.8949635570954144,1,81610.70681547488,55.322196141090934,125556.82992094118
R_AK_3DBall_2123,3DBall,2123,ppo,0.0004073697800308,500000,140,26286,3.0,12.0,220,38.2,82.8,-1.0187870776923007,12000,0.7099917293913389,442000,0.6270461975427244,252000,-0.0550909036878751,36000,-0.670087610619149,36000,0.4686270256039323,12000,480000,2.5657600000000005,96000.0,38.5,2025-11-21_09-33,1,0.9771091534065371,1,102277.1680734657,46.94573556946095,111381.38040581362
R_AK_3DBall_2621,3DBall,2621,ppo,0.0006437590177206,500000,119,22339,3.0,12.0,215,33.4,84.4,-0.0485535487197082,12000,0.6796906959923956,442000,0.6270461975427244,192000,-0.0137884034428521,24000,-0.6350412162401711,24000,0.2243627748617992,12000,480000,2.5657600000000005,84000.0,32.2,2025-11-21_09-33,1,0.9997573073890276,1,82629.54589065969,29.9810921145186,82730.83861591022
R_LN_3DBall_3548,3DBall,3548,ppo,0.0006662545739792,200000,34,6524,3.0,12.0,211,37.7,61.6,1.6931077465641602,12000,0.7173596335131767,142000,0.6270461975427244,108000,0.4412512113255909,12000,2.6501329364688773,12000,-1.51734753477779,12000,180000,2.5657600000000005,36000.0,28.1,2025-11-21_09-33,1,0.9992465657187153,1,37497.19552852935,27.02608210337654,37619.630712223065
R_AK_3DBall_2797,3DBall,2797,ppo,0.0007263057929552,500000,41,7764,3.0,12.0,247,44.9,83.8,1.5104213700645737,12000,0.6799961399448685,442000,0.6270461975427244,84000,0.3565098746159746,12000,2.41093278842595,12000,-2.005876036262056,12000,480000,2.5657600000000005,36000.0,12.4,2025-11-21_09-33,1,0.9999998786896328,1,34998.14577960842,13.672293191118667,34998.2021891541
R_LN_3DBall_3111,3DBall,3111,ppo,0.0005656910747959,100000,182,34220,3.0,12.0,90,42.6,56.3,-0.4615168703868404,12000,-1.7265396460504907,46000,-1.9030556719159484,84000,-0.1056508608843687,36000,-0.8881918707834681,36000,0.5164178572708668,12000,84000,2.5657600000000005,,,2025-11-21_09-33,0,0.05153540533677402,0,126656.61877669988,158.01016810697743,101373.7596535651
R_AP_3DBall_1347,3DBall,1347,ppo,0.0004543586444717,500000,162,30486,3.0,12.0,397,56.0,87.9,-0.2281695659503944,12000,0.7173596335131767,442000,0.6270461975427244,252000,-0.095681291859708,36000,-0.7480062932675563,36000,0.6597903522716937,12000,480000,2.5657600000000005,108000.0,79.5,2025-11-21_09-33,1,0.9943962611472207,1,104998.95049411371,69.77239689934297,107212.43322211846
R_AK_3DBall_2864,3DBall,2864,ppo,0.0005167793278067,500000,63,11940,3.0,12.0,264,49.0,84.7,0.9646650100174912,12000,0.7173596335131767,442000,0.6270461975427244,120000,0.1991331064409732,12000,0.9158467990936294,12000,-1.3845952245918374,12000,480000,2.5657600000000005,48000.0,19.8,2025-11-21_09-33,1,0.9999997053345029,1,47720.69318227477,20.794028913284187,47720.82645338155
R_AK_3DBall_2457,3DBall,2457,ppo,0.0001820929070742,500000,67,12633,3.0,12.0,244,46.0,83.9,-0.4446298944078873,12000,0.7173596335131767,442000,0.6270461975427244,132000,0.1521337096104299,24000,-0.0025048361380351,24000,0.3411848078254286,12000,480000,2.5657600000000005,60000.0,24.4,2025-11-21_09-33,1,0.9970816035609342,1,66612.77524644838,32.015062799268186,67877.57097990574
R_AK_3DBall_2016,3DBall,2016,ppo,0.0002425029553758,500000,37,6965,3.0,12.0,301,47.2,83.8,3.1461552705713727,12000,0.6611306301323973,442000,0.6270461975427244,96000,0.375736900592106,12000,2.432709188816772,12000,-1.3739750397769632,12000,480000,2.5657600000000005,36000.0,15.1,2025-11-21_09-33,1,0.9999996707888927,1,36783.68616922105,16.53520530621727,36783.838665176634
R_LN_3DBall_4128,3DBall,4128,ppo,0.0001521598497125,200000,82,15465,3.0,12.0,182,44.8,61.4,-0.3402376792652662,12000,-1.0368844506299792,142000,-0.7621369834257181,192000,0.0894678471697053,24000,-0.3965215807094571,24000,0.3040141609733567,12000,180000,2.5657600000000005,96000.0,85.1,2025-11-21_09-33,1,0.850194700331779,1,76532.62391410237,65.12052163140505,95028.69118789921
R_LN_3DBall_3301,3DBall,3301,ppo,0.0002767931208814,100000,126,23682,3.0,12.0,94,39.6,57.6,-0.4146938915361062,12000,-1.7152605693665046,46000,-1.8852554497304328,96000,-0.0422728863704542,24000,-0.576517140189839,24000,0.4686270256039323,12000,84000,2.5657600000000005,96000.0,94.0,2025-11-21_09-33,1,0.02657022146278921,0,101984.9346956902,114.47158976249848,100052.74015445367
R_AK_3DBall_2598,3DBall,2598,ppo,0.0002573765017008,500000,63,11938,3.0,12.0,222,29.4,84.6,0.0013397893999261,12000,0.7173596335131767,442000,0.6270461975427244,144000,0.1877393132699325,12000,0.2543886372224341,12000,0.5960692433824359,12000,480000,2.5657600000000005,60000.0,22.2,2025-11-21_09-33,1,0.988461923073737,1,69062.54005503528,23.554556946754616,74034.72961828865
R_AK_3DBall_2266,3DBall,2266,ppo,0.0001628633493801,500000,156,29344,3.0,12.0,290,47.8,84.0,-0.4054828137294037,12000,0.6061159527090091,442000,0.6270461975427244,276000,-0.0493940071023547,36000,-0.8344313823186281,36000,0.6279297978270589,12000,480000,2.5657600000000005,96000.0,50.8,2025-11-21_09-33,1,0.9934555567904646,1,113165.80646685722,61.07660704641849,115697.4208779413
R_LN_3DBall_3314,3DBall,3314,ppo,0.0005810087775226,100000,177,33215,3.0,12.0,104,41.0,58.4,-0.6503439654242275,12000,-1.722273363852541,46000,-1.896526603022174,96000,-0.0978176280792782,36000,-0.8327301010380952,36000,0.3783554546774887,12000,84000,2.5657600000000005,,,2025-11-21_09-33,0,0.053896207949655835,0,123926.07285502009,145.08578277559886,101289.52459801277
R_LN_3DBall_4206,3DBall,4206,ppo,0.0007798369876295,200000,40,7523,3.0,12.0,201,44.0,60.9,1.4536197235899135,12000,0.6797676778015554,142000,0.6270461975427244,84000,0.360782547055115,12000,2.457207639256445,12000,-2.568745831450454,12000,180000,2.5657600000000005,36000.0,26.7,2025-11-21_09-33,1,0.999995910020195,1,34124.16731070955,24.95700781631865,34124.8457395154
R_LN_3DBall_3697,3DBall,3697,ppo,0.0008456020410606,200000,160,30154,3.0,12.0,170,42.7,49.7,-0.3018581884040094,12000,-1.4276043813781931,142000,-1.3385619678310812,192000,-0.0707573692980562,36000,-0.8300080509892426,36000,0.6757206294940051,12000,180000,2.5657600000000005,96000.0,79.5,2025-11-21_09-33,1,0.9410553089060886,1,94066.94546129218,85.95393169130215,100311.13663771079
R_AK_3DBall_2430,3DBall,2430,ppo,0.0007944401849507,500000,36,6860,3.0,12.0,330,48.9,84.2,5.512634677076516,12000,0.642784126710713,442000,0.6270461975427244,84000,0.4177515129103192,12000,3.836946757768635,12000,-2.574055923857891,12000,480000,2.5657600000000005,24000.0,8.2,2025-11-21_09-33,1,0.9999999999750397,1,24104.058062168257,8.830704311277367,24104.05807404674
R_AK_3DBall_2150,3DBall,2150,ppo,0.0001014946063345,500000,101,19059,3.0,12.0,232,42.7,84.0,-0.5520924688194087,12000,0.7173596335131767,442000,0.6270461975427244,180000,0.0381957779000216,24000,-0.6146258408737763,24000,0.6491701674568193,12000,480000,2.5657600000000005,84000.0,34.8,2025-11-21_09-33,1,0.9839138677088981,1,88859.55893195851,43.13708289393789,95473.21845720102
R_LN_3DBall_4248,3DBall,4248,ppo,0.0001125386462579,200000,98,18418,3.0,12.0,201,53.1,74.0,-0.2849712124250562,12000,-1.532105945670467,142000,-1.5913184184502709,192000,0.0417563382659719,24000,-0.1481345137516522,24000,0.2615334217138594,12000,180000,2.5657600000000005,108000.0,107.0,2025-11-21_09-33,1,0.7706949157989011,1,84533.61080465603,76.83847630392616,111010.64090149122
R_LN_3DBall_4430,3DBall,4430,ppo,0.000888844910013,200000,100,18757,3.0,12.0,202,43.9,64.8,-0.075419192322589,12000,0.2938330356420781,142000,0.6270461975427244,168000,0.0282262088753609,24000,-0.5149307578345477,24000,-0.4871896077348628,12000,180000,2.5657600000000005,60000.0,53.8,2025-11-21_09-33,1,0.9996141917736341,1,65622.34268784994,48.313982783101196,65674.18669348075
R_LN_3DBall_3114,3DBall,3114,ppo,0.0004219877459759,100000,188,35322,3.0,12.0,89,41.6,56.6,-0.1421995064211767,12000,-1.7283027778086657,46000,-1.9075888879962235,84000,-0.1255899989336902,36000,-0.8024472942446095,36000,0.776612385235323,12000,84000,2.5657600000000005,,,2025-11-21_09-33,0,0.018942161502857564,0,135619.11943098693,166.3850895841958,100674.70311285133
R_LN_3DBall_4302,3DBall,4302,ppo,0.000584450083452,200000,130,24533,3.0,12.0,183,44.6,62.8,-0.748595462029048,12000,-0.7917644371286781,142000,-0.1125616726465009,192000,-0.0436971105168342,36000,-0.6813160670706662,36000,0.5164178572708668,12000,180000,2.5657600000000005,84000.0,73.1,2025-11-21_09-33,1,0.8434402847440552,1,93048.5904685563,76.23364256531492,109792.87269102107
R_LN_3DBall_4403,3DBall,4403,ppo,0.000107109128508,200000,65,12303,3.0,12.0,185,44.9,63.8,0.0635145645951634,12000,0.5052027340372459,142000,0.6270461975427244,192000,0.1692243993669911,24000,-0.0845065938597214,24000,0.5323481344931901,12000,180000,2.5657600000000005,72000.0,61.5,2025-11-21_09-33,1,0.8575102253644732,1,70014.63353838999,56.007977731018485,88536.21911142116
R_LN_3DBall_4216,3DBall,4216,ppo,0.0007063999445445,200000,191,35962,3.0,12.0,172,43.6,61.1,-0.193628024175263,12000,-1.6568214430775905,142000,-1.7864297920077186,192000,-0.1312868955192106,36000,-0.7493673182919827,36000,0.5695187813452501,12000,180000,2.5657600000000005,132000.0,114.3,2025-11-21_09-33,1,0.9098053855362397,1,120484.56389802799,100.48807707399834,127656.42800116312
R_LN_3DBall_3672,3DBall,3672,ppo,0.0007519620595294,200000,174,32670,3.0,12.0,178,43.3,63.6,-0.4615168703868404,12000,-1.6530394012920973,142000,-1.801254285321427,192000,-0.0971055160060881,36000,-0.688801704705011,36000,0.3783554546774887,12000,180000,2.5657600000000005,144000.0,130.8,2025-11-21_09-33,1,0.8186156397696943,1,109422.56844351813,96.03311935043666,125851.89791769489
R_AP_3DBall_1012,3DBall,1012,ppo,0.0007096914244523,500000,38,7165,3.0,12.0,578,65.5,84.8,1.2033854431745143,12000,0.7173596335131767,442000,0.6270461975427244,96000,0.4163272887639391,12000,3.160857576884857,12000,-1.9474650197802472,12000,480000,2.5657600000000005,36000.0,28.9,2025-11-21_09-33,1,0.9999960068456589,1,30666.0840289964,22.642110604936793,30667.958151760376
R_AP_3DBall_1103,3DBall,1103,ppo,0.0004617050621388,500000,101,18949,3.0,12.0,460,63.7,86.3,0.1049644147253222,12000,0.6796906959923956,442000,0.6270461975427244,180000,0.0389078899732117,24000,-0.5928494404829548,24000,0.0863003722684095,12000,480000,2.5657600000000005,72000.0,57.5,2025-11-21_09-33,1,0.9998822484225278,1,67303.474194738,50.955497291033026,67354.4248932183
R_LN_3DBall_3782,3DBall,3782,ppo,0.0008742883787496,200000,135,25322,3.0,12.0,169,43.1,50.7,-0.8583608058922445,12000,-1.04651959319578,142000,-0.4322513939117049,192000,-0.0451213346632144,36000,-0.640825572593983,36000,0.0809902798609723,12000,180000,2.5657600000000005,84000.0,67.7,2025-11-21_09-33,1,0.9718082796465735,1,79315.26713030101,71.6721234106334,82717.57737029156
R_LN_3DBall_4469,3DBall,4469,ppo,5.682692947004142e-05,200000,170,31931,3.0,12.0,186,45.6,64.1,-0.5167833372270522,12000,-1.7345854867497676,142000,-1.9173283402915573,180000,-0.0914086194205677,36000,-0.1369060573001351,36000,0.7925426624576345,12000,180000,2.5657600000000005,,,2025-11-21_09-33,0,0.0950986582061657,0,127997.80241861632,111.01565045105023,193152.6876221152
R_AK_3DBall_2644,3DBall,2644,ppo,0.0001745344678723,500000,38,7187,3.0,12.0,233,34.7,84.5,-0.0278286236546297,12000,0.7173596335131767,442000,0.6270461975427244,120000,0.3992365990073777,12000,0.3557850015421956,12000,-0.3119565582894129,12000,480000,2.5657600000000005,60000.0,23.3,2025-11-21_09-33,1,0.9996507364099996,1,56549.74529717619,21.661586839541283,56704.6263251203
R_AK_3DBall_2605,3DBall,2605,ppo,0.0007834621350953,500000,48,9085,3.0,12.0,227,32.3,84.2,0.2446657614602997,12000,0.7173596335131767,442000,0.6270461975427244,108000,0.2696322016867884,12000,1.6980959318826614,12000,-0.6358721951431152,12000,480000,2.5657600000000005,48000.0,17.0,2025-11-21_09-33,1,0.9997953070375877,1,45837.878879144795,15.256208856663854,45930.84266913249
R_AK_3DBall_2505,3DBall,2505,ppo,0.0001775753262285,500000,143,26903,3.0,12.0,223,42.1,83.8,-0.8253544437515615,12000,0.7173596335131767,442000,0.6270461975427244,228000,-0.0515303433219248,36000,-0.5595043273845098,36000,0.4686270256039323,12000,480000,2.5657600000000005,96000.0,39.0,2025-11-21_09-33,1,0.9821473826588561,1,108098.44167602857,51.02544701207893,115094.9102321844
R_AK_3DBall_2434,3DBall,2434,ppo,0.0007276253298747,500000,159,29825,3.0,12.0,219,38.9,84.1,-0.3463783978030684,12000,0.6802643346348445,442000,0.6270461975427244,252000,-0.0835753866154772,36000,-0.7942811440980514,36000,0.7288215535683767,12000,480000,2.5657600000000005,96000.0,38.3,2025-11-21_09-33,1,0.9980853815209926,1,101204.60150809675,43.087427405155516,101968.14254739248
R_LN_3DBall_4234,3DBall,4234,ppo,0.0001572538202307,200000,154,28921,3.0,12.0,176,44.6,61.3,-0.689491046102711,12000,-1.66751198141413,142000,-1.814162863079024,192000,-0.0785906021031467,36000,-0.5962520030440207,36000,0.7447518307907001,12000,180000,2.5657600000000005,132000.0,117.5,2025-11-21_09-33,1,0.2362523848385495,0,116743.23816621542,102.87806924880863,180330.39146283327
R_AK_3DBall_2582,3DBall,2582,ppo,0.0002397040073036,500000,139,26126,3.0,12.0,251,42.3,84.8,-0.6480411959725523,12000,0.7008457938063275,442000,0.6270461975427244,252000,-0.0401365501508839,36000,-0.5588238148722968,36000,0.4314563787518721,12000,480000,2.5657600000000005,84000.0,37.6,2025-11-21_09-33,1,0.9929744858499071,1,102795.70062024037,47.279091379570914,105586.26504601061
R_AK_3DBall_2284,3DBall,2284,ppo,0.0007490499340054,500000,106,20021,3.0,12.0,213,26.8,81.9,-0.2013039223475137,12000,0.7173596335131767,442000,0.6270461975427244,180000,0.0082870708260395,24000,-0.5557615085673375,24000,0.0172691709717264,12000,480000,2.5657600000000005,72000.0,26.6,2025-11-21_09-33,1,0.999666520191796,1,77695.05117296094,26.13594230982532,77835.88134629937
R_AK_3DBall_2516,3DBall,2516,ppo,0.0008648308898889,500000,32,6115,3.0,12.0,285,50.6,84.9,7.658048216220814,12000,0.6661667304219449,442000,0.6270461975427244,168000,0.4839779357169939,12000,2.940711779183899,12000,-3.779446900346268,12000,480000,2.5657600000000005,24000.0,7.1,2025-11-21_09-33,1,0.9999999999999998,1,20361.349725374264,6.893442408091128,20361.349725374374
R_AK_3DBall_2532,3DBall,2532,ppo,5.438349259790714e-05,500000,72,13531,3.0,12.0,252,47.6,84.4,0.2707638152459538,12000,0.7173596335131767,442000,0.6270461975427244,144000,0.1450125888785293,24000,0.4408490655688412,24000,0.564208688937813,12000,480000,2.5657600000000005,60000.0,25.2,2025-11-21_09-33,1,0.9961360550697422,1,66577.20796908364,32.10101392467916,68251.92976900967
R_LN_3DBall_3249,3DBall,3249,ppo,0.0007130928264838,100000,103,19397,3.0,12.0,95,40.0,57.3,-0.1283828897111238,12000,-1.6813389076528868,46000,-1.8019556702894783,96000,0.0239535364362206,24000,-0.6119037908249235,24000,-0.1526537860662863,12000,84000,2.5657600000000005,72000.0,67.7,2025-11-21_09-33,1,0.7751849806989658,1,76287.47246713507,82.05835898036598,81618.4048021124
R_AK_3DBall_2117,3DBall,2117,ppo,0.0007306364714301,500000,145,27374,3.0,12.0,228,38.2,83.1,-0.4691927685590911,12000,0.6796137141832361,442000,0.6270461975427244,252000,-0.0550909036878751,36000,-0.2515724156080532,36000,0.1606416659725415,12000,480000,2.5657600000000005,96000.0,39.9,2025-11-21_09-33,1,0.9981556539186011,1,91813.70829253696,40.02209209642539,92566.54508012839
R_AK_3DBall_2469,3DBall,2469,ppo,6.45803011018218e-05,500000,155,29240,3.0,12.0,228,40.7,83.4,-0.7447575129429209,12000,0.6368590106895792,442000,0.6270461975427244,408000,-0.0586514640538253,36000,-0.2396634466443229,36000,0.7500619231981372,12000,480000,2.5657600000000005,156000.0,68.3,2025-11-21_09-33,1,0.8586544511927702,1,120344.23793588587,56.6751640804712,174006.88998266513
R_LN_3DBall_3456,3DBall,3456,ppo,0.0006589550132971,100000,78,14788,3.0,12.0,98,42.4,63.0,0.0159239959272041,12000,-1.6955035605382802,46000,-1.839722156473611,96000,0.1307703474147283,24000,-0.5156112703467609,24000,0.0278893557866007,12000,84000,2.5657600000000005,72000.0,70.0,2025-11-21_09-33,1,0.7879289857005678,1,69775.44118753009,73.37818341448606,76185.19403164342
R_AP_3DBall_1360,3DBall,1360,ppo,0.000701015301124,500000,35,6571,3.0,12.0,560,61.8,89.8,4.334384307635908,12000,0.7173596335131767,442000,0.6270461975427244,108000,0.4312816423009301,12000,2.058767563355638,12000,-3.683865237012388,12000,480000,2.5657600000000005,36000.0,28.0,2025-11-21_09-33,1,0.9999999999991331,1,26191.885860893988,14.883547107801077,26191.885861304716
R_LN_3DBall_3809,3DBall,3809,ppo,0.0006618070480765,200000,59,11214,3.0,12.0,187,42.9,51.2,0.2216380669435443,12000,0.6925665243954051,142000,0.6270461975427244,120000,0.1984209943677833,12000,1.0087367570107264,12000,-0.4978097925497372,12000,180000,2.5657600000000005,48000.0,37.4,2025-11-21_09-33,1,0.9931352758881888,1,48576.366211834946,40.90442723620128,49615.84768179862
R_LN_3DBall_4330,3DBall,4330,ppo,0.000171619828537,200000,106,19963,3.0,12.0,188,44.7,63.2,-0.5359730826576805,12000,-1.7120670659284585,142000,-1.8887056449041568,192000,0.0139839674115598,24000,-0.2961459851580155,24000,0.5960692433824359,12000,180000,2.5657600000000005,,,2025-11-21_09-33,0,0.4883256987925707,0,88895.92600208902,73.71992927459851,145745.02542626864
R_LN_3DBall_3758,3DBall,3758,ppo,0.0001760637984509,200000,131,24628,3.0,12.0,177,42.7,51.0,-0.1276152998938987,12000,-1.3835732698229843,142000,-1.2866259581195825,192000,-0.0344396535653636,36000,-0.4703571882845854,36000,0.4633169331964951,12000,180000,2.5657600000000005,96000.0,82.8,2025-11-21_09-33,1,0.7230710149466686,1,93554.19889947627,86.80926832516043,123032.12656143309
R_LN_3DBall_3904,3DBall,3904,ppo,0.0005397927668435,200000,77,14603,3.0,12.0,179,43.6,59.0,-0.5175509270442772,12000,0.6298337997827103,142000,0.6270461975427244,168000,0.1072706489994566,24000,-0.3903969680995387,24000,0.6757206294940051,12000,180000,2.5657600000000005,72000.0,59.8,2025-11-21_09-33,1,0.8012288102748794,1,68891.56203351592,58.09428149059253,94952.14223111613
R_AK_3DBall_2541,3DBall,2541,ppo,0.0006840689178406,500000,87,16314,3.0,12.0,232,45.1,84.5,-0.6626254024998303,12000,0.6765518248060114,442000,0.6270461975427244,132000,0.0823467264378048,24000,-0.0576263496273015,24000,-0.6040116406984922,12000,480000,2.5657600000000005,60000.0,23.2,2025-11-21_09-33,1,0.9999548449925392,1,61862.612589388256,27.91103132956038,61882.39668638565
R_AP_3DBall_1033,3DBall,1033,ppo,0.0007632299227501,500000,85,16061,3.0,12.0,487,65.3,88.4,-0.0815599108603895,12000,0.643320516090665,442000,0.6270461975427244,180000,0.1065585369262665,24000,0.3033855381017817,24000,-0.5031198849571743,12000,480000,2.5657600000000005,60000.0,48.7,2025-11-21_09-33,1,0.9999504609794743,1,54107.201728179745,40.72898624229857,54129.29082066561
R_LN_3DBall_4388,3DBall,4388,ppo,0.0003991728252741,200000,138,26011,3.0,12.0,176,45.2,63.7,-0.1521781740451042,12000,-1.4623355937300715,142000,-1.431877112036419,192000,-0.0365759897849337,36000,-0.5948909780195945,36000,0.6385499826419451,12000,180000,2.5657600000000005,108000.0,94.0,2025-11-21_09-33,1,0.8643687330441578,1,99132.97844652718,81.15724661321151,112813.70037388694
R_AK_3DBall_2690,3DBall,2690,ppo,0.000816454231429,500000,70,13189,3.0,12.0,238,48.5,84.9,0.6384393376968018,12000,0.7173596335131767,442000,0.6270461975427244,144000,0.1457247009517194,24000,2.062510382172811,24000,-0.5296703469943601,12000,480000,2.5657600000000005,48000.0,17.8,2025-11-21_09-33,1,0.9999380587283886,1,45025.43572995016,19.356690131426255,45053.617433011896
R_LN_3DBall_3850,3DBall,3850,ppo,0.0008269247219872,200000,117,22078,3.0,12.0,195,42.4,52.6,-0.4031800442777285,12000,0.0826446169910603,142000,0.537225085071614,192000,-0.0201974121015625,24000,-0.5224163954688925,24000,0.0491297254163493,12000,180000,2.5657600000000005,72000.0,65.1,2025-11-21_09-33,1,0.9891568404631206,1,73430.58527364428,62.38000551240497,74802.9976300116
R_AK_3DBall_2472,3DBall,2472,ppo,0.0004668860577097,500000,41,7753,3.0,12.0,267,49.5,83.3,2.126795993296371,12000,0.6211224389268268,442000,0.6270461975427244,84000,0.346540305591314,12000,2.9478571605621373,12000,-1.6394796601488566,12000,480000,2.5657600000000005,36000.0,13.4,2025-11-21_09-33,1,0.9999991700544768,1,35134.08738790323,15.635487694472303,35134.47320128629
R_AK_3DBall_2089,3DBall,2089,ppo,0.000492532509947,500000,82,15548,3.0,12.0,253,43.3,82.4,0.8633431541437722,12000,0.7173596335131767,442000,0.6270461975427244,132000,0.0973010799747959,24000,0.826699659993705,24000,-0.6518024723654267,12000,480000,2.5657600000000005,48000.0,19.0,2025-11-21_09-33,1,0.999970728841295,1,57523.413875146354,25.703953351113345,57536.36567752205
R_AK_3DBall_2652,3DBall,2652,ppo,0.0007573665587131,500000,120,22631,3.0,12.0,214,33.0,84.4,-0.6587874534137049,12000,0.7173596335131767,442000,0.6270461975427244,228000,-0.0209095241747526,24000,-0.6357217287523842,24000,0.0013388937494149,12000,480000,2.5657600000000005,84000.0,32.1,2025-11-21_09-33,1,0.9996626251013682,1,83641.17304302544,30.279370233466267,83781.6420600645
R_AP_3DBall_1163,3DBall,1163,ppo,0.0005078395733639,500000,172,32418,3.0,12.0,398,50.2,89.0,-1.345780339830215,12000,0.7173596335131767,442000,0.6270461975427244,324000,-0.0721815934444363,36000,-0.7098975925836192,36000,0.5801389661601245,12000,480000,2.5657600000000005,144000.0,109.6,2025-11-21_09-33,1,0.8550947065252316,1,120640.6141932012,77.52325108412023,175611.79732594328
R_LN_3DBall_3652,3DBall,3652,ppo,5.56116893512305e-05,200000,43,8221,3.0,12.0,209,43.7,66.6,-0.3601950145131196,12000,-1.379997340623306,142000,-1.3648639041330168,192000,0.3315859520543229,12000,-0.0555848120906619,12000,0.5057976724559924,12000,180000,2.5657600000000005,96000.0,97.8,2025-11-21_09-33,1,0.390368328541696,0,66860.39436424988,58.90044843362891,148026.51468527166
R_AK_3DBall_2371,3DBall,2371,ppo,0.0006004054419071,500000,65,12304,3.0,12.0,220,27.1,82.7,-0.4500030231284627,12000,0.7173596335131767,442000,0.6270461975427244,120000,0.1571184941227603,24000,0.2247863429411614,24000,-0.8695162610703856,12000,480000,2.5657600000000005,60000.0,22.0,2025-11-21_09-33,1,0.9998568317087916,1,60481.96423578633,20.14875880604792,60544.88928192197
R_LN_3DBall_3029,3DBall,3029,ppo,0.0004695792027761,100000,172,32418,3.0,12.0,100,45.0,60.5,-0.3732440414059475,12000,-1.734280042797295,46000,-1.9176429320786983,84000,-0.094969179786518,36000,-0.3730438990381028,36000,0.9730858043105216,12000,84000,2.5657600000000005,,,2025-11-21_09-33,0,0.0034903778443207034,0,125288.07185849929,159.79747853218407,100088.26492574048
R_AP_3DBall_1312,3DBall,1312,ppo,0.0002480982190589,500000,72,13675,3.0,12.0,440,53.7,88.8,-0.0769543719570391,12000,0.7173596335131767,442000,0.6270461975427244,156000,0.1336187957074885,24000,-0.2866188099870311,24000,0.1447113887502301,12000,480000,2.5657600000000005,72000.0,54.9,2025-11-21_09-33,1,0.9987069941946971,1,67220.67234318127,41.304040412307906,67780.25852625663
R_LN_3DBall_3808,3DBall,3808,ppo,0.0008848886035118,200000,46,8708,3.0,12.0,201,42.9,51.4,1.2916582721554055,12000,0.5190520098335014,142000,0.6270461975427244,108000,0.3038135811999108,12000,2.4054886883282456,12000,-2.005876036262056,12000,180000,2.5657600000000005,36000.0,26.7,2025-11-21_09-33,1,0.9999710470236224,1,34205.900845849916,27.060956069491095,34210.70107848627
R_AP_3DBall_1272,3DBall,1272,ppo,0.0008318541998021,500000,102,19249,3.0,12.0,415,53.4,87.2,-0.4054828137294037,12000,0.6807609914681331,442000,0.6270461975427244,180000,0.043892674485542,24000,-0.6159868658982025,24000,0.0172691709717264,12000,480000,2.5657600000000005,72000.0,51.9,2025-11-21_09-33,1,0.9998349102806845,1,67446.02630006606,40.74632431972505,67517.436514173
R_LN_3DBall_3536,3DBall,3536,ppo,0.0007892581211151,200000,61,11610,3.0,12.0,184,43.5,65.1,-0.4254401489772589,12000,0.5336636538688545,142000,0.6270461975427244,144000,0.2048300030264937,12000,0.8716134857997737,12000,-0.7102134888472472,12000,180000,2.5657600000000005,48000.0,36.8,2025-11-21_09-33,1,0.9719744139260159,1,53256.42839907589,44.175739072427305,57369.00299578144
R_AK_3DBall_2614,3DBall,2614,ppo,0.0006653555103318,500000,151,28439,3.0,12.0,247,49.9,84.2,-0.4016448646432784,12000,0.6630477255088917,442000,0.6270461975427244,228000,-0.0778784900299567,36000,-0.7861149939514935,36000,0.3464949002328658,12000,480000,2.5657600000000005,72000.0,30.9,2025-11-21_09-33,1,0.9998171798505807,1,93001.61555556118,46.78529793419887,93076.02306101871
R_AK_3DBall_2267,3DBall,2267,ppo,4.958683297110998e-05,500000,146,27514,3.0,12.0,271,48.3,84.0,-0.3586598348786695,12000,0.7173596335131767,442000,0.6270461975427244,312000,-0.0643483606393457,36000,-0.4074097809048677,36000,0.7288215535683767,12000,480000,2.5657600000000005,96000.0,47.4,2025-11-21_09-33,1,0.9740929321577422,1,109143.66581766648,58.87444690770757,119269.60738390438
R_LN_3DBall_4114,3DBall,4114,ppo,0.0002938072646796,200000,80,15030,3.0,12.0,184,43.9,60.8,0.040486870078408,12000,0.2749650425454407,142000,0.5002657073249821,192000,0.1051343127798865,24000,-0.433269256368968,24000,0.4580068407890579,12000,180000,2.5657600000000005,72000.0,61.4,2025-11-21_09-33,1,0.9412345809892498,1,71351.60417476315,58.678469152201906,78911.68106049404
R_AK_3DBall_2941,3DBall,2941,ppo,0.0002330767707563,500000,183,34493,3.0,12.0,235,42.8,84.4,-0.4922204630758465,12000,0.7173596335131767,442000,0.6270461975427244,324000,-0.1028024125916085,36000,-0.8306885635014557,36000,0.6119995206047475,12000,480000,2.5657600000000005,120000.0,52.8,2025-11-21_09-33,1,0.9948243483111521,1,133277.03062325635,60.728766118968025,135175.0609790504
R_LN_3DBall_4225,3DBall,4225,ppo,0.000272159024491,200000,156,29366,3.0,12.0,174,44.5,61.7,-0.8560580364405677,12000,-1.6172180271911505,142000,-1.7080319714795076,192000,-0.0778784900299567,36000,-0.7429024494259575,36000,0.5748288737526873,12000,180000,2.5657600000000005,108000.0,93.0,2025-11-21_09-33,1,0.41372561586839135,0,116752.72117066846,102.30715573376477,165558.46829696713
R_AP_3DBall_1258,3DBall,1258,ppo,0.0007254861909486,500000,185,34780,3.0,12.0,431,62.4,88.6,-0.9612178414004138,12000,0.6905798970622503,442000,0.6270461975427244,300000,-0.1191809902749797,36000,-0.9147318587597816,36000,0.3411848078254286,12000,480000,2.5657600000000005,108000.0,86.1,2025-11-21_09-33,1,0.9973211088696105,1,109392.61630690744,83.86735434006297,110439.01096254753
R_AK_3DBall_2670,3DBall,2670,ppo,0.0007653795800904,500000,173,32441,3.0,12.0,214,32.3,84.3,-0.5820284716911897,12000,0.7173596335131767,442000,0.6270461975427244,276000,-0.0942570677133279,36000,-0.8123147256717003,36000,0.5695187813452501,12000,480000,2.5657600000000005,108000.0,42.7,2025-11-21_09-33,1,0.9971881400215175,1,112136.67497586591,41.87155974575732,113227.29233662244
R_AK_3DBall_2091,3DBall,2091,ppo,0.000827466593466,500000,56,10668,3.0,12.0,250,44.4,82.0,0.862575564326547,12000,0.7173596335131767,442000,0.6270461975427244,96000,0.2190722444902947,12000,1.5664167607694144,12000,-1.857193448853804,12000,480000,2.5657600000000005,48000.0,18.7,2025-11-21_09-33,1,0.9999995551861534,1,40766.996538905594,17.775068517526165,40767.20081210437
R_LN_3DBall_3945,3DBall,3945,ppo,0.0004223439158971,200000,186,35013,3.0,12.0,172,44.6,59.8,-0.8000239797831326,12000,-1.6624038658837554,142000,-1.8081701473961125,192000,-0.1334232317387807,36000,-0.8027875505007159,36000,0.7447518307907001,12000,180000,2.5657600000000005,132000.0,114.9,2025-11-21_09-33,1,0.29095707886060973,0,131331.788535499,121.35020607470564,180020.49778170616
R_LN_3DBall_3563,3DBall,3563,ppo,0.0002355041278073,200000,155,29092,3.0,12.0,191,43.9,63.0,-0.2742249549839036,12000,-1.314356690251706,142000,-1.1021333466887402,192000,-0.0622120244197756,36000,-0.7517491120847286,36000,0.5111077648634296,12000,180000,2.5657600000000005,96000.0,89.1,2025-11-21_09-33,1,0.4760042875843288,0,113971.77658680675,105.79672188426304,159050.19680205747
R_AK_3DBall_2697,3DBall,2697,ppo,0.0008337612985944,500000,124,23378,3.0,12.0,239,46.3,84.1,-0.8399386502788395,12000,0.67942250130242,442000,0.6270461975427244,276000,-0.0201974121015625,24000,-0.3311923795369934,24000,-0.4500189608828027,12000,480000,2.5657600000000005,60000.0,23.9,2025-11-21_09-33,1,0.9999545395939932,1,75115.48736709105,34.362457437254356,75134.80278954135
R_LN_3DBall_3243,3DBall,3243,ppo,0.0007661306150403,100000,178,33481,3.0,12.0,90,41.7,57.5,-0.7862073630730797,12000,-1.7282506288411703,46000,-1.9055698275918689,84000,-0.1113477574698891,36000,-0.9252798026990856,36000,0.4792472104188066,12000,84000,2.5657600000000005,,,2025-11-21_09-33,0,0.068747665304472,0,120620.5448993512,142.92426918369097,101417.61431913642
R_AK_3DBall_2096,3DBall,2096,ppo,0.0003471248315893,500000,103,19428,3.0,12.0,235,43.7,82.9,0.4089299823464812,12000,0.7173596335131767,442000,0.6270461975427244,192000,0.0346352175340713,24000,-0.3339144295858461,24000,-0.0676923075472799,12000,480000,2.5657600000000005,60000.0,23.5,2025-11-21_09-33,1,0.9998871332354581,1,74685.36844246469,35.24755554291167,74733.37232884092
R_AK_3DBall_2495,3DBall,2495,ppo,9.77961476296405e-05,500000,104,19555,3.0,12.0,220,33.3,83.6,-0.4400243555045369,12000,0.7173596335131767,442000,0.6270461975427244,336000,0.0268019847289807,24000,-0.1995132084237461,24000,0.5960692433824359,12000,480000,2.5657600000000005,132000.0,54.9,2025-11-21_09-33,1,0.9618632130346908,1,90805.66810601577,35.53969991865682,106411.02516886868
R_AK_3DBall_2888,3DBall,2888,ppo,0.0004842656958816,500000,74,13898,3.0,12.0,221,33.2,84.5,0.0527683071540108,12000,0.7173596335131767,442000,0.6270461975427244,156000,0.1143917697313571,24000,0.2077735301358323,24000,-0.0358317531026569,12000,480000,2.5657600000000005,72000.0,27.6,2025-11-21_09-33,1,0.9997213812384034,1,63835.2687972903,21.802815359328445,63956.79247455013
R_LN_3DBall_3422,3DBall,3422,ppo,3.379242472220606e-05,100000,118,22138,3.0,12.0,103,49.2,72.7,-0.7286381267811929,12000,-1.7376473761269924,46000,-1.9214154549031817,84000,-0.0173489638088023,24000,0.7780430153704638,24000,0.7075811839386281,12000,84000,2.5657600000000005,,,2025-11-21_09-33,0,0.0001673454824386118,0,103158.54449290062,126.74348557067297,100000.52856815197
R_LN_3DBall_3663,3DBall,3663,ppo,0.0006001130238092,200000,46,8764,3.0,12.0,202,43.0,63.3,0.1748150880928101,12000,0.6387736227819071,142000,0.6270461975427244,120000,0.2966924604680103,12000,1.7062620820292196,12000,-1.3155640232951544,12000,180000,2.5657600000000005,48000.0,40.3,2025-11-21_09-33,1,0.9930557947781812,1,45963.28534307893,37.33067697670112,47032.94790135134
R_AK_3DBall_2627,3DBall,2627,ppo,0.0004708376653287,500000,111,20860,3.0,12.0,232,45.0,83.8,-0.3471459876202935,12000,0.7136769230943408,442000,0.6270461975427244,180000,0.01540819155794,24000,-0.6986691361321019,24000,0.3093242533808056,12000,480000,2.5657600000000005,72000.0,29.0,2025-11-21_09-33,1,0.9997191403106738,1,79840.16242519168,36.60694688727517,79958.1683866403
R_AK_3DBall_2560,3DBall,2560,ppo,0.0006070306980832,500000,188,35402,3.0,12.0,215,33.2,84.8,-0.4515382027629129,12000,0.7173596335131767,442000,0.6270461975427244,300000,-0.109923533323509,36000,-0.7398401431209983,36000,0.6332398902345079,12000,480000,2.5657600000000005,120000.0,48.3,2025-11-21_09-33,1,0.9920906147040186,1,128984.78804800108,50.496089773814376,131919.29030999963
R_LN_3DBall_4164,3DBall,4164,ppo,0.0002912518320467,200000,173,32470,3.0,12.0,178,43.2,60.8,-0.5467193400988315,12000,-1.6907952537587034,142000,-1.8566559619338867,192000,-0.0935449556401379,36000,-0.535686389457049,36000,0.6810307219014423,12000,180000,2.5657600000000005,156000.0,142.5,2025-11-21_09-33,1,0.3165867293644197,0,122801.87382336754,106.83924704202006,175560.09772067814
R_AK_3DBall_2593,3DBall,2593,ppo,0.0005738530119001,500000,71,13313,3.0,12.0,217,27.1,84.2,0.2270111956641215,12000,0.7173596335131767,442000,0.6270461975427244,132000,0.1371793560734387,24000,0.5735490054504079,24000,-0.1685840632885978,12000,480000,2.5657600000000005,60000.0,21.7,2025-11-21_09-33,1,0.999477650254282,1,60943.852197630134,19.13470530953426,61173.19306479061
R_LN_3DBall_3117,3DBall,3117,ppo,0.0001691285978872,100000,176,33171,3.0,12.0,95,40.0,56.3,-0.3740116312231726,12000,-1.7304706848859708,46000,-1.9101958740355625,84000,-0.1170446540554095,36000,-0.7190845114984968,36000,0.6916509067163167,12000,84000,2.5657600000000005,,,2025-11-21_09-33,0,0.004720246545260224,0,140624.22165412284,170.8504776159563,100191.75634191676
R_LN_3DBall_4187,3DBall,4187,ppo,0.0003248305602148,200000,189,35503,3.0,12.0,174,43.8,61.1,-0.5943099087667925,12000,-1.6786942100156248,142000,-1.82596263371801,192000,-0.12345366271412,36000,-0.8051693442934621,36000,0.8403334941245689,12000,180000,2.5657600000000005,156000.0,139.4,2025-11-21_09-33,1,0.2956973068468873,0,136187.32165981433,120.26726480920307,181130.76287212037
R_AK_3DBall_2457,3DBall,2457,ppo,0.0001820929070742,500000,67,12633,3.0,12.0,244,46.0,83.9,-0.4446298944078873,12000,0.7173596335131767,442000,0.6270461975427244,132000,0.1521337096104299,24000,-0.0025048361380351,24000,0.3411848078254286,12000,480000,2.5657600000000005,60000.0,24.4,2025-11-21_09-33,1,0.9970816035609342,1,66612.77524644838,32.015062799268186,67877.57097990574
R_LN_3DBall_4281,3DBall,4281,ppo,0.0002608669906298,200000,99,18610,3.0,12.0,178,44.8,62.3,-0.3271886523724384,12000,0.0817208352811434,142000,0.2840895771351316,192000,0.0403321141195917,24000,-0.6398048038256632,24000,0.3677352698626144,12000,180000,2.5657600000000005,72000.0,59.5,2025-11-21_09-33,1,0.9170374171941302,1,82219.0391454438,68.13006557446975,91990.45186329483
R_AK_3DBall_2544,3DBall,2544,ppo,0.0007462200002404,500000,149,28031,3.0,12.0,239,47.7,84.1,-0.4891501038069463,12000,0.6991372942998145,442000,0.6270461975427244,276000,-0.0629241364929657,36000,-0.8538259889167034,36000,0.2615334217138594,12000,480000,2.5657600000000005,96000.0,41.8,2025-11-21_09-33,1,0.9998557952729523,1,90894.39859404638,44.33705048937988,90953.3935556308
R_AK_3DBall_2828,3DBall,2828,ppo,0.0007164826765304,500000,116,21762,3.0,12.0,250,43.1,84.9,0.4212114194220839,12000,0.7173596335131767,442000,0.6270461975427244,216000,-0.0073793947841416,24000,-0.2189078150218214,24000,-0.7102134888472472,12000,480000,2.5657600000000005,72000.0,31.2,2025-11-21_09-33,1,0.9999980224911268,1,68647.81255292194,27.832808461964106,68648.66555570009
R_AK_3DBall_2101,3DBall,2101,ppo,0.0003403336044125,500000,130,24450,3.0,12.0,222,38.5,82.8,-0.2619435179083008,12000,0.7173596335131767,442000,0.6270461975427244,228000,-0.0145005155160421,36000,-0.6061194344711116,36000,0.3783554546774887,12000,480000,2.5657600000000005,84000.0,33.3,2025-11-21_09-33,1,0.9965032073773813,1,94761.86237636211,42.78552463652153,96178.8961064082
R_AP_3DBall_1350,3DBall,1350,ppo,0.0005036178499812,500000,69,13098,3.0,12.0,520,68.1,91.0,0.1556253426621817,12000,0.6806467603964768,442000,0.6270461975427244,156000,0.1336187957074885,24000,1.6800623503090126,24000,-0.8748263534778228,12000,480000,2.5657600000000005,48000.0,39.0,2025-11-21_09-33,1,0.9998077787483085,1,48335.597758104144,35.865601245473414,48422.41725484757
R_LN_3DBall_3503,3DBall,3503,ppo,0.0007520783343786,200000,47,8899,3.0,12.0,200,48.2,68.5,1.6823614891230092,12000,0.5540663165803541,142000,0.6270461975427244,120000,0.3009651329071507,12000,2.6310785861269093,12000,-1.936844834965361,12000,180000,2.5657600000000005,36000.0,26.7,2025-11-21_09-33,1,0.9998805066415879,1,37523.186102375745,30.80020479332438,37542.60100253247
R_AK_3DBall_2479,3DBall,2479,ppo,0.0001145454275183,500000,68,12889,3.0,12.0,242,45.4,83.1,-0.1736706889274079,12000,0.7173596335131767,442000,0.6270461975427244,144000,0.1499973733908597,24000,-0.0936935127745992,24000,0.3942857318998002,12000,480000,2.5657600000000005,72000.0,30.2,2025-11-21_09-33,1,0.9981003500420963,1,68475.25815138697,32.48718880141223,69295.00410907409
R_LN_3DBall_3053,3DBall,3053,ppo,0.0008204837515197,100000,108,20385,3.0,12.0,101,42.2,55.2,-0.3932013766538026,12000,-1.6836086293810162,46000,-1.8019866137439515,96000,0.0068628466796593,24000,-0.4751207758700775,24000,-0.1314134164365376,12000,84000,2.5657600000000005,72000.0,72.1,2025-11-21_09-33,1,0.6433279904161234,1,75349.63074761939,87.46285219696075,84141.72748585058
R_AK_3DBall_2338,3DBall,2338,ppo,0.0007600641572179,500000,102,19235,3.0,12.0,229,40.5,84.0,0.2277787854813465,12000,0.6422626370357599,442000,0.6270461975427244,180000,0.0218172002166504,24000,-0.3597739050499463,24000,-0.6093217331059294,12000,480000,2.5657600000000005,72000.0,28.6,2025-11-21_09-33,1,0.9999941442279193,1,66332.31310167481,27.384018531714673,66334.85256080804
R_LN_3DBall_4384,3DBall,4384,ppo,0.0001361514033383,200000,101,19082,3.0,12.0,186,44.6,63.6,0.3344737700756411,12000,0.0215856259065486,142000,0.3590552528380606,192000,0.0481653469246823,24000,-0.4523236067109366,24000,0.4951774876411181,12000,180000,2.5657600000000005,72000.0,62.2,2025-11-21_09-33,1,0.939349345817295,1,84847.3852810649,67.77653648333512,91831.4666946173
R_AK_3DBall_2236,3DBall,2236,ppo,0.0006008428727631,500000,150,28186,3.0,12.0,212,28.4,82.5,-0.1982335630786134,12000,0.7173596335131767,442000,0.6270461975427244,276000,-0.0757421538103866,36000,-0.5230969079811056,36000,0.3252545306031171,12000,480000,2.5657600000000005,108000.0,42.3,2025-11-21_09-33,1,0.9965292596956744,1,101749.16438902421,37.08974041285853,103131.38961541058
R_LN_3DBall_3476,3DBall,3476,ppo,0.0004649043657011,200000,149,28072,3.0,12.0,177,46.4,68.2,-0.338702499630816,12000,-1.6679043403124278,142000,-1.819918345610977,192000,-0.0849996107618572,36000,-0.4860089760654881,36000,0.808472939679946,12000,180000,2.5657600000000005,144000.0,129.7,2025-11-21_09-33,1,0.259347835902125,0,107471.50744310877,99.04331659772677,176002.93569608437
R_AK_3DBall_2372,3DBall,2372,ppo,0.0008792691099341,500000,103,19373,3.0,12.0,213,26.9,82.3,0.2753693541493058,12000,0.6930656645128602,442000,0.6270461975427244,192000,0.0061507346064693,24000,-0.3961813244533506,24000,0.1871921280097273,12000,480000,2.5657600000000005,72000.0,26.6,2025-11-21_09-33,1,0.9998703379520814,1,70910.55266074854,22.751716749195253,70966.18927723083
R_AK_3DBall_2537,3DBall,2537,ppo,0.0005172866094953,500000,179,33642,3.0,12.0,214,32.8,84.8,-0.1260801202594486,12000,0.7173596335131767,442000,0.6270461975427244,300000,-0.1070750850307488,36000,-0.6959470860832492,36000,0.6332398902345079,12000,480000,2.5657600000000005,120000.0,48.1,2025-11-21_09-33,1,0.994672963133951,1,122705.02856311538,47.293621795697966,124714.89278533455
R_AP_3DBall_1117,3DBall,1117,ppo,0.0002528261700298,500000,45,8504,3.0,12.0,509,58.0,88.2,0.3851346980125024,12000,0.7173596335131767,442000,0.6270461975427244,108000,0.3251769433956124,12000,1.133610803001842,12000,-0.598701548291055,12000,480000,2.5657600000000005,48000.0,38.2,2025-11-21_09-33,1,0.9995967300264286,1,48413.924107126055,32.69994884582633,48596.0352120166
R_AK_3DBall_2414,3DBall,2414,ppo,0.000145358590225,500000,82,15392,3.0,12.0,230,41.5,83.1,0.0397192802611829,12000,0.7173596335131767,442000,0.6270461975427244,192000,0.0937405196088456,24000,-0.2454478029981347,24000,0.426146286344435,12000,480000,2.5657600000000005,72000.0,28.8,2025-11-21_09-33,1,0.9982489970520722,1,73226.55866208146,32.57098437575244,73973.84021596148
R_AK_3DBall_2730,3DBall,2730,ppo,0.0002718111215082,500000,64,12179,3.0,12.0,252,49.5,84.1,-0.2726897753494535,12000,0.6796137141832361,442000,0.6270461975427244,108000,0.1699365114401812,24000,1.1557274596487697,24000,-0.1632739708811606,12000,480000,2.5657600000000005,48000.0,18.9,2025-11-21_09-33,1,0.9985432485660904,1,57733.56603501235,27.708209423449205,58377.83829686091
R_AK_3DBall_2826,3DBall,2826,ppo,0.000172377371674,500000,48,9111,3.0,12.0,245,45.6,83.3,-0.0209203152996041,12000,0.7173596335131767,442000,0.6270461975427244,108000,0.2867228914433496,12000,0.1652414981225096,12000,0.0916104646758466,12000,480000,2.5657600000000005,48000.0,18.4,2025-11-21_09-33,1,0.9997533212277694,1,57850.80544032351,26.107149284510804,57959.87426078025
R_AK_3DBall_2204,3DBall,2204,ppo,4.90122362854653e-05,500000,155,29101,3.0,12.0,256,42.8,82.6,-0.3893634275676756,12000,0.7173596335131767,442000,0.6270461975427244,276000,-0.0664846968589159,36000,-0.7476660370114497,36000,0.7022710915311909,12000,480000,2.5657600000000005,108000.0,51.2,2025-11-21_09-33,1,0.9751548618633271,1,117426.37537436213,59.30932490415246,126931.46992563375
R_LN_3DBall_4611,3DBall,4611,ppo,0.0003419984351389,200000,92,17367,3.0,12.0,179,44.8,64.8,0.0827043100257918,12000,-0.2987505817121585,142000,0.2721170388753385,192000,0.0545743555833928,24000,-0.3846126117457267,24000,0.0969205570832956,12000,180000,2.5657600000000005,84000.0,71.5,2025-11-21_09-33,1,0.9892056860018875,1,75457.21629131328,57.25063345645257,76801.57020486385
R_AK_3DBall_2568,3DBall,2568,ppo,0.000779585738445,500000,87,16372,3.0,12.0,248,44.3,84.2,0.1870965251684129,12000,0.7173596335131767,442000,0.6270461975427244,180000,0.0773619419254745,24000,0.8440527290551406,24000,-0.8695162610703856,12000,480000,2.5657600000000005,60000.0,24.8,2025-11-21_09-33,1,0.999987278195767,1,54708.76816345702,23.07412752079715,54714.433071335094
R_LN_3DBall_3776,3DBall,3776,ppo,0.0005834496961593,200000,161,30204,3.0,12.0,179,42.9,51.7,-0.1475726351417539,12000,-1.2903035998155343,142000,-1.2056933529458027,192000,-0.0721815934444363,36000,-0.8170783132571925,36000,0.3571150850477401,12000,180000,2.5657600000000005,96000.0,83.6,2025-11-21_09-33,1,0.9569114554445431,1,98394.32446254126,90.192934432131,102772.36514002434
R_LN_3DBall_4586,3DBall,4586,ppo,6.578887936229118e-05,200000,114,21543,3.0,12.0,189,44.4,65.2,-0.5874016004117651,12000,-1.3424426341741813,142000,-1.117177022804965,192000,-0.0073793947841416,24000,-0.6347009599840645,24000,0.7182013687535025,12000,180000,2.5657600000000005,96000.0,88.4,2025-11-21_09-33,1,0.47227340404789425,0,100686.9898725295,80.54812265732097,153097.1066408565
R_LN_3DBall_3638,3DBall,3638,ppo,0.0003520876016931,200000,191,35972,3.0,12.0,175,42.8,63.5,-0.9612178414004138,12000,-1.673288100385277,142000,-1.8271591139576275,192000,-0.1070750850307488,36000,-0.7993849879396502,36000,0.7872325700501973,12000,180000,2.5657600000000005,120000.0,104.9,2025-11-21_09-33,1,0.06401630139650616,0,144483.6372024313,134.9747209997182,196446.04778671305
R_AK_3DBall_2448,3DBall,2448,ppo,8.14982351603076e-05,500000,78,14731,3.0,12.0,220,33.4,84.3,-0.3210479338346378,12000,0.7173596335131767,442000,0.6270461975427244,228000,0.126497674975588,24000,-0.2505516468397334,24000,0.3995958243072374,12000,480000,2.5657600000000005,96000.0,38.5,2025-11-21_09-33,1,0.989871744746088,1,79421.97245687719,30.87191244188117,83681.6940740208
R_AK_3DBall_2509,3DBall,2509,ppo,3.714788071268449e-05,500000,105,19712,3.0,12.0,225,40.8,82.0,-0.452305792580138,12000,0.7173596335131767,442000,0.6270461975427244,228000,0.01540819155794,24000,-0.2229908900951003,24000,0.6916509067163167,12000,480000,2.5657600000000005,96000.0,39.3,2025-11-21_09-33,1,0.972572533052519,1,88378.41037318824,40.015711489549716,99668.1479175472
R_LN_3DBall_4090,3DBall,4090,ppo,0.0007553891311066,200000,157,29576,3.0,12.0,174,44.2,60.3,-0.5897043698634403,12000,-1.3759620038528353,142000,-1.096475851762618,192000,-0.0835753866154772,36000,-0.9286823652601516,36000,0.6916509067163167,12000,180000,2.5657600000000005,108000.0,93.0,2025-11-21_09-33,1,0.884023563448797,1,102091.95491287277,86.7066688838869,113446.9810917723
R_LN_3DBall_3961,3DBall,3961,ppo,0.0007195302443852,200000,186,34949,3.0,12.0,173,43.8,60.5,-0.5144805677753752,12000,-1.6063685586679588,142000,-1.6944194301326527,192000,-0.0999539642988483,36000,-0.8946567396494932,36000,0.6704105370865681,12000,180000,2.5657600000000005,120000.0,103.6,2025-11-21_09-33,1,0.7914667101515128,1,118651.75328458773,104.63650652006184,135615.57079555903
R_LN_3DBall_4478,3DBall,4478,ppo,0.0001973187053848,200000,126,23663,3.0,12.0,177,44.5,64.2,-0.0838626803120664,12000,-1.0179096763141848,142000,-0.6101556281610331,192000,-0.0187731879551824,24000,-0.474780519613971,24000,0.5057976724559924,12000,180000,2.5657600000000005,84000.0,70.6,2025-11-21_09-33,1,0.8370478990741167,1,96083.38151150392,77.20069466616722,113016.81281531784
R_LN_3DBall_4075,3DBall,4075,ppo,0.0006867642652142,200000,186,34884,3.0,12.0,171,43.9,61.9,-0.4323484573322845,12000,-1.617836364948595,142000,-1.7103501519437665,192000,-0.1163325419822195,36000,-0.8089121631106344,36000,0.7288215535683767,12000,180000,2.5657600000000005,120000.0,102.4,2025-11-21_09-33,1,0.7541698119293353,1,118655.43365461474,102.14898026390854,138652.38369782746
R_AK_3DBall_2510,3DBall,2510,ppo,0.0002019560287681,500000,141,26577,3.0,12.0,227,47.4,85.3,-0.7309408962328681,12000,0.7173596335131767,442000,0.6270461975427244,264000,-0.0486818950291646,36000,-0.6462696726916882,36000,0.5111077648634296,12000,480000,2.5657600000000005,96000.0,39.7,2025-11-21_09-33,1,0.9923353874107955,1,105089.28439432287,53.552466146292794,108116.12203676588
R_AP_3DBall_1095,3DBall,1095,ppo,0.0005315065107612,500000,134,25143,3.0,12.0,433,65.7,89.3,-0.4761010769141184,12000,0.7173596335131767,442000,0.6270461975427244,192000,-0.0387123260045039,36000,-0.2685852284133824,36000,0.0756801874535352,12000,480000,2.5657600000000005,84000.0,64.9,2025-11-21_09-33,1,0.9986978715310341,1,80123.7137112415,63.792760643912665,80670.44657706178
R_AK_3DBall_2313,3DBall,2313,ppo,0.0006561389770543,500000,161,30283,3.0,12.0,214,25.8,83.1,-0.482241795451919,12000,0.7173596335131767,442000,0.6270461975427244,276000,-0.0728937055176264,36000,-0.7639983373045657,36000,0.5323481344931901,12000,480000,2.5657600000000005,108000.0,42.7,2025-11-21_09-33,1,0.9912221794043842,1,112777.64132711854,39.48349843612865,116176.60972216031
R_LN_3DBall_3827,3DBall,3827,ppo,0.0007234159263305,200000,129,24351,3.0,12.0,180,42.6,51.9,-0.3340969607274657,12000,-0.6008470671283385,142000,-0.2490068351446013,192000,-0.0387123260045039,36000,-0.464232575674667,36000,-0.0199014758803454,12000,180000,2.5657600000000005,84000.0,71.8,2025-11-21_09-33,1,0.9850698097817249,1,79667.67543562113,69.40588243639475,81464.25993077454
R_LN_3DBall_3216,3DBall,3216,ppo,0.0004487310357024,100000,71,13410,3.0,12.0,97,40.7,57.1,0.1218513907042753,12000,-1.6123582400774206,46000,-1.6891642001146778,96000,0.140027804366199,24000,0.700464588978163,24000,0.5588985965303759,12000,84000,2.5657600000000005,60000.0,55.4,2025-11-21_09-33,1,0.025159777333558255,0,65865.77877031303,72.11401858983209,99141.19059440667
R_LN_3DBall_3399,3DBall,3399,ppo,0.0004956378231286,100000,58,10990,3.0,12.0,116,53.6,59.0,0.407394802712031,12000,-0.9568357855246744,46000,-0.3069561895086602,96000,0.2176480203439146,12000,1.2622276678101298,12000,-0.6624226571803128,12000,84000,2.5657600000000005,48000.0,49.8,2025-11-21_09-33,1,0.8355115743549153,1,51402.502455659436,67.17736260149655,59396.22831701889
R_AP_3DBall_1105,3DBall,1105,ppo,0.0001463949917726,500000,161,30333,3.0,12.0,448,58.9,89.8,-0.5183185168615022,12000,0.393224001119811,442000,0.5711777904919656,492000,-0.0828632745422871,36000,-0.0688548060788186,36000,0.6544802598642565,12000,480000,2.5657600000000005,192000.0,168.0,2025-11-21_09-33,1,0.8321638120460695,1,111955.0544577755,82.87234396888688,177083.03887237303
R_AK_3DBall_2976,3DBall,2976,ppo,0.0006502171903261,500000,152,28666,3.0,12.0,266,48.4,84.2,-0.3225831134690879,12000,0.583649680855195,442000,0.6270461975427244,324000,-0.0835753866154772,36000,-0.8657349578804335,36000,0.2084324976394878,12000,480000,2.5657600000000005,72000.0,33.3,2025-11-21_09-33,1,0.9999436104554156,1,94360.18358158432,43.920217622134885,94383.05742609745
R_LN_3DBall_4494,3DBall,4494,ppo,0.00020653541547,200000,65,12221,3.0,12.0,185,44.2,64.4,0.0719580525846391,12000,0.5869449989440655,142000,0.6270461975427244,144000,0.1706486235133713,24000,0.2982816942601832,24000,0.3836655470849259,12000,180000,2.5657600000000005,60000.0,49.2,2025-11-21_09-33,1,0.8679036757532582,1,65668.85961675526,50.596165348552326,83413.50949325494
R_AK_3DBall_2236,3DBall,2236,ppo,0.0006008428727631,500000,150,28186,3.0,12.0,212,28.4,82.5,-0.1982335630786134,12000,0.7173596335131767,442000,0.6270461975427244,276000,-0.0757421538103866,36000,-0.5230969079811056,36000,0.3252545306031171,12000,480000,2.5657600000000005,108000.0,42.3,2025-11-21_09-33,1,0.9965292596956744,1,101749.16438902421,37.08974041285853,103131.38961541058
R_AP_3DBall_1316,3DBall,1316,ppo,0.0008342025487533,500000,114,21466,3.0,12.0,450,63.0,89.7,-0.0669757043331116,12000,0.7173596335131767,442000,0.6270461975427244,192000,0.0033022863137091,24000,-0.2260531964000596,24000,-0.2163748949555322,12000,480000,2.5657600000000005,60000.0,45.0,2025-11-21_09-33,1,0.9999575650550235,1,65343.028399833485,45.38073402928456,65361.47304450698
R_LN_3DBall_4426,3DBall,4426,ppo,0.0001567089318607,200000,152,28612,3.0,12.0,175,44.3,64.7,-0.0884682192154169,12000,-1.5161260120594031,142000,-1.6032729063616211,192000,-0.0743179296640064,36000,-0.7388193743526785,36000,0.6810307219014423,12000,180000,2.5657600000000005,96000.0,81.9,2025-11-21_09-33,1,0.7081118030994424,1,116074.26339933329,95.03959209904214,140571.195329253
R_AK_3DBall_2234,3DBall,2234,ppo,0.0006643152324434,500000,141,26509,3.0,12.0,242,42.4,82.3,-0.6603226330481551,12000,0.6803388331598378,442000,0.6270461975427244,204000,-0.0337275414921735,36000,-0.3825710742090872,36000,-0.0092812910654593,12000,480000,2.5657600000000005,84000.0,36.3,2025-11-21_09-33,1,0.9992226220940306,1,88109.31381614397,41.60150134999955,88429.50853525789
R_LN_3DBall_3593,3DBall,3593,ppo,0.0006404828411291,200000,142,26676,3.0,12.0,174,43.0,62.5,-0.7854397732558547,12000,-1.3684500692493438,142000,-1.3323294403760049,192000,-0.0657725847857259,36000,-0.651373516533287,36000,0.2668435141212966,12000,180000,2.5657600000000005,96000.0,81.1,2025-11-21_09-33,1,0.7304116375745332,1,96064.50375567321,84.82162171901274,124084.30398605953
R_LN_3DBall_3988,3DBall,3988,ppo,0.000248836439412,200000,45,8492,3.0,12.0,234,43.7,61.0,2.1352394812858484,12000,0.6647140091845752,142000,0.6270461975427244,144000,0.3223284951028523,12000,3.170044495799735,12000,-1.1031603269976442,12000,180000,2.5657600000000005,36000.0,31.2,2025-11-21_09-33,1,0.9947946479354633,1,41118.86907948407,31.411846892289077,41945.90130233709
R_AK_3DBall_2206,3DBall,2206,ppo,0.0005024872483985,500000,121,22821,3.0,12.0,262,42.4,83.3,-0.452305792580138,12000,0.6919531532062937,442000,0.6270461975427244,204000,-0.0045309464913814,24000,-0.5322838268959833,24000,-0.0676923075472799,12000,480000,2.5657600000000005,84000.0,39.3,2025-11-21_09-33,1,0.9995754487101517,1,84001.13516235957,39.23229785179623,84177.74801700182
R_LN_3DBall_3773,3DBall,3773,ppo,0.0001692202524467,200000,129,24298,3.0,12.0,201,42.2,51.9,-0.3494487570719687,12000,-0.9343471641133624,142000,0.0260675820131424,192000,-0.0301669811262232,36000,-0.6418463413623027,36000,0.6279297978270589,12000,180000,2.5657600000000005,84000.0,80.2,2025-11-21_09-33,1,0.5507160220661131,1,96969.53028124271,89.21101807647221,143259.46956488286
R_AK_3DBall_2379,3DBall,2379,ppo,0.0008374651924554,500000,38,7247,3.0,12.0,230,26.0,83.4,1.373790382598498,12000,0.7173596335131767,442000,0.6270461975427244,120000,0.3807216851044365,12000,2.2003141658959766,12000,-1.793472339964546,12000,480000,2.5657600000000005,36000.0,11.5,2025-11-21_09-33,1,0.9999983384723639,1,38494.30285305472,11.269873174266262,38495.06965752477
R_AK_3DBall_2170,3DBall,2170,ppo,0.000633472916735,500000,180,33797,3.0,12.0,253,42.6,83.9,-0.8453117789994167,12000,0.6368639772579119,442000,0.6270461975427244,300000,-0.109211421250319,36000,-0.865394701624327,36000,0.2562233293064223,12000,480000,2.5657600000000005,108000.0,50.6,2025-11-21_09-33,1,0.9973518511575895,1,115352.44505225126,56.818716502749595,116371.04902962218
R_LN_3DBall_3796,3DBall,3796,ppo,0.0004690707105655,200000,46,8721,3.0,12.0,235,42.4,51.3,0.8902087977466512,12000,0.6298784988977063,142000,0.6270461975427244,132000,0.304525693273101,12000,2.5300224780632545,12000,-1.3474245777397773,12000,180000,2.5657600000000005,36000.0,31.3,2025-11-21_09-33,1,0.995679777842667,1,40574.676140140495,33.696570046085384,41263.42895671984
R_AK_3DBall_2518,3DBall,2518,ppo,0.0006526172703378,500000,129,24276,3.0,12.0,215,32.3,85.1,-0.7401519740395706,12000,0.7173596335131767,442000,0.6270461975427244,264000,-0.0337275414921735,36000,-0.7122793863763651,36000,0.5907591509749988,12000,480000,2.5657600000000005,108000.0,43.0,2025-11-21_09-33,1,0.9944976570962073,1,94080.7432126618,34.90890792183614,96314.25015475841
R_LN_3DBall_4143,3DBall,4143,ppo,0.0006556418597672,200000,179,33607,3.0,12.0,171,43.9,60.6,-0.5904719596806653,12000,-1.671053144635478,142000,-1.832380821899924,180000,-0.1077871971039389,36000,-0.6010155906295129,36000,0.6332398902345079,12000,180000,2.5657600000000005,144000.0,125.6,2025-11-21_09-33,1,0.6865500957982981,1,114152.32730898885,98.20547607835367,141061.27208992536
R_AK_3DBall_2262,3DBall,2262,ppo,0.0002268737706201,500000,50,9411,3.0,12.0,298,50.1,82.6,1.2770740656281276,12000,0.7173596335131767,442000,0.6270461975427244,132000,0.2746169861991188,12000,1.9828904182438705,12000,-0.7951749673662536,12000,480000,2.5657600000000005,36000.0,14.9,2025-11-21_09-33,1,0.9999540198388198,1,44942.835678511314,22.272738535229863,44963.759280273014
R_AK_3DBall_2225,3DBall,2225,ppo,0.0001498803620875,500000,64,12106,3.0,12.0,225,34.7,84.4,-0.3839902988471002,12000,0.7173596335131767,442000,0.6270461975427244,204000,0.1863150891235523,24000,-0.2559957469374387,24000,0.3199444381956799,12000,480000,2.5657600000000005,108000.0,45.0,2025-11-21_09-33,1,0.9932821924026719,1,71935.04761246649,29.281509746930595,74810.70560176535
R_AK_3DBall_2271,3DBall,2271,ppo,0.0005584988791248,500000,125,23471,3.0,12.0,266,46.3,84.1,-0.5244592353993028,12000,0.6802643346348445,442000,0.6270461975427244,168000,-0.0173489638088023,24000,-0.4557261692720024,24000,-0.0570721227324056,12000,480000,2.5657600000000005,84000.0,39.9,2025-11-21_09-33,1,0.9996589365340676,1,81640.71231846882,40.34512606830267,81783.39938713051
R_AK_3DBall_2866,3DBall,2866,ppo,0.0008190951801375,500000,95,17822,3.0,12.0,216,32.5,84.5,-0.179043817647985,12000,0.7173596335131767,442000,0.6270461975427244,180000,0.0538622435102028,24000,-0.2144844836924357,24000,-0.28009600384479,12000,480000,2.5657600000000005,72000.0,27.0,2025-11-21_09-33,1,0.9999602255967455,1,66429.02638198096,22.25705531049736,66446.27140872511
R_AP_3DBall_1042,3DBall,1042,ppo,0.0005987812405044,500000,164,30925,3.0,12.0,413,57.6,87.5,-0.1805789972824351,12000,0.7173596335131767,442000,0.6270461975427244,276000,-0.1006660763720383,36000,-0.7013911861809545,36000,0.4473866559741836,12000,480000,2.5657600000000005,108000.0,82.7,2025-11-21_09-33,1,0.9976870476832406,1,100401.33079081513,70.54911450699176,101325.58345853651
R_AK_3DBall_2779,3DBall,2779,ppo,0.000437561423586,500000,77,14492,3.0,12.0,261,48.5,84.2,0.114943082349248,12000,0.7173596335131767,442000,0.6270461975427244,204000,0.1193765542436875,24000,0.5095808293023708,24000,-0.5509107166241206,12000,480000,2.5657600000000005,48000.0,19.6,2025-11-21_09-33,1,0.9999714895498099,1,57931.970335043996,26.558341027973395,57944.57389358442
R_AK_3DBall_2653,3DBall,2653,ppo,0.0004954494089895,500000,151,28374,3.0,12.0,214,33.1,84.6,-0.2435213622948975,12000,0.7173596335131767,442000,0.6270461975427244,252000,-0.0693331451516761,36000,-0.682336835838986,36000,0.4473866559741836,12000,480000,2.5657600000000005,96000.0,37.4,2025-11-21_09-33,1,0.997826831163266,1,105417.76643050616,39.602722071962546,106275.2602440283
R_LN_3DBall_3752,3DBall,3752,ppo,0.000191738238538,200000,121,22794,3.0,12.0,182,42.8,51.6,-0.6825827377476836,12000,-0.904878030910178,142000,-0.2877918767051324,192000,-0.0102278430769018,24000,-0.6411658288500895,24000,0.5057976724559924,12000,180000,2.5657600000000005,84000.0,72.9,2025-11-21_09-33,1,0.5163881488276939,1,92880.19170399837,87.27664717831846,144684.60049125028
R_LN_3DBall_4571,3DBall,4571,ppo,0.0005567407201168,200000,115,21635,3.0,12.0,177,44.2,65.1,0.1018940554564202,12000,0.0510026101422379,142000,0.581706300876358,192000,-0.0045309464913814,24000,-0.5703925275799204,24000,-0.1898244329183464,12000,180000,2.5657600000000005,72000.0,59.1,2025-11-21_09-33,1,0.9978677927479921,1,79584.98030526619,59.56387880982731,79841.73008350997
R_LN_3DBall_3977,3DBall,3977,ppo,0.000593155031624,200000,107,20063,3.0,12.0,174,41.8,60.1,-0.3770819904920745,12000,-0.9059905422167444,142000,-0.4515910529572459,192000,0.0182566398507002,24000,-0.5972727718123404,24000,0.2827737913436081,12000,180000,2.5657600000000005,96000.0,81.4,2025-11-21_09-33,1,0.9498566878242133,1,77513.76669353506,62.75384347473538,83655.63212745737
R_AK_3DBall_2681,3DBall,2681,ppo,0.0004875566451141,500000,133,25042,3.0,12.0,225,46.4,84.6,-0.1613892518518068,12000,0.6846945135877794,442000,0.6270461975427244,192000,-0.0444092225900243,36000,-0.3849528680018332,36000,0.4473866559741836,12000,480000,2.5657600000000005,84000.0,33.7,2025-11-21_09-33,1,0.999351917528187,1,87974.89635788326,40.85402964842973,88241.92260550066
R_AP_3DBall_1020,3DBall,1020,ppo,7.471209277855806e-05,500000,52,9878,3.0,12.0,515,65.3,87.0,0.8272664327341889,12000,0.7173596335131767,442000,0.6270461975427244,144000,0.2447082791251366,12000,0.6579325569648404,12000,0.5854490585675617,12000,480000,2.5657600000000005,48000.0,38.6,2025-11-21_09-33,1,0.9973416085762064,1,54224.21910689328,42.21366650657208,55409.265619754435
R_LN_3DBall_4113,3DBall,4113,ppo,0.0005113439865997,200000,132,24899,3.0,12.0,178,43.4,61.2,-0.6549495043275778,12000,-1.170405673691311,142000,-0.7853445742803672,192000,-0.0323033173457934,36000,-0.7027522112053809,36000,0.6173096130121846,12000,180000,2.5657600000000005,96000.0,83.2,2025-11-21_09-33,1,0.7313429041053298,1,95879.29802896762,80.26394336778833,123852.06344301964
R_AP_3DBall_1043,3DBall,1043,ppo,0.0006746796361571,500000,146,27452,3.0,12.0,445,66.8,87.5,0.0358813311750576,12000,0.7173596335131767,442000,0.6270461975427244,204000,-0.0664846968589159,36000,-0.0970960753356651,36000,0.1447113887502301,12000,480000,2.5657600000000005,72000.0,55.7,2025-11-21_09-33,1,0.9995771990432667,1,78703.40015545578,63.25371820946854,78881.52476093853
R_AK_3DBall_2671,3DBall,2671,ppo,0.0008900806145801,500000,64,12015,3.0,12.0,221,34.4,84.0,-0.0071036985895512,12000,0.6096446995095253,442000,0.6270461975427244,120000,0.1834666408307921,24000,0.8859042485562502,24000,-1.1456410662571417,12000,480000,2.5657600000000005,48000.0,16.6,2025-11-21_09-33,1,0.9999915524833336,1,48808.580873778534,16.849600994421074,48812.39232081134
R_AK_3DBall_2552,3DBall,2552,ppo,0.0007791284284388,500000,136,25510,3.0,12.0,218,36.6,80.2,-0.6173376032835461,12000,0.6769243174309779,442000,0.6270461975427244,204000,-0.0301669811262232,36000,-0.3618154425865857,36000,0.0013388937494149,12000,480000,2.5657600000000005,84000.0,32.7,2025-11-21_09-33,1,0.9995904747624245,1,83334.36582071273,33.85336564292721,83505.00091353955
R_LN_3DBall_3192,3DBall,3192,ppo,0.0004011578497275,100000,176,33007,3.0,12.0,105,40.8,57.0,-0.7823694139869544,12000,-1.7244611372031775,46000,-1.89918774010684,84000,-0.0814390503959069,36000,-0.9058851961010104,36000,0.6226197054196217,12000,84000,2.5657600000000005,,,2025-11-21_09-33,0,0.009983650431837052,0,131558.19938339392,161.03466715582647,100315.06603090203
R_LN_3DBall_3980,3DBall,3980,ppo,0.0003262297461802,200000,122,23009,3.0,12.0,174,43.9,60.5,-0.238148233574322,12000,-1.1389300468816406,142000,-0.6799769545578481,192000,-0.0308790931994133,24000,-0.6939055485466098,24000,0.5057976724559924,12000,180000,2.5657600000000005,84000.0,69.8,2025-11-21_09-33,1,0.8377054656619648,1,92594.6972661991,79.24146491365258,110025.99085881702
R_LN_3DBall_3291,3DBall,3291,ppo,0.0002695511989267,100000,57,10845,3.0,12.0,106,41.5,57.7,0.6514883645896297,12000,-1.1535714903269911,46000,-0.5035502702595992,96000,0.2283297014417654,12000,0.80628428462731,12000,-0.4128483140307308,12000,84000,2.5657600000000005,48000.0,45.5,2025-11-21_09-33,1,0.5609053397289813,1,59843.20918437247,65.55395874774098,77475.8416051348
R_AK_3DBall_2638,3DBall,2638,ppo,4.3715300418814754e-05,500000,171,32227,3.0,12.0,241,45.2,84.5,-0.1867197158202357,12000,0.7008184776804968,442000,0.6270461975427244,336000,-0.0985297401524682,36000,-0.5023412763586041,36000,0.7235114611609397,12000,480000,2.5657600000000005,120000.0,54.2,2025-11-21_09-33,1,0.9836632962292554,1,126854.98594091849,62.30414190797291,132950.94549913204
R_LN_3DBall_3210,3DBall,3210,ppo,0.000149191679992,100000,46,8805,3.0,12.0,106,42.1,57.2,-0.6326893996280492,12000,-1.6790791190614232,46000,-1.7886912428054436,96000,0.3031014691267208,12000,-0.4798843634555698,12000,0.2402930520841107,12000,84000,2.5657600000000005,72000.0,75.7,2025-11-21_09-33,1,0.08638067695785444,0,69092.89311567861,83.10006158348176,97330.22318452355
R_AP_3DBall_1273,3DBall,1273,ppo,0.0006005556945572,500000,64,12179,3.0,12.0,596,63.2,87.6,0.540187841091983,12000,0.6799961399448685,442000,0.6270461975427244,180000,0.1998452185141633,24000,1.7321215574933195,24000,-1.989945759039745,12000,480000,2.5657600000000005,48000.0,44.7,2025-11-21_09-33,1,0.9999978069649439,1,42766.55755289971,29.482947423515693,42767.560281867816
R_AK_3DBall_2099,3DBall,2099,ppo,0.0004570396612269,500000,137,25803,3.0,12.0,212,28.5,82.4,-0.1575513027656797,12000,0.7173596335131767,442000,0.6270461975427244,264000,-0.0394244380776939,36000,-0.3822308179529807,36000,0.6279297978270589,12000,480000,2.5657600000000005,108000.0,42.4,2025-11-21_09-33,1,0.9812546572649287,1,100388.26813828177,37.5097161252884,107879.1270129851
R_AK_3DBall_2969,3DBall,2969,ppo,3.5643058614796486e-05,500000,175,32995,3.0,12.0,224,32.7,83.8,-0.748595462029048,12000,-1.7123625767442652,442000,-1.8932698044389047,480000,-0.0942570677133279,36000,0.3636108954326469,36000,0.7341316459758139,12000,480000,2.5657600000000005,,,2025-11-21_09-33,0,0.5183498959981475,1,136107.96881097055,52.5943762891751,311376.6034786119
R_AK_3DBall_2135,3DBall,2135,ppo,0.0003578952793,500000,143,26842,3.0,12.0,225,41.1,84.1,-0.5643739058950114,12000,0.7173596335131767,442000,0.6270461975427244,216000,-0.0515303433219248,36000,-0.6166673784104156,36000,0.3677352698626144,12000,480000,2.5657600000000005,96000.0,39.3,2025-11-21_09-33,1,0.9935807274549846,1,101161.69331607773,48.04489580041129,103721.94510807427
R_AK_3DBall_2882,3DBall,2882,ppo,0.0005810172982953,500000,120,22549,3.0,12.0,265,47.4,84.6,-0.4707279481935429,12000,0.6803388331598378,442000,0.6270461975427244,240000,-0.0116520672232819,24000,-0.5588238148722968,24000,-0.10486295439934,12000,480000,2.5657600000000005,72000.0,33.1,2025-11-21_09-33,1,0.9999425428308368,1,78540.51143000847,36.022452649515635,78564.72729913866
R_AK_3DBall_2146,3DBall,2146,ppo,0.0002968018669491,500000,83,15563,3.0,12.0,243,41.3,83.6,0.4089299823464812,12000,0.6792610878316011,442000,0.6270461975427244,144000,0.1151038818045472,24000,0.2775260626376817,24000,0.1447113887502301,12000,480000,2.5657600000000005,60000.0,24.3,2025-11-21_09-33,1,0.9991597261443041,1,66480.18997415513,29.703385401103674,66844.46533644608
R_LN_3DBall_3718,3DBall,3718,ppo,0.0008725721134683,200000,72,13596,3.0,12.0,179,42.9,51.3,0.6015950264699952,12000,0.6858417908726764,142000,0.6270461975427244,144000,0.1279218991219681,24000,1.5027888408774832,24000,-0.6836630268100614,12000,180000,2.5657600000000005,48000.0,35.7,2025-11-21_09-33,1,0.9969219822428866,1,45969.03184019117,37.729590600619694,46443.14189533243
R_AK_3DBall_2490,3DBall,2490,ppo,0.0008508233014198,500000,40,7553,3.0,12.0,342,47.0,83.1,1.8082462191479336,12000,-1.763495881015502,442000,0.4368238897919895,84000,0.3864185816899568,12000,1.9995629747930932,12000,-3.205956920342984,12000,480000,2.5657600000000005,36000.0,17.1,2025-11-21_09-33,1,0.9999999995906537,1,31353.660186264828,13.083347695373469,31353.66037810349
R_LN_3DBall_4034,3DBall,4034,ppo,0.0005214258242461,200000,39,7450,3.0,12.0,204,43.7,61.0,1.7000160549191874,12000,0.6089468966587545,142000,0.6270461975427244,84000,0.3736005643725359,12000,2.53648734692928,12000,-1.9156044653356128,12000,180000,2.5657600000000005,36000.0,27.3,2025-11-21_09-33,1,0.9999216689354554,1,37949.352757762485,28.704428409939247,37962.04635747111
R_LN_3DBall_4567,3DBall,4567,ppo,0.0006945578065857,200000,32,6046,3.0,12.0,214,38.9,65.0,0.9086309533600562,12000,0.7173596335131767,142000,0.6270461975427244,96000,0.4647509097408626,12000,2.144512139894497,12000,-0.6995933040323729,12000,180000,2.5657600000000005,36000.0,28.5,2025-11-21_09-33,1,0.9963089030611966,1,40518.65578407649,26.40127608032321,41107.31688550814
R_AK_3DBall_2460,3DBall,2460,ppo,0.0002403936692071,500000,169,31756,3.0,12.0,234,47.2,83.8,-0.7071456118988892,12000,0.7173596335131767,442000,0.6270461975427244,300000,-0.0928328435669478,36000,-0.8306885635014557,36000,0.5695187813452501,12000,480000,2.5657600000000005,108000.0,46.8,2025-11-21_09-33,1,0.9918826734098308,1,119604.79751976581,62.83476781350174,122692.5896116314
R_LN_3DBall_3560,3DBall,3560,ppo,0.0005767524265494,200000,47,8985,3.0,12.0,197,43.1,62.1,1.1788225690233087,12000,0.7173596335131767,142000,0.6270461975427244,96000,0.2860107793701595,12000,2.2302567164333555,12000,-1.7616117855199231,12000,180000,2.5657600000000005,48000.0,39.5,2025-11-21_09-33,1,0.9994143726505859,1,41906.68219627496,33.412491916114334,41999.26596694044
R_LN_3DBall_4103,3DBall,4103,ppo,0.0005374447337372,200000,189,35533,3.0,12.0,174,44.2,60.6,-0.93972532651811,12000,-1.628611334946793,142000,-1.74186606032438,192000,-0.1028024125916085,36000,-0.8895528958078943,36000,0.5376582269006271,12000,180000,2.5657600000000005,120000.0,104.2,2025-11-21_09-33,1,0.557457369633413,1,129083.34545085413,116.19695935050711,160466.98829183175
R_AP_3DBall_1153,3DBall,1153,ppo,0.0004331918140957,500000,70,13235,3.0,12.0,449,53.2,88.6,0.2500388901808752,12000,0.7173596335131767,442000,0.6270461975427244,144000,0.1457247009517194,24000,-0.0739586499204174,24000,-0.1314134164365376,12000,480000,2.5657600000000005,72000.0,56.2,2025-11-21_09-33,1,0.9997538904885643,1,59989.96764242533,36.30130665986843,60098.25829651565
R_AP_3DBall_1311,3DBall,1311,ppo,0.00040531297374,500000,138,25975,3.0,12.0,402,51.9,87.8,-0.3056961374901348,12000,0.7173596335131767,442000,0.6270461975427244,240000,-0.0387123260045039,36000,-0.4710377007967987,36000,0.6916509067163167,12000,480000,2.5657600000000005,96000.0,70.4,2025-11-21_09-33,1,0.9830387811677402,1,94859.84940013087,58.55555421971489,101731.52015218993
R_AK_3DBall_2528,3DBall,2528,ppo,0.000661805999342,500000,122,23058,3.0,12.0,231,44.1,84.8,-0.833797931741039,12000,0.6803785657065008,442000,0.6270461975427244,204000,-0.0344396535653636,24000,-0.7170429739618573,24000,0.0544398178237865,12000,480000,2.5657600000000005,84000.0,34.6,2025-11-21_09-33,1,0.9996806081446783,1,84023.75498558911,38.1388055283761,84156.61441025403
R_AK_3DBall_2717,3DBall,2717,ppo,0.0002122559134762,500000,189,35555,3.0,12.0,215,32.8,83.4,-0.65955504323093,12000,0.4747825029983136,442000,0.6208136700876482,444000,-0.1220294385677399,36000,-0.3359559671224856,36000,0.6385499826419451,12000,480000,2.5657600000000005,192000.0,80.5,2025-11-21_09-33,1,0.8980314352291766,1,141831.79896612445,56.650865236465165,178353.69637209648
R_AK_3DBall_2520,3DBall,2520,ppo,0.000523090234217,500000,97,18275,3.0,12.0,216,34.6,84.6,-0.045483189450808,12000,0.7173596335131767,442000,0.6270461975427244,180000,0.043180562412352,24000,-0.5030217888708173,24000,0.2031224052320506,12000,480000,2.5657600000000005,72000.0,27.0,2025-11-21_09-33,1,0.9996574181526416,1,75919.00058969372,28.399557516818202,76064.28304190128
R_AK_3DBall_2403,3DBall,2403,ppo,0.0008081312738097,500000,149,27986,3.0,12.0,229,40.3,83.5,-0.4346512267839597,12000,0.6425556645674004,442000,0.6270461975427244,216000,-0.068621033078486,36000,-0.8589298327583018,36000,0.2827737913436081,12000,480000,2.5657600000000005,96000.0,40.0,2025-11-21_09-33,1,0.9997280869284778,1,92031.61697372163,39.95277164695611,92142.54890983425
R_LN_3DBall_4459,3DBall,4459,ppo,0.0007611693199451,200000,124,23392,3.0,12.0,182,44.5,63.8,-0.7908129019764301,12000,-0.5429045976727132,142000,0.0454820210736597,192000,-0.0223337483211326,24000,-0.7109183613519389,24000,0.0597499102312237,12000,180000,2.5657600000000005,84000.0,72.7,2025-11-21_09-33,1,0.98348673948086,1,84296.24001264725,66.09399418105042,86206.88634436246
R_AK_3DBall_2932,3DBall,2932,ppo,0.0003389796755891,500000,101,19082,3.0,12.0,217,33.0,84.5,-0.500663951065324,12000,0.7173596335131767,442000,0.6270461975427244,204000,0.0374836658268315,24000,-0.6136050721054563,24000,0.3571150850477401,12000,480000,2.5657600000000005,84000.0,32.5,2025-11-21_09-33,1,0.99832049087188,1,86041.89636977839,30.735842539977643,86737.14278348458
R_AK_3DBall_2408,3DBall,2408,ppo,0.0007460958417932,500000,111,20930,3.0,12.0,221,38.7,83.1,-0.3172099847485125,12000,0.7173596335131767,442000,0.6270461975427244,180000,-0.0166368517356123,24000,-0.5816209840314377,24000,0.0969205570832956,12000,480000,2.5657600000000005,72000.0,27.6,2025-11-21_09-33,1,0.9998408018079928,1,75701.34343458932,30.923356773136096,75768.8910135856
R_AP_3DBall_1040,3DBall,1040,ppo,0.0002175733633558,500000,151,28369,3.0,12.0,432,65.4,87.9,-0.7186594591572669,12000,0.7041162790535338,442000,0.6270461975427244,276000,-0.0444092225900243,36000,-0.7932603753297317,36000,0.6226197054196217,12000,480000,2.5657600000000005,96000.0,75.6,2025-11-21_09-33,1,0.981139133150742,1,102698.0859974931,87.33107833193577,110191.54449644973
R_LN_3DBall_4228,3DBall,4228,ppo,0.0001183804294476,200000,63,11957,3.0,12.0,188,44.2,61.0,-0.6357597588969495,12000,0.4882046539179404,142000,0.6270461975427244,168000,0.1763455200988916,12000,-0.1607239952275959,12000,0.3146343457882428,12000,180000,2.5657600000000005,72000.0,62.5,2025-11-21_09-33,1,0.7049101194185833,1,70666.31054985074,59.46086369988785,108831.37352484932
R_AK_3DBall_2249,3DBall,2249,ppo,0.0004028018906385,500000,159,29918,3.0,12.0,255,44.8,83.7,-0.7401519740395706,12000,0.7173596335131767,442000,0.6270461975427244,240000,-0.0721815934444363,36000,-0.8837685394540824,36000,0.7606821080130115,12000,480000,2.5657600000000005,108000.0,51.0,2025-11-21_09-33,1,0.9885534464483601,1,112076.45168153555,56.94376438995426,116516.83935130503
R_LN_3DBall_4088,3DBall,4088,ppo,0.0004954547163951,200000,142,26776,3.0,12.0,174,43.8,60.2,-0.6587874534137049,12000,-1.5810763094327325,142000,-1.6741308384832774,192000,-0.0380002139313138,36000,-0.6925445235221834,36000,0.5748288737526873,12000,180000,2.5657600000000005,120000.0,104.6,2025-11-21_09-33,1,0.7206755376227129,1,100487.89194032208,86.40376019892057,128284.05802412212
R_LN_3DBall_4542,3DBall,4542,ppo,0.0003160900240047,200000,87,16497,3.0,12.0,179,45.1,64.5,-0.1475726351417539,12000,0.1895748331981157,142000,0.6270461975427244,192000,0.0787861660718545,24000,-0.2059780772897712,24000,0.3358747154179914,12000,180000,2.5657600000000005,60000.0,47.6,2025-11-21_09-33,1,0.9402193050854915,1,75657.77522511124,58.836163273854,83091.03982937011
