run_id,environment,seed,num_agents,algorithm,steps,batch_size,buffer_size,learning_rate,epochs,total_time,average_cpu,average_ram,reward_mean,reward_mean_step,early_reward_mean,early_reward_mean_step,final_reward_mean,final_reward_mean_step,best_reward,best_reward_step,step_interval,p_loss_mean,p_loss_mean_step,v_loss_mean,v_loss_mean_step,entropy_mean,entropy_mean_step,threshold_value,steps_to_threshold,time_to_threshold,threshold_version,run_reached_threshold,notes,p_reach,pred_reach,pred_steps_to_threshold_cond,pred_time_to_threshold_cond,expected_steps
R_LN_3DBall_3431,3DBall,3431,12.0,ppo,100000,149,28001,0.0002430536775247,3.0,99,44.5,68.7,1.2138,12000,1.1118,12000,1.6971,46000,2.3785,96000,84000,0.0646,36000,0.1586,36000,1.4175,12000,2.5657600000000005,,,2025-11-21_09-33,0,,0.027342956857355178,0,114359.75979231505,150.90226263309606,100392.63829248326
R_LN_3DBall_4223,3DBall,4223,12.0,ppo,200000,96,18165,0.0001499218441824,3.0,179,44.6,68.1,1.4259,12000,1.1404,12000,53.3134,142000,79.8733,180000,180000,0.0838,24000,0.2397,24000,1.414,12000,2.5657600000000005,84000.0,71.4,2025-11-21_09-33,1,,0.8050153075213115,1,88132.77723694535,70.33060634168446,109945.1732658445
R_LN_3DBall_3652,3DBall,3652,12.0,ppo,200000,43,8221,5.56116893512305e-05,3.0,209,43.7,66.6,1.3184,12000,1.1443,12000,15.541,142000,22.7529,192000,180000,0.1216,12000,0.4071,12000,1.414,12000,2.5657600000000005,96000.0,97.8,2025-11-21_09-33,1,,0.5491640240091107,1,66717.22535672782,57.34224296099514,126805.89514580119
R_AK_3DBall_2215,3DBall,2215,12.0,ppo,500000,138,26041,0.0005064621364616,3.0,235,38.0,83.2,1.3093,12000,1.1203,12000,100.0,442000,100.0,216000,480000,0.0689,36000,0.2595,36000,1.4077,12000,2.5657600000000005,96000.0,41.1,2025-11-21_09-33,1,,0.9995778220884252,1,94607.52640288034,48.45851086771062,94778.67415075173
R_LN_3DBall_4606,3DBall,4606,12.0,ppo,200000,54,10204,0.0002626780518777,3.0,201,44.9,66.2,4.0993,12000,1.3246,12000,96.2687,142000,100.0,168000,180000,0.1075,12000,0.7388,12000,1.3891,12000,2.5657600000000005,36000.0,26.7,2025-11-21_09-33,1,,0.9991539240553559,1,52296.50246886856,36.78407828937276,52421.47084506945
R_LN_3DBall_3222,3DBall,3222,12.0,ppo,100000,67,12628,0.0003898014945286,3.0,110,42.2,57.0,2.8385,12000,1.2974,12000,24.4636,46000,73.4824,96000,84000,0.0956,24000,0.8902,24000,1.3909,12000,2.5657600000000005,48000.0,47.2,2025-11-21_09-33,1,,0.6643589166599589,1,52331.30014196708,65.0730370622123,68330.87420372851
R_LN_3DBall_4037,3DBall,4037,12.0,ppo,200000,72,13620,0.0007744054995665,3.0,190,44.5,61.5,2.5858,12000,1.1893,12000,94.9744,142000,100.0,168000,180000,0.0953,24000,0.9107,24000,1.3892,12000,2.5657600000000005,48000.0,38.1,2025-11-21_09-33,1,,0.9848387341187567,1,50829.701270320365,38.55243476161593,53091.31183094554
R_LN_3DBall_3659,3DBall,3659,12.0,ppo,200000,91,17091,0.0002640357263278,3.0,205,42.6,63.6,1.8157,12000,1.1939,12000,89.7315,142000,100.0,168000,180000,0.0854,24000,0.4713,24000,1.4029,12000,2.5657600000000005,60000.0,54.7,2025-11-21_09-33,1,,0.9062690058039617,1,72064.30105503998,64.73696504596758,84055.84131031611
R_AK_3DBall_2040,3DBall,2040,12.0,ppo,500000,95,17980,0.0001263283554586,3.0,251,44.2,82.6,1.7298,12000,1.1954,12000,100.0,442000,100.0,192000,480000,0.0828,24000,0.2772,24000,1.4134,12000,2.5657600000000005,60000.0,25.1,2025-11-21_09-33,1,,0.9991925042954569,1,82707.57722226912,43.08635275595873,83044.53906120051
R_LN_3DBall_3809,3DBall,3809,12.0,ppo,200000,59,11214,0.0006618070480765,3.0,187,42.9,51.2,2.8758,12000,1.2201,12000,99.0016,142000,100.0,120000,180000,0.1029,12000,0.7199,12000,1.3951,12000,2.5657600000000005,48000.0,37.4,2025-11-21_09-33,1,,0.9890044495640157,1,51961.65709382091,40.563188148786644,53589.42015970535
R_AK_3DBall_2481,3DBall,2481,12.0,ppo,500000,126,23704,0.0004271361250021,3.0,232,45.1,83.0,1.59,12000,1.2142,12000,100.0,442000,100.0,216000,480000,0.0694,24000,0.346,24000,1.4098,12000,2.5657600000000005,84000.0,34.8,2025-11-21_09-33,1,,0.9998406405947613,1,84775.69930511685,40.16025766673819,84841.86920271625
R_LN_3DBall_4453,3DBall,4453,12.0,ppo,200000,163,30595,0.0004786911798922,3.0,175,48.3,67.8,1.2117,12000,1.1745,12000,5.6142,142000,7.1923,192000,180000,0.0619,36000,0.2386,36000,1.4179,12000,2.5657600000000005,132000.0,116.4,2025-11-21_09-33,1,,0.8522114831443252,1,110343.84923049214,85.30753967424607,123593.99877970647
R_LN_3DBall_3311,3DBall,3311,12.0,ppo,100000,170,31981,0.0006435675329617,3.0,94,39.7,63.0,1.2161,12000,1.1428,12000,1.4667,46000,1.6506,84000,84000,0.0613,36000,0.1968,36000,1.4169,12000,2.5657600000000005,,,2025-11-21_09-33,0,,0.08955722701830893,0,113095.67368606728,144.7525651067733,101172.81222126083
R_LN_3DBall_3469,3DBall,3469,12.0,ppo,100000,170,31908,0.0003169463143865,3.0,100,47.7,64.9,1.218,12000,1.1517,12000,1.3722,46000,1.5183,96000,84000,0.0614,36000,0.2849,36000,1.4203,12000,2.5657600000000005,,,2025-11-21_09-33,0,,0.014826041856770502,0,119845.89111547175,156.26713772213367,100294.2360123629
R_LN_3DBall_4130,3DBall,4130,12.0,ppo,200000,116,21910,0.0003984442820575,3.0,179,43.6,61.0,1.1845,12000,1.0827,12000,5.5589,142000,7.5324,192000,180000,0.0763,24000,0.2556,24000,1.4107,12000,2.5657600000000005,120000.0,107.1,2025-11-21_09-33,1,,0.7785454944382476,1,91910.25761587363,75.01978336701065,115847.21807184753
R_AK_3DBall_2194,3DBall,2194,12.0,ppo,500000,131,24716,6.786695263541327e-05,3.0,266,44.4,83.1,1.4335,12000,1.1474,12000,100.0,442000,100.0,228000,480000,0.0691,36000,0.3255,36000,1.4145,12000,2.5657600000000005,84000.0,39.9,2025-11-21_09-33,1,,0.9946968701054442,1,101660.47231220714,54.61028711114637,103772.91856967153
R_LN_3DBall_3954,3DBall,3954,12.0,ppo,200000,136,25640,0.0003660213459888,3.0,173,44.0,59.6,1.244,12000,1.1276,12000,8.9654,142000,15.8901,192000,180000,0.0702,36000,0.2464,36000,1.4172,12000,2.5657600000000005,120000.0,104.1,2025-11-21_09-33,1,,0.5788242390218126,1,102587.88704017783,87.02598425096404,143615.5078445241
R_AP_3DBall_1012,3DBall,1012,12.0,ppo,500000,38,7165,0.0007096914244523,3.0,578,65.5,84.8,9.9217,12000,1.348,12000,100.0,442000,100.0,96000,480000,0.1335,12000,1.3524,12000,1.3678,12000,2.5657600000000005,36000.0,28.9,2025-11-21_09-33,1,,0.9999921184830665,1,33049.903796955,19.353315872097603,33053.58407204534
R_LN_3DBall_3751,3DBall,3751,12.0,ppo,200000,180,33927,0.0001398314303072,3.0,177,42.8,51.4,1.1277,12000,1.1017,12000,1.4113,142000,1.4643,180000,180000,0.0579,36000,0.4267,36000,1.416,12000,2.5657600000000005,,,2025-11-21_09-33,0,,0.05256966173224428,0,132458.66706656475,128.35392442963516,196449.37497474442
R_AP_3DBall_1309,3DBall,1309,12.0,ppo,500000,85,15998,0.0005051588730657,3.0,431,53.5,90.1,1.5916,12000,1.1273,12000,100.0,442000,100.0,168000,480000,0.0858,24000,0.3867,24000,1.4064,12000,2.5657600000000005,60000.0,43.1,2025-11-21_09-33,1,,0.9988440385376192,1,67591.18256255117,39.64827816917226,68091.03049150253
R_LN_3DBall_4306,3DBall,4306,12.0,ppo,200000,71,13373,0.0005004948011848,3.0,192,44.3,62.8,2.3688,12000,1.2,12000,93.9441,142000,99.85,120000,180000,0.0954,24000,0.8377,24000,1.3905,12000,2.5657600000000005,48000.0,38.5,2025-11-21_09-33,1,,0.9837767873476099,1,54648.95305861161,41.150022708250326,57007.0140023893
R_LN_3DBall_3949,3DBall,3949,12.0,ppo,200000,43,8112,0.0003856229492508,3.0,238,43.3,59.8,13.0005,12000,1.566,12000,93.9891,142000,100.0,156000,180000,0.123,12000,1.2084,12000,1.3794,12000,2.5657600000000005,36000.0,31.7,2025-11-21_09-33,1,,0.9999164507958312,1,37673.04516759019,28.176808493842728,37686.60745548158
R_LN_3DBall_3816,3DBall,3816,12.0,ppo,200000,164,30933,0.0002927160323491,3.0,173,42.6,51.5,1.2142,12000,1.1092,12000,7.7069,142000,11.1772,192000,180000,0.0606,36000,0.1787,36000,1.4173,12000,2.5657600000000005,108000.0,92.5,2025-11-21_09-33,1,,0.3842132531058041,0,124427.86745446401,113.52599495457113,170964.1851105366
R_AK_3DBall_2519,3DBall,2519,12.0,ppo,500000,107,20096,0.0008799244654622,3.0,216,33.2,85.0,1.4495,12000,1.1561,12000,100.0,442000,100.0,156000,480000,0.0772,24000,0.2746,24000,1.3984,12000,2.5657600000000005,72000.0,27.0,2025-11-21_09-33,1,,0.9999940847390775,1,67874.77207976596,30.263707468524615,67877.32821324033
R_AK_3DBall_2469,3DBall,2469,12.0,ppo,500000,155,29240,6.45803011018218e-05,3.0,228,40.7,83.4,1.1299,12000,1.0942,12000,96.7583,442000,100.0,408000,480000,0.0668,36000,0.353,36000,1.4186,12000,2.5657600000000005,156000.0,68.3,2025-11-21_09-33,1,,0.9710236065406936,1,119463.38712266317,62.42266937303603,130489.96574306863
R_LN_3DBall_4524,3DBall,4524,12.0,ppo,200000,55,10463,0.0004906844388545,3.0,190,44.8,64.8,2.7435,12000,1.2065,12000,96.0132,142000,100.0,120000,180000,0.1097,12000,0.5069,12000,1.3946,12000,2.5657600000000005,48000.0,38.1,2025-11-21_09-33,1,,0.9982467151620172,1,56645.19766410998,39.47112162497718,56896.53946549751
R_AP_3DBall_1077,3DBall,1077,12.0,ppo,500000,55,10317,0.0007436168615878,3.0,635,64.4,87.9,5.4664,12000,1.2491,12000,98.4939,442000,100.0,156000,480000,0.1102,12000,0.8549,12000,1.364,12000,2.5657600000000005,48000.0,47.6,2025-11-21_09-33,1,,0.9999990004161947,1,40407.00456060975,24.88467581166398,40407.46396232501
R_AK_3DBall_2585,3DBall,2585,12.0,ppo,500000,110,20687,0.0001449934668862,3.0,230,41.2,84.8,1.2924,12000,1.1299,12000,100.0,442000,100.0,204000,480000,0.075,24000,0.2171,24000,1.4159,12000,2.5657600000000005,84000.0,34.5,2025-11-21_09-33,1,,0.9986412084524856,1,91195.08870875175,44.00179637893131,91750.56936679666
R_AP_3DBall_1064,3DBall,1064,12.0,ppo,500000,78,14683,0.000247856302049,3.0,455,59.6,88.0,1.6243,12000,1.1964,12000,98.4939,442000,100.0,168000,480000,0.0904,24000,0.3153,24000,1.4078,12000,2.5657600000000005,72000.0,56.8,2025-11-21_09-33,1,,0.9991512475535357,1,69297.62029968547,43.537867020442086,69663.17999815411
R_AK_3DBall_2452,3DBall,2452,12.0,ppo,500000,33,6219,0.0006747781358872,3.0,240,34.1,83.7,10.0641,12000,1.2488,12000,99.025,442000,100.0,108000,480000,0.1401,12000,0.9829,12000,1.3676,12000,2.5657600000000005,36000.0,12.0,2025-11-21_09-33,1,,0.9999995779233758,1,37258.097046184324,16.65957569865299,37258.292358724604
R_LN_3DBall_4227,3DBall,4227,12.0,ppo,200000,32,6131,0.0003358408438226,3.0,216,44.0,61.2,17.9936,12000,1.5335,12000,100.0,142000,100.0,108000,180000,0.1436,12000,1.2157,12000,1.3724,12000,2.5657600000000005,36000.0,28.8,2025-11-21_09-33,1,,0.9999719995117498,1,36789.2211021984,26.39701540061935,36793.79108369524
R_LN_3DBall_3835,3DBall,3835,12.0,ppo,200000,70,13137,0.0002391383313884,3.0,181,42.7,51.3,1.5108,12000,1.1838,12000,94.2211,142000,100.0,180000,180000,0.095,24000,0.3347,24000,1.4026,12000,2.5657600000000005,72000.0,60.5,2025-11-21_09-33,1,,0.9730730490505697,1,67446.05676477906,57.71203071494921,71015.33029242743
R_LN_3DBall_4044,3DBall,4044,12.0,ppo,200000,132,24934,0.0006207001000401,3.0,193,44.4,61.2,1.5278,12000,1.1696,12000,57.637,142000,81.9786,192000,180000,0.07,36000,0.3283,36000,1.4041,12000,2.5657600000000005,84000.0,77.0,2025-11-21_09-33,1,,0.9763318416833338,1,87816.45079701568,70.94890879659191,90471.62880007744
R_AK_3DBall_2072,3DBall,2072,12.0,ppo,500000,130,24462,0.0001305916656084,3.0,241,43.7,83.5,1.3094,12000,1.1036,12000,100.0,442000,100.0,216000,480000,0.073,36000,0.2407,36000,1.4178,12000,2.5657600000000005,84000.0,36.1,2025-11-21_09-33,1,,0.989834844001728,1,102886.25763304532,56.654962941207145,106922.98077326299
R_LN_3DBall_3366,3DBall,3366,12.0,ppo,100000,162,30480,0.0003006136624761,3.0,103,39.9,57.8,1.1706,12000,1.1047,12000,1.6044,46000,2.0208,96000,84000,0.0632,36000,0.1503,36000,1.4151,12000,2.5657600000000005,,,2025-11-21_09-33,0,,0.03458631255670821,0,121225.12533927754,163.54659442915536,100734.09881903957
R_AK_3DBall_2523,3DBall,2523,12.0,ppo,500000,144,27169,0.0001838148530181,3.0,230,44.6,85.1,1.3087,12000,1.1618,12000,100.0,442000,100.0,264000,480000,0.068,36000,0.2805,36000,1.4146,12000,2.5657600000000005,96000.0,40.2,2025-11-21_09-33,1,,0.9984373360082374,1,106704.85153491185,53.06006436263134,107319.43970155319
R_LN_3DBall_4317,3DBall,4317,12.0,ppo,200000,169,31728,0.0002656315064592,3.0,176,44.0,62.8,1.2733,12000,1.2118,12000,4.8178,142000,5.8376,192000,180000,0.061,36000,0.2511,36000,1.4184,12000,2.5657600000000005,132000.0,117.5,2025-11-21_09-33,1,,0.7692904829586142,1,118579.93013885073,97.32592419415579,137364.31513399235
R_LN_3DBall_3083,3DBall,3083,12.0,ppo,100000,53,10114,4.822894123348807e-05,3.0,103,42.0,55.2,1.656,12000,1.2385,12000,3.702,46000,6.2593,96000,84000,0.1099,12000,0.3772,12000,1.4161,12000,2.5657600000000005,72000.0,73.6,2025-11-21_09-33,1,,0.10217945699045844,0,68682.57666251216,86.83268249211298,96800.00268903519
R_LN_3DBall_4502,3DBall,4502,12.0,ppo,200000,131,24724,0.0006527098524987,3.0,203,43.7,64.8,1.3784,12000,1.1164,12000,60.0387,142000,90.4214,180000,180000,0.0712,36000,0.2694,36000,1.4038,12000,2.5657600000000005,84000.0,81.2,2025-11-21_09-33,1,,0.9831014108134138,1,89508.03206297688,66.51947940699087,91375.1904375621
R_AK_3DBall_2655,3DBall,2655,12.0,ppo,500000,143,26929,0.0004737557057688,3.0,213,33.1,84.8,1.2774,12000,1.1526,12000,100.0,442000,100.0,264000,480000,0.0639,36000,0.3092,36000,1.4126,12000,2.5657600000000005,120000.0,47.9,2025-11-21_09-33,1,,0.9995078045293257,1,96130.93021237047,44.68264019200266,96329.71273926536
R_LN_3DBall_3100,3DBall,3100,12.0,ppo,100000,75,14086,0.0003431111685279,3.0,112,40.2,56.4,2.0803,12000,1.2532,12000,7.9932,46000,16.4456,96000,84000,0.0936,24000,0.7421,24000,1.397,12000,2.5657600000000005,60000.0,64.1,2025-11-21_09-33,1,,0.3629251835468868,0,58659.30699229248,76.23684711067159,84996.42140222224
R_LN_3DBall_4444,3DBall,4444,12.0,ppo,200000,162,30552,0.0001687310240769,3.0,175,44.5,63.7,1.1916,12000,1.1569,12000,4.0988,142000,5.7901,192000,180000,0.061,36000,0.2534,36000,1.421,12000,2.5657600000000005,132000.0,116.9,2025-11-21_09-33,1,,0.44294004199501663,0,124665.37852582637,99.6669000336027,166631.27960055083
R_LN_3DBall_3286,3DBall,3286,12.0,ppo,100000,45,8562,0.0006770946461023,3.0,104,42.3,58.2,5.2158,12000,1.483,12000,42.0906,46000,82.1143,84000,84000,0.1174,12000,1.0346,12000,1.3918,12000,2.5657600000000005,36000.0,29.7,2025-11-21_09-33,1,,0.9862790109568386,1,40011.885812186556,43.06781962048273,40834.98206967746
R_LN_3DBall_4599,3DBall,4599,12.0,ppo,200000,177,33285,0.0003800496402228,3.0,177,44.5,65.6,1.1632,12000,1.0999,12000,4.6442,142000,5.9912,180000,180000,0.0618,36000,0.1768,36000,1.4176,12000,2.5657600000000005,144000.0,130.1,2025-11-21_09-33,1,,0.6508782535543659,1,129252.16127140744,101.6002482298373,153951.77028558776
R_LN_3DBall_3560,3DBall,3560,12.0,ppo,200000,47,8985,0.0005767524265494,3.0,197,43.1,62.1,5.6946,12000,1.3448,12000,100.0,142000,100.0,96000,180000,0.1152,12000,1.0789,12000,1.3713,12000,2.5657600000000005,48000.0,39.5,2025-11-21_09-33,1,,0.9995820611933054,1,40878.41866279462,34.447687221821646,40944.92174661805
R_AK_3DBall_2243,3DBall,2243,12.0,ppo,500000,184,34503,7.341099120934507e-05,3.0,223,27.3,82.0,1.1332,12000,1.1178,12000,2.0045,442000,2.0955,468000,480000,0.0575,36000,0.5329,36000,1.4176,12000,2.5657600000000005,,,2025-11-21_09-33,0,,0.8926885379850102,1,125540.67348448261,71.89751008483006,165724.4512780112
R_AP_3DBall_1258,3DBall,1258,12.0,ppo,500000,185,34780,0.0007254861909486,3.0,431,62.4,88.6,1.1837,12000,1.066,12000,98.9216,442000,100.0,300000,480000,0.0583,36000,0.1546,36000,1.4109,12000,2.5657600000000005,108000.0,86.1,2025-11-21_09-33,1,,0.9963825276335138,1,117350.63732273916,75.68195641466234,118734.86081827772
R_LN_3DBall_4326,3DBall,4326,12.0,ppo,200000,105,19860,0.0001111917090141,3.0,182,44.1,63.3,1.2732,12000,1.134,12000,15.836,142000,24.5978,180000,180000,0.0763,24000,0.2878,24000,1.4186,12000,2.5657600000000005,96000.0,84.7,2025-11-21_09-33,1,,0.5173970250918216,1,93773.7556035559,73.54270426010608,145038.85716260303
R_LN_3DBall_3111,3DBall,3111,12.0,ppo,100000,182,34220,0.0005656910747959,3.0,90,42.6,56.3,1.2047,12000,1.1311,12000,1.586,46000,1.8816,84000,84000,0.0602,36000,0.1624,36000,1.4142,12000,2.5657600000000005,,,2025-11-21_09-33,0,,0.07057551958594878,0,122858.88708952598,170.2878768981657,101613.27783349983
R_LN_3DBall_4199,3DBall,4199,12.0,ppo,200000,165,31070,0.0008457111911666,3.0,172,43.5,61.5,1.3486,12000,1.1603,12000,16.1223,142000,23.9261,192000,180000,0.0615,36000,0.1999,36000,1.4096,12000,2.5657600000000005,84000.0,68.9,2025-11-21_09-33,1,,0.9818079424521142,1,102054.19552368531,79.44317818472828,103836.0312352924
R_LN_3DBall_3758,3DBall,3758,12.0,ppo,200000,131,24628,0.0001760637984509,3.0,177,42.7,51.0,1.3498,12000,1.1746,12000,15.397,142000,25.787,192000,180000,0.0702,36000,0.2852,36000,1.4132,12000,2.5657600000000005,96000.0,82.8,2025-11-21_09-33,1,,0.6585311510942772,1,99048.06769341213,90.42804858191855,133520.00781295114
R_AK_3DBall_2070,3DBall,2070,12.0,ppo,500000,160,30119,0.0002989551820544,3.0,226,37.0,82.6,1.2852,12000,1.1842,12000,100.0,442000,100.0,264000,480000,0.0621,36000,0.246,36000,1.4173,12000,2.5657600000000005,108000.0,45.2,2025-11-21_09-33,1,,0.9977289735669386,1,111449.95219475363,60.36553360431572,112332.35962388663
R_LN_3DBall_4302,3DBall,4302,12.0,ppo,200000,130,24533,0.000584450083452,3.0,183,44.6,62.8,1.3392,12000,1.0937,12000,39.2287,142000,71.3177,192000,180000,0.0689,36000,0.2232,36000,1.4142,12000,2.5657600000000005,84000.0,73.1,2025-11-21_09-33,1,,0.8489324573258197,1,95261.40932172595,72.97968414176657,111084.01083864961
R_LN_3DBall_4238,3DBall,4238,12.0,ppo,200000,66,12494,0.0006063624299467,3.0,193,44.8,61.3,3.7659,12000,1.3424,12000,96.2903,142000,100.0,168000,180000,0.099,24000,1.0922,24000,1.3739,12000,2.5657600000000005,48000.0,38.5,2025-11-21_09-33,1,,0.9996480209267633,1,44386.48874144088,32.958493243408135,44441.26144091677
R_LN_3DBall_4624,3DBall,4624,12.0,ppo,200000,166,31191,0.0002460697379044,3.0,181,44.5,65.3,1.1769,12000,1.1035,12000,6.8251,142000,8.8068,192000,180000,0.0628,36000,0.1647,36000,1.4168,12000,2.5657600000000005,108000.0,96.3,2025-11-21_09-33,1,,0.6538323776459797,1,125406.86085889406,99.53841847171263,151228.5904792933
R_AP_3DBall_1076,3DBall,1076,12.0,ppo,500000,49,9196,0.0003083616788489,3.0,652,64.7,87.8,16.5342,12000,1.5158,12000,98.4892,442000,100.0,120000,480000,0.1154,12000,0.7974,12000,1.3795,12000,2.5657600000000005,36000.0,32.6,2025-11-21_09-33,1,,0.9999996315955593,1,42289.15576847116,25.06977561655527,42289.32439117874
R_AK_3DBall_2657,3DBall,2657,12.0,ppo,500000,76,14436,0.0003126257108671,3.0,232,46.8,84.0,1.9999,12000,1.2291,12000,98.5185,442000,100.0,132000,480000,0.0917,24000,0.4094,24000,1.4089,12000,2.5657600000000005,60000.0,23.2,2025-11-21_09-33,1,,0.9999204230645484,1,68173.10026897409,29.477063335166036,68207.46373030022
R_AP_3DBall_1157,3DBall,1157,12.0,ppo,500000,60,11269,0.0007700398609769,3.0,458,53.0,88.5,2.2797,12000,1.2342,12000,100.0,442000,100.0,156000,480000,0.1008,12000,0.5084,12000,1.3889,12000,2.5657600000000005,48000.0,34.4,2025-11-21_09-33,1,,0.9999925744807117,1,48586.98295187918,27.807907312417772,48590.334927944285
R_AK_3DBall_2699,3DBall,2699,12.0,ppo,500000,72,13503,0.0008347687419273,3.0,219,32.4,83.8,1.7584,12000,1.195,12000,100.0,442000,100.0,144000,480000,0.0975,24000,0.4766,24000,1.4119,12000,2.5657600000000005,60000.0,21.9,2025-11-21_09-33,1,,0.9999476739834103,1,56450.71471640834,22.316600291088008,56473.92388366842
R_LN_3DBall_3528,3DBall,3528,12.0,ppo,200000,144,27101,0.0002226495688328,3.0,182,43.1,66.4,1.3137,12000,1.1519,12000,14.7284,142000,26.2091,192000,180000,0.0682,36000,0.2484,36000,1.4119,12000,2.5657600000000005,96000.0,85.0,2025-11-21_09-33,1,,0.5874957863813871,1,106705.52456466094,103.45644573307558,145189.88878907647
R_AP_3DBall_1209,3DBall,1209,12.0,ppo,500000,173,32441,0.0007946425206887,3.0,434,62.6,87.5,1.2132,12000,1.125,12000,100.0,442000,100.0,300000,480000,0.0624,36000,0.1419,36000,1.415,12000,2.5657600000000005,108000.0,86.7,2025-11-21_09-33,1,,0.9983251682212276,1,105490.36710496883,65.93526854847347,106151.10437517325
R_AK_3DBall_2185,3DBall,2185,12.0,ppo,500000,42,7959,0.0005410778727008,3.0,266,44.1,83.2,13.496,12000,1.3933,12000,100.0,442000,100.0,132000,480000,0.1233,12000,1.2171,12000,1.3648,12000,2.5657600000000005,36000.0,13.3,2025-11-21_09-33,1,,0.999999680902414,1,35889.46246722373,16.8390373405426,35889.6105637759
R_LN_3DBall_3157,3DBall,3157,12.0,ppo,100000,184,34646,0.000871974056083,3.0,91,41.7,57.0,1.225,12000,1.1422,12000,1.5548,46000,1.8613,84000,84000,0.0581,36000,0.1653,36000,1.4135,12000,2.5657600000000005,,,2025-11-21_09-33,0,,0.22795557489381293,0,114924.19853669415,149.1444922557655,103402.05425726152
R_LN_3DBall_3515,3DBall,3515,12.0,ppo,200000,39,7427,6.760447883091596e-05,3.0,213,48.2,78.7,2.1201,12000,1.2444,12000,96.3853,142000,100.0,120000,180000,0.1254,12000,0.5791,12000,1.4093,12000,2.5657600000000005,60000.0,56.8,2025-11-21_09-33,1,,0.8120326190277752,1,58737.73455682433,51.05994471867273,85290.43262238127
R_LN_3DBall_3425,3DBall,3425,12.0,ppo,100000,132,24929,0.0003749483282325,3.0,98,47.0,72.9,1.2206,12000,1.1308,12000,1.5058,46000,1.8377,96000,84000,0.0687,36000,0.2376,36000,1.4141,12000,2.5657600000000005,,,2025-11-21_09-33,0,,0.07542188043410583,0,100166.63540007769,125.7726226777432,100012.56795522074
R_AK_3DBall_2183,3DBall,2183,12.0,ppo,500000,69,12938,0.0003382948955831,3.0,247,42.8,83.5,2.6057,12000,1.2358,12000,100.0,442000,100.0,132000,480000,0.0984,24000,0.9193,24000,1.3944,12000,2.5657600000000005,48000.0,18.5,2025-11-21_09-33,1,,0.9996961477706225,1,52944.49616352839,26.151713114550756,53080.33497502457
R_AK_3DBall_2663,3DBall,2663,12.0,ppo,500000,89,16699,0.0004112517416155,3.0,216,32.7,84.1,1.5472,12000,1.1222,12000,100.0,442000,100.0,168000,480000,0.0831,24000,0.3236,24000,1.413,12000,2.5657600000000005,72000.0,27.0,2025-11-21_09-33,1,,0.9995065115182835,1,73349.01564608606,32.80450637231023,73559.56299257772
R_LN_3DBall_4437,3DBall,4437,12.0,ppo,200000,71,13459,0.0004008464361107,3.0,189,44.2,63.7,2.7738,12000,1.3581,12000,96.5877,142000,100.0,144000,180000,0.0958,24000,0.9279,24000,1.3891,12000,2.5657600000000005,48000.0,37.9,2025-11-21_09-33,1,,0.9981537828392355,1,52474.630474844176,37.312069416803475,52746.994343709644
R_AP_3DBall_1252,3DBall,1252,12.0,ppo,500000,74,13907,0.0008375957593236,3.0,479,61.6,88.2,3.0789,12000,1.2905,12000,100.0,442000,100.0,180000,480000,0.0937,24000,0.9823,24000,1.3757,12000,2.5657600000000005,48000.0,35.9,2025-11-21_09-33,1,,0.9999934659264808,1,43140.956646460014,24.540602098280026,43143.941797037216
R_LN_3DBall_4513,3DBall,4513,12.0,ppo,200000,51,9708,0.0003638683824346,3.0,195,44.5,64.7,2.7856,12000,1.2106,12000,99.1017,142000,100.0,120000,180000,0.1122,12000,0.5598,12000,1.3986,12000,2.5657600000000005,48000.0,39.1,2025-11-21_09-33,1,,0.9934547647684505,1,57312.067304512224,40.25935770186413,58245.99338870769
R_LN_3DBall_3952,3DBall,3952,12.0,ppo,200000,181,33967,0.0001731977969654,3.0,177,44.2,62.0,1.1114,12000,1.0925,12000,1.3068,142000,1.3341,180000,180000,0.0598,36000,0.4959,36000,1.4185,12000,2.5657600000000005,,,2025-11-21_09-33,0,,0.029060304522003894,0,127458.5366032212,119.32526920746506,197891.9229832178
R_AK_3DBall_2016,3DBall,2016,12.0,ppo,500000,37,6965,0.0002425029553758,3.0,301,47.2,83.8,21.4713,12000,1.6011,12000,97.7357,442000,100.0,96000,480000,0.1278,12000,1.1384,12000,1.3786,12000,2.5657600000000005,36000.0,15.1,2025-11-21_09-33,1,,0.9999998275576745,1,36685.37328833642,17.228913106197055,36685.453183388105
R_LN_3DBall_3390,3DBall,3390,12.0,ppo,100000,97,18350,0.0003100814589676,3.0,125,60.7,78.3,1.2664,12000,1.1243,12000,1.8112,46000,2.317,96000,84000,0.0806,24000,0.2291,24000,1.4217,12000,2.5657600000000005,,,2025-11-21_09-33,0,,0.028504211599562995,0,87503.22569496339,105.82649187737215,99643.78930089726
R_AK_3DBall_2598,3DBall,2598,12.0,ppo,500000,63,11938,0.0002573765017008,3.0,222,29.4,84.6,1.8813,12000,1.1914,12000,100.0,442000,100.0,144000,480000,0.1014,12000,0.4982,12000,1.4157,12000,2.5657600000000005,60000.0,22.2,2025-11-21_09-33,1,,0.9991320209677264,1,65104.57455770683,28.25164345272652,65482.05466822247
R_AK_3DBall_2327,3DBall,2327,12.0,ppo,500000,182,34158,0.0002443476382319,3.0,224,40.2,84.6,1.3018,12000,1.1509,12000,100.0,442000,100.0,252000,480000,0.0599,36000,0.2012,36000,1.4147,12000,2.5657600000000005,108000.0,44.7,2025-11-21_09-33,1,,0.9978135163316638,1,126484.051275783,69.07727133509451,127300.73779753159
R_AK_3DBall_2266,3DBall,2266,12.0,ppo,500000,156,29344,0.0001628633493801,3.0,290,47.8,84.0,1.2682,12000,1.1384,12000,95.5203,442000,100.0,276000,480000,0.0681,36000,0.1782,36000,1.4163,12000,2.5657600000000005,96000.0,50.8,2025-11-21_09-33,1,,0.9971076257021506,1,116533.70762240065,62.95383769771763,117642.83567056521
R_LN_3DBall_4641,3DBall,4641,12.0,ppo,200000,174,32747,0.0003032308199483,3.0,181,45.0,65.2,1.1561,12000,1.1246,12000,2.1116,142000,2.5622,192000,180000,0.0607,36000,0.387,36000,1.4165,12000,2.5657600000000005,,,2025-11-21_09-33,0,,0.41634173482503883,0,122683.12926611278,95.65174048680721,167809.75990741013
R_AK_3DBall_2515,3DBall,2515,12.0,ppo,500000,137,25764,0.0004465971254862,3.0,225,43.4,84.7,1.2775,12000,1.1125,12000,100.0,442000,100.0,252000,480000,0.0688,36000,0.2291,36000,1.4118,12000,2.5657600000000005,96000.0,39.3,2025-11-21_09-33,1,,0.9993975413231413,1,96125.68635590808,46.75258639140336,96369.00394052333
R_AK_3DBall_2153,3DBall,2153,12.0,ppo,500000,88,16557,0.000518489809566,3.0,249,43.5,83.4,1.8231,12000,1.1956,12000,98.5308,442000,100.0,156000,480000,0.0851,24000,0.4517,24000,1.4058,12000,2.5657600000000005,60000.0,24.9,2025-11-21_09-33,1,,0.9998561393567207,1,65849.88206729197,31.88304221271208,65912.33918253756
R_LN_3DBall_3757,3DBall,3757,12.0,ppo,200000,47,8982,0.0004713254389206,3.0,204,42.7,51.5,9.2054,12000,1.4754,12000,95.7246,142000,100.0,96000,180000,0.1171,12000,1.016,12000,1.3849,12000,2.5657600000000005,36000.0,27.1,2025-11-21_09-33,1,,0.9997022748465498,1,42416.89277983592,32.65564880382848,42463.8092346142
R_AP_3DBall_1175,3DBall,1175,12.0,ppo,500000,60,11313,0.000877916842411,3.0,487,62.6,89.6,3.6135,12000,1.2319,12000,100.0,442000,100.0,120000,480000,0.1044,12000,0.7877,12000,1.3763,12000,2.5657600000000005,48000.0,36.6,2025-11-21_09-33,1,,0.9999959745997917,1,43065.53891770661,24.665670096267746,43067.37826178142
R_LN_3DBall_4128,3DBall,4128,12.0,ppo,200000,82,15465,0.0001521598497125,3.0,182,44.8,61.4,1.2847,12000,1.1469,12000,29.3579,142000,46.1269,192000,180000,0.0876,24000,0.3069,24000,1.4102,12000,2.5657600000000005,96000.0,85.1,2025-11-21_09-33,1,,0.858151828229128,1,78150.36026441284,63.53036140170955,95434.50889184527
R_LN_3DBall_3614,3DBall,3614,12.0,ppo,200000,34,6386,0.000228143303658,3.0,255,42.2,63.7,26.9956,12000,1.6787,12000,96.6257,142000,100.0,60000,180000,0.1379,12000,0.9649,12000,1.3861,12000,2.5657600000000005,36000.0,34.1,2025-11-21_09-33,1,,0.9999835937331076,1,38627.57919573659,30.428538554049975,38630.22671474137
R_AK_3DBall_2117,3DBall,2117,12.0,ppo,500000,145,27374,0.0007306364714301,3.0,228,38.2,83.1,1.3932,12000,1.1301,12000,98.48,442000,100.0,252000,480000,0.0673,36000,0.3495,36000,1.4075,12000,2.5657600000000005,96000.0,39.9,2025-11-21_09-33,1,,0.9996235739933838,1,90486.47759964237,45.60237760601384,90640.62913953488
R_LN_3DBall_4347,3DBall,4347,12.0,ppo,200000,146,27448,0.0004336162289993,3.0,176,44.8,63.4,1.3008,12000,1.1491,12000,9.4581,142000,13.594,192000,180000,0.0671,36000,0.2648,36000,1.4143,12000,2.5657600000000005,96000.0,82.2,2025-11-21_09-33,1,,0.8454598690560262,1,102472.58193899937,80.92076682658097,117544.48189677409
R_LN_3DBall_3483,3DBall,3483,12.0,ppo,200000,32,6006,0.0003580660456115,3.0,220,47.9,68.0,13.4519,12000,1.2892,12000,100.0,142000,100.0,96000,180000,0.1403,12000,1.0983,12000,1.3678,12000,2.5657600000000005,36000.0,29.4,2025-11-21_09-33,1,,0.9988938034895543,1,39315.44467896402,35.97169992045196,39493.19337334268
R_AK_3DBall_2370,3DBall,2370,12.0,ppo,500000,51,9655,0.0004453773772851,3.0,242,44.2,83.1,6.4275,12000,1.3049,12000,98.5077,442000,100.0,192000,480000,0.1138,12000,0.7799,12000,1.3725,12000,2.5657600000000005,36000.0,12.1,2025-11-21_09-33,1,,0.9999996391994003,1,45222.21062982391,21.286819935752945,45222.374713923055
R_AK_3DBall_2386,3DBall,2386,12.0,ppo,500000,65,12201,0.0008376420696857,3.0,218,26.4,82.9,2.0267,12000,1.1574,12000,100.0,442000,100.0,144000,480000,0.0989,24000,0.503,24000,1.403,12000,2.5657600000000005,60000.0,21.8,2025-11-21_09-33,1,,0.9999616094013076,1,53321.70684493461,23.024340797056947,53338.85509203172
R_AP_3DBall_1053,3DBall,1053,12.0,ppo,500000,134,25205,0.0002893893925795,3.0,518,65.7,87.9,1.383,12000,1.0652,12000,97.3492,442000,100.0,216000,480000,0.0706,36000,0.2761,36000,1.4109,12000,2.5657600000000005,84000.0,77.7,2025-11-21_09-33,1,,0.9779320596030386,1,98144.40057782961,67.051001603975,107012.52599406324
R_LN_3DBall_3975,3DBall,3975,12.0,ppo,200000,33,6221,0.0007454436995673,3.0,213,43.7,60.4,21.0599,12000,1.6429,12000,96.9739,142000,100.0,84000,180000,0.1412,12000,1.2094,12000,1.3689,12000,2.5657600000000005,36000.0,28.5,2025-11-21_09-33,1,,0.9999991448442952,1,30698.185137458237,21.356405799071336,30698.32991687105
R_LN_3DBall_3507,3DBall,3507,12.0,ppo,200000,69,13114,0.0005712202489144,3.0,189,48.9,69.4,2.0895,12000,1.2011,12000,97.7933,142000,100.0,156000,180000,0.0955,24000,0.7057,24000,1.401,12000,2.5657600000000005,60000.0,50.4,2025-11-21_09-33,1,,0.9123926254576381,1,57734.84627764065,48.65560891822598,70198.32288412207
R_AK_3DBall_2249,3DBall,2249,12.0,ppo,500000,159,29918,0.0004028018906385,3.0,255,44.8,83.7,1.1514,12000,1.0948,12000,100.0,442000,100.0,240000,480000,0.0649,36000,0.1637,36000,1.4188,12000,2.5657600000000005,108000.0,51.0,2025-11-21_09-33,1,,0.9959726316660363,1,114432.73986366305,59.8824859343214,115985.56123774928
R_LN_3DBall_4586,3DBall,4586,12.0,ppo,200000,114,21543,6.578887936229118e-05,3.0,189,44.4,65.2,1.3094,12000,1.1147,12000,17.0533,142000,32.3583,192000,180000,0.074,24000,0.2369,24000,1.418,12000,2.5657600000000005,96000.0,88.4,2025-11-21_09-33,1,,0.5666747018863784,1,101223.56995688727,77.21952338353357,144025.89595191838
R_LN_3DBall_3825,3DBall,3825,12.0,ppo,200000,188,35401,0.0004055683094164,3.0,176,43.2,52.2,1.1456,12000,1.1124,12000,2.0446,142000,2.3974,192000,180000,0.0565,36000,0.2708,36000,1.4203,12000,2.5657600000000005,,,2025-11-21_09-33,0,,0.1844200280797261,0,134023.44118847945,122.27613927848256,187832.60117137566
R_AP_3DBall_1238,3DBall,1238,12.0,ppo,500000,54,10274,0.0002657471626883,3.0,496,61.4,89.1,3.113,12000,1.2249,12000,100.0,442000,100.0,96000,480000,0.1109,12000,0.5461,12000,1.3929,12000,2.5657600000000005,48000.0,37.2,2025-11-21_09-33,1,,0.9999072124481865,1,56173.58490976729,33.64390199952939,56214.76647625369
R_AK_3DBall_2246,3DBall,2246,12.0,ppo,500000,37,6942,0.0001162449220978,3.0,317,45.8,82.1,17.2087,12000,1.5997,12000,99.7233,442000,100.0,72000,480000,0.131,12000,1.328,12000,1.3899,12000,2.5657600000000005,36000.0,15.8,2025-11-21_09-33,1,,0.9999956570769734,1,37617.57088819175,16.697365789465668,37619.57897949026
R_AK_3DBall_2317,3DBall,2317,12.0,ppo,500000,155,29074,0.0003311492961843,3.0,211,29.4,83.9,1.2065,12000,1.0992,12000,99.115,442000,100.0,288000,480000,0.0647,36000,0.2086,36000,1.4188,12000,2.5657600000000005,108000.0,42.2,2025-11-21_09-33,1,,0.9945070614240658,1,110480.28762509837,57.91897180528813,112619.89547928928
R_AK_3DBall_2634,3DBall,2634,12.0,ppo,500000,74,14020,0.0001904202232774,3.0,222,32.7,84.0,1.3342,12000,1.2007,12000,100.0,442000,100.0,192000,480000,0.092,24000,0.3796,24000,1.4088,12000,2.5657600000000005,96000.0,38.8,2025-11-21_09-33,1,,0.999841103043675,1,70256.4984153489,31.521210531831162,70324.78334975115
R_LN_3DBall_4403,3DBall,4403,12.0,ppo,200000,65,12303,0.000107109128508,3.0,185,44.9,63.8,1.6175,12000,1.1995,12000,91.4566,142000,100.0,192000,180000,0.0988,24000,0.3986,24000,1.4145,12000,2.5657600000000005,72000.0,61.5,2025-11-21_09-33,1,,0.8745262218078955,1,71342.94032018057,52.653059953518365,87486.02768929457
R_LN_3DBall_3110,3DBall,3110,12.0,ppo,100000,111,20970,0.0008499772608148,3.0,103,39.9,56.2,1.4823,12000,1.1807,12000,2.7638,46000,4.4433,96000,84000,0.076,24000,0.2688,24000,1.4056,12000,2.5657600000000005,72000.0,73.5,2025-11-21_09-33,1,,0.7398867079064085,1,74713.86533841574,91.27078378913812,81291.12506956229
R_LN_3DBall_3372,3DBall,3372,12.0,ppo,100000,118,22133,0.0003742791644454,3.0,95,41.9,58.2,1.4244,12000,1.126,12000,2.4111,46000,3.4253,96000,84000,0.0737,24000,0.2534,24000,1.4119,12000,2.5657600000000005,84000.0,81.5,2025-11-21_09-33,1,,0.101749399760709,0,88960.66288842709,114.08196571188411,98876.75407514135
R_LN_3DBall_3138,3DBall,3138,12.0,ppo,100000,190,35773,0.0005262329389803,3.0,88,43.2,56.2,1.2049,12000,1.1501,12000,1.4502,46000,1.6837,96000,84000,0.0577,36000,0.2119,36000,1.4175,12000,2.5657600000000005,,,2025-11-21_09-33,0,,0.033785209478639125,0,129812.36703588832,178.13866445705386,101007.21706536156
R_LN_3DBall_3468,3DBall,3468,12.0,ppo,100000,145,27347,0.0008551106017669,3.0,101,47.4,64.7,1.3212,12000,1.1588,12000,1.982,46000,2.7505,96000,84000,0.0655,36000,0.2483,36000,1.408,12000,2.5657600000000005,96000.0,101.1,2025-11-21_09-33,1,,0.6025375297307922,1,90888.72086317069,107.00367250291153,94510.11237620717
R_AK_3DBall_2213,3DBall,2213,12.0,ppo,500000,128,24024,0.0001168358715727,3.0,214,26.9,82.9,1.2334,12000,1.1201,12000,100.0,442000,100.0,288000,480000,0.0693,36000,0.2985,36000,1.4156,12000,2.5657600000000005,120000.0,48.1,2025-11-21_09-33,1,,0.9933460654020585,1,97948.25018226355,52.73739207754167,100623.47623053871
R_LN_3DBall_3930,3DBall,3930,12.0,ppo,200000,175,32829,0.0006631040135491,3.0,180,43.1,59.6,1.2475,12000,1.1242,12000,8.853,142000,14.4653,180000,180000,0.0627,36000,0.1671,36000,1.4114,12000,2.5657600000000005,108000.0,95.8,2025-11-21_09-33,1,,0.8948736430478138,1,112865.9528196123,98.68543414405269,122026.03776618636
R_AP_3DBall_1326,3DBall,1326,12.0,ppo,500000,180,33888,0.0004100721181845,3.0,413,62.9,89.9,1.1993,12000,1.0953,12000,100.0,442000,100.0,288000,480000,0.0593,36000,0.1635,36000,1.4144,12000,2.5657600000000005,108000.0,82.6,2025-11-21_09-33,1,,0.9898206951081522,1,125346.52585291961,81.86826432816709,129160.23779505277
R_LN_3DBall_4525,3DBall,4525,12.0,ppo,200000,40,7605,0.0006962893472681,3.0,216,44.5,64.8,20.6898,12000,1.4363,12000,96.3308,142000,100.0,156000,180000,0.1259,12000,0.9748,12000,1.3415,12000,2.5657600000000005,36000.0,28.8,2025-11-21_09-33,1,,0.9999999581431827,1,34203.129974128926,24.382987339062115,34203.13691385823
R_LN_3DBall_3144,3DBall,3144,12.0,ppo,100000,63,11933,0.0003105172638693,3.0,98,40.9,56.0,1.8429,12000,1.1831,12000,6.5439,46000,13.4598,96000,84000,0.103,12000,0.415,12000,1.4062,12000,2.5657600000000005,60000.0,56.0,2025-11-21_09-33,1,,0.2834417996311417,0,65225.606663753635,82.36019698421201,90143.48337169316
R_LN_3DBall_4432,3DBall,4432,12.0,ppo,200000,164,30889,0.0006817871927518,3.0,179,44.8,64.6,1.2451,12000,1.0955,12000,14.4603,142000,21.0038,192000,180000,0.0613,36000,0.1535,36000,1.4137,12000,2.5657600000000005,108000.0,95.2,2025-11-21_09-33,1,,0.9095097539442747,1,111731.28196625803,85.60076204124479,119718.73998015477
R_LN_3DBall_3071,3DBall,3071,12.0,ppo,100000,182,34154,0.0001209185009123,3.0,90,42.5,55.6,1.2164,12000,1.1389,12000,1.4582,46000,1.6294,84000,84000,0.0589,36000,0.2196,36000,1.4187,12000,2.5657600000000005,,,2025-11-21_09-33,0,,0.005718702034551009,0,135703.24341598744,202.8592473936582,100204.17621076306
R_AK_3DBall_2680,3DBall,2680,12.0,ppo,500000,57,10694,0.0002311598864982,3.0,226,34.8,84.4,1.8693,12000,1.1406,12000,100.0,442000,100.0,132000,480000,0.1045,12000,0.3771,12000,1.402,12000,2.5657600000000005,60000.0,22.6,2025-11-21_09-33,1,,0.9999170108354316,1,62202.81613474977,28.233132000071418,62239.14855728915
R_LN_3DBall_3611,3DBall,3611,12.0,ppo,200000,32,6017,0.0007693465229852,3.0,218,43.5,62.8,28.0129,12000,1.9484,12000,96.7548,142000,100.0,120000,180000,0.143,12000,1.0355,12000,1.3396,12000,2.5657600000000005,24000.0,14.5,2025-11-21_09-33,1,,0.9999999999826037,1,25333.586968826992,18.946298403326274,25333.58697186554
R_LN_3DBall_4483,3DBall,4483,12.0,ppo,200000,50,9439,0.0005771591840531,3.0,194,39.6,64.6,2.0415,12000,1.2056,12000,98.5292,142000,100.0,120000,180000,0.1122,12000,0.4238,12000,1.3875,12000,2.5657600000000005,60000.0,51.6,2025-11-21_09-33,1,,0.9997711192733806,1,52762.67743252616,37.40332538118661,52796.3772179009
R_AK_3DBall_2451,3DBall,2451,12.0,ppo,500000,169,31828,0.0008079326070225,3.0,213,34.0,84.2,1.1802,12000,1.1199,12000,100.0,442000,100.0,300000,480000,0.061,36000,0.2107,36000,1.4162,12000,2.5657600000000005,108000.0,42.6,2025-11-21_09-33,1,,0.9994877496052471,1,106062.18211337722,49.9803913158765,106263.97691609773
R_LN_3DBall_3762,3DBall,3762,12.0,ppo,200000,60,11325,0.0005183885436766,3.0,188,38.4,51.1,1.8926,12000,1.1932,12000,100.0,142000,100.0,132000,180000,0.1018,12000,0.4255,12000,1.3958,12000,2.5657600000000005,60000.0,50.2,2025-11-21_09-33,1,,0.9950421388759759,1,57746.78113780689,47.60251134123704,58452.05284137105
R_LN_3DBall_3346,3DBall,3346,12.0,ppo,100000,129,24310,7.340666821328078e-05,3.0,96,41.9,57.7,1.1371,12000,1.1458,12000,1.1305,46000,1.1763,96000,84000,0.0699,36000,0.3935,36000,1.4168,12000,2.5657600000000005,,,2025-11-21_09-33,0,,0.007913288074226218,0,101960.71645071484,135.5735814133746,100015.51571410638
R_LN_3DBall_3489,3DBall,3489,12.0,ppo,200000,110,20746,0.0003925827187383,3.0,186,51.3,69.0,1.215,12000,1.1395,12000,11.8101,142000,19.1102,180000,180000,0.0774,24000,0.3668,24000,1.4178,12000,2.5657600000000005,108000.0,99.2,2025-11-21_09-33,1,,0.36153044255359545,0,85841.00391029894,77.09341875279713,158728.04762221623
R_LN_3DBall_3147,3DBall,3147,12.0,ppo,100000,87,16422,0.0002885976647236,3.0,96,42.0,56.2,1.8018,12000,1.2793,12000,4.3662,46000,7.8752,96000,84000,0.0848,24000,0.4396,24000,1.4076,12000,2.5657600000000005,60000.0,54.8,2025-11-21_09-33,1,,0.4481478921721303,0,70663.81538215386,89.36088116819812,86853.05069913979
R_AK_3DBall_2141,3DBall,2141,12.0,ppo,500000,101,19108,0.0002081320060876,3.0,236,41.4,83.9,1.4512,12000,1.1418,12000,100.0,442000,100.0,168000,480000,0.0819,24000,0.2372,24000,1.4162,12000,2.5657600000000005,72000.0,29.5,2025-11-21_09-33,1,,0.9982512840941542,1,86982.75028202451,44.35530687266279,87705.00011599503
R_LN_3DBall_4119,3DBall,4119,12.0,ppo,200000,185,34778,0.0005716706503874,3.0,176,43.8,60.5,1.1451,12000,1.0855,12000,3.0059,142000,3.8851,192000,180000,0.0595,36000,0.2273,36000,1.4108,12000,2.5657600000000005,156000.0,140.5,2025-11-21_09-33,1,,0.7282227095851556,1,123803.37473260576,107.19350610787865,144511.88708653345
R_LN_3DBall_4531,3DBall,4531,12.0,ppo,200000,91,17079,0.0008347513503851,3.0,177,45.7,64.8,1.7264,12000,1.1787,12000,93.1826,142000,100.0,168000,180000,0.0848,24000,0.4468,24000,1.3915,12000,2.5657600000000005,60000.0,47.3,2025-11-21_09-33,1,,0.9993262819376748,1,60687.99447701175,42.68694354095997,60781.851491431335
R_AP_3DBall_1296,3DBall,1296,12.0,ppo,500000,60,11400,0.0001400248662813,3.0,490,62.5,86.8,2.0477,12000,1.1803,12000,100.0,442000,100.0,132000,480000,0.1047,12000,0.5577,12000,1.4127,12000,2.5657600000000005,60000.0,49.0,2025-11-21_09-33,1,,0.9909233296872322,1,64665.928273501144,37.789720969788895,68617.31211847739
R_LN_3DBall_3357,3DBall,3357,12.0,ppo,100000,175,32962,0.0005996363872123,3.0,94,39.8,57.7,1.248,12000,1.1397,12000,1.5526,46000,1.7743,96000,84000,0.0609,36000,0.206,36000,1.4172,12000,2.5657600000000005,,,2025-11-21_09-33,0,,0.06676688898629912,0,118649.86582358603,151.68582650690414,101245.19352105274
R_LN_3DBall_3243,3DBall,3243,12.0,ppo,100000,178,33481,0.0007661306150403,3.0,90,41.7,57.5,1.1791,12000,1.0888,12000,1.5171,46000,1.7841,84000,84000,0.0594,36000,0.1515,36000,1.4135,12000,2.5657600000000005,,,2025-11-21_09-33,0,,0.10138389152033359,0,116411.81996997038,152.77695485342446,101663.89417548673
R_LN_3DBall_3813,3DBall,3813,12.0,ppo,200000,59,11176,0.0006840405910475,3.0,186,42.4,51.6,2.3692,12000,1.1925,12000,100.0,142000,100.0,144000,180000,0.1034,12000,0.4708,12000,1.3807,12000,2.5657600000000005,48000.0,37.3,2025-11-21_09-33,1,,0.9997137865465546,1,52358.617379596304,42.933206878731234,52400.87432958754
R_AK_3DBall_2338,3DBall,2338,12.0,ppo,500000,102,19235,0.0007600641572179,3.0,229,40.5,84.0,1.6634,12000,1.2209,12000,96.9759,442000,100.0,180000,480000,0.0781,24000,0.3177,24000,1.393,12000,2.5657600000000005,72000.0,28.6,2025-11-21_09-33,1,,0.9999980532892923,1,65783.83066084754,30.573909921367953,65784.67595411386
R_LN_3DBall_4362,3DBall,4362,12.0,ppo,200000,108,20268,0.0004887725571513,3.0,181,44.7,63.8,1.6205,12000,1.1553,12000,88.6171,142000,100.0,180000,180000,0.0762,24000,0.3045,24000,1.4094,12000,2.5657600000000005,72000.0,60.2,2025-11-21_09-33,1,,0.9590247004776803,1,79873.90841482361,60.591332706413176,84796.11099797182
R_AK_3DBall_2032,3DBall,2032,12.0,ppo,500000,140,26391,0.0007594961601551,3.0,212,27.4,83.8,1.2728,12000,1.1644,12000,100.0,442000,100.0,252000,480000,0.0666,36000,0.2666,36000,1.4125,12000,2.5657600000000005,96000.0,37.1,2025-11-21_09-33,1,,0.9997335485440235,1,88388.33973825518,44.11962723469651,88498.01426442883
R_AK_3DBall_2385,3DBall,2385,12.0,ppo,500000,139,26240,0.0002587595368308,3.0,213,27.4,83.1,1.2667,12000,1.1559,12000,100.0,442000,100.0,240000,480000,0.0693,36000,0.2724,36000,1.4158,12000,2.5657600000000005,108000.0,42.5,2025-11-21_09-33,1,,0.998244388970722,1,102891.15024849828,51.5248969065127,103588.31892494592
U_OE_3DBall_5,3DBall,5,12.0,sac,500000,64,200000,0.0003,,485,46.9,72.8,3.4459,12000,0.7054,12000,91.3264,442000,100.0,72000,480000,-2.532,12000,0.0104,12000,1.2119,12000,2.5657600000000005,60000.0,48.5,2025-11-21_09-33,1,,0.999448631214787,1,53267.02644595618,41.381892717101266,53513.341062899264
R_AK_3DBall_2478,3DBall,2478,12.0,ppo,500000,177,33313,0.0006285656975956,3.0,231,42.5,83.1,1.2626,12000,1.1747,12000,92.6276,442000,100.0,324000,480000,0.0594,36000,0.1694,36000,1.4139,12000,2.5657600000000005,108000.0,46.2,2025-11-21_09-33,1,,0.9997912927991334,1,113273.81263372695,55.00329138229251,113354.52517379398
R_LN_3DBall_3649,3DBall,3649,12.0,ppo,200000,185,34693,8.746216831500958e-05,3.0,176,43.7,63.5,1.2462,12000,1.1762,12000,2.718,142000,3.1669,192000,180000,0.059,36000,0.3317,36000,1.4186,12000,2.5657600000000005,156000.0,141.1,2025-11-21_09-33,1,,0.1411096808817084,0,132749.98417293938,132.66739353757106,190510.37172735366
R_AK_3DBall_2319,3DBall,2319,12.0,ppo,500000,82,15510,0.0008849099328638,3.0,257,48.2,83.8,2.2096,12000,1.152,12000,99.535,442000,100.0,108000,480000,0.0885,24000,0.5221,24000,1.387,12000,2.5657600000000005,48000.0,19.3,2025-11-21_09-33,1,,0.9999956886821475,1,55712.68179059994,25.473930807072644,55714.59725444658
R_LN_3DBall_3846,3DBall,3846,12.0,ppo,200000,106,19934,0.0007736425224034,3.0,170,42.9,52.0,1.4958,12000,1.1379,12000,80.2712,142000,98.8667,192000,180000,0.0768,24000,0.2412,24000,1.4015,12000,2.5657600000000005,72000.0,56.8,2025-11-21_09-33,1,,0.9920453616121001,1,73429.66990244201,60.14995705118627,74436.4911090052
R_LN_3DBall_4079,3DBall,4079,12.0,ppo,200000,171,32232,0.0003153277488784,3.0,200,44.0,61.7,1.28,12000,1.1313,12000,9.2146,142000,12.5125,180000,180000,0.0604,36000,0.1706,36000,1.4151,12000,2.5657600000000005,108000.0,106.5,2025-11-21_09-33,1,,0.6669053578333471,1,126416.2502921099,109.9851754369275,150926.6030703401
R_AK_3DBall_2499,3DBall,2499,12.0,ppo,500000,34,6426,0.0003144206225058,3.0,324,54.3,83.6,23.1705,12000,1.6176,12000,100.0,442000,100.0,132000,480000,0.135,12000,0.9126,12000,1.3645,12000,2.5657600000000005,36000.0,16.2,2025-11-21_09-33,1,,0.9999999990245849,1,35907.268510711256,15.496258815557571,35907.26896339431
R_LN_3DBall_3626,3DBall,3626,12.0,ppo,200000,49,9220,0.0006107392495279,3.0,193,37.9,63.0,3.0516,12000,1.2579,12000,98.4831,142000,100.0,132000,180000,0.1121,12000,0.6783,12000,1.3896,12000,2.5657600000000005,48000.0,38.6,2025-11-21_09-33,1,,0.9977452462562639,1,47713.02994309545,39.34541683331411,48056.399558953475
R_LN_3DBall_4114,3DBall,4114,12.0,ppo,200000,80,15030,0.0002938072646796,3.0,184,43.9,60.8,1.4025,12000,1.1965,12000,82.1851,142000,95.0834,192000,180000,0.0898,24000,0.2961,24000,1.4131,12000,2.5657600000000005,72000.0,61.4,2025-11-21_09-33,1,,0.9396744077060283,1,73021.90177996701,57.19613118558922,80681.93076345262
R_LN_3DBall_3158,3DBall,3158,12.0,ppo,100000,188,35282,0.0006574710408643,3.0,88,42.4,56.6,1.2165,12000,1.1753,12000,1.5221,46000,1.8124,96000,84000,0.0577,36000,0.1968,36000,1.4151,12000,2.5657600000000005,,,2025-11-21_09-33,0,,0.1282689700682,0,119186.75603494866,161.06244603528876,102461.0654355527
R_AK_3DBall_2030,3DBall,2030,12.0,ppo,500000,143,26958,0.0003023239085524,3.0,223,40.0,83.3,1.3285,12000,1.1306,12000,100.0,442000,100.0,192000,480000,0.0668,36000,0.2587,36000,1.4126,12000,2.5657600000000005,96000.0,39.0,2025-11-21_09-33,1,,0.9977245125887689,1,102978.44135216031,56.36732261773798,103881.8589108508
R_AK_3DBall_2018,3DBall,2018,12.0,ppo,500000,123,23101,0.0002840070609391,3.0,225,37.8,84.0,1.3186,12000,1.1352,12000,100.0,442000,100.0,228000,480000,0.0726,24000,0.246,24000,1.4141,12000,2.5657600000000005,84000.0,33.7,2025-11-21_09-33,1,,0.9980452793927397,1,91750.60284218499,49.652979787285254,92548.61635171098
R_LN_3DBall_3107,3DBall,3107,12.0,ppo,100000,43,8233,0.0004448842872104,3.0,103,39.9,55.8,2.3331,12000,1.2112,12000,21.3822,46000,61.55,96000,84000,0.1198,12000,0.557,12000,1.3991,12000,2.5657600000000005,48000.0,44.2,2025-11-21_09-33,1,,0.641537928423922,1,54114.8926721434,66.17842216798329,70562.96329937756
R_LN_3DBall_3932,3DBall,3932,12.0,ppo,200000,60,11412,0.0001760951840592,3.0,194,43.9,59.6,2.9912,12000,1.2935,12000,100.0,142000,100.0,120000,180000,0.1057,12000,0.7688,12000,1.4002,12000,2.5657600000000005,48000.0,38.9,2025-11-21_09-33,1,,0.9573154467035568,1,58266.55645326982,46.76139075503971,64316.385178228644
R_AK_3DBall_2048,3DBall,2048,12.0,ppo,500000,63,11829,0.0001101893014954,3.0,244,44.5,82.1,2.8281,12000,1.2747,12000,100.0,442000,100.0,120000,480000,0.1018,12000,0.724,12000,1.4061,12000,2.5657600000000005,48000.0,18.3,2025-11-21_09-33,1,,0.9992891088172311,1,58555.26819970546,29.613031171009876,58869.08736722207
R_LN_3DBall_4542,3DBall,4542,12.0,ppo,200000,87,16497,0.0003160900240047,3.0,179,45.1,64.5,1.5908,12000,1.172,12000,78.7465,142000,100.0,192000,180000,0.0861,24000,0.3629,24000,1.4108,12000,2.5657600000000005,60000.0,47.6,2025-11-21_09-33,1,,0.945299107889733,1,77068.47095480662,55.16225070007984,83792.93526205789
R_LN_3DBall_3678,3DBall,3678,12.0,ppo,200000,101,19032,0.0005679922575159,3.0,300,78.6,85.5,1.6157,12000,1.1605,12000,88.3304,142000,98.9083,156000,180000,0.0779,24000,0.2787,24000,1.4078,12000,2.5657600000000005,72000.0,100.1,2025-11-21_09-33,1,,0.9544325364264505,1,76277.05428248145,64.87208577325305,81914.79510467671
R_LN_3DBall_3906,3DBall,3906,12.0,ppo,200000,65,12264,0.000289529654368,3.0,182,44.6,59.6,2.0567,12000,1.2848,12000,99.7833,142000,100.0,156000,180000,0.0993,24000,0.5784,24000,1.4025,12000,2.5657600000000005,60000.0,48.6,2025-11-21_09-33,1,,0.9834340148265797,1,59921.83030645204,48.042449328619114,62242.36318871521
R_AK_3DBall_2090,3DBall,2090,12.0,ppo,500000,159,29854,0.0001096586046063,3.0,238,41.9,82.3,1.2744,12000,1.1736,12000,100.0,442000,100.0,264000,480000,0.0632,36000,0.2114,36000,1.418,12000,2.5657600000000005,96000.0,41.6,2025-11-21_09-33,1,,0.995610087373504,1,116263.09412993425,65.37593464697142,117947.66561826578
R_AP_3DBall_1149,3DBall,1149,12.0,ppo,500000,62,11729,0.0003254434121825,3.0,579,60.9,88.2,4.0924,12000,1.2219,12000,99.4881,442000,100.0,132000,480000,0.1016,12000,0.9504,12000,1.3927,12000,2.5657600000000005,48000.0,43.5,2025-11-21_09-33,1,,0.998462178842238,1,51712.43687788974,31.43363025847626,52401.8229772205
R_LN_3DBall_3487,3DBall,3487,12.0,ppo,200000,176,33181,0.0003402252794535,3.0,192,51.5,69.1,1.2367,12000,1.1369,12000,7.5634,142000,10.4204,192000,180000,0.0607,36000,0.1737,36000,1.4139,12000,2.5657600000000005,108000.0,102.5,2025-11-21_09-33,1,,0.5271034679898811,1,127825.30790789369,125.85443740856596,161956.46949714894
R_LN_3DBall_4504,3DBall,4504,12.0,ppo,200000,38,7290,0.0001736380322973,3.0,250,44.5,64.4,13.1134,12000,1.4851,12000,95.4408,142000,100.0,108000,180000,0.1303,12000,1.0547,12000,1.3939,12000,2.5657600000000005,36000.0,33.3,2025-11-21_09-33,1,,0.9989329438528926,1,45038.604361591766,30.182115777093927,45203.95687137207
R_AK_3DBall_2234,3DBall,2234,12.0,ppo,500000,141,26509,0.0006643152324434,3.0,242,42.4,82.3,1.3699,12000,1.1052,12000,98.5092,442000,100.0,204000,480000,0.0703,36000,0.311,36000,1.4043,12000,2.5657600000000005,84000.0,36.3,2025-11-21_09-33,1,,0.9997442590561544,1,88816.26017032993,45.250680027307226,88921.41668804795
R_LN_3DBall_4627,3DBall,4627,12.0,ppo,200000,79,14950,0.0008288403048246,3.0,177,44.7,65.3,2.2035,12000,1.2605,12000,99.5569,142000,100.0,156000,180000,0.0904,24000,0.5835,24000,1.3819,12000,2.5657600000000005,60000.0,47.3,2025-11-21_09-33,1,,0.9999391104079084,1,53552.37965997664,36.03744915653658,53561.29679584193
R_LN_3DBall_3563,3DBall,3563,12.0,ppo,200000,155,29092,0.0002355041278073,3.0,191,43.9,63.0,1.3366,12000,1.1555,12000,18.1843,142000,32.9417,192000,180000,0.0663,36000,0.2025,36000,1.4141,12000,2.5657600000000005,96000.0,89.1,2025-11-21_09-33,1,,0.571515659934783,1,112607.75523711873,109.73181634563988,150053.96356115982
R_LN_3DBall_4229,3DBall,4229,12.0,ppo,200000,88,16533,0.0003781065314291,3.0,184,44.3,61.2,1.9146,12000,1.1768,12000,95.2031,142000,100.0,180000,180000,0.0861,24000,0.4767,24000,1.3997,12000,2.5657600000000005,60000.0,49.1,2025-11-21_09-33,1,,0.9770826658756219,1,68906.02783321588,54.40869127305641,71910.35219505399
R_LN_3DBall_3694,3DBall,3694,12.0,ppo,200000,127,23958,0.0001646408872378,3.0,181,42.7,50.2,1.4115,12000,1.1531,12000,26.4455,142000,44.6462,192000,180000,0.0715,24000,0.2629,24000,1.4144,12000,2.5657600000000005,84000.0,72.6,2025-11-21_09-33,1,,0.5417506252563206,1,100827.14407982989,92.44570237888888,146273.04329679284
R_AK_3DBall_2437,3DBall,2437,12.0,ppo,500000,107,20157,0.0002952818857044,3.0,217,33.6,83.7,1.2199,12000,1.1189,12000,100.0,442000,100.0,228000,480000,0.0792,24000,0.3166,24000,1.4144,12000,2.5657600000000005,96000.0,38.0,2025-11-21_09-33,1,,0.9982789776383026,1,85008.20603512996,41.13475946805183,85722.41619246441
R_LN_3DBall_3192,3DBall,3192,12.0,ppo,100000,176,33007,0.0004011578497275,3.0,105,40.8,57.0,1.2074,12000,1.0893,12000,1.6697,46000,2.0316,84000,84000,0.0636,36000,0.1572,36000,1.4162,12000,2.5657600000000005,,,2025-11-21_09-33,0,,0.01939998789979012,0,125161.61834643366,176.90498745962483,100488.13509145995
R_LN_3DBall_4020,3DBall,4020,12.0,ppo,200000,126,23638,4.050676900589995e-05,3.0,184,43.5,61.2,1.168,12000,1.1147,12000,1.9603,142000,2.1061,192000,180000,0.0724,24000,0.3756,24000,1.4185,12000,2.5657600000000005,,,2025-11-21_09-33,0,,0.13752664071558834,0,101119.27069743749,89.49501373562346,186401.2654675111
R_LN_3DBall_3102,3DBall,3102,12.0,ppo,100000,126,23689,0.0004299644608964,3.0,94,40.9,55.8,1.2832,12000,1.1298,12000,1.6913,46000,1.9984,96000,84000,0.0709,24000,0.2598,24000,1.4186,12000,2.5657600000000005,,,2025-11-21_09-33,0,,0.026399261142323827,0,94000.83273298519,124.18573911982563,99841.6264166816
R_AK_3DBall_2146,3DBall,2146,12.0,ppo,500000,83,15563,0.0002968018669491,3.0,243,41.3,83.6,1.996,12000,1.2445,12000,98.4658,442000,100.0,144000,480000,0.0912,24000,0.505,24000,1.4072,12000,2.5657600000000005,60000.0,24.3,2025-11-21_09-33,1,,0.9997840073545565,1,65571.1922230174,32.54009574909673,65665.025650466
R_LN_3DBall_3382,3DBall,3382,12.0,ppo,100000,163,30588,0.0001888661289162,3.0,92,40.5,57.8,1.1156,12000,1.0889,12000,1.1979,46000,1.2318,84000,84000,0.0619,36000,0.4966,36000,1.4187,12000,2.5657600000000005,,,2025-11-21_09-33,0,,0.0010286814302505806,0,115771.79357567361,158.5384696590177,100016.22415117304
R_LN_3DBall_3124,3DBall,3124,12.0,ppo,100000,85,16111,0.0003124246461547,3.0,97,40.4,56.6,1.8323,12000,1.2802,12000,4.4614,46000,8.1084,96000,84000,0.0853,24000,0.4389,24000,1.405,12000,2.5657600000000005,60000.0,55.3,2025-11-21_09-33,1,,0.5793408862691617,1,69902.85640354462,88.22690387369718,82563.4941546593
R_AK_3DBall_2283,3DBall,2283,12.0,ppo,500000,72,13571,0.0008687033743798,3.0,253,43.8,81.8,2.163,12000,1.2158,12000,98.2648,442000,100.0,156000,480000,0.0948,24000,0.7755,24000,1.3934,12000,2.5657600000000005,60000.0,25.3,2025-11-21_09-33,1,,0.9999790230210612,1,49295.06215416052,21.769660508857353,49304.516582149314
R_AK_3DBall_2541,3DBall,2541,12.0,ppo,500000,87,16314,0.0006840689178406,3.0,232,45.1,84.5,1.704,12000,1.1049,12000,98.3567,442000,100.0,132000,480000,0.0866,24000,0.4065,24000,1.3931,12000,2.5657600000000005,60000.0,23.2,2025-11-21_09-33,1,,0.9999809862029297,1,62480.45455144065,28.830332848150473,62488.773459292075
R_LN_3DBall_4046,3DBall,4046,12.0,ppo,200000,60,11267,0.0002698291232267,3.0,189,44.0,61.0,2.585,12000,1.2094,12000,100.0,142000,100.0,132000,180000,0.104,12000,0.5932,12000,1.4059,12000,2.5657600000000005,48000.0,37.9,2025-11-21_09-33,1,,0.9150337912318806,1,60312.48220242216,47.65435890857362,72181.20100191156
R_AP_3DBall_1158,3DBall,1158,12.0,ppo,500000,156,29358,0.0007151250854814,3.0,395,50.6,90.8,1.1593,12000,1.0816,12000,98.4831,442000,100.0,276000,480000,0.0656,36000,0.2048,36000,1.4153,12000,2.5657600000000005,108000.0,79.0,2025-11-21_09-33,1,,0.9938672178530193,1,101359.82403267447,63.46679667088138,103804.59738691612
R_AK_3DBall_2416,3DBall,2416,12.0,ppo,500000,79,14907,0.0008133755171059,3.0,216,26.5,83.0,1.9121,12000,1.2097,12000,100.0,442000,100.0,132000,480000,0.0858,24000,0.4019,24000,1.3967,12000,2.5657600000000005,60000.0,21.6,2025-11-21_09-33,1,,0.9999960957230204,1,57383.278333601396,25.05142446253642,57385.00643187859
R_AK_3DBall_2640,3DBall,2640,12.0,ppo,500000,93,17599,7.767658355494472e-05,3.0,221,33.1,84.4,1.1845,12000,1.1444,12000,100.0,442000,100.0,312000,480000,0.0852,24000,0.3233,24000,1.4165,12000,2.5657600000000005,132000.0,55.2,2025-11-21_09-33,1,,0.9979681635394445,1,84929.35918075943,39.48780786219122,85772.7148424821
R_AK_3DBall_2562,3DBall,2562,12.0,ppo,500000,187,35152,0.0001292413638492,3.0,252,49.6,85.2,1.2302,12000,1.1494,12000,96.6451,442000,100.0,300000,480000,0.0598,36000,0.1873,36000,1.4189,12000,2.5657600000000005,120000.0,56.7,2025-11-21_09-33,1,,0.9954039599000531,1,138206.59854082318,72.5702210579049,139869.41552182572
R_LN_3DBall_4461,3DBall,4461,12.0,ppo,200000,161,30303,0.0008891119944453,3.0,173,45.2,64.2,1.3203,12000,1.1679,12000,16.4192,142000,28.1932,192000,180000,0.0603,36000,0.1763,36000,1.412,12000,2.5657600000000005,96000.0,80.9,2025-11-21_09-33,1,,0.9885818180821033,1,99559.69970457557,72.07187452796316,100706.54532523689
R_AK_3DBall_2698,3DBall,2698,12.0,ppo,500000,137,25829,0.0001578625769392,3.0,228,42.8,84.2,1.2346,12000,1.1135,12000,100.0,442000,100.0,288000,480000,0.0701,36000,0.2642,36000,1.4168,12000,2.5657600000000005,108000.0,45.6,2025-11-21_09-33,1,,0.9965322800275854,1,106305.08118112743,51.276738301398304,107670.30491415378
R_LN_3DBall_3792,3DBall,3792,12.0,ppo,200000,88,16574,0.0001206152822961,3.0,203,42.2,51.4,1.6504,12000,1.1809,12000,88.0708,142000,98.4,180000,180000,0.0818,24000,0.4083,24000,1.4094,12000,2.5657600000000005,60000.0,54.0,2025-11-21_09-33,1,,0.7521626011320312,1,77439.91830701432,67.83919398853575,107814.89015884965
R_LN_3DBall_3823,3DBall,3823,12.0,ppo,200000,64,12150,0.0002895420249935,3.0,183,42.8,51.1,1.8777,12000,1.1922,12000,98.1573,142000,100.0,156000,180000,0.1007,24000,0.44,24000,1.4015,12000,2.5657600000000005,60000.0,48.7,2025-11-21_09-33,1,,0.9703185388507937,1,64698.05218470979,53.8081080076873,68714.01169220127
R_LN_3DBall_4539,3DBall,4539,12.0,ppo,200000,83,15731,0.000567252857657,3.0,177,44.1,64.7,1.6741,12000,1.1784,12000,93.274,142000,100.0,180000,180000,0.0887,24000,0.3653,24000,1.4085,12000,2.5657600000000005,60000.0,47.3,2025-11-21_09-33,1,,0.9859629021600014,1,69743.51220628174,47.888226112065944,71571.93526973674
R_AK_3DBall_2544,3DBall,2544,12.0,ppo,500000,149,28031,0.0007462200002404,3.0,239,47.7,84.1,1.3335,12000,1.1275,12000,99.2662,442000,100.0,276000,480000,0.0662,36000,0.1725,36000,1.4094,12000,2.5657600000000005,96000.0,41.8,2025-11-21_09-33,1,,0.9999110726292868,1,94811.27846420754,44.20067898727267,94847.31083185636
R_LN_3DBall_4589,3DBall,4589,12.0,ppo,200000,95,17863,0.000631850007752,3.0,178,44.1,65.1,1.5559,12000,1.1803,12000,89.0549,142000,100.0,192000,180000,0.0814,24000,0.4237,24000,1.3948,12000,2.5657600000000005,72000.0,59.5,2025-11-21_09-33,1,,0.9980708337252027,1,66807.61927739953,47.726845245311395,67064.56952634953
R_LN_3DBall_3421,3DBall,3421,12.0,ppo,100000,131,24607,3.864592679012569e-05,3.0,105,50.4,72.5,1.1486,12000,1.1496,12000,1.1439,46000,1.1918,36000,84000,0.0683,36000,0.6276,36000,1.4181,12000,2.5657600000000005,,,2025-11-21_09-33,0,,0.0013810502887346204,0,97021.01192821021,128.17446380281538,99995.88586766332
R_LN_3DBall_4490,3DBall,4490,12.0,ppo,200000,176,33112,0.0002643953302304,3.0,200,43.7,64.6,1.2908,12000,1.1693,12000,9.0116,142000,12.4034,192000,180000,0.0596,36000,0.176,36000,1.415,12000,2.5657600000000005,108000.0,106.5,2025-11-21_09-33,1,,0.8437146846998854,1,128067.46360913671,103.60067492351642,139309.46273931974
R_LN_3DBall_4208,3DBall,4208,12.0,ppo,200000,160,30185,0.0001947544411372,3.0,177,44.0,60.9,1.1696,12000,1.1106,12000,3.7398,142000,5.1651,192000,180000,0.0649,36000,0.2514,36000,1.4193,12000,2.5657600000000005,132000.0,118.3,2025-11-21_09-33,1,,0.2826662987142602,0,124418.03173881564,105.36209160975993,178635.52478207235
R_LN_3DBall_3422,3DBall,3422,12.0,ppo,100000,118,22138,3.379242472220606e-05,3.0,103,49.2,72.7,1.1149,12000,1.0963,12000,1.1387,46000,1.1696,84000,84000,0.0726,24000,0.6521,24000,1.4178,12000,2.5657600000000005,,,2025-11-21_09-33,0,,0.0006033022405739572,0,91603.90965906977,121.40302973373814,99994.93461988526
R_LN_3DBall_4523,3DBall,4523,12.0,ppo,200000,101,19023,0.0006176614143268,3.0,177,42.4,64.8,1.3114,12000,1.0933,12000,44.5981,142000,70.8235,180000,180000,0.0772,24000,0.232,24000,1.4083,12000,2.5657600000000005,84000.0,70.6,2025-11-21_09-33,1,,0.9717937233210128,1,78597.69823089695,56.61161866385487,82022.00514406216
R_LN_3DBall_3032,3DBall,3032,12.0,ppo,100000,34,6426,0.0008700978863923,3.0,150,50.6,61.3,25.6219,12000,1.6726,12000,74.9234,46000,98.575,96000,84000,0.1378,12000,0.8572,12000,1.35,12000,2.5657600000000005,36000.0,42.8,2025-11-21_09-33,1,,0.9999999082525421,1,30103.344203561406,35.18727142125347,30103.350616401887
R_LN_3DBall_3225,3DBall,3225,12.0,ppo,100000,54,10140,0.0004756297256826,3.0,100,40.6,57.6,2.758,12000,1.2576,12000,24.6246,46000,73.4438,96000,84000,0.1062,12000,0.5247,12000,1.3833,12000,2.5657600000000005,48000.0,42.8,2025-11-21_09-33,1,,0.9858817380351369,1,51252.300161730695,64.5135335065009,51940.532958231895
R_AK_3DBall_2527,3DBall,2527,12.0,ppo,500000,146,27432,0.0008515016538806,3.0,229,43.9,84.7,1.3508,12000,1.1271,12000,100.0,442000,100.0,228000,480000,0.0665,36000,0.2761,36000,1.4121,12000,2.5657600000000005,96000.0,40.0,2025-11-21_09-33,1,,0.9998089546674216,1,88687.28020290167,40.374165624947224,88765.85957824904
R_AP_3DBall_1346,3DBall,1346,12.0,ppo,500000,164,30925,0.0004654366399586,3.0,432,62.1,88.3,1.3023,12000,1.1532,12000,97.2926,442000,100.0,228000,480000,0.0633,36000,0.1704,36000,1.4134,12000,2.5657600000000005,96000.0,75.6,2025-11-21_09-33,1,,0.9978768243156685,1,111663.64650543853,69.50453859087902,112488.15280852016
R_AP_3DBall_1033,3DBall,1033,12.0,ppo,500000,85,16061,0.0007632299227501,3.0,487,65.3,88.4,1.9793,12000,1.1806,12000,97.0185,442000,100.0,180000,480000,0.09,24000,0.5126,24000,1.395,12000,2.5657600000000005,60000.0,48.7,2025-11-21_09-33,1,,0.999901574494166,1,58736.51540452141,35.15251108777009,58779.94698619881
R_LN_3DBall_4075,3DBall,4075,12.0,ppo,200000,186,34884,0.0006867642652142,3.0,171,43.9,61.9,1.2191,12000,1.1349,12000,5.9634,142000,9.3548,192000,180000,0.0587,36000,0.1857,36000,1.4182,12000,2.5657600000000005,120000.0,102.4,2025-11-21_09-33,1,,0.7666427957170638,1,120124.58246913433,100.73801016390478,138764.08659506938
R_LN_3DBall_3704,3DBall,3704,12.0,ppo,200000,167,31357,0.0005604147781057,3.0,173,42.9,49.8,1.2178,12000,1.1341,12000,6.1588,142000,7.6036,192000,180000,0.0622,36000,0.173,36000,1.4196,12000,2.5657600000000005,108000.0,92.4,2025-11-21_09-33,1,,0.5821704872692987,1,114056.10004286066,102.44025376109676,149965.99788412833
R_LN_3DBall_3827,3DBall,3827,12.0,ppo,200000,129,24351,0.0007234159263305,3.0,180,42.6,51.9,1.4411,12000,1.1477,12000,46.9168,142000,66.0263,192000,180000,0.0696,36000,0.287,36000,1.4041,12000,2.5657600000000005,84000.0,71.8,2025-11-21_09-33,1,,0.9755989831852239,1,85112.20929389224,70.97335863048332,87915.58820672447
R_LN_3DBall_3593,3DBall,3593,12.0,ppo,200000,142,26676,0.0006404828411291,3.0,174,43.0,62.5,1.3032,12000,1.0889,12000,16.006,142000,24.0146,192000,180000,0.0658,36000,0.232,36000,1.4095,12000,2.5657600000000005,96000.0,81.1,2025-11-21_09-33,1,,0.7892676680321712,1,95400.61932066025,87.10937181895582,117443.09073360817
R_LN_3DBall_4535,3DBall,4535,12.0,ppo,200000,160,30052,0.0002284370743561,3.0,195,44.2,65.0,1.2274,12000,1.1323,12000,10.8652,142000,21.8396,192000,180000,0.0629,36000,0.1686,36000,1.4161,12000,2.5657600000000005,96000.0,90.9,2025-11-21_09-33,1,,0.7520311662696972,1,119857.01916184186,96.12672920115253,139729.98065194994
R_LN_3DBall_3249,3DBall,3249,12.0,ppo,100000,103,19397,0.0007130928264838,3.0,95,40.0,57.3,1.5311,12000,1.1745,12000,3.4062,46000,5.8023,96000,84000,0.0784,24000,0.2436,24000,1.4016,12000,2.5657600000000005,72000.0,67.7,2025-11-21_09-33,1,,0.8371564248732096,1,72883.61033301373,89.59881464753096,77299.34017091693
R_AK_3DBall_2262,3DBall,2262,12.0,ppo,500000,50,9411,0.0002268737706201,3.0,298,50.1,82.6,5.08,12000,1.3576,12000,100.0,442000,100.0,132000,480000,0.1136,12000,1.0062,12000,1.3895,12000,2.5657600000000005,36000.0,14.9,2025-11-21_09-33,1,,0.9999729506980171,1,46163.405654216156,21.81163545776658,46175.68161730753
R_LN_3DBall_3988,3DBall,3988,12.0,ppo,200000,45,8492,0.000248836439412,3.0,234,43.7,61.0,11.5683,12000,1.4694,12000,97.88,142000,100.0,144000,180000,0.1203,12000,1.3551,12000,1.3837,12000,2.5657600000000005,36000.0,31.2,2025-11-21_09-33,1,,0.9962969931211446,1,40182.31949905028,30.940144717814917,40774.12546930801
R_LN_3DBall_3065,3DBall,3065,12.0,ppo,100000,73,13845,0.0007782760233561,3.0,99,41.5,55.6,2.0053,12000,1.2176,12000,7.5658,46000,16.5059,96000,84000,0.0932,24000,0.5958,24000,1.3995,12000,2.5657600000000005,60000.0,56.5,2025-11-21_09-33,1,,0.699464905654086,1,56391.08693530753,67.61797958063384,69497.09573752765
R_LN_3DBall_3977,3DBall,3977,12.0,ppo,200000,107,20063,0.000593155031624,3.0,174,41.8,60.1,1.2831,12000,1.1421,12000,34.6289,142000,58.17,192000,180000,0.0776,24000,0.2479,24000,1.4098,12000,2.5657600000000005,96000.0,81.4,2025-11-21_09-33,1,,0.9546670070716375,1,78341.46667107193,63.45550190275528,83856.61210214718
R_LN_3DBall_4143,3DBall,4143,12.0,ppo,200000,179,33607,0.0006556418597672,3.0,171,43.9,60.6,1.2114,12000,1.1143,12000,3.8204,142000,4.6224,180000,180000,0.0599,36000,0.2468,36000,1.4164,12000,2.5657600000000005,144000.0,125.6,2025-11-21_09-33,1,,0.6959851037151997,1,116430.74229679654,96.51002370222507,141837.04151003368
R_LN_3DBall_4507,3DBall,4507,12.0,ppo,200000,32,6162,0.0001077313275101,3.0,220,44.4,64.3,2.2441,12000,1.1876,12000,100.0,142000,100.0,120000,180000,0.1413,12000,0.5369,12000,1.4036,12000,2.5657600000000005,60000.0,58.8,2025-11-21_09-33,1,,0.9716316922233029,1,58388.246019818405,41.83233117340556,62405.531841526106
R_AP_3DBall_1095,3DBall,1095,12.0,ppo,500000,134,25143,0.0005315065107612,3.0,433,65.7,89.3,1.471,12000,1.1292,12000,100.0,442000,100.0,192000,480000,0.0696,36000,0.3445,36000,1.4059,12000,2.5657600000000005,84000.0,64.9,2025-11-21_09-33,1,,0.9978557910295176,1,85730.36410436481,55.82718837603426,86618.64477385071
R_LN_3DBall_4275,3DBall,4275,12.0,ppo,200000,151,28487,8.469354005919383e-05,3.0,186,44.3,62.8,1.1731,12000,1.137,12000,1.3829,142000,1.4764,192000,180000,0.0637,36000,0.4612,36000,1.4194,12000,2.5657600000000005,,,2025-11-21_09-33,0,,0.11373646872422814,0,114912.71902501617,95.90521218788601,190322.47312855913
R_AK_3DBall_2059,3DBall,2059,12.0,ppo,500000,135,25344,0.0002044200694003,3.0,254,43.3,83.1,1.2872,12000,1.0934,12000,95.476,442000,100.0,216000,480000,0.0709,36000,0.2365,36000,1.4163,12000,2.5657600000000005,96000.0,44.4,2025-11-21_09-33,1,,0.9920892796292227,1,102180.92502211737,56.73381581342342,105327.9604824287
R_AP_3DBall_1177,3DBall,1177,12.0,ppo,500000,63,11977,0.0006994993081991,3.0,585,60.9,88.8,5.0527,12000,1.3206,12000,97.0585,442000,100.0,156000,480000,0.0997,12000,0.7601,12000,1.3796,12000,2.5657600000000005,48000.0,43.8,2025-11-21_09-33,1,,0.9999974802343466,1,45967.10939459285,26.140352963640254,45968.253451076096
R_LN_3DBall_3232,3DBall,3232,12.0,ppo,100000,78,14635,0.0002251736162059,3.0,96,40.4,57.0,1.3376,12000,1.1233,12000,2.2144,46000,3.1935,96000,84000,0.0898,24000,0.281,24000,1.4062,12000,2.5657600000000005,84000.0,82.2,2025-11-21_09-33,1,,0.18008082493526403,0,73831.45809484746,97.09343148889243,95287.5473863671
R_LN_3DBall_4016,3DBall,4016,12.0,ppo,200000,93,17486,0.0003060463645098,3.0,179,44.0,60.9,1.6211,12000,1.1741,12000,79.4938,142000,88.8154,192000,180000,0.0821,24000,0.421,24000,1.4074,12000,2.5657600000000005,72000.0,59.8,2025-11-21_09-33,1,,0.8948062510227435,1,74920.16426723881,61.65315036860071,88077.78110942738
R_LN_3DBall_4212,3DBall,4212,12.0,ppo,200000,186,34905,0.0004267420866563,3.0,171,43.9,61.1,1.228,12000,1.0943,12000,6.1386,142000,9.5195,192000,180000,0.0592,36000,0.1883,36000,1.4127,12000,2.5657600000000005,120000.0,102.8,2025-11-21_09-33,1,,0.6700153615332818,1,129114.13077859678,112.54137236434845,152505.3787060206
R_LN_3DBall_3622,3DBall,3622,12.0,ppo,200000,88,16521,0.0008883203865832,3.0,174,39.2,62.7,1.6248,12000,1.2106,12000,90.0793,142000,98.1385,192000,180000,0.0853,24000,0.3441,24000,1.3966,12000,2.5657600000000005,72000.0,57.9,2025-11-21_09-33,1,,0.998592030582024,1,60200.559777837996,49.458541794499936,60397.39311432097
R_AK_3DBall_2078,3DBall,2078,12.0,ppo,500000,82,15486,0.0006748705008507,3.0,269,44.8,83.8,2.1979,12000,1.2608,12000,100.0,442000,100.0,132000,480000,0.0895,24000,0.5873,24000,1.3795,12000,2.5657600000000005,60000.0,26.9,2025-11-21_09-33,1,,0.9999991304961102,1,53872.51285968985,26.730323037139726,53872.90076927525
R_LN_3DBall_3992,3DBall,3992,12.0,ppo,200000,119,22351,0.0004135736936829,3.0,195,43.3,62.2,1.4587,12000,1.1066,12000,54.5606,142000,82.15,168000,180000,0.0738,24000,0.2791,24000,1.4033,12000,2.5657600000000005,72000.0,64.9,2025-11-21_09-33,1,,0.926019882897467,1,86814.99380810147,74.91560483952502,95188.43382042905
R_LN_3DBall_3888,3DBall,3888,12.0,ppo,200000,33,6357,0.0004643068097051,3.0,266,44.6,61.9,21.4412,12000,1.7306,12000,95.8662,142000,100.0,108000,180000,0.1374,12000,1.0239,12000,1.3479,12000,2.5657600000000005,36000.0,35.5,2025-11-21_09-33,1,,0.9999999947602862,1,32022.55307747101,24.41161527761587,32022.55395762475
R_LN_3DBall_4034,3DBall,4034,12.0,ppo,200000,39,7450,0.0005214258242461,3.0,204,43.7,61.0,9.9818,12000,1.4127,12000,95.6343,142000,100.0,84000,180000,0.1275,12000,1.1689,12000,1.3684,12000,2.5657600000000005,36000.0,27.3,2025-11-21_09-33,1,,0.9999275760050969,1,37680.05415527157,28.577275346883198,37691.810014202114
R_LN_3DBall_4315,3DBall,4315,12.0,ppo,200000,158,29627,0.0008645692558733,3.0,171,44.2,62.6,1.2547,12000,1.1392,12000,13.5441,142000,25.6067,192000,180000,0.0628,36000,0.1963,36000,1.4116,12000,2.5657600000000005,96000.0,79.6,2025-11-21_09-33,1,,0.9750336835567638,1,96681.4183548267,73.68855745358745,99260.90275864644
R_AK_3DBall_2497,3DBall,2497,12.0,ppo,500000,100,18821,0.0001076410789874,3.0,249,45.8,82.9,1.4668,12000,1.1926,12000,100.0,442000,100.0,192000,480000,0.0775,24000,0.296,24000,1.4183,12000,2.5657600000000005,72000.0,31.1,2025-11-21_09-33,1,,0.9987013482957248,1,84593.8388399128,40.32531763646502,85133.30675906978
R_AK_3DBall_2685,3DBall,2685,12.0,ppo,500000,36,6836,0.0007308342755637,3.0,283,50.5,84.6,22.7653,12000,1.7188,12000,95.2361,442000,100.0,132000,480000,0.1294,12000,1.1068,12000,1.353,12000,2.5657600000000005,36000.0,14.2,2025-11-21_09-33,1,,0.999999999981694,1,28961.986135279727,10.969775512408447,28961.986143902563
R_LN_3DBall_4088,3DBall,4088,12.0,ppo,200000,142,26776,0.0004954547163951,3.0,174,43.8,60.2,1.2241,12000,1.1054,12000,7.4437,142000,10.7594,192000,180000,0.0697,36000,0.2199,36000,1.4153,12000,2.5657600000000005,120000.0,104.6,2025-11-21_09-33,1,,0.7280311718062579,1,103562.87882054457,85.01014982858736,129790.76966209899
R_AP_3DBall_1300,3DBall,1300,12.0,ppo,500000,120,22598,0.0005801175617807,3.0,509,62.4,88.5,1.6482,12000,1.1283,12000,96.596,442000,100.0,192000,480000,0.0733,24000,0.3377,24000,1.3956,12000,2.5657600000000005,60000.0,50.9,2025-11-21_09-33,1,,0.9998099272045224,1,77875.71393092285,48.30363483405305,77955.94827401497
R_LN_3DBall_3909,3DBall,3909,12.0,ppo,200000,88,16523,0.0001187321107694,3.0,195,43.3,59.5,1.1565,12000,1.1308,12000,1.6073,142000,1.7685,192000,180000,0.0853,24000,0.5073,24000,1.4144,12000,2.5657600000000005,,,2025-11-21_09-33,0,,0.26103713341901924,0,77825.02154150294,66.83747302680979,168107.7938476635
R_AK_3DBall_2134,3DBall,2134,12.0,ppo,500000,67,12647,0.0004240715132033,3.0,222,32.9,84.4,1.442,12000,1.1461,12000,100.0,442000,100.0,180000,480000,0.0973,24000,0.3137,24000,1.4035,12000,2.5657600000000005,72000.0,27.7,2025-11-21_09-33,1,,0.9999106997108302,1,63991.20756725953,31.435696020023144,64030.14327850433
R_LN_3DBall_4488,3DBall,4488,12.0,ppo,200000,90,17019,0.0001459147837953,3.0,179,44.0,64.4,1.492,12000,1.1748,12000,60.0002,142000,90.2231,192000,180000,0.0846,24000,0.3525,24000,1.4131,12000,2.5657600000000005,84000.0,71.7,2025-11-21_09-33,1,,0.8667586202443764,1,81744.57741695363,61.01294069440359,97501.09308550306
R_LN_3DBall_3285,3DBall,3285,12.0,ppo,100000,146,27423,0.0008494546179675,3.0,92,41.8,57.4,1.1982,12000,1.0834,12000,1.5552,46000,1.9961,96000,84000,0.0668,36000,0.2103,36000,1.4198,12000,2.5657600000000005,,,2025-11-21_09-33,0,,0.05370340590532428,0,96268.63135706876,117.9443434556622,99799.61279518626
R_LN_3DBall_4364,3DBall,4364,12.0,ppo,200000,135,25334,9.806998971383697e-05,3.0,182,44.7,63.7,1.1403,12000,1.0771,12000,1.3672,142000,1.428,180000,180000,0.071,36000,0.402,36000,1.4202,12000,2.5657600000000005,,,2025-11-21_09-33,0,,0.08604211258379474,0,106330.676387044,88.04143807254242,191940.49351204615
R_LN_3DBall_3227,3DBall,3227,12.0,ppo,100000,88,16560,0.0004859761098137,3.0,109,39.8,57.6,1.9345,12000,1.2266,12000,7.1345,46000,16.4969,96000,84000,0.0852,24000,0.4654,24000,1.4055,12000,2.5657600000000005,60000.0,62.4,2025-11-21_09-33,1,,0.4629254553791502,0,67278.88377542453,82.95421338307064,84852.5623712243
R_AP_3DBall_1312,3DBall,1312,12.0,ppo,500000,72,13675,0.0002480982190589,3.0,440,53.7,88.8,1.477,12000,1.1812,12000,100.0,442000,100.0,156000,480000,0.0938,24000,0.3392,24000,1.4072,12000,2.5657600000000005,72000.0,54.9,2025-11-21_09-33,1,,0.9992719223920864,1,69108.87886835542,40.638351868153805,69422.60104510016
R_AP_3DBall_1020,3DBall,1020,12.0,ppo,500000,52,9878,7.471209277855806e-05,3.0,515,65.3,87.0,2.5379,12000,1.299,12000,100.0,442000,100.0,144000,480000,0.1094,12000,0.6168,12000,1.4155,12000,2.5657600000000005,48000.0,38.6,2025-11-21_09-33,1,,0.9953878572112825,1,59657.07756352037,35.67817465781771,61688.00199779855
R_LN_3DBall_3035,3DBall,3035,12.0,ppo,100000,164,30777,0.000631350598516,3.0,92,39.9,60.7,1.2677,12000,1.1351,12000,1.6891,46000,2.0765,96000,84000,0.064,36000,0.2109,36000,1.4117,12000,2.5657600000000005,,,2025-11-21_09-33,0,,0.11610399918012139,0,106091.88162509516,146.5653826674332,100707.29181920545
R_LN_3DBall_3904,3DBall,3904,12.0,ppo,200000,77,14603,0.0005397927668435,3.0,179,43.6,59.0,1.5711,12000,1.1238,12000,96.4754,142000,100.0,168000,180000,0.0901,24000,0.3087,24000,1.4172,12000,2.5657600000000005,72000.0,59.8,2025-11-21_09-33,1,,0.7875147111721527,1,72120.47603123011,55.89562558877227,99292.9936169018
R_AP_3DBall_1131,3DBall,1131,12.0,ppo,500000,58,10897,0.0004051674465986,3.0,508,61.9,87.1,6.4021,12000,1.3852,12000,99.125,442000,100.0,108000,480000,0.1028,12000,1.0444,12000,1.3703,12000,2.5657600000000005,36000.0,25.4,2025-11-21_09-33,1,,0.9999968429054867,1,41558.64717233597,25.450388886708815,41560.09451501563
R_AP_3DBall_1234,3DBall,1234,12.0,ppo,500000,95,17964,0.0004708843903721,3.0,441,62.4,88.9,1.5905,12000,1.1459,12000,100.0,442000,100.0,180000,480000,0.0827,24000,0.4413,24000,1.4134,12000,2.5657600000000005,60000.0,44.1,2025-11-21_09-33,1,,0.9943238952471918,1,73413.78551791726,43.04972304018104,75835.13355742148
R_LN_3DBall_4646,3DBall,4646,12.0,ppo,200000,116,21760,0.0001464028067997,3.0,179,44.7,67.8,1.3202,12000,1.1915,12000,14.0568,142000,23.1204,192000,180000,0.0742,24000,0.2938,24000,1.4173,12000,2.5657600000000005,96000.0,83.3,2025-11-21_09-33,1,,0.8401743791211237,1,92372.75066082214,68.75136724355218,109574.34260994187
R_AP_3DBall_1360,3DBall,1360,12.0,ppo,500000,35,6571,0.000701015301124,3.0,560,61.8,89.8,25.9487,12000,1.7559,12000,100.0,442000,100.0,108000,480000,0.1356,12000,1.0285,12000,1.3351,12000,2.5657600000000005,36000.0,28.0,2025-11-21_09-33,1,,0.9999999999977918,1,26835.278657486568,14.320522284759575,26835.278658531424
R_LN_3DBall_4260,3DBall,4260,12.0,ppo,200000,108,20381,0.0006998697320917,3.0,201,46.5,65.5,1.539,12000,1.2026,12000,82.3121,142000,96.3692,168000,180000,0.0783,24000,0.2613,24000,1.3969,12000,2.5657600000000005,72000.0,66.9,2025-11-21_09-33,1,,0.9989968783844331,1,73826.65914016483,55.703129331770576,73953.22634568963
R_LN_3DBall_3697,3DBall,3697,12.0,ppo,200000,160,30154,0.0008456020410606,3.0,170,42.7,49.7,1.2567,12000,1.1519,12000,13.6239,142000,23.7729,192000,180000,0.0651,36000,0.1795,36000,1.4172,12000,2.5657600000000005,96000.0,79.5,2025-11-21_09-33,1,,0.8878737063225962,1,103012.74068719271,86.68105545067655,113887.56260786706
R_LN_3DBall_4495,3DBall,4495,12.0,ppo,200000,187,35138,0.0006707736134914,3.0,173,45.3,64.2,1.1577,12000,1.1076,12000,3.1824,142000,4.2013,192000,180000,0.0566,36000,0.2251,36000,1.4183,12000,2.5657600000000005,156000.0,138.1,2025-11-21_09-33,1,,0.7276499556389506,1,123606.76691383777,95.28895808371415,144412.46733373805
R_LN_3DBall_3038,3DBall,3038,12.0,ppo,100000,177,33289,0.0006108632229171,3.0,97,40.0,56.9,1.1753,12000,1.0823,12000,1.5258,46000,1.8065,84000,84000,0.062,36000,0.1463,36000,1.4159,12000,2.5657600000000005,,,2025-11-21_09-33,0,,0.030504947164147537,0,121897.5597763173,170.4348985433532,100667.98390400031
R_AK_3DBall_2318,3DBall,2318,12.0,ppo,500000,137,25689,0.0001419798669469,3.0,244,44.3,83.8,1.4116,12000,1.1659,12000,98.5031,442000,100.0,264000,480000,0.0688,36000,0.3029,36000,1.4171,12000,2.5657600000000005,84000.0,36.6,2025-11-21_09-33,1,,0.9964059476744114,1,100130.71429626296,52.41425649712037,101567.86543247793
R_AK_3DBall_2577,3DBall,2577,12.0,ppo,500000,113,21197,0.0004292655657585,3.0,217,33.2,84.5,1.3025,12000,1.1707,12000,100.0,442000,100.0,228000,480000,0.0742,24000,0.2676,24000,1.4033,12000,2.5657600000000005,96000.0,37.9,2025-11-21_09-33,1,,0.9999529443910486,1,79279.53303924495,37.60164868834585,79299.33029701609
R_AK_3DBall_2528,3DBall,2528,12.0,ppo,500000,122,23058,0.000661805999342,3.0,231,44.1,84.8,1.311,12000,1.0826,12000,98.5108,442000,100.0,204000,480000,0.0702,24000,0.2127,24000,1.4055,12000,2.5657600000000005,84000.0,34.6,2025-11-21_09-33,1,,0.9998797528159175,1,85639.61915541506,39.764679199383565,85689.444824407
R_LN_3DBall_3961,3DBall,3961,12.0,ppo,200000,186,34949,0.0007195302443852,3.0,173,43.8,60.5,1.2066,12000,1.1242,12000,6.4252,142000,9.9726,192000,180000,0.061,36000,0.1605,36000,1.4171,12000,2.5657600000000005,120000.0,103.6,2025-11-21_09-33,1,,0.7882419870597809,1,121695.4972591696,103.8149443872901,138277.10316383978
R_LN_3DBall_3397,3DBall,3397,12.0,ppo,100000,162,30537,0.0003897927001752,3.0,99,49.2,62.7,1.1601,12000,1.1017,12000,1.4709,46000,1.7354,96000,84000,0.0628,36000,0.1782,36000,1.4188,12000,2.5657600000000005,,,2025-11-21_09-33,0,,0.02119181579569906,0,120758.75012124093,156.95311929484433,100439.91560871828
R_AP_3DBall_1127,3DBall,1127,12.0,ppo,500000,92,17372,6.892099854834034e-05,3.0,462,58.5,89.6,1.2247,12000,1.1632,12000,100.0,442000,100.0,276000,480000,0.0826,24000,0.358,24000,1.4149,12000,2.5657600000000005,132000.0,115.5,2025-11-21_09-33,1,,0.9862854667777483,1,81117.55537207091,51.79722107249365,86862.33257513864
R_LN_3DBall_3535,3DBall,3535,12.0,ppo,200000,76,14367,0.0007829655065384,3.0,188,43.3,68.5,2.2719,12000,1.1807,12000,89.6343,142000,100.0,132000,180000,0.0941,24000,0.9289,24000,1.3819,12000,2.5657600000000005,48000.0,37.5,2025-11-21_09-33,1,,0.9871028945057418,1,50274.26767299979,43.40350180992763,52205.29623802617
R_AK_3DBall_2494,3DBall,2494,12.0,ppo,500000,127,23897,0.0001268426005745,3.0,228,42.2,83.3,1.2247,12000,1.1103,12000,100.0,442000,100.0,264000,480000,0.0721,24000,0.2883,24000,1.4208,12000,2.5657600000000005,108000.0,45.6,2025-11-21_09-33,1,,0.9893023948183969,1,101203.38857592629,50.381073783561654,105469.55727270222
R_LN_3DBall_3580,3DBall,3580,12.0,ppo,200000,137,25732,0.000104083344474,3.0,196,42.6,62.9,1.3194,12000,1.1155,12000,20.5873,142000,34.0125,192000,180000,0.0676,36000,0.2412,36000,1.415,12000,2.5657600000000005,96000.0,91.5,2025-11-21_09-33,1,,0.275067564118764,0,107526.52428309206,105.10071832622681,174563.54628895447
R_AK_3DBall_2626,3DBall,2626,12.0,ppo,500000,42,7905,0.0004013204980163,3.0,233,34.4,83.9,6.3773,12000,1.1803,12000,100.0,442000,100.0,96000,480000,0.1235,12000,1.0069,12000,1.3831,12000,2.5657600000000005,48000.0,17.5,2025-11-21_09-33,1,,0.9999478443448614,1,44712.838346634984,20.022248889459696,44736.58414682721
R_LN_3DBall_3899,3DBall,3899,12.0,ppo,200000,188,35304,0.000852817565896,3.0,176,43.5,58.8,1.2532,12000,1.1406,12000,7.7213,142000,12.4856,192000,180000,0.0596,36000,0.1644,36000,1.4149,12000,2.5657600000000005,120000.0,105.9,2025-11-21_09-33,1,,0.9055119174287544,1,116353.91059021716,98.8655891671077,124257.46919313051
R_LN_3DBall_3548,3DBall,3548,12.0,ppo,200000,34,6524,0.0006662545739792,3.0,211,37.7,61.6,11.7499,12000,1.4118,12000,100.0,142000,100.0,108000,180000,0.137,12000,1.2023,12000,1.3759,12000,2.5657600000000005,36000.0,28.1,2025-11-21_09-33,1,,0.9996513772593038,1,36086.09108165124,28.76468632136601,36143.2351978166
R_LN_3DBall_4473,3DBall,4473,12.0,ppo,200000,38,7213,0.0007732417815807,3.0,206,38.9,64.1,7.9258,12000,1.3389,12000,100.0,142000,100.0,96000,180000,0.1296,12000,0.9969,12000,1.3631,12000,2.5657600000000005,36000.0,27.4,2025-11-21_09-33,1,,0.999992760650835,1,36693.87212936624,25.257920432692725,36695.05435944668
R_AK_3DBall_2559,3DBall,2559,12.0,ppo,500000,100,18911,0.000765870381118,3.0,217,25.8,81.5,1.4214,12000,1.1684,12000,100.0,442000,100.0,216000,480000,0.0835,24000,0.2774,24000,1.4121,12000,2.5657600000000005,72000.0,27.1,2025-11-21_09-33,1,,0.9999425807388139,1,72427.23452608532,30.748585029534887,72451.78543838211
R_LN_3DBall_3476,3DBall,3476,12.0,ppo,200000,149,28072,0.0004649043657011,3.0,177,46.4,68.2,1.1721,12000,1.1471,12000,3.9472,142000,5.1057,192000,180000,0.0631,36000,0.2806,36000,1.4197,12000,2.5657600000000005,144000.0,129.7,2025-11-21_09-33,1,,0.35652023951089395,0,105268.45956128353,97.13301674727921,166226.28851355286
R_LN_3DBall_4635,3DBall,4635,12.0,ppo,200000,138,25879,0.0007659745709805,3.0,178,44.6,65.6,1.3086,12000,1.0763,12000,38.6389,142000,62.0895,180000,180000,0.068,36000,0.2476,36000,1.4076,12000,2.5657600000000005,84000.0,71.0,2025-11-21_09-33,1,,0.9664959562607441,1,89838.591275652,65.3315317804395,93529.4439319306
R_LN_3DBall_4442,3DBall,4442,12.0,ppo,200000,123,23240,0.0001766472059308,3.0,177,44.8,63.5,1.1826,12000,1.1077,12000,4.73,142000,6.3644,192000,180000,0.0725,24000,0.3015,24000,1.4124,12000,2.5657600000000005,132000.0,118.3,2025-11-21_09-33,1,,0.6633753510501776,1,100019.3815982793,79.08489338848584,133675.3221695447
R_LN_3DBall_4264,3DBall,4264,12.0,ppo,200000,81,15340,0.0002331580504846,3.0,183,45.7,63.2,2.0478,12000,1.2781,12000,94.4018,142000,100.0,156000,180000,0.0898,24000,0.5044,24000,1.4048,12000,2.5657600000000005,60000.0,48.9,2025-11-21_09-33,1,,0.9841661511605323,1,68979.09650638807,52.20081996943157,71053.6616871164
R_LN_3DBall_3018,3DBall,3018,12.0,ppo,100000,184,34546,0.0005842777154731,3.0,90,41.8,66.0,1.1471,12000,1.0896,12000,1.3853,46000,1.6136,96000,84000,0.0573,36000,0.209,36000,1.418,12000,2.5657600000000005,,,2025-11-21_09-33,0,,0.012766163582085065,0,124093.52062468538,175.89651909485008,100307.58182556309
R_AK_3DBall_2394,3DBall,2394,12.0,ppo,500000,190,35801,0.0007094241843102,3.0,215,36.3,83.3,1.165,12000,1.0835,12000,100.0,442000,100.0,300000,480000,0.0565,36000,0.1593,36000,1.4202,12000,2.5657600000000005,120000.0,48.3,2025-11-21_09-33,1,,0.997241186897847,1,127061.75595907893,62.91981506345958,128090.62287303295
R_AP_3DBall_1117,3DBall,1117,12.0,ppo,500000,45,8504,0.0002528261700298,3.0,509,58.0,88.2,3.0487,12000,1.2414,12000,100.0,442000,100.0,108000,480000,0.1207,12000,0.7566,12000,1.3932,12000,2.5657600000000005,48000.0,38.2,2025-11-21_09-33,1,,0.9996929085053666,1,50219.72606613658,30.61198978868258,50357.84976271554
R_LN_3DBall_4489,3DBall,4489,12.0,ppo,200000,187,35116,4.364077619013747e-05,3.0,180,44.6,64.8,1.1271,12000,1.1018,12000,1.2811,142000,1.3114,168000,180000,0.0589,36000,0.4189,36000,1.4182,12000,2.5657600000000005,,,2025-11-21_09-33,0,,0.0741841466069491,0,139184.18971219525,119.77315998840325,195488.43101358908
R_AK_3DBall_2135,3DBall,2135,12.0,ppo,500000,143,26842,0.0003578952793,3.0,225,41.1,84.1,1.2995,12000,1.1177,12000,100.0,442000,100.0,216000,480000,0.0678,36000,0.2422,36000,1.4114,12000,2.5657600000000005,96000.0,39.3,2025-11-21_09-33,1,,0.9985382544661426,1,99488.02729194878,53.81377688073818,100073.47387931116
R_LN_3DBall_4613,3DBall,4613,12.0,ppo,200000,59,11126,0.0005939436404331,3.0,199,44.3,64.9,5.4395,12000,1.4331,12000,97.7612,142000,100.0,156000,180000,0.1056,12000,0.9874,12000,1.3687,12000,2.5657600000000005,36000.0,26.5,2025-11-21_09-33,1,,0.9999918517944943,1,41481.75650840384,28.25666528985454,41483.04814762821
R_LN_3DBall_4321,3DBall,4321,12.0,ppo,200000,135,25420,0.0003382279095679,3.0,197,44.5,62.9,1.3376,12000,1.1515,12000,26.2299,142000,51.8227,192000,180000,0.0683,36000,0.2246,36000,1.4169,12000,2.5657600000000005,84000.0,78.7,2025-11-21_09-33,1,,0.797591107017648,1,101682.77530900495,80.1363523476375,121583.05591980641
R_LN_3DBall_3126,3DBall,3126,12.0,ppo,100000,176,33146,0.0001119340147391,3.0,97,40.0,56.3,1.187,12000,1.1441,12000,1.4107,46000,1.568,96000,84000,0.062,36000,0.208,36000,1.4186,12000,2.5657600000000005,,,2025-11-21_09-33,0,,0.007978949470061366,0,135676.18017874158,196.860470358156,100284.65843893099
R_LN_3DBall_4090,3DBall,4090,12.0,ppo,200000,157,29576,0.0007553891311066,3.0,174,44.2,60.3,1.1965,12000,1.1144,12000,15.7035,142000,33.1611,192000,180000,0.0633,36000,0.1505,36000,1.4175,12000,2.5657600000000005,108000.0,93.0,2025-11-21_09-33,1,,0.8670581802546826,1,106035.62924161948,84.13292867791552,118527.42368146227
R_AP_3DBall_1201,3DBall,1201,12.0,ppo,500000,103,19421,0.000441291775025,3.0,421,55.0,90.6,1.5277,12000,1.1984,12000,100.0,442000,100.0,168000,480000,0.0761,24000,0.2485,24000,1.4091,12000,2.5657600000000005,72000.0,52.6,2025-11-21_09-33,1,,0.9995704443089032,1,76871.54223492488,46.30444764698186,77053.29947202289
R_LN_3DBall_4419,3DBall,4419,12.0,ppo,200000,131,24646,0.0002252499008342,3.0,181,44.5,64.0,1.2981,12000,1.1169,12000,16.7848,142000,30.0526,192000,180000,0.0707,36000,0.2243,36000,1.4157,12000,2.5657600000000005,84000.0,72.6,2025-11-21_09-33,1,,0.6927186049222894,1,103243.0289793979,82.12754691399343,132974.64601810212
R_AK_3DBall_2486,3DBall,2486,12.0,ppo,500000,112,21166,0.0005406810403078,3.0,254,48.4,83.4,1.4992,12000,1.1538,12000,100.0,442000,100.0,204000,480000,0.0772,24000,0.2652,24000,1.4046,12000,2.5657600000000005,72000.0,31.7,2025-11-21_09-33,1,,0.9999418930167867,1,80337.63147673487,37.44632577982446,80362.0167909379
R_AK_3DBall_2206,3DBall,2206,12.0,ppo,500000,121,22821,0.0005024872483985,3.0,262,42.4,83.3,1.4338,12000,1.1323,12000,98.9769,442000,100.0,204000,480000,0.0744,24000,0.267,24000,1.4032,12000,2.5657600000000005,84000.0,39.3,2025-11-21_09-33,1,,0.9998659888123027,1,84437.30795535617,43.01168694303346,84492.99800527976
R_LN_3DBall_3850,3DBall,3850,12.0,ppo,200000,117,22078,0.0008269247219872,3.0,195,42.4,52.6,1.4504,12000,1.1387,12000,74.4405,142000,96.5167,192000,180000,0.0722,24000,0.2699,24000,1.4054,12000,2.5657600000000005,72000.0,65.1,2025-11-21_09-33,1,,0.9820958355813293,1,78390.83709190942,63.106233122371144,80568.14753943277
R_AK_3DBall_2377,3DBall,2377,12.0,ppo,500000,46,8763,5.199682896443426e-05,3.0,245,45.5,83.4,3.0063,12000,1.2478,12000,100.0,442000,100.0,108000,480000,0.1164,12000,0.8109,12000,1.4149,12000,2.5657600000000005,48000.0,18.4,2025-11-21_09-33,1,,0.9953877922295152,1,57592.90011627789,26.106699204570788,59633.37358007922
R_LN_3DBall_4371,3DBall,4371,12.0,ppo,200000,113,21243,0.0004651830784085,3.0,177,44.8,63.5,1.3741,12000,1.161,12000,52.0674,142000,75.14,192000,180000,0.0762,24000,0.2129,24000,1.4148,12000,2.5657600000000005,84000.0,70.7,2025-11-21_09-33,1,,0.9441234067552039,1,86311.02998701562,64.81817310776248,92663.58232085097
R_LN_3DBall_3242,3DBall,3242,12.0,ppo,100000,142,26727,0.0004984508173028,3.0,91,40.9,57.3,1.2876,12000,1.1575,12000,1.7734,46000,2.4411,96000,84000,0.0665,36000,0.2154,36000,1.4151,12000,2.5657600000000005,,,2025-11-21_09-33,0,,0.112130019070053,0,99950.73949904573,128.99195206921218,99994.47641908859
R_LN_3DBall_4574,3DBall,4574,12.0,ppo,200000,187,35113,3.808432416213552e-05,3.0,179,44.9,65.4,1.1109,12000,1.1218,12000,1.1532,142000,1.1857,144000,180000,0.057,36000,0.799,36000,1.4191,12000,2.5657600000000005,,,2025-11-21_09-33,0,,0.008444429648665609,0,126900.44395789524,106.06114342349464,199382.71594165373
R_LN_3DBall_4430,3DBall,4430,12.0,ppo,200000,100,18757,0.000888844910013,3.0,202,43.9,64.8,1.708,12000,1.1814,12000,82.9449,142000,100.0,168000,180000,0.079,24000,0.2721,24000,1.3953,12000,2.5657600000000005,60000.0,53.8,2025-11-21_09-33,1,,0.9995696746490352,1,65638.44373262486,46.86247416176059,65696.26291648179
R_AP_3DBall_1008,3DBall,1008,12.0,ppo,500000,101,19068,0.0004093762505073,3.0,450,65.8,89.1,1.5499,12000,1.1878,12000,100.0,442000,100.0,156000,480000,0.0815,24000,0.2555,24000,1.4064,12000,2.5657600000000005,72000.0,56.2,2025-11-21_09-33,1,,0.9995204116590671,1,76740.32261393138,48.67661027877356,76943.31302039274
R_AP_3DBall_1176,3DBall,1176,12.0,ppo,500000,101,19077,0.0008540496470057,3.0,519,61.1,89.9,1.6821,12000,1.1947,12000,99.5308,442000,100.0,156000,480000,0.0785,24000,0.2744,24000,1.3989,12000,2.5657600000000005,60000.0,51.9,2025-11-21_09-33,1,,0.9999757124331604,1,66256.85199745132,38.134831605724564,66267.38656314964
C_LF_3DBall_106,3DBall,106,12.0,ppo,500000,64,12000,0.0003,3.0,784,22.7,53.3,2.7254,12000,1.1914,12000,100.0,442000,100.0,144000,480000,0.1025,24000,0.7955,24000,1.4046,12000,2.5657600000000005,48000.0,58.8,2025-11-21_09-33,1,,0.9663999106668557,1,55591.73041459762,41.9193542387577,70523.88797305521
R_AP_3DBall_1316,3DBall,1316,12.0,ppo,500000,114,21466,0.0008342025487533,3.0,450,63.0,89.7,1.6975,12000,1.1825,12000,100.0,442000,100.0,192000,480000,0.0755,24000,0.357,24000,1.4004,12000,2.5657600000000005,60000.0,45.0,2025-11-21_09-33,1,,0.9999294924465324,1,69838.40976613005,39.930712249399555,69868.73940745318
R_LN_3DBall_3718,3DBall,3718,12.0,ppo,200000,72,13596,0.0008725721134683,3.0,179,42.9,51.3,2.4082,12000,1.2696,12000,98.7308,142000,100.0,144000,180000,0.093,24000,0.8651,24000,1.3916,12000,2.5657600000000005,48000.0,35.7,2025-11-21_09-33,1,,0.9950214271495239,1,48426.66056677233,37.6591652158073,49181.27947933059
R_AP_3DBall_1261,3DBall,1261,12.0,ppo,500000,124,23291,6.0613101867130064e-05,3.0,422,52.4,87.7,1.1071,12000,1.0406,12000,84.0503,442000,92.5,456000,480000,0.069,24000,0.3161,24000,1.4159,12000,2.5657600000000005,180000.0,147.8,2025-11-21_09-33,1,,0.8732352914942852,1,99738.34097212316,66.8247760400562,150477.39350480575
R_LN_3DBall_4361,3DBall,4361,12.0,ppo,200000,90,16977,0.0004362378544805,3.0,179,42.2,63.7,1.4293,12000,1.2246,12000,54.1666,142000,79.85,192000,180000,0.0849,24000,0.2891,24000,1.4105,12000,2.5657600000000005,84000.0,71.7,2025-11-21_09-33,1,,0.9876653532481544,1,73952.74691163146,53.87866723953693,75507.49525251696
R_AP_3DBall_1205,3DBall,1205,12.0,ppo,500000,58,10898,0.0005229546877001,3.0,465,54.7,89.6,3.0785,12000,1.3201,12000,100.0,442000,100.0,144000,480000,0.1052,12000,0.6886,12000,1.38,12000,2.5657600000000005,48000.0,34.9,2025-11-21_09-33,1,,0.9999973488706856,1,46409.473378289076,27.369634639356633,46410.675905430944
R_AP_3DBall_1355,3DBall,1355,12.0,ppo,500000,89,16766,0.0004191437253801,3.0,428,55.7,88.3,1.6354,12000,1.1778,12000,100.0,442000,100.0,168000,480000,0.0844,24000,0.3888,24000,1.4054,12000,2.5657600000000005,72000.0,53.5,2025-11-21_09-33,1,,0.9994389807887558,1,69215.339151504,40.52935262987641,69457.01762214932
R_LN_3DBall_4285,3DBall,4285,12.0,ppo,200000,58,10899,0.0001312353281897,3.0,199,44.8,62.6,1.2616,12000,1.1412,12000,9.2778,142000,12.0021,192000,180000,0.1036,12000,0.3808,12000,1.4161,12000,2.5657600000000005,108000.0,105.9,2025-11-21_09-33,1,,0.6980728477995052,1,69246.70202156829,52.83178064860884,108724.6729210189
R_LN_3DBall_3210,3DBall,3210,12.0,ppo,100000,46,8805,0.000149191679992,3.0,106,42.1,57.2,1.5061,12000,1.1088,12000,3.4972,46000,6.3167,96000,84000,0.1176,12000,0.2824,12000,1.409,12000,2.5657600000000005,72000.0,75.7,2025-11-21_09-33,1,,0.1304013237331847,0,68186.81775819302,86.36252784781503,95851.51892350333
R_LN_3DBall_3373,3DBall,3373,12.0,ppo,100000,160,30131,0.0004894040422345,3.0,96,40.3,58.2,1.2723,12000,1.1331,12000,1.7836,46000,2.1024,84000,84000,0.0638,36000,0.1649,36000,1.413,12000,2.5657600000000005,,,2025-11-21_09-33,0,,0.12942642787723924,0,112430.1810834865,145.73354164896747,101608.7939355029
R_AK_3DBall_2532,3DBall,2532,12.0,ppo,500000,72,13531,5.438349259790714e-05,3.0,252,47.6,84.4,1.8726,12000,1.2265,12000,100.0,442000,100.0,144000,480000,0.0954,24000,0.553,24000,1.4151,12000,2.5657600000000005,60000.0,25.2,2025-11-21_09-33,1,,0.9983861601938278,1,68240.48075331189,31.529524193905743,68937.27145216598
R_LN_3DBall_3273,3DBall,3273,12.0,ppo,100000,67,12742,0.0002656099441836,3.0,98,43.0,57.2,1.9456,12000,1.1708,12000,7.1589,46000,16.05,96000,84000,0.0989,24000,0.4757,24000,1.4043,12000,2.5657600000000005,60000.0,55.8,2025-11-21_09-33,1,,0.21867251327817852,0,67180.84873924067,83.64013532834943,92823.35371015305
R_LN_3DBall_4546,3DBall,4546,12.0,ppo,200000,105,19822,0.0004946130466276,3.0,177,44.2,64.7,1.4887,12000,1.1978,12000,64.3004,142000,95.3917,192000,180000,0.0788,24000,0.2434,24000,1.411,12000,2.5657600000000005,72000.0,59.1,2025-11-21_09-33,1,,0.9875055776209847,1,81046.01703722677,57.388641586946164,82532.27834402985
R_AK_3DBall_2331,3DBall,2331,12.0,ppo,500000,131,24670,0.0003287721456953,3.0,232,39.7,84.0,1.3627,12000,1.0924,12000,100.0,442000,100.0,240000,480000,0.0707,36000,0.2527,36000,1.4137,12000,2.5657600000000005,84000.0,34.8,2025-11-21_09-33,1,,0.9975721623684308,1,97551.70621234903,49.77761366401859,98528.78532476751
R_LN_3DBall_3190,3DBall,3190,12.0,ppo,100000,96,18009,0.0003409305790647,3.0,94,40.8,56.9,1.4657,12000,1.202,12000,2.5242,46000,3.652,96000,84000,0.083,24000,0.2436,24000,1.4155,12000,2.5657600000000005,84000.0,80.3,2025-11-21_09-33,1,,0.19355142598678154,0,78993.20776627096,100.34425105404176,95934.1054077537
U_OE_3DBall_10,3DBall,10,12.0,sac,500000,64,200000,0.0003,,523,55.5,73.7,6.2706,12000,0.75,12000,97.4123,442000,100.0,72000,480000,-2.5883,12000,0.0103,12000,1.2373,12000,2.5657600000000005,48000.0,39.2,2025-11-21_09-33,1,,0.9750628432804492,1,54996.65062336997,38.95986829646343,66093.76888749999
R_LN_3DBall_4359,3DBall,4359,12.0,ppo,200000,108,20377,0.0008280480489802,3.0,175,45.4,63.9,1.4472,12000,1.1166,12000,79.8254,142000,100.0,180000,180000,0.0769,24000,0.2459,24000,1.4047,12000,2.5657600000000005,72000.0,58.4,2025-11-21_09-33,1,,0.9919864410744997,1,75919.91884957477,54.952548201037466,76914.24189135456
R_AK_3DBall_2351,3DBall,2351,12.0,ppo,500000,150,28302,6.220353589468255e-05,3.0,222,37.2,82.6,1.1665,12000,1.1378,12000,98.0587,442000,100.0,384000,480000,0.0661,36000,0.3268,36000,1.4169,12000,2.5657600000000005,156000.0,66.5,2025-11-21_09-33,1,,0.989986192049311,1,114347.68747973381,60.503712851138445,118209.53567305084
R_LN_3DBall_4169,3DBall,4169,12.0,ppo,200000,141,26442,0.0001179675267325,3.0,182,44.1,60.8,1.213,12000,1.1266,12000,2.1949,142000,2.5327,180000,180000,0.0675,36000,0.3738,36000,1.4174,12000,2.5657600000000005,,,2025-11-21_09-33,0,,0.2326440068092853,0,106001.35815434929,91.40984473505547,178131.77932639685
R_AP_3DBall_1293,3DBall,1293,12.0,ppo,500000,68,12859,0.000781284290799,3.0,445,54.4,85.4,2.8307,12000,1.1614,12000,97.0077,442000,100.0,144000,480000,0.0999,24000,0.8995,24000,1.392,12000,2.5657600000000005,48000.0,33.4,2025-11-21_09-33,1,,0.9994864101543725,1,48998.91993277528,27.30475839907306,49230.54950786486
R_LN_3DBall_4493,3DBall,4493,12.0,ppo,200000,185,34745,0.0003922585454605,3.0,193,45.2,65.0,1.242,12000,1.1485,12000,7.3043,142000,11.5947,192000,180000,0.0607,36000,0.1573,36000,1.4158,12000,2.5657600000000005,120000.0,115.7,2025-11-21_09-33,1,,0.8387260080189956,1,130281.79140195668,105.15570453932999,141525.5252163275
R_LN_3DBall_4235,3DBall,4235,12.0,ppo,200000,101,19124,7.131157249530925e-05,3.0,206,43.4,61.2,1.4333,12000,1.1689,12000,57.2884,142000,74.6333,192000,180000,0.0806,24000,0.2462,24000,1.4164,12000,2.5657600000000005,72000.0,68.8,2025-11-21_09-33,1,,0.754174420125446,1,92206.80218625607,73.62219509325253,118705.12754535218
R_AK_3DBall_2506,3DBall,2506,12.0,ppo,500000,111,20894,0.0005701995254493,3.0,215,28.1,83.8,1.2773,12000,1.093,12000,100.0,442000,100.0,204000,480000,0.0745,24000,0.2855,24000,1.4188,12000,2.5657600000000005,96000.0,37.6,2025-11-21_09-33,1,,0.9982596350723542,1,82921.02195384001,37.70936668277827,83646.89157928992
R_AK_3DBall_2219,3DBall,2219,12.0,ppo,500000,121,22844,0.0006508001071971,3.0,214,29.5,82.9,1.2522,12000,1.131,12000,100.0,442000,100.0,240000,480000,0.0717,24000,0.2412,24000,1.4183,12000,2.5657600000000005,96000.0,37.4,2025-11-21_09-33,1,,0.9991501142014917,1,86147.73321702916,40.86174489999401,86499.46038124847
R_AK_3DBall_2371,3DBall,2371,12.0,ppo,500000,65,12304,0.0006004054419071,3.0,220,27.1,82.7,1.8521,12000,1.1326,12000,100.0,442000,100.0,120000,480000,0.0971,24000,0.4895,24000,1.3881,12000,2.5657600000000005,60000.0,22.0,2025-11-21_09-33,1,,0.9999894237957135,1,56012.92600031992,26.248329910754045,56017.621698315095
R_AK_3DBall_2099,3DBall,2099,12.0,ppo,500000,137,25803,0.0004570396612269,3.0,212,28.5,82.4,1.2884,12000,1.1707,12000,100.0,442000,100.0,264000,480000,0.0695,36000,0.3111,36000,1.4163,12000,2.5657600000000005,108000.0,42.4,2025-11-21_09-33,1,,0.9985568518848277,1,93841.36993443868,48.09298322178991,94427.51699587877
R_AK_3DBall_2226,3DBall,2226,12.0,ppo,500000,40,7502,4.49377818442038e-05,3.0,269,48.5,83.8,2.5813,12000,1.2279,12000,100.0,442000,100.0,120000,480000,0.1276,12000,0.6459,12000,1.414,12000,2.5657600000000005,48000.0,20.2,2025-11-21_09-33,1,,0.9979685316454738,1,56897.261014442774,27.196558930492504,57797.4102064958
R_LN_3DBall_3435,3DBall,3435,12.0,ppo,100000,70,13177,0.0002703276432584,3.0,102,43.5,67.4,1.3625,12000,1.1636,12000,2.1099,46000,2.7092,96000,84000,0.0959,24000,0.3551,24000,1.4139,12000,2.5657600000000005,96000.0,102.0,2025-11-21_09-33,1,,0.12029253416244652,0,70414.33211058145,84.29408600052014,96441.06503469333
R_AK_3DBall_2113,3DBall,2113,12.0,ppo,500000,151,28369,0.0003413181815241,3.0,213,28.1,83.3,1.2491,12000,1.1373,12000,100.0,442000,100.0,252000,480000,0.065,36000,0.2536,36000,1.417,12000,2.5657600000000005,96000.0,37.2,2025-11-21_09-33,1,,0.9964504798632842,1,105491.78990866813,56.71078698449843,106892.10474448703
R_LN_3DBall_3114,3DBall,3114,12.0,ppo,100000,188,35322,0.0004219877459759,3.0,89,41.6,56.6,1.2447,12000,1.1727,12000,1.515,46000,1.7058,84000,84000,0.0574,36000,0.1876,36000,1.4191,12000,2.5657600000000005,,,2025-11-21_09-33,0,,0.031194866178261452,0,129976.33519274576,181.7907202652269,100935.10776485241
R_LN_3DBall_3836,3DBall,3836,12.0,ppo,200000,41,7692,0.0002419194289968,3.0,203,38.0,52.4,2.1011,12000,1.1927,12000,98.4785,142000,100.0,132000,180000,0.1257,12000,0.5653,12000,1.3865,12000,2.5657600000000005,60000.0,54.0,2025-11-21_09-33,1,,0.9959349466561632,1,52729.64336717025,45.441020402376076,53328.30522284857
R_AK_3DBall_2216,3DBall,2216,12.0,ppo,500000,156,29403,0.0008428468041169,3.0,230,38.9,83.2,1.3992,12000,1.1914,12000,98.94,442000,100.0,276000,480000,0.0634,36000,0.1994,36000,1.404,12000,2.5657600000000005,72000.0,28.7,2025-11-21_09-33,1,,0.9999808339354492,1,92176.45673577106,45.204237056225054,92184.2731081266
R_LN_3DBall_3959,3DBall,3959,12.0,ppo,200000,45,8566,0.0003481606174005,3.0,196,44.7,59.7,3.7931,12000,1.272,12000,100.0,142000,100.0,132000,180000,0.1199,12000,0.7682,12000,1.3882,12000,2.5657600000000005,48000.0,39.3,2025-11-21_09-33,1,,0.9965700668390786,1,49966.51491721438,39.660436414336786,50481.11974294844
R_LN_3DBall_3945,3DBall,3945,12.0,ppo,200000,186,35013,0.0004223439158971,3.0,172,44.6,59.8,1.2009,12000,1.087,12000,4.1687,142000,5.5613,192000,180000,0.0563,36000,0.1875,36000,1.4185,12000,2.5657600000000005,132000.0,114.9,2025-11-21_09-33,1,,0.3086521140222225,0,134875.40041435146,121.0706712164045,179899.15466303882
R_LN_3DBall_3671,3DBall,3671,12.0,ppo,200000,98,18546,0.0004958621603185,3.0,176,42.9,63.8,1.4883,12000,1.2056,12000,72.2826,142000,98.3083,192000,180000,0.0804,24000,0.2739,24000,1.4085,12000,2.5657600000000005,72000.0,58.6,2025-11-21_09-33,1,,0.9714899507771082,1,76854.9708827833,64.67136017840564,80365.84172446959
R_LN_3DBall_3530,3DBall,3530,12.0,ppo,200000,136,25575,7.441404179007342e-05,3.0,184,42.9,66.7,1.1103,12000,1.0818,12000,1.4697,142000,1.5346,192000,180000,0.0707,36000,0.3654,36000,1.4166,12000,2.5657600000000005,,,2025-11-21_09-33,0,,0.058593556912961975,0,107593.67109304224,106.61873352069269,194585.5845080723
R_LN_3DBall_4379,3DBall,4379,12.0,ppo,200000,52,9865,0.0001107677387323,3.0,202,44.6,63.6,3.524,12000,1.3674,12000,95.0768,142000,100.0,168000,180000,0.1121,12000,0.7627,12000,1.4049,12000,2.5657600000000005,48000.0,40.4,2025-11-21_09-33,1,,0.9856488361941889,1,55939.769179402305,39.95964796618825,58007.20114981167
R_AP_3DBall_1165,3DBall,1165,12.0,ppo,500000,134,25305,0.0003235371397988,3.0,437,61.8,88.1,1.2703,12000,1.0766,12000,100.0,442000,100.0,252000,480000,0.07,36000,0.2438,36000,1.4135,12000,2.5657600000000005,84000.0,65.5,2025-11-21_09-33,1,,0.9828119665107571,1,100686.06231799962,65.47606088916476,107549.48365159931
R_LN_3DBall_3177,3DBall,3177,12.0,ppo,100000,74,13941,0.0004919257491562,3.0,99,40.2,56.3,1.5685,12000,1.1092,12000,4.2489,46000,8.4782,96000,84000,0.0939,24000,0.4004,24000,1.4116,12000,2.5657600000000005,72000.0,70.7,2025-11-21_09-33,1,,0.0735420589074032,0,68071.46480663169,84.552981138791,97651.90978398222
R_LN_3DBall_3752,3DBall,3752,12.0,ppo,200000,121,22794,0.000191738238538,3.0,182,42.8,51.6,1.3478,12000,1.1023,12000,34.6737,142000,64.5222,192000,180000,0.0736,24000,0.235,24000,1.414,12000,2.5657600000000005,84000.0,72.9,2025-11-21_09-33,1,,0.4571644980260112,0,98757.18719129753,90.09566125795959,153715.38030356812
R_LN_3DBall_3884,3DBall,3884,12.0,ppo,200000,130,24453,0.0006440463479344,3.0,206,52.8,58.2,1.348,12000,1.1002,12000,39.6176,142000,64.9556,192000,180000,0.0707,36000,0.2202,36000,1.4041,12000,2.5657600000000005,84000.0,82.3,2025-11-21_09-33,1,,0.9581227522370078,1,88765.52859392166,75.93606370978436,93423.72211277948
R_LN_3DBall_3996,3DBall,3996,12.0,ppo,200000,161,30286,0.0008175339088112,3.0,180,43.7,61.1,1.2485,12000,1.1099,12000,17.6561,142000,30.45,192000,180000,0.0672,36000,0.1584,36000,1.4094,12000,2.5657600000000005,96000.0,84.1,2025-11-21_09-33,1,,0.9583147164680114,1,102992.92368697871,85.16245843584218,107036.69116769626
R_LN_3DBall_3691,3DBall,3691,12.0,ppo,200000,133,24940,0.0004318146576024,3.0,169,42.8,50.1,1.36,12000,1.129,12000,22.089,142000,39.2258,192000,180000,0.0709,36000,0.2406,36000,1.4158,12000,2.5657600000000005,84000.0,67.7,2025-11-21_09-33,1,,0.6216491100534175,1,95685.15600517178,86.00845965821055,135152.77006525395
R_LN_3DBall_4395,3DBall,4395,12.0,ppo,200000,54,10252,0.0004689337316342,3.0,188,44.3,63.6,2.7548,12000,1.2263,12000,98.4892,142000,100.0,132000,180000,0.1097,12000,0.5678,12000,1.3955,12000,2.5657600000000005,48000.0,37.5,2025-11-21_09-33,1,,0.9972050528015385,1,55256.99737794978,39.416385790796966,55661.54642762519
R_LN_3DBall_3353,3DBall,3353,12.0,ppo,100000,64,12124,0.0007816343353559,3.0,105,42.4,58.2,2.46,12000,1.1675,12000,19.7913,46000,61.2389,96000,84000,0.099,24000,0.7162,24000,1.3811,12000,2.5657600000000005,48000.0,45.0,2025-11-21_09-33,1,,0.9449675672882554,1,50118.9220874645,59.70191725336719,52863.999151275406
R_LN_3DBall_4466,3DBall,4466,12.0,ppo,200000,51,9706,0.0004139506134917,3.0,227,44.5,63.9,6.0448,12000,1.4638,12000,98.3,142000,100.0,156000,180000,0.1113,12000,0.9122,12000,1.3666,12000,2.5657600000000005,36000.0,30.2,2025-11-21_09-33,1,,0.9999959056235629,1,42491.02244931487,30.260747320340577,42491.66735036118
R_LN_3DBall_3503,3DBall,3503,12.0,ppo,200000,47,8899,0.0007520783343786,3.0,200,48.2,68.5,10.8338,12000,1.4104,12000,93.4243,142000,100.0,120000,180000,0.1173,12000,1.1967,12000,1.368,12000,2.5657600000000005,36000.0,26.7,2025-11-21_09-33,1,,0.9998984986492367,1,35946.24662841369,29.67660514194761,35962.898305978684
R_LN_3DBall_3127,3DBall,3127,12.0,ppo,100000,81,15225,0.0003594425846382,3.0,109,41.6,56.0,2.0184,12000,1.1809,12000,9.3117,46000,24.7043,96000,84000,0.0884,24000,0.461,24000,1.4004,12000,2.5657600000000005,60000.0,62.3,2025-11-21_09-33,1,,0.3738672131760277,0,66938.51391846783,87.81026648373653,87639.39433523954
R_AK_3DBall_2617,3DBall,2617,12.0,ppo,500000,170,31877,0.0006984200854828,3.0,239,45.5,84.2,1.2181,12000,1.0914,12000,100.0,442000,100.0,252000,480000,0.0613,36000,0.1556,36000,1.4142,12000,2.5657600000000005,108000.0,47.8,2025-11-21_09-33,1,,0.9995244316249483,1,108389.5222927641,51.82521794929541,108575.75985130055
R_AK_3DBall_2551,3DBall,2551,12.0,ppo,500000,163,30632,0.0004149381976142,3.0,250,38.2,80.2,1.3189,12000,1.152,12000,97.0019,442000,100.0,228000,480000,0.064,36000,0.1865,36000,1.4128,12000,2.5657600000000005,84000.0,37.5,2025-11-21_09-33,1,,0.9995736003156647,1,110426.57843309543,54.710707709589286,110592.692417077
R_AK_3DBall_2096,3DBall,2096,12.0,ppo,500000,103,19428,0.0003471248315893,3.0,235,43.7,82.9,1.8035,12000,1.2445,12000,100.0,442000,100.0,192000,480000,0.0799,24000,0.3253,24000,1.4032,12000,2.5657600000000005,60000.0,23.5,2025-11-21_09-33,1,,0.9999563490918554,1,75399.05944000625,38.43215010936724,75417.59365666076
R_AK_3DBall_2230,3DBall,2230,12.0,ppo,500000,96,18170,0.0008613651931387,3.0,241,43.9,84.2,1.5566,12000,1.1479,12000,100.0,442000,100.0,180000,480000,0.0841,24000,0.2366,24000,1.4128,12000,2.5657600000000005,72000.0,30.1,2025-11-21_09-33,1,,0.9999227012699543,1,70521.63348034711,31.472084344529144,70554.83161266119
R_AP_3DBall_1073,3DBall,1073,12.0,ppo,500000,113,21351,0.0001373622497126,3.0,470,67.0,88.3,1.4394,12000,1.1575,12000,100.0,442000,100.0,192000,480000,0.0743,24000,0.2607,24000,1.4134,12000,2.5657600000000005,84000.0,70.5,2025-11-21_09-33,1,,0.9924564698821157,1,91144.37094026468,59.738495073293954,94228.58569194334
R_LN_3DBall_3546,3DBall,3546,12.0,ppo,200000,133,24972,0.0001124386089916,3.0,199,43.5,62.0,1.3893,12000,1.1831,12000,20.3206,142000,42.3963,192000,180000,0.0709,36000,0.2578,36000,1.4172,12000,2.5657600000000005,96000.0,92.7,2025-11-21_09-33,1,,0.44203345329318633,0,102571.52504225844,98.25171986001614,156933.35476534077
R_LN_3DBall_4369,3DBall,4369,12.0,ppo,200000,107,20161,0.0005611201371539,3.0,172,44.7,63.9,1.4328,12000,1.143,12000,63.4079,142000,98.6084,192000,180000,0.0763,24000,0.2337,24000,1.4161,12000,2.5657600000000005,72000.0,57.5,2025-11-21_09-33,1,,0.9291073833926713,1,82876.89018661511,60.54848699385631,91180.05390647348
R_LN_3DBall_4301,3DBall,4301,12.0,ppo,200000,65,12286,0.0008279964092415,3.0,185,45.6,62.8,2.1755,12000,1.1386,12000,98.6708,142000,100.0,144000,180000,0.1,24000,0.5931,24000,1.4064,12000,2.5657600000000005,48000.0,37.1,2025-11-21_09-33,1,,0.9634552556684954,1,56062.95301613825,38.58301403563321,61323.095597995234
R_LN_3DBall_3606,3DBall,3606,12.0,ppo,200000,175,32847,0.0001676714114461,3.0,179,42.8,62.9,1.1748,12000,1.1251,12000,2.4278,142000,2.8163,192000,180000,0.0604,36000,0.3267,36000,1.4183,12000,2.5657600000000005,180000.0,167.0,2025-11-21_09-33,1,,0.09632526865765441,0,126723.91991694504,125.87759888708534,192941.66189981994
R_LN_3DBall_4147,3DBall,4147,12.0,ppo,200000,103,19469,0.000858970102578,3.0,206,43.8,61.1,1.5076,12000,1.1538,12000,81.695,142000,90.0214,144000,180000,0.0774,24000,0.2395,24000,1.3943,12000,2.5657600000000005,72000.0,68.8,2025-11-21_09-33,1,,0.9991625540787376,1,70362.08401041737,53.410933953178855,70470.64875440381
R_LN_3DBall_4270,3DBall,4270,12.0,ppo,200000,126,23735,0.0004684721363014,3.0,174,46.1,62.6,1.4034,12000,1.1159,12000,42.1465,142000,67.7412,192000,180000,0.0718,24000,0.2349,24000,1.4114,12000,2.5657600000000005,84000.0,69.7,2025-11-21_09-33,1,,0.8932732928761294,1,93333.16546351017,73.62991388835948,104717.36547291648
R_AP_3DBall_1038,3DBall,1038,12.0,ppo,500000,99,18568,0.0005118975970282,3.0,506,72.8,87.0,1.7022,12000,1.1388,12000,100.0,442000,100.0,180000,480000,0.0798,24000,0.2743,24000,1.405,12000,2.5657600000000005,60000.0,50.6,2025-11-21_09-33,1,,0.9993417401128795,1,72547.94753285519,46.122550368051854,72829.32207266166
R_LN_3DBall_3053,3DBall,3053,12.0,ppo,100000,108,20385,0.0008204837515197,3.0,101,42.2,55.2,1.5613,12000,1.14,12000,3.3148,46000,5.8011,96000,84000,0.076,24000,0.2838,24000,1.402,12000,2.5657600000000005,72000.0,72.1,2025-11-21_09-33,1,,0.6690321068306726,1,73772.2239436984,93.33821836265383,82452.77572756946
R_AP_3DBall_1161,3DBall,1161,12.0,ppo,500000,146,27460,0.0008615314322983,3.0,401,55.6,89.3,1.3307,12000,1.1202,12000,100.0,442000,100.0,240000,480000,0.0652,36000,0.2639,36000,1.4036,12000,2.5657600000000005,96000.0,70.2,2025-11-21_09-33,1,,0.9996420290108119,1,86081.9250511269,53.068550984046475,86230.09571385918
R_LN_3DBall_3796,3DBall,3796,12.0,ppo,200000,46,8721,0.0004690707105655,3.0,235,42.4,51.3,6.2025,12000,1.3072,12000,96.4772,142000,100.0,132000,180000,0.1178,12000,1.167,12000,1.3791,12000,2.5657600000000005,36000.0,31.3,2025-11-21_09-33,1,,0.9949010086271007,1,42075.800784492996,34.228907093911964,42881.054913864886
R_LN_3DBall_3077,3DBall,3077,12.0,ppo,100000,62,11808,0.0004914342469824,3.0,98,40.3,55.3,1.8903,12000,1.1806,12000,7.0441,46000,16.5242,96000,84000,0.1027,12000,0.4463,12000,1.4129,12000,2.5657600000000005,60000.0,55.9,2025-11-21_09-33,1,,0.1467808514141875,0,63677.83236583122,77.0143502703305,94668.60130944787
R_AK_3DBall_2015,3DBall,2015,12.0,ppo,500000,99,18636,0.0003089811330572,3.0,225,41.6,84.3,1.4223,12000,1.1622,12000,100.0,442000,100.0,192000,480000,0.078,24000,0.2433,24000,1.4166,12000,2.5657600000000005,72000.0,28.1,2025-11-21_09-33,1,,0.998829058595333,1,81065.22776815099,41.71700767373807,81555.775838812
R_LN_3DBall_4355,3DBall,4355,12.0,ppo,200000,183,34402,0.0005523193821711,3.0,169,45.1,63.3,1.2551,12000,1.1511,12000,6.1934,142000,7.7219,192000,180000,0.0588,36000,0.1901,36000,1.4135,12000,2.5657600000000005,120000.0,101.6,2025-11-21_09-33,1,,0.9013578327530058,1,122242.70950476537,98.64386820793604,129912.85715846941
R_LN_3DBall_4595,3DBall,4595,12.0,ppo,200000,85,16016,0.0003073646944205,3.0,182,45.4,65.4,1.5502,12000,1.1569,12000,87.4175,142000,100.0,192000,180000,0.0876,24000,0.3136,24000,1.4093,12000,2.5657600000000005,72000.0,60.5,2025-11-21_09-33,1,,0.9629350518950422,1,75658.46953643003,54.61549158722483,80267.18191035326
R_AK_3DBall_2430,3DBall,2430,12.0,ppo,500000,36,6860,0.0007944401849507,3.0,330,48.9,84.2,12.7644,12000,1.9094,12000,96.9969,442000,100.0,84000,480000,0.1337,12000,1.5511,12000,1.356,12000,2.5657600000000005,24000.0,8.2,2025-11-21_09-33,1,,0.9999999999746023,1,24222.152650592165,8.81652908003293,24222.15266267582
R_LN_3DBall_3143,3DBall,3143,12.0,ppo,100000,90,17038,0.0001177647201455,3.0,95,41.2,56.7,1.3898,12000,1.1684,12000,2.3507,46000,3.7821,96000,84000,0.0845,24000,0.2985,24000,1.4139,12000,2.5657600000000005,96000.0,94.9,2025-11-21_09-33,1,,0.0550309862734167,0,83701.96604266527,110.19532276427734,99103.10311701022
R_AP_3DBall_1040,3DBall,1040,12.0,ppo,500000,151,28369,0.0002175733633558,3.0,432,65.4,87.9,1.2462,12000,1.0976,12000,99.4667,442000,100.0,276000,480000,0.0688,36000,0.1903,36000,1.4162,12000,2.5657600000000005,96000.0,75.6,2025-11-21_09-33,1,,0.9714055235249192,1,111346.35214973037,77.37930098515719,122459.69974013927
R_LN_3DBall_3230,3DBall,3230,12.0,ppo,100000,69,13113,0.0005633838264467,3.0,97,41.8,57.6,1.9714,12000,1.2085,12000,7.3583,46000,16.8544,96000,84000,0.0985,24000,0.5745,24000,1.3911,12000,2.5657600000000005,60000.0,55.3,2025-11-21_09-33,1,,0.8612899512389285,1,57835.33788236288,70.91325832583384,63684.000220694434
R_LN_3DBall_4516,3DBall,4516,12.0,ppo,200000,77,14611,3.4615327441859874e-05,3.0,212,44.3,64.5,1.6366,12000,1.1578,12000,90.1626,142000,96.3167,180000,180000,0.0927,24000,0.3742,24000,1.4182,12000,2.5657600000000005,72000.0,70.6,2025-11-21_09-33,1,,0.6197567143940715,1,80985.83634002347,59.62582329415162,126240.17296373463
R_LN_3DBall_4271,3DBall,4271,12.0,ppo,200000,137,25731,0.0001094756922735,3.0,176,46.4,62.7,1.2137,12000,1.1791,12000,2.2823,142000,2.5157,192000,180000,0.0683,36000,0.3849,36000,1.4135,12000,2.5657600000000005,,,2025-11-21_09-33,0,,0.612643365219753,1,101378.9935897438,84.73742834993641,139580.4947514618
R_LN_3DBall_4527,3DBall,4527,12.0,ppo,200000,172,32377,0.000615056404478,3.0,180,45.1,64.9,1.1431,12000,1.0909,12000,4.034,142000,4.8532,192000,180000,0.0596,36000,0.2003,36000,1.4125,12000,2.5657600000000005,144000.0,131.7,2025-11-21_09-33,1,,0.8707708880732942,1,116740.81100268596,89.98787603942436,127500.3220565466
R_AP_3DBall_1153,3DBall,1153,12.0,ppo,500000,70,13235,0.0004331918140957,3.0,449,53.2,88.6,1.5395,12000,1.2238,12000,100.0,442000,100.0,144000,480000,0.0955,24000,0.4017,24000,1.402,12000,2.5657600000000005,72000.0,56.2,2025-11-21_09-33,1,,0.9998546672699044,1,61153.41472781125,36.20582104731054,61217.193500142006
R_AK_3DBall_2020,3DBall,2020,12.0,ppo,500000,140,26434,0.000617720748082,3.0,229,44.3,84.7,1.4575,12000,1.1953,12000,98.5031,442000,100.0,216000,480000,0.0681,36000,0.3342,36000,1.4098,12000,2.5657600000000005,84000.0,34.3,2025-11-21_09-33,1,,0.9997422829740532,1,89396.14304113838,45.581682749513824,89501.9626459961
R_LN_3DBall_3117,3DBall,3117,12.0,ppo,100000,176,33171,0.0001691285978872,3.0,95,40.0,56.3,1.1853,12000,1.1425,12000,1.4277,46000,1.6047,84000,84000,0.0586,36000,0.2121,36000,1.4175,12000,2.5657600000000005,,,2025-11-21_09-33,0,,0.010588398239747053,0,133610.68266131738,192.32251835591478,100355.88329312779
R_LN_3DBall_3663,3DBall,3663,12.0,ppo,200000,46,8764,0.0006001130238092,3.0,202,43.0,63.3,4.8105,12000,1.214,12000,96.8354,142000,100.0,120000,180000,0.1167,12000,0.9249,12000,1.3797,12000,2.5657600000000005,48000.0,40.3,2025-11-21_09-33,1,,0.9956537075985615,1,45039.156467396795,37.623483331846884,45712.66160416305
R_LN_3DBall_4196,3DBall,4196,12.0,ppo,200000,141,26535,0.0003768973024795,3.0,175,43.6,62.1,1.2351,12000,1.1589,12000,9.9317,142000,16.5044,192000,180000,0.0689,36000,0.2217,36000,1.4207,12000,2.5657600000000005,120000.0,105.1,2025-11-21_09-33,1,,0.6803586187002997,1,104631.05806919087,83.75925329796229,135114.9184010456
R_AK_3DBall_2022,3DBall,2022,12.0,ppo,500000,151,28406,0.0006294342313035,3.0,213,28.2,84.4,1.2271,12000,1.0818,12000,100.0,442000,100.0,264000,480000,0.0681,36000,0.1872,36000,1.4123,12000,2.5657600000000005,96000.0,37.2,2025-11-21_09-33,1,,0.9988660194764762,1,100903.13602052134,53.85737990822074,101355.70409127348
R_AK_3DBall_2170,3DBall,2170,12.0,ppo,500000,180,33797,0.000633472916735,3.0,253,42.6,83.9,1.2361,12000,1.0811,12000,96.7585,442000,100.0,300000,480000,0.0597,36000,0.1691,36000,1.4093,12000,2.5657600000000005,108000.0,50.6,2025-11-21_09-33,1,,0.9992256332102945,1,115156.77231345426,62.478300525841014,115454.78212821782
R_LN_3DBall_3024,3DBall,3024,12.0,ppo,100000,46,8726,0.0004158337283038,3.0,131,58.1,58.2,3.4786,12000,1.3538,12000,34.6762,46000,85.5072,96000,84000,0.1192,12000,0.7421,12000,1.3954,12000,2.5657600000000005,48000.0,56.3,2025-11-21_09-33,1,,0.8941823079851766,1,48763.41502646571,59.9054696949033,54185.15219508649
R_AP_3DBall_1030,3DBall,1030,12.0,ppo,500000,185,34777,0.0002207183961895,3.0,502,64.8,87.6,1.2446,12000,1.1231,12000,100.0,442000,100.0,264000,480000,0.0603,36000,0.1791,36000,1.4183,12000,2.5657600000000005,108000.0,100.3,2025-11-21_09-33,1,,0.959094721013022,1,133307.02382338158,95.01434765034034,148306.70231645144
R_LN_3DBall_3194,3DBall,3194,12.0,ppo,100000,139,26087,0.0002418063798631,3.0,90,42.5,56.9,1.2429,12000,1.1305,12000,1.4808,46000,1.6932,96000,84000,0.0663,36000,0.3064,36000,1.4167,12000,2.5657600000000005,,,2025-11-21_09-33,0,,0.013286665508808889,0,102845.76618962132,140.85658510167968,100037.81074347778
R_AP_3DBall_1113,3DBall,1113,12.0,ppo,500000,102,19130,0.0001104736652259,3.0,439,55.0,88.3,1.1581,12000,1.1136,12000,98.4969,442000,100.0,300000,480000,0.0805,24000,0.4273,24000,1.4151,12000,2.5657600000000005,156000.0,131.7,2025-11-21_09-33,1,,0.948110136599878,1,82595.83847444438,54.4159335169232,104254.88339864793
R_LN_3DBall_3433,3DBall,3433,12.0,ppo,100000,54,10138,7.640907404785448e-05,3.0,121,44.0,68.5,3.6546,12000,1.4243,12000,28.906,46000,62.1278,96000,84000,0.1108,12000,0.8324,12000,1.4103,12000,2.5657600000000005,36000.0,34.6,2025-11-21_09-33,1,,0.3885211683778221,0,54412.03964475738,62.52865470027298,82288.1123788193
R_LN_3DBall_3726,3DBall,3726,12.0,ppo,200000,183,34328,0.0002550523999872,3.0,173,43.3,51.2,1.2289,12000,1.2074,12000,3.0562,142000,3.669,192000,180000,0.0571,36000,0.3057,36000,1.417,12000,2.5657600000000005,156000.0,138.6,2025-11-21_09-33,1,,0.4665628900662003,0,124474.48606444031,118.19510677600849,164762.5979444902
R_LN_3DBall_4026,3DBall,4026,12.0,ppo,200000,128,24098,0.0008635459194614,3.0,199,43.2,61.5,1.5169,12000,1.1636,12000,59.9715,142000,79.6867,168000,180000,0.0718,36000,0.3361,36000,1.4053,12000,2.5657600000000005,72000.0,66.5,2025-11-21_09-33,1,,0.9857832534798564,1,79528.18822278627,62.02845801240764,81240.90543364536
R_LN_3DBall_3914,3DBall,3914,12.0,ppo,200000,159,29858,0.0002811321582021,3.0,177,45.2,66.9,1.2046,12000,1.118,12000,5.6227,142000,8.2719,192000,180000,0.0652,36000,0.2114,36000,1.4222,12000,2.5657600000000005,132000.0,118.3,2025-11-21_09-33,1,,0.24200554084649226,0,118823.4164583511,105.87134091522972,180354.8169959328
R_LN_3DBall_3980,3DBall,3980,12.0,ppo,200000,122,23009,0.0003262297461802,3.0,174,43.9,60.5,1.3225,12000,1.1602,12000,25.2486,142000,49.3131,192000,180000,0.0707,24000,0.2195,24000,1.414,12000,2.5657600000000005,84000.0,69.8,2025-11-21_09-33,1,,0.8433605002667934,1,94597.58711187511,79.14722166642996,111107.76833734388
R_AK_3DBall_2381,3DBall,2381,12.0,ppo,500000,102,19302,0.0004052329558535,3.0,234,45.1,83.8,1.6647,12000,1.2088,12000,98.4486,442000,100.0,180000,480000,0.0798,24000,0.2984,24000,1.4024,12000,2.5657600000000005,72000.0,29.2,2025-11-21_09-33,1,,0.9999687641537721,1,76401.03126560892,36.45713286750777,76414.2627378586
R_LN_3DBall_4166,3DBall,4166,12.0,ppo,200000,152,28617,0.000322343988483,3.0,173,43.9,60.6,1.1295,12000,1.0629,12000,5.928,142000,8.7835,192000,180000,0.0656,36000,0.1757,36000,1.4136,12000,2.5657600000000005,120000.0,103.5,2025-11-21_09-33,1,,0.5480509240892921,1,115629.00527032082,99.19711235265251,153760.39837206653
R_LN_3DBall_3216,3DBall,3216,12.0,ppo,100000,71,13410,0.0004487310357024,3.0,97,40.7,57.1,1.9754,12000,1.2071,12000,6.184,46000,10.1764,96000,84000,0.0947,24000,0.6293,24000,1.415,12000,2.5657600000000005,60000.0,55.4,2025-11-21_09-33,1,,0.04784686416370748,0,63033.50176298274,74.9024828743709,98231.2689802455
R_AK_3DBall_2123,3DBall,2123,12.0,ppo,500000,140,26286,0.0004073697800308,3.0,220,38.2,82.8,1.2406,12000,1.0585,12000,99.7033,442000,100.0,252000,480000,0.0673,36000,0.2265,36000,1.4133,12000,2.5657600000000005,96000.0,38.5,2025-11-21_09-33,1,,0.9959040853670016,1,100019.69966121772,54.07077100273204,101657.98482628644
R_AP_3DBall_1350,3DBall,1350,12.0,ppo,500000,69,13098,0.0005036178499812,3.0,520,68.1,91.0,2.7388,12000,1.2115,12000,98.5216,442000,100.0,156000,480000,0.0938,24000,0.9172,24000,1.388,12000,2.5657600000000005,48000.0,39.0,2025-11-21_09-33,1,,0.9996819775618079,1,51520.885735300144,29.58370446951778,51663.51215669685
R_LN_3DBall_3536,3DBall,3536,12.0,ppo,200000,61,11610,0.0007892581211151,3.0,184,43.5,65.1,2.6063,12000,1.1358,12000,92.6027,142000,100.0,144000,180000,0.1038,12000,0.6796,12000,1.3911,12000,2.5657600000000005,48000.0,36.8,2025-11-21_09-33,1,,0.9820051327817716,1,52463.518620080744,43.82221468931166,55118.41801235702
R_LN_3DBall_3101,3DBall,3101,12.0,ppo,100000,79,14966,0.0007812447005863,3.0,95,40.6,55.7,1.7907,12000,1.1797,12000,6.5736,46000,12.6894,96000,84000,0.0899,24000,0.3391,24000,1.3977,12000,2.5657600000000005,60000.0,54.2,2025-11-21_09-33,1,,0.8966761824038348,1,62112.568910400965,75.77553611232109,66027.24292948998
R_AP_3DBall_1132,3DBall,1132,12.0,ppo,500000,170,31954,3.980272650920342e-05,3.0,434,62.8,89.7,1.2126,12000,1.1429,12000,95.42,442000,100.0,360000,480000,0.0603,36000,0.2558,36000,1.4191,12000,2.5657600000000005,144000.0,119.3,2025-11-21_09-33,1,,0.9302182117543477,1,126068.61291500686,88.51930226726323,152162.2137869749
R_AK_3DBall_2588,3DBall,2588,12.0,ppo,500000,115,21651,0.0003051765148033,3.0,226,42.1,84.4,1.3369,12000,1.0893,12000,100.0,442000,100.0,240000,480000,0.0746,24000,0.2191,24000,1.4155,12000,2.5657600000000005,84000.0,33.9,2025-11-21_09-33,1,,0.9984043732092589,1,91573.95379118512,43.56785300049405,92225.64933255238
R_LN_3DBall_3763,3DBall,3763,12.0,ppo,200000,142,26746,0.0001933170560585,3.0,197,42.2,51.4,1.4041,12000,1.1555,12000,25.5237,142000,41.675,192000,180000,0.068,36000,0.3133,36000,1.4135,12000,2.5657600000000005,96000.0,91.7,2025-11-21_09-33,1,,0.498031846857343,0,105879.70238436191,97.26296142298283,153125.09435172097
R_LN_3DBall_4103,3DBall,4103,12.0,ppo,200000,189,35533,0.0005374447337372,3.0,174,44.2,60.6,1.1925,12000,1.0688,12000,5.5295,142000,8.1326,192000,180000,0.0606,36000,0.162,36000,1.4146,12000,2.5657600000000005,120000.0,104.2,2025-11-21_09-33,1,,0.5784184530149107,1,132208.91767823108,115.44019607442756,160788.38703523597
R_AK_3DBall_2042,3DBall,2042,12.0,ppo,500000,163,30571,0.0006811453503469,3.0,210,26.9,82.5,1.183,12000,1.1118,12000,100.0,442000,100.0,276000,480000,0.0614,36000,0.1905,36000,1.4129,12000,2.5657600000000005,108000.0,41.9,2025-11-21_09-33,1,,0.9992296074642639,1,102526.7124907508,54.74577656407285,102832.92294460241
R_LN_3DBall_4320,3DBall,4320,12.0,ppo,200000,44,8274,0.0006148233928021,3.0,198,44.8,62.6,8.3376,12000,1.2866,12000,97.2549,142000,100.0,96000,180000,0.1214,12000,1.0843,12000,1.3651,12000,2.5657600000000005,36000.0,26.4,2025-11-21_09-33,1,,0.9998908438358091,1,38952.08509601002,29.07289155677574,38969.66446865189
R_LN_3DBall_3936,3DBall,3936,12.0,ppo,200000,77,14491,0.000104164091457,3.0,185,43.9,59.5,1.2465,12000,1.1658,12000,11.0859,142000,20.3891,192000,180000,0.0909,24000,0.3605,24000,1.4133,12000,2.5657600000000005,108000.0,98.4,2025-11-21_09-33,1,,0.7102073876987944,1,75741.32835506793,63.617096202336526,111750.57341213053
R_LN_3DBall_3565,3DBall,3565,12.0,ppo,200000,185,34750,0.0006459609902079,3.0,174,43.6,62.9,1.1753,12000,1.1432,12000,2.9154,142000,3.5976,192000,180000,0.0593,36000,0.2999,36000,1.4149,12000,2.5657600000000005,156000.0,139.4,2025-11-21_09-33,1,,0.5597583873302004,1,116994.12345401943,109.50761357238726,153536.7644056922
R_LN_3DBall_3291,3DBall,3291,12.0,ppo,100000,57,10845,0.0002695511989267,3.0,106,41.5,57.7,3.0566,12000,1.2761,12000,24.659,46000,56.155,96000,84000,0.1071,12000,0.6604,12000,1.3967,12000,2.5657600000000005,48000.0,45.5,2025-11-21_09-33,1,,0.6885096351663488,1,57106.80245459661,69.61252620320447,70467.62020689619
R_LN_3DBall_3666,3DBall,3666,12.0,ppo,200000,144,27175,0.0004605320595046,3.0,177,43.1,63.7,1.1745,12000,1.1044,12000,3.7082,142000,4.8816,180000,180000,0.0682,36000,0.2606,36000,1.4135,12000,2.5657600000000005,144000.0,129.8,2025-11-21_09-33,1,,0.5527400278882149,1,104199.51761245751,94.21481189352156,147047.23869340535
R_LN_3DBall_4049,3DBall,4049,12.0,ppo,200000,154,28918,0.0002731145127853,3.0,176,44.3,61.1,1.2116,12000,1.1705,12000,2.5566,142000,3.0162,192000,180000,0.0639,36000,0.321,36000,1.4179,12000,2.5657600000000005,156000.0,140.4,2025-11-21_09-33,1,,0.49297559287423226,0,109208.4550013841,93.92182215109791,155241.9842763398
R_LN_3DBall_3019,3DBall,3019,12.0,ppo,100000,68,12919,0.000329770812606,3.0,99,40.7,66.0,1.902,12000,1.1914,12000,6.8302,46000,15.4056,96000,84000,0.096,24000,0.504,24000,1.4072,12000,2.5657600000000005,60000.0,56.5,2025-11-21_09-33,1,,0.1440739243578217,0,65656.7479856243,84.21207065972324,95052.03290707924
R_LN_3DBall_4032,3DBall,4032,12.0,ppo,200000,84,15767,0.0004021977869081,3.0,178,43.9,61.3,1.5904,12000,1.1783,12000,87.4766,142000,97.5077,192000,180000,0.0885,24000,0.3277,24000,1.405,12000,2.5657600000000005,72000.0,59.4,2025-11-21_09-33,1,,0.9770855131166494,1,70284.61407698161,56.7195601698914,73256.97558628338
R_LN_3DBall_3099,3DBall,3099,12.0,ppo,100000,67,12573,0.0002711417094158,3.0,97,43.3,56.3,2.0421,12000,1.2012,12000,7.0972,46000,15.6236,96000,84000,0.0977,24000,0.5163,24000,1.4063,12000,2.5657600000000005,60000.0,55.4,2025-11-21_09-33,1,,0.16801581524402495,0,63481.696182771506,82.23091144119817,93864.34741281936
R_AK_3DBall_2621,3DBall,2621,12.0,ppo,500000,119,22339,0.0006437590177206,3.0,215,33.4,84.4,1.3678,12000,1.1849,12000,98.4831,442000,100.0,192000,480000,0.0731,24000,0.2368,24000,1.4087,12000,2.5657600000000005,84000.0,32.2,2025-11-21_09-33,1,,0.9999636986383726,1,79095.28423828454,35.361439467881084,79110.56365258206
R_LN_3DBall_3589,3DBall,3589,12.0,ppo,200000,144,27017,0.0002132276741184,3.0,198,42.8,63.0,1.288,12000,1.1225,12000,20.0951,142000,29.3564,192000,180000,0.0678,36000,0.2699,36000,1.4146,12000,2.5657600000000005,96000.0,92.3,2025-11-21_09-33,1,,0.33578428521859466,0,106605.83562520628,103.14965594283541,168639.70727182197
R_AP_3DBall_1343,3DBall,1343,12.0,ppo,500000,92,17328,0.000303195511518,3.0,534,61.6,85.3,1.8098,12000,1.1622,12000,98.4908,442000,100.0,168000,480000,0.0816,24000,0.4889,24000,1.4057,12000,2.5657600000000005,60000.0,53.4,2025-11-21_09-33,1,,0.9975961420291867,1,71215.52221729764,42.87218052770561,72246.25920197662
R_LN_3DBall_4063,3DBall,4063,12.0,ppo,200000,181,34014,0.000375377398338,3.0,172,44.2,61.6,1.2084,12000,1.1508,12000,3.8875,142000,4.7585,192000,180000,0.0589,36000,0.2409,36000,1.4169,12000,2.5657600000000005,144000.0,126.3,2025-11-21_09-33,1,,0.5735825589842032,1,126001.9665549681,110.09061340814992,157556.01861679996
R_AK_3DBall_2354,3DBall,2354,12.0,ppo,500000,138,25907,0.0006066104940717,3.0,221,38.0,82.9,1.3038,12000,1.1338,12000,100.0,442000,100.0,216000,480000,0.0697,36000,0.233,36000,1.413,12000,2.5657600000000005,96000.0,38.6,2025-11-21_09-33,1,,0.9996121016541129,1,91155.66060053305,44.464820262723485,91314.25064351142
R_LN_3DBall_4464,3DBall,4464,12.0,ppo,200000,155,29146,0.0006966548185004,3.0,170,44.4,64.1,1.2038,12000,1.1095,12000,9.0208,142000,16.6176,192000,180000,0.0645,36000,0.1987,36000,1.4136,12000,2.5657600000000005,108000.0,90.8,2025-11-21_09-33,1,,0.9247431021824235,1,103344.74905071784,77.83007152534626,110618.72339494019
R_LN_3DBall_4288,3DBall,4288,12.0,ppo,200000,77,14447,6.715410920858373e-05,3.0,193,44.8,62.4,1.1801,12000,1.1192,12000,2.9899,142000,3.4253,180000,180000,0.0906,24000,0.3241,24000,1.4193,12000,2.5657600000000005,156000.0,154.2,2025-11-21_09-33,1,,0.43578631006553653,0,79510.41802747211,62.56158225995142,147492.28967085306
R_AP_3DBall_1214,3DBall,1214,12.0,ppo,500000,189,35489,0.0001623858522957,3.0,421,62.2,87.7,1.215,12000,1.1228,12000,100.0,442000,100.0,372000,480000,0.0587,36000,0.1734,36000,1.4145,12000,2.5657600000000005,120000.0,94.6,2025-11-21_09-33,1,,0.9786606120247491,1,135656.07729880066,95.82801485022745,143430.9536217464
R_AK_3DBall_2609,3DBall,2609,12.0,ppo,500000,136,25653,0.0007604150465483,3.0,216,35.4,84.6,1.3854,12000,1.1531,12000,98.4892,442000,100.0,228000,480000,0.0719,36000,0.2977,36000,1.4131,12000,2.5657600000000005,84000.0,32.4,2025-11-21_09-33,1,,0.9998303112518654,1,87355.81143707813,38.486969416846854,87425.83251286039
R_LN_3DBall_3267,3DBall,3267,12.0,ppo,100000,104,19532,0.0005199740104747,3.0,107,39.8,57.8,1.6042,12000,1.1952,12000,3.4796,46000,5.4778,96000,84000,0.0782,24000,0.2919,24000,1.4004,12000,2.5657600000000005,72000.0,76.5,2025-11-21_09-33,1,,0.7722841597982832,1,74436.80349881608,94.6383025056461,80257.94826832476
R_LN_3DBall_3901,3DBall,3901,12.0,ppo,200000,151,28313,0.0006058597801894,3.0,183,43.3,58.8,1.3021,12000,1.1307,12000,23.6994,142000,38.7036,192000,180000,0.0662,36000,0.1692,36000,1.4121,12000,2.5657600000000005,96000.0,85.5,2025-11-21_09-33,1,,0.9037269247151433,1,100716.261365074,86.83644682749647,110274.61220923626
R_LN_3DBall_4514,3DBall,4514,12.0,ppo,200000,155,29076,0.0001601774678521,3.0,178,44.4,64.9,1.1933,12000,1.1575,12000,1.7852,142000,1.875,192000,180000,0.0656,36000,0.5453,36000,1.419,12000,2.5657600000000005,,,2025-11-21_09-33,0,,0.16492887313883722,0,108106.90416133562,86.30230434111917,184844.1752540899
R_LN_3DBall_3125,3DBall,3125,12.0,ppo,100000,167,31436,0.0001276681529218,3.0,94,41.7,56.8,1.1259,12000,1.1028,12000,1.1886,46000,1.216,84000,84000,0.0632,36000,0.4481,36000,1.4186,12000,2.5657600000000005,,,2025-11-21_09-33,0,,0.0009672242960628849,0,123362.67545542089,178.4102973645946,100022.59694732151
R_AK_3DBall_2670,3DBall,2670,12.0,ppo,500000,173,32441,0.0007653795800904,3.0,214,32.3,84.3,1.1933,12000,1.1154,12000,100.0,442000,100.0,276000,480000,0.0618,36000,0.1847,36000,1.4152,12000,2.5657600000000005,108000.0,42.7,2025-11-21_09-33,1,,0.9996546882516429,1,106913.18816858841,49.69762292130326,107048.92566283802
R_AK_3DBall_2605,3DBall,2605,12.0,ppo,500000,48,9085,0.0007834621350953,3.0,227,32.3,84.2,4.4109,12000,1.2231,12000,100.0,442000,100.0,108000,480000,0.1129,12000,0.9225,12000,1.3925,12000,2.5657600000000005,48000.0,17.0,2025-11-21_09-33,1,,0.9999777165189503,1,43397.779993144235,17.551651361637123,43407.95468006102
R_LN_3DBall_3618,3DBall,3618,12.0,ppo,200000,54,10243,0.0004600435084488,3.0,200,42.6,62.9,3.7217,12000,1.3084,12000,98.4272,142000,100.0,168000,180000,0.1103,12000,0.7957,12000,1.3857,12000,2.5657600000000005,48000.0,40.0,2025-11-21_09-33,1,,0.9979967722220593,1,48903.42235692738,41.16215012639996,49206.10321841376
R_LN_3DBall_3233,3DBall,3233,12.0,ppo,100000,106,20017,0.0006394989926261,3.0,91,41.9,57.1,1.5429,12000,1.2324,12000,3.048,46000,4.6419,96000,84000,0.0799,24000,0.254,24000,1.4095,12000,2.5657600000000005,72000.0,65.0,2025-11-21_09-33,1,,0.7190750900345797,1,76570.86851980622,92.07978705593356,83152.69517144765
R_AP_3DBall_1235,3DBall,1235,12.0,ppo,500000,129,24334,0.0007799550435184,3.0,423,61.6,88.6,1.3329,12000,1.0706,12000,97.4231,442000,100.0,228000,480000,0.0691,36000,0.2536,36000,1.409,12000,2.5657600000000005,84000.0,63.4,2025-11-21_09-33,1,,0.9982590501124625,1,85065.81948748755,50.89866612547397,85788.19910238626
R_AK_3DBall_2379,3DBall,2379,12.0,ppo,500000,38,7247,0.0008374651924554,3.0,230,26.0,83.4,9.5702,12000,1.3702,12000,100.0,442000,100.0,120000,480000,0.1285,12000,1.0701,12000,1.3707,12000,2.5657600000000005,36000.0,11.5,2025-11-21_09-33,1,,0.9999998821276436,1,35044.78395151559,14.683489126316845,35044.83875688254
R_AP_3DBall_1105,3DBall,1105,12.0,ppo,500000,161,30333,0.0001463949917726,3.0,448,58.9,89.8,1.1557,12000,1.1237,12000,86.9473,442000,97.8334,492000,480000,0.0634,36000,0.4032,36000,1.4168,12000,2.5657600000000005,192000.0,168.0,2025-11-21_09-33,1,,0.8939474703472399,1,114900.15225539455,78.96194718183348,155740.96527760272
R_AP_3DBall_1180,3DBall,1180,12.0,ppo,500000,65,12342,0.0001494930454195,3.0,474,62.8,86.7,2.1612,12000,1.2078,12000,100.0,442000,100.0,144000,480000,0.0995,24000,0.5964,24000,1.4099,12000,2.5657600000000005,48000.0,35.5,2025-11-21_09-33,1,,0.9940866495893971,1,64155.82878871782,38.518991314676335,66733.12809750895
R_LN_3DBall_3105,3DBall,3105,12.0,ppo,100000,74,13941,0.0004204416050925,3.0,98,40.5,55.9,1.3938,12000,1.1732,12000,2.2718,46000,3.3443,96000,84000,0.0944,24000,0.321,24000,1.4053,12000,2.5657600000000005,84000.0,84.0,2025-11-21_09-33,1,,0.4464592170403277,0,67481.85867352808,86.30949721890381,85481.97608377662
R_LN_3DBall_4541,3DBall,4541,12.0,ppo,200000,151,28314,0.0008746155661222,3.0,174,43.9,64.7,1.2684,12000,1.1406,12000,7.0164,142000,10.2415,192000,180000,0.0685,36000,0.2372,36000,1.4082,12000,2.5657600000000005,120000.0,104.5,2025-11-21_09-33,1,,0.9888651227778695,1,91459.06485833225,66.47069733933752,92667.65484470993
R_LN_3DBall_4153,3DBall,4153,12.0,ppo,200000,117,22021,0.0001746773838327,3.0,177,43.4,60.6,1.296,12000,1.1379,12000,9.3119,142000,14.776,192000,180000,0.0734,24000,0.3227,24000,1.4155,12000,2.5657600000000005,108000.0,94.6,2025-11-21_09-33,1,,0.5485644189205968,1,94115.59401549077,77.99702205949136,141915.58235835514
R_LN_3DBall_3509,3DBall,3509,12.0,ppo,200000,177,33284,0.0007542775565348,3.0,184,50.5,70.3,1.214,12000,1.1272,12000,4.0792,142000,5.2508,180000,180000,0.0629,36000,0.258,36000,1.4188,12000,2.5657600000000005,144000.0,134.9,2025-11-21_09-33,1,,0.5051542549865605,1,113230.5205573346,103.333699685443,156168.02825656868
R_AP_3DBall_1055,3DBall,1055,12.0,ppo,500000,53,10113,0.0003310406172619,3.0,651,63.6,87.2,5.1803,12000,1.4232,12000,100.0,442000,100.0,108000,480000,0.1094,12000,0.9175,12000,1.3869,12000,2.5657600000000005,36000.0,32.6,2025-11-21_09-33,1,,0.9999856552843012,1,45898.12953197679,26.911999404559722,45904.64349420695
R_LN_3DBall_4478,3DBall,4478,12.0,ppo,200000,126,23663,0.0001973187053848,3.0,177,44.5,64.2,1.4222,12000,1.1803,12000,30.122,142000,52.0208,192000,180000,0.0724,24000,0.2839,24000,1.414,12000,2.5657600000000005,84000.0,70.6,2025-11-21_09-33,1,,0.8647384924778416,1,96067.53722370313,74.89232235048154,110125.59881931565
R_AP_3DBall_1358,3DBall,1358,12.0,ppo,500000,111,20952,0.0007155999958302,3.0,511,61.4,90.1,1.617,12000,1.1798,12000,100.0,442000,100.0,216000,480000,0.0777,24000,0.3151,24000,1.4004,12000,2.5657600000000005,72000.0,63.9,2025-11-21_09-33,1,,0.9999255229129801,1,72599.26238426677,41.71986474087268,72631.09394619455
R_AK_3DBall_2666,3DBall,2666,12.0,ppo,500000,83,15732,0.0003374743986859,3.0,219,33.1,83.6,1.5137,12000,1.1366,12000,100.0,442000,100.0,156000,480000,0.0873,24000,0.3365,24000,1.4135,12000,2.5657600000000005,72000.0,27.3,2025-11-21_09-33,1,,0.9994751697678745,1,74759.22375441657,32.88261952163619,74982.40296972275
R_LN_3DBall_3830,3DBall,3830,12.0,ppo,200000,174,32666,0.0005136289126699,3.0,177,43.0,52.2,1.2159,12000,1.1332,12000,3.2783,142000,4.2147,192000,180000,0.0584,36000,0.3514,36000,1.4192,12000,2.5657600000000005,144000.0,130.1,2025-11-21_09-33,1,,0.289085516543516,0,114630.63858772136,101.80971674117818,175320.95405914134
R_AK_3DBall_2690,3DBall,2690,12.0,ppo,500000,70,13189,0.000816454231429,3.0,238,48.5,84.9,3.0501,12000,1.2744,12000,100.0,442000,100.0,144000,480000,0.0955,24000,1.0296,24000,1.3945,12000,2.5657600000000005,48000.0,17.8,2025-11-21_09-33,1,,0.9999682744946937,1,45828.21169016685,18.240487472254316,45842.620519646836
R_AK_3DBall_2055,3DBall,2055,12.0,ppo,500000,142,26681,0.0005385917769596,3.0,213,26.8,82.6,1.157,12000,1.0745,12000,100.0,442000,100.0,300000,480000,0.0688,36000,0.2594,36000,1.4138,12000,2.5657600000000005,120000.0,47.9,2025-11-21_09-33,1,,0.9969677703414037,1,96924.19773794545,51.664610324541336,98146.41614022694
R_LN_3DBall_3962,3DBall,3962,12.0,ppo,200000,161,30302,0.0006400484982797,3.0,171,44.0,60.3,1.2063,12000,1.111,12000,6.937,142000,10.2667,192000,180000,0.0649,36000,0.1931,36000,1.4178,12000,2.5657600000000005,108000.0,91.4,2025-11-21_09-33,1,,0.7019700306979604,1,110187.53900898063,92.21141774701388,136954.34400107476
R_LN_3DBall_4172,3DBall,4172,12.0,ppo,200000,159,29840,8.295019446083582e-05,3.0,179,44.2,61.3,1.2592,12000,1.1465,12000,5.8004,142000,8.7066,192000,180000,0.0628,36000,0.2203,36000,1.4174,12000,2.5657600000000005,108000.0,95.2,2025-11-21_09-33,1,,0.4429468091147208,0,121216.18541682101,106.70912133619231,165102.96072049506
R_AK_3DBall_2399,3DBall,2399,12.0,ppo,500000,137,25696,0.0001479694978062,3.0,253,45.8,83.5,1.2709,12000,1.0674,12000,98.5754,442000,100.0,228000,480000,0.0677,36000,0.2447,36000,1.4167,12000,2.5657600000000005,84000.0,37.9,2025-11-21_09-33,1,,0.9893165863179164,1,105359.87693790976,55.59691362944171,109575.98062813046
R_LN_3DBall_4459,3DBall,4459,12.0,ppo,200000,124,23392,0.0007611693199451,3.0,182,44.5,63.8,1.3335,12000,1.0882,12000,49.2501,142000,77.4467,192000,180000,0.0719,24000,0.2145,24000,1.4056,12000,2.5657600000000005,84000.0,72.7,2025-11-21_09-33,1,,0.9829932315562809,1,85983.96741064038,63.069471030385046,87923.01167575915
R_AK_3DBall_2027,3DBall,2027,12.0,ppo,500000,156,29290,0.0007063408929922,3.0,226,40.2,84.7,1.2844,12000,1.1199,12000,100.0,442000,100.0,264000,480000,0.0655,36000,0.1744,36000,1.4091,12000,2.5657600000000005,96000.0,39.5,2025-11-21_09-33,1,,0.9997340087436263,1,97929.5662410145,52.069447786447405,98036.51346084078
R_LN_3DBall_3993,3DBall,3993,12.0,ppo,200000,32,6157,0.0004563828506893,3.0,214,44.5,61.0,28.4608,12000,1.8663,12000,95.6532,142000,100.0,96000,180000,0.1413,12000,1.0789,12000,1.3614,12000,2.5657600000000005,36000.0,28.5,2025-11-21_09-33,1,,0.9999999941138624,1,31223.414542100923,21.682087773822413,31223.415535543125
R_AK_3DBall_2094,3DBall,2094,12.0,ppo,500000,71,13413,0.0007509720889301,3.0,219,26.5,82.3,2.0638,12000,1.177,12000,100.0,442000,100.0,132000,480000,0.094,24000,0.6156,24000,1.408,12000,2.5657600000000005,60000.0,21.9,2025-11-21_09-33,1,,0.999689356244007,1,56136.28282442857,25.604884270409663,56274.166316681
R_AK_3DBall_2521,3DBall,2521,12.0,ppo,500000,111,20987,0.0002289347255457,3.0,226,44.3,84.8,1.2432,12000,1.0762,12000,100.0,442000,100.0,228000,480000,0.0744,24000,0.2755,24000,1.4156,12000,2.5657600000000005,96000.0,39.5,2025-11-21_09-33,1,,0.9959920065025579,1,92521.0675500845,44.68417315591108,94154.2404616884
R_AK_3DBall_2161,3DBall,2161,12.0,ppo,500000,54,10148,0.0005449180809069,3.0,224,27.0,83.8,2.1116,12000,1.173,12000,100.0,442000,100.0,132000,480000,0.1109,12000,0.4186,12000,1.3947,12000,2.5657600000000005,60000.0,22.4,2025-11-21_09-33,1,,0.9999872915329368,1,54020.425846926795,25.975309065399248,54026.0935636558
R_AK_3DBall_2638,3DBall,2638,12.0,ppo,500000,171,32227,4.3715300418814754e-05,3.0,241,45.2,84.5,1.2688,12000,1.1669,12000,99.3339,442000,100.0,336000,480000,0.0612,36000,0.2758,36000,1.4181,12000,2.5657600000000005,120000.0,54.2,2025-11-21_09-33,1,,0.9948830199938109,1,128443.67417990067,65.32317329063838,130344.9204702952
R_AK_3DBall_2382,3DBall,2382,12.0,ppo,500000,166,31142,0.000128381679988,3.0,218,28.0,83.3,1.1649,12000,1.1622,12000,34.1953,442000,41.9857,492000,480000,0.0633,36000,0.4433,36000,1.4171,12000,2.5657600000000005,252000.0,108.9,2025-11-21_09-33,1,,0.9857695256304251,1,113591.66633196027,60.71980892345911,119090.44022041345
R_AP_3DBall_1347,3DBall,1347,12.0,ppo,500000,162,30486,0.0004543586444717,3.0,397,56.0,87.9,1.2717,12000,1.1615,12000,100.0,442000,100.0,252000,480000,0.0616,36000,0.2036,36000,1.4169,12000,2.5657600000000005,108000.0,79.5,2025-11-21_09-33,1,,0.9958227244691265,1,109159.70286768462,67.53877409627819,110792.35047737478
R_AK_3DBall_2171,3DBall,2171,12.0,ppo,500000,37,7059,0.0007070081115114,3.0,277,45.2,83.6,27.1119,12000,1.5219,12000,98.6831,442000,100.0,168000,480000,0.131,12000,0.8317,12000,1.3574,12000,2.5657600000000005,36000.0,13.9,2025-11-21_09-33,1,,0.9999999995893114,1,34388.28088620063,15.42851436748224,34388.28107742205
R_AK_3DBall_2341,3DBall,2341,12.0,ppo,500000,83,15707,8.438999123902009e-05,3.0,229,40.4,82.9,1.516,12000,1.1271,12000,100.0,442000,100.0,156000,480000,0.0885,24000,0.3295,24000,1.4178,12000,2.5657600000000005,72000.0,28.6,2025-11-21_09-33,1,,0.9954371998265145,1,80858.43197172372,39.58784438855333,82770.89119103814
R_LN_3DBall_4164,3DBall,4164,12.0,ppo,200000,173,32470,0.0002912518320467,3.0,178,43.2,60.8,1.1922,12000,1.12,12000,3.0254,142000,3.681,192000,180000,0.0619,36000,0.266,36000,1.4173,12000,2.5657600000000005,156000.0,142.5,2025-11-21_09-33,1,,0.3849648860992012,0,123535.64632659228,107.47469208361545,170563.90879746756
R_LN_3DBall_3918,3DBall,3918,12.0,ppo,200000,163,30631,0.0006267083410832,3.0,176,43.8,59.7,1.1846,12000,1.0787,12000,7.9407,142000,11.6957,192000,180000,0.0634,36000,0.1517,36000,1.4194,12000,2.5657600000000005,108000.0,93.9,2025-11-21_09-33,1,,0.5416516077689475,1,113528.16293111745,97.19461196027186,153162.3904249053
R_AK_3DBall_2556,3DBall,2556,12.0,ppo,500000,146,27458,0.0003844068249589,3.0,212,25.0,79.4,1.2075,12000,1.1247,12000,100.0,442000,100.0,276000,480000,0.0652,36000,0.2477,36000,1.4194,12000,2.5657600000000005,120000.0,47.6,2025-11-21_09-33,1,,0.997367662207168,1,104026.90442302669,50.024209529221075,105069.23936745863
R_LN_3DBall_3312,3DBall,3312,12.0,ppo,100000,98,18379,0.0005168215390189,3.0,95,41.6,64.8,1.3512,12000,1.1648,12000,2.0173,46000,2.5248,96000,84000,0.0834,24000,0.3038,24000,1.4039,12000,2.5657600000000005,,,2025-11-21_09-33,0,,0.5542865165697888,1,73463.21356712024,92.12694805958671,85291.01708716265
R_LN_3DBall_3283,3DBall,3283,12.0,ppo,100000,126,23671,0.000875653856063,3.0,95,40.5,57.4,1.2809,12000,1.0812,12000,1.9995,46000,2.6661,84000,84000,0.0714,24000,0.1873,24000,1.4125,12000,2.5657600000000005,84000.0,81.3,2025-11-21_09-33,1,,0.2407039563328888,0,84746.39803517897,103.17656068302956,96328.39765874046
R_LN_3DBall_3516,3DBall,3516,12.0,ppo,200000,163,30747,0.0003026749817844,3.0,188,51.6,81.3,1.1886,12000,1.1447,12000,2.6116,142000,3.0833,192000,180000,0.0633,36000,0.3015,36000,1.4197,12000,2.5657600000000005,168000.0,162.9,2025-11-21_09-33,1,,0.1887617448804737,0,119203.8281662244,113.44979859437954,184748.77362499392
R_LN_3DBall_3365,3DBall,3365,12.0,ppo,100000,91,17231,0.0005624896885359,3.0,94,41.3,57.6,1.2248,12000,1.0661,12000,1.8808,46000,2.6393,96000,84000,0.083,24000,0.2309,24000,1.4026,12000,2.5657600000000005,96000.0,94.1,2025-11-21_09-33,1,,0.3910679921389223,0,76460.16510362388,94.33682167326725,90794.32403179245
R_LN_3DBall_4503,3DBall,4503,12.0,ppo,200000,105,19836,0.0003883388861071,3.0,181,45.3,64.8,1.487,12000,1.1568,12000,71.1334,142000,88.2077,168000,180000,0.079,24000,0.251,24000,1.4078,12000,2.5657600000000005,72000.0,60.2,2025-11-21_09-33,1,,0.9764264390085158,1,83928.59145393562,62.137421200813414,86664.80788266374
R_AK_3DBall_2204,3DBall,2204,12.0,ppo,500000,155,29101,4.90122362854653e-05,3.0,256,42.8,82.6,1.2637,12000,1.1405,12000,100.0,442000,100.0,276000,480000,0.0657,36000,0.2037,36000,1.4177,12000,2.5657600000000005,108000.0,51.2,2025-11-21_09-33,1,,0.993267272434766,1,117480.39893895158,65.54088556804503,120055.79920125763
R_AP_3DBall_1050,3DBall,1050,12.0,ppo,500000,45,8564,0.000136130152989,3.0,536,65.2,87.5,3.4219,12000,1.2415,12000,99.1308,442000,100.0,108000,480000,0.1212,12000,0.6399,12000,1.3947,12000,2.5657600000000005,48000.0,40.2,2025-11-21_09-33,1,,0.9997029309849377,1,54177.28072587777,33.92625498214613,54309.72084198494
R_AK_3DBall_2083,3DBall,2083,12.0,ppo,500000,189,35460,0.000773170464049,3.0,210,27.2,83.0,1.1384,12000,1.1195,12000,100.0,442000,100.0,348000,480000,0.0598,36000,0.2357,36000,1.4176,12000,2.5657600000000005,156000.0,62.9,2025-11-21_09-33,1,,0.9980246116015895,1,115251.83965815636,60.9715532936387,116011.86671040542
R_LN_3DBall_3590,3DBall,3590,12.0,ppo,200000,66,12391,0.0006509600546382,3.0,212,43.1,62.9,3.067,12000,1.2626,12000,92.0044,142000,100.0,168000,180000,0.098,24000,0.9221,24000,1.3854,12000,2.5657600000000005,48000.0,42.4,2025-11-21_09-33,1,,0.9933024860560797,1,47471.57663278421,40.200767209409925,48493.13787513031
R_AP_3DBall_1134,3DBall,1134,12.0,ppo,500000,146,27502,0.0008194901092012,3.0,442,65.4,89.5,1.4366,12000,1.155,12000,100.0,442000,100.0,192000,480000,0.066,36000,0.3768,36000,1.4044,12000,2.5657600000000005,72000.0,55.2,2025-11-21_09-33,1,,0.999428516841016,1,84686.51548071406,51.98791517704725,84923.8601428158
R_AK_3DBall_2568,3DBall,2568,12.0,ppo,500000,87,16372,0.000779585738445,3.0,248,44.3,84.2,2.2303,12000,1.2156,12000,100.0,442000,100.0,180000,480000,0.0859,24000,0.6715,24000,1.3881,12000,2.5657600000000005,60000.0,24.8,2025-11-21_09-33,1,,0.9999949114045286,1,54689.32417016008,23.97777137823724,54691.590176048485
R_AK_3DBall_2428,3DBall,2428,12.0,ppo,500000,168,31637,0.0002476536926259,3.0,241,43.3,83.9,1.2643,12000,1.087,12000,100.0,442000,100.0,264000,480000,0.0624,36000,0.166,36000,1.4148,12000,2.5657600000000005,108000.0,48.2,2025-11-21_09-33,1,,0.9963828611305585,1,124574.91782186617,65.81785320626331,125932.88247917597
R_LN_3DBall_3427,3DBall,3427,12.0,ppo,100000,113,21333,0.0003858264411628,3.0,106,51.4,72.8,1.377,12000,1.1176,12000,2.4943,46000,3.7547,96000,84000,0.0734,24000,0.2188,24000,1.4128,12000,2.5657600000000005,84000.0,91.0,2025-11-21_09-33,1,,0.11348356103147429,0,90415.20016330363,112.04969551276582,98912.2827827578
R_LN_3DBall_3665,3DBall,3665,12.0,ppo,200000,181,33956,0.000783562325415,3.0,171,43.2,63.6,1.1955,12000,1.1328,12000,4.6043,142000,6.868,192000,180000,0.0606,36000,0.1932,36000,1.421,12000,2.5657600000000005,144000.0,125.4,2025-11-21_09-33,1,,0.6092639091220086,1,114996.16639126441,101.79110732942725,148210.232045185
R_AK_3DBall_2695,3DBall,2695,12.0,ppo,500000,38,7225,0.000228843010714,3.0,258,52.0,84.4,7.2622,12000,1.3307,12000,100.0,442000,100.0,108000,480000,0.1316,12000,1.1126,12000,1.3955,12000,2.5657600000000005,36000.0,12.9,2025-11-21_09-33,1,,0.9999080840850142,1,44804.74687811568,18.709400107225967,44846.58656630357
R_LN_3DBall_3246,3DBall,3246,12.0,ppo,100000,77,14596,0.0005392051950058,3.0,108,41.8,57.4,1.9615,12000,1.149,12000,8.5726,46000,18.815,96000,84000,0.0921,24000,0.405,24000,1.3948,12000,2.5657600000000005,60000.0,61.8,2025-11-21_09-33,1,,0.7520787173156424,1,64922.10018561654,81.095594585999,73618.65810147187
R_LN_3DBall_4029,3DBall,4029,12.0,ppo,200000,113,21343,0.0002641846356153,3.0,201,43.3,68.6,1.4827,12000,1.145,12000,69.8794,142000,83.14,180000,180000,0.0769,24000,0.2902,24000,1.4074,12000,2.5657600000000005,72000.0,66.8,2025-11-21_09-33,1,,0.88851301429008,1,89632.56455031452,75.6655006780551,101937.09724913412
R_LN_3DBall_3072,3DBall,3072,12.0,ppo,100000,87,16345,0.0006591024414206,3.0,110,40.2,55.2,1.662,12000,1.1717,12000,5.3312,46000,12.5216,96000,84000,0.0839,24000,0.3536,24000,1.3963,12000,2.5657600000000005,60000.0,62.9,2025-11-21_09-33,1,,0.8248803639048362,1,64547.295803828674,83.1253344157147,70755.76046125169
R_LN_3DBall_3672,3DBall,3672,12.0,ppo,200000,174,32670,0.0007519620595294,3.0,178,43.3,63.6,1.1749,12000,1.1311,12000,4.5458,142000,5.8295,192000,180000,0.0614,36000,0.221,36000,1.4116,12000,2.5657600000000005,144000.0,130.8,2025-11-21_09-33,1,,0.85728762092423,1,108491.98689709137,97.7728702056424,121551.31315150419
R_LN_3DBall_3226,3DBall,3226,12.0,ppo,100000,137,25786,0.0003303381849645,3.0,90,42.2,57.6,1.2254,12000,1.0998,12000,1.602,46000,1.835,96000,84000,0.0677,36000,0.2452,36000,1.4192,12000,2.5657600000000005,,,2025-11-21_09-33,0,,0.011500384844802815,0,104742.98332829736,139.20345337423856,100054.5461335879
R_LN_3DBall_3314,3DBall,3314,12.0,ppo,100000,177,33215,0.0005810087775226,3.0,104,41.0,58.4,1.2657,12000,1.1065,12000,1.7578,46000,2.1348,96000,84000,0.0613,36000,0.1787,36000,1.4116,12000,2.5657600000000005,,,2025-11-21_09-33,0,,0.09586531850539344,0,117345.84667102886,157.90541804017568,101662.8651158639
R_LN_3DBall_3461,3DBall,3461,12.0,ppo,100000,42,7883,3.685410174246679e-05,3.0,117,43.6,63.3,3.1752,12000,1.3103,12000,21.6996,46000,59.78,96000,84000,0.122,12000,0.9543,12000,1.4147,12000,2.5657600000000005,48000.0,50.2,2025-11-21_09-33,1,,0.022072063040610684,0,53537.72351999829,61.780153198950565,98974.48170452312
R_LN_3DBall_3760,3DBall,3760,12.0,ppo,200000,121,22759,0.0006203164881259,3.0,170,42.8,58.5,1.4451,12000,1.1262,12000,46.3384,142000,68.1667,192000,180000,0.073,24000,0.275,24000,1.4115,12000,2.5657600000000005,84000.0,68.2,2025-11-21_09-33,1,,0.8650727011165757,1,85185.58262368971,72.35711987889329,100677.18183314934
R_AK_3DBall_2229,3DBall,2229,12.0,ppo,500000,119,22323,0.0001791965433492,3.0,233,42.3,84.0,1.2518,12000,1.1067,12000,98.48,442000,100.0,216000,480000,0.0728,24000,0.2156,24000,1.4166,12000,2.5657600000000005,96000.0,40.7,2025-11-21_09-33,1,,0.9961201393404471,1,94385.63733717102,49.753932381208685,95959.36454581616
R_AP_3DBall_1237,3DBall,1237,12.0,ppo,500000,71,13330,0.0001385674108922,3.0,490,61.8,87.4,2.0251,12000,1.2229,12000,98.5323,442000,100.0,156000,480000,0.0956,24000,0.6796,24000,1.4121,12000,2.5657600000000005,60000.0,49.0,2025-11-21_09-33,1,,0.9879251717168277,1,63112.91513169149,37.91214151130151,68388.25166061203
R_LN_3DBall_4388,3DBall,4388,12.0,ppo,200000,138,26011,0.0003991728252741,3.0,176,45.2,63.7,1.2944,12000,1.1714,12000,12.2253,142000,20.1541,192000,180000,0.0699,36000,0.2486,36000,1.4165,12000,2.5657600000000005,108000.0,94.0,2025-11-21_09-33,1,,0.869311429477361,1,100972.33763346875,77.40507317105684,113914.12127034926
R_LN_3DBall_3812,3DBall,3812,12.0,ppo,200000,90,16909,0.0003809067331741,3.0,202,42.1,51.9,2.1567,12000,1.3201,12000,89.5023,142000,93.1231,144000,180000,0.0835,24000,0.6799,24000,1.3951,12000,2.5657600000000005,48000.0,40.5,2025-11-21_09-33,1,,0.9930189163698994,1,61543.81248609643,51.624293591189186,62510.386710235885
R_AP_3DBall_1110,3DBall,1110,12.0,ppo,500000,187,35083,0.0002944043008265,3.0,425,62.9,89.3,1.2431,12000,1.1604,12000,100.0,442000,100.0,336000,480000,0.0607,36000,0.2075,36000,1.4181,12000,2.5657600000000005,120000.0,95.6,2025-11-21_09-33,1,,0.9817171446914571,1,127375.82056723663,88.26939533631047,134188.45452427038
R_LN_3DBall_3889,3DBall,3889,12.0,ppo,200000,41,7778,0.0002959698301658,3.0,198,44.2,59.8,7.1786,12000,1.3839,12000,99.0333,142000,100.0,156000,180000,0.1271,12000,1.3014,12000,1.4067,12000,2.5657600000000005,36000.0,26.5,2025-11-21_09-33,1,,0.688617707325537,1,44337.67350771277,33.027540047427344,92808.16561392197
R_AP_3DBall_1289,3DBall,1289,12.0,ppo,500000,116,21830,0.000628400493494,3.0,524,63.3,89.9,1.404,12000,1.0869,12000,100.0,442000,100.0,300000,480000,0.0749,24000,0.2565,24000,1.4013,12000,2.5657600000000005,72000.0,65.4,2025-11-21_09-33,1,,0.9995339993806989,1,79171.2328336755,48.510570850301335,79367.33929979474
R_LN_3DBall_4256,3DBall,4256,12.0,ppo,200000,50,9412,0.0002058382277965,3.0,210,54.0,69.7,1.7267,12000,1.1255,12000,99.595,142000,100.0,144000,180000,0.1131,12000,0.372,12000,1.416,12000,2.5657600000000005,60000.0,56.0,2025-11-21_09-33,1,,0.7375871173544204,1,66157.46845079848,49.87017770864033,101279.47297520639
R_LN_3DBall_3915,3DBall,3915,12.0,ppo,200000,75,14248,0.0003234854397079,3.0,184,46.6,62.0,1.3895,12000,1.1124,12000,85.2138,142000,98.9667,168000,180000,0.0924,24000,0.3301,24000,1.4091,12000,2.5657600000000005,72000.0,61.5,2025-11-21_09-33,1,,0.8370575368250348,1,73997.94768700437,60.60792740311794,94529.0324559847
R_LN_3DBall_3742,3DBall,3742,12.0,ppo,200000,181,34025,0.0007528200747725,3.0,169,43.4,51.1,1.1915,12000,1.1386,12000,4.0583,142000,5.2559,192000,180000,0.0585,36000,0.2331,36000,1.4184,12000,2.5657600000000005,144000.0,124.2,2025-11-21_09-33,1,,0.6686460823133694,1,115361.91533305128,100.73139403954127,143407.07627293747
R_AK_3DBall_2366,3DBall,2366,12.0,ppo,500000,139,26074,0.0002647593118685,3.0,244,45.3,83.7,1.4222,12000,1.1754,12000,98.5046,442000,100.0,300000,480000,0.0705,36000,0.3027,36000,1.4107,12000,2.5657600000000005,84000.0,36.6,2025-11-21_09-33,1,,0.999341376486424,1,95954.96705954146,49.48018041896422,96221.08061877966
R_AK_3DBall_2236,3DBall,2236,12.0,ppo,500000,150,28186,0.0006008428727631,3.0,212,28.4,82.5,1.2533,12000,1.1654,12000,100.0,442000,100.0,276000,480000,0.0644,36000,0.2697,36000,1.4106,12000,2.5657600000000005,108000.0,42.3,2025-11-21_09-33,1,,0.999711464127843,1,94740.42798331827,47.81967683642295,94857.35990738009
R_AP_3DBall_1043,3DBall,1043,12.0,ppo,500000,146,27452,0.0006746796361571,3.0,445,66.8,87.5,1.4453,12000,1.1959,12000,100.0,442000,100.0,204000,480000,0.0657,36000,0.3949,36000,1.4072,12000,2.5657600000000005,72000.0,55.7,2025-11-21_09-33,1,,0.999042123511547,1,85943.22914206996,54.44354097828517,86339.84438775954
R_LN_3DBall_4141,3DBall,4141,12.0,ppo,200000,158,29739,0.0001974430228263,3.0,193,44.0,60.6,1.2649,12000,1.1492,12000,15.3419,142000,30.9314,192000,180000,0.0613,36000,0.1732,36000,1.4172,12000,2.5657600000000005,96000.0,90.3,2025-11-21_09-33,1,,0.6248267268358927,1,120274.90806749453,103.40888632718115,150185.63176112197
R_AK_3DBall_2607,3DBall,2607,12.0,ppo,500000,134,25130,0.0005318626356657,3.0,215,33.1,85.3,1.342,12000,1.1196,12000,98.48,442000,100.0,216000,480000,0.0675,36000,0.2775,36000,1.4113,12000,2.5657600000000005,96000.0,37.6,2025-11-21_09-33,1,,0.9995727513039232,1,89621.16290481396,42.224029443267334,89796.49672786039
R_AP_3DBall_1272,3DBall,1272,12.0,ppo,500000,102,19249,0.0008318541998021,3.0,415,53.4,87.2,1.4904,12000,1.1384,12000,98.5262,442000,100.0,180000,480000,0.0812,24000,0.2424,24000,1.4048,12000,2.5657600000000005,72000.0,51.9,2025-11-21_09-33,1,,0.9998728662083699,1,70254.83810417075,39.90715725939995,70309.47323603726
R_LN_3DBall_3129,3DBall,3129,12.0,ppo,100000,136,25628,0.0008107001942513,3.0,93,42.4,55.9,1.3136,12000,1.0998,12000,2.018,46000,2.9583,96000,84000,0.0692,36000,0.2152,36000,1.4102,12000,2.5657600000000005,96000.0,92.9,2025-11-21_09-33,1,,0.22436329329050195,0,90403.59675688438,115.27435644093477,97846.91936463091
R_LN_3DBall_3719,3DBall,3719,12.0,ppo,200000,85,15996,0.00089795720575,3.0,208,42.0,51.5,2.0095,12000,1.1774,12000,81.3607,142000,96.6616,192000,180000,0.088,24000,0.4686,24000,1.3877,12000,2.5657600000000005,60000.0,55.3,2025-11-21_09-33,1,,0.9989740860623116,1,57148.25405065908,46.99334151433074,57294.80764785162
R_LN_3DBall_4560,3DBall,4560,12.0,ppo,200000,50,9461,0.0003766401262907,3.0,196,44.2,64.6,4.5939,12000,1.3175,12000,98.9216,142000,100.0,120000,180000,0.1128,12000,0.9529,12000,1.3949,12000,2.5657600000000005,48000.0,39.3,2025-11-21_09-33,1,,0.9931756877993713,1,48535.51170524362,33.02500820205204,49569.152660675514
R_AP_3DBall_1042,3DBall,1042,12.0,ppo,500000,164,30925,0.0005987812405044,3.0,413,57.6,87.5,1.2728,12000,1.1677,12000,100.0,442000,100.0,276000,480000,0.0609,36000,0.2173,36000,1.4129,12000,2.5657600000000005,108000.0,82.7,2025-11-21_09-33,1,,0.9978912212315764,1,105469.32671038774,68.0674596422937,106301.30461771275
R_AK_3DBall_2681,3DBall,2681,12.0,ppo,500000,133,25042,0.0004875566451141,3.0,225,46.4,84.6,1.4301,12000,1.1702,12000,98.6846,442000,100.0,192000,480000,0.0688,36000,0.3103,36000,1.4129,12000,2.5657600000000005,84000.0,33.7,2025-11-21_09-33,1,,0.9997018983407728,1,90337.61102738882,41.01157944707904,90459.73206526451
R_LN_3DBall_3456,3DBall,3456,12.0,ppo,100000,78,14788,0.0006589550132971,3.0,98,42.4,63.0,1.4519,12000,1.1933,12000,2.8358,46000,4.3377,96000,84000,0.0934,24000,0.2719,24000,1.405,12000,2.5657600000000005,72000.0,70.0,2025-11-21_09-33,1,,0.8552145298971591,1,66466.29260236351,75.19467083601081,71321.48619222142
R_AK_3DBall_2062,3DBall,2062,12.0,ppo,500000,84,15809,0.000394670481533,3.0,239,41.8,83.2,1.8363,12000,1.1878,12000,100.0,442000,100.0,156000,480000,0.0851,24000,0.4296,24000,1.4021,12000,2.5657600000000005,60000.0,23.9,2025-11-21_09-33,1,,0.9998729495011277,1,66343.73937915191,33.70335133606007,66398.83562340289
R_LN_3DBall_4501,3DBall,4501,12.0,ppo,200000,184,34554,0.0007362981703694,3.0,170,44.9,64.5,1.2161,12000,1.1208,12000,4.6093,142000,6.9238,192000,180000,0.0582,36000,0.2256,36000,1.4127,12000,2.5657600000000005,144000.0,124.4,2025-11-21_09-33,1,,0.9182900238496673,1,116362.80517730421,89.55251748160286,123196.79837154741
R_LN_3DBall_3777,3DBall,3777,12.0,ppo,200000,190,35742,0.0005151557951638,3.0,170,43.0,51.8,1.2147,12000,1.1216,12000,4.4149,142000,6.7192,192000,180000,0.0583,36000,0.1782,36000,1.417,12000,2.5657600000000005,120000.0,102.2,2025-11-21_09-33,1,,0.5306225318457914,1,131595.99423047845,120.72418428223766,163703.29327018233
R_AK_3DBall_2653,3DBall,2653,12.0,ppo,500000,151,28374,0.0004954494089895,3.0,214,33.1,84.6,1.3263,12000,1.1595,12000,100.0,442000,100.0,252000,480000,0.0653,36000,0.2229,36000,1.4129,12000,2.5657600000000005,96000.0,37.4,2025-11-21_09-33,1,,0.9997335681029185,1,100350.36405620081,47.20370128802925,100456.84346687325
R_AP_3DBall_1094,3DBall,1094,12.0,ppo,500000,137,25796,0.0007343159712933,3.0,417,56.6,89.6,1.2266,12000,1.0989,12000,99.565,442000,100.0,240000,480000,0.0652,36000,0.216,36000,1.4132,12000,2.5657600000000005,96000.0,73.0,2025-11-21_09-33,1,,0.9972319541143265,1,89724.55250779784,55.47408545995467,90860.21377222147
R_AP_3DBall_1248,3DBall,1248,12.0,ppo,500000,186,34977,0.0004804583185837,3.0,426,62.2,87.5,1.3298,12000,1.1523,12000,98.52,442000,100.0,276000,480000,0.059,36000,0.177,36000,1.4068,12000,2.5657600000000005,84000.0,63.9,2025-11-21_09-33,1,,0.9988447460269609,1,119705.94524918206,79.8425117301844,120145.28146685607
R_AK_3DBall_2648,3DBall,2648,12.0,ppo,500000,136,25679,0.0002943623668212,3.0,215,32.9,84.5,1.2133,12000,1.1326,12000,98.4877,442000,100.0,300000,480000,0.0669,36000,0.3009,36000,1.4172,12000,2.5657600000000005,120000.0,48.3,2025-11-21_09-33,1,,0.9976700533509892,1,101152.18679915184,47.535781861175195,102081.48092498443
R_LN_3DBall_4015,3DBall,4015,12.0,ppo,200000,176,33016,0.0001820341321033,3.0,182,43.9,61.0,1.1808,12000,1.1725,12000,2.2347,142000,2.4696,192000,180000,0.0605,36000,0.2951,36000,1.4167,12000,2.5657600000000005,,,2025-11-21_09-33,0,,0.42295067942191195,0,124717.26743303986,113.21708926081298,168159.1171120661
R_LN_3DBall_3817,3DBall,3817,12.0,ppo,200000,58,10945,0.0008534118712857,3.0,184,42.7,51.3,3.7618,12000,1.2236,12000,96.8954,142000,100.0,108000,180000,0.1038,12000,0.7496,12000,1.3793,12000,2.5657600000000005,48000.0,36.9,2025-11-21_09-33,1,,0.9995335924183495,1,45490.10637418233,35.9582421741997,45562.170960009425
R_LN_3DBall_3805,3DBall,3805,12.0,ppo,200000,33,6222,0.0003555241168694,3.0,219,44.0,51.4,17.1221,12000,1.5364,12000,97.1009,142000,100.0,108000,180000,0.1382,12000,1.2571,12000,1.3598,12000,2.5657600000000005,36000.0,29.2,2025-11-21_09-33,1,,0.9999920221547264,1,33969.18009688382,27.688502437780972,33970.50466507566
R_AK_3DBall_2615,3DBall,2615,12.0,ppo,500000,142,26653,0.0003205162470493,3.0,241,45.6,83.9,1.3628,12000,1.1371,12000,98.9881,442000,100.0,252000,480000,0.0659,36000,0.2546,36000,1.409,12000,2.5657600000000005,96000.0,42.2,2025-11-21_09-33,1,,0.9995729102509757,1,98364.01050113443,48.47142931815521,98535.54511508862
R_AP_3DBall_1019,3DBall,1019,12.0,ppo,500000,165,31094,0.0004799262095894,3.0,414,61.4,87.0,1.2465,12000,1.1406,12000,99.0083,442000,100.0,288000,480000,0.0645,36000,0.1906,36000,1.4132,12000,2.5657600000000005,108000.0,82.8,2025-11-21_09-33,1,,0.9954855899461433,1,111110.41454132984,74.30727025964886,112866.02159576461
R_AP_3DBall_1103,3DBall,1103,12.0,ppo,500000,101,18949,0.0004617050621388,3.0,460,63.7,86.3,1.5583,12000,1.2049,12000,98.4831,442000,100.0,180000,480000,0.0805,24000,0.2492,24000,1.4061,12000,2.5657600000000005,72000.0,57.5,2025-11-21_09-33,1,,0.9997615309162475,1,73231.82593680387,45.546684703076934,73333.59695224743
R_LN_3DBall_3029,3DBall,3029,12.0,ppo,100000,172,32418,0.0004695792027761,3.0,100,45.0,60.5,1.1797,12000,1.1426,12000,1.2743,46000,1.3159,84000,84000,0.0617,36000,0.3138,36000,1.4228,12000,2.5657600000000005,,,2025-11-21_09-33,0,,0.005953903298049657,0,120158.08607754973,164.20523958806712,100120.01929517949
R_LN_3DBall_3399,3DBall,3399,12.0,ppo,100000,58,10990,0.0004956378231286,3.0,116,53.6,59.0,3.6155,12000,1.2443,12000,32.5814,46000,63.779,96000,84000,0.1056,12000,0.7944,12000,1.392,12000,2.5657600000000005,48000.0,49.8,2025-11-21_09-33,1,,0.7402979488105726,1,51797.14093105537,60.81706293073745,64315.52230445518
R_AK_3DBall_2197,3DBall,2197,12.0,ppo,500000,96,18021,0.0001515773648528,3.0,238,39.5,83.0,1.5486,12000,1.2462,12000,100.0,442000,100.0,192000,480000,0.0823,24000,0.2951,24000,1.413,12000,2.5657600000000005,84000.0,35.7,2025-11-21_09-33,1,,0.9997363751022442,1,77967.74334669019,39.322070857556135,78079.00155720006
R_LN_3DBall_3301,3DBall,3301,12.0,ppo,100000,126,23682,0.0002767931208814,3.0,94,39.6,57.6,1.4052,12000,1.1372,12000,2.0402,46000,2.5719,96000,84000,0.0691,24000,0.254,24000,1.4133,12000,2.5657600000000005,96000.0,94.0,2025-11-21_09-33,1,,0.057074717907888546,0,95951.06856435846,126.51084235124208,99768.90838048237
R_LN_3DBall_4216,3DBall,4216,12.0,ppo,200000,191,35962,0.0007063999445445,3.0,172,43.6,61.1,1.2329,12000,1.166,12000,4.3935,142000,6.4044,192000,180000,0.0566,36000,0.2032,36000,1.4152,12000,2.5657600000000005,132000.0,114.3,2025-11-21_09-33,1,,0.9081703133466639,1,123393.21750005154,99.21006383355784,130427.99433254208
R_AK_3DBall_2419,3DBall,2419,12.0,ppo,500000,130,24468,0.000188015150169,3.0,245,43.8,83.4,1.4047,12000,1.1036,12000,99.8617,442000,100.0,204000,480000,0.0723,36000,0.2662,36000,1.4125,12000,2.5657600000000005,84000.0,36.7,2025-11-21_09-33,1,,0.9975115688457755,1,99397.02576332352,51.084477183314334,100393.89868488905
R_LN_3DBall_4618,3DBall,4618,12.0,ppo,200000,105,19871,0.0005265053442722,3.0,199,44.9,65.4,1.595,12000,1.139,12000,85.3146,142000,100.0,156000,180000,0.0785,24000,0.2981,24000,1.4021,12000,2.5657600000000005,72000.0,66.3,2025-11-21_09-33,1,,0.9908981766565296,1,79819.76046421255,57.188964566824325,80913.61977384325
R_LN_3DBall_4248,3DBall,4248,12.0,ppo,200000,98,18418,0.0001125386462579,3.0,201,53.1,74.0,1.2542,12000,1.1541,12000,9.4157,142000,13.9709,192000,180000,0.0809,24000,0.3799,24000,1.4094,12000,2.5657600000000005,108000.0,107.0,2025-11-21_09-33,1,,0.7935361592211201,1,82884.13923091379,67.68999383939502,107064.32966142386
R_AK_3DBall_2026,3DBall,2026,12.0,ppo,500000,125,23580,0.0008248133404876,3.0,252,43.0,84.7,1.4696,12000,1.097,12000,100.0,442000,100.0,264000,480000,0.0717,24000,0.3123,24000,1.4054,12000,2.5657600000000005,84000.0,37.8,2025-11-21_09-33,1,,0.9997771413303291,1,79979.95702166097,40.19252674742474,80073.56212967423
R_LN_3DBall_3965,3DBall,3965,12.0,ppo,200000,57,10688,0.0006198541332879,3.0,188,44.4,60.7,2.555,12000,1.2212,12000,99.9167,142000,100.0,132000,180000,0.1093,12000,0.4864,12000,1.3914,12000,2.5657600000000005,48000.0,37.7,2025-11-21_09-33,1,,0.9989394690745885,1,52631.696206343404,41.24148491343174,52787.98484994201
R_AP_3DBall_1133,3DBall,1133,12.0,ppo,500000,50,9540,0.0004161622275301,3.0,482,53.6,88.6,2.0687,12000,1.2146,12000,100.0,442000,100.0,132000,480000,0.1121,12000,0.4796,12000,1.3927,12000,2.5657600000000005,60000.0,48.2,2025-11-21_09-33,1,,0.9999548774636325,1,54056.09998802716,32.141101193740276,54076.2221078733
R_LN_3DBall_3211,3DBall,3211,12.0,ppo,100000,86,16222,0.0004790293309333,3.0,96,39.6,57.3,1.5398,12000,1.1618,12000,3.4354,46000,5.9363,96000,84000,0.0854,24000,0.2959,24000,1.4152,12000,2.5657600000000005,72000.0,68.6,2025-11-21_09-33,1,,0.14728006579937108,0,74037.77708290744,90.44752813560648,96176.28210047267
R_AK_3DBall_2107,3DBall,2107,12.0,ppo,500000,126,23634,0.0008951739512821,3.0,243,44.0,83.7,1.4642,12000,1.1124,12000,100.0,442000,100.0,276000,480000,0.0719,24000,0.3244,24000,1.4004,12000,2.5657600000000005,84000.0,36.4,2025-11-21_09-33,1,,0.9999429459576171,1,74738.67663760194,37.388840207491334,74762.93951516885
R_AK_3DBall_2378,3DBall,2378,12.0,ppo,500000,76,14390,0.0007368816339409,3.0,216,26.4,83.0,1.6528,12000,1.181,12000,100.0,442000,100.0,168000,480000,0.0915,24000,0.3318,24000,1.4117,12000,2.5657600000000005,72000.0,27.0,2025-11-21_09-33,1,,0.9999389946444793,1,63023.023335762315,27.068421851916213,63049.68127157806
R_LN_3DBall_4023,3DBall,4023,12.0,ppo,200000,165,31000,0.0002989138907418,3.0,175,43.9,61.8,1.2486,12000,1.1497,12000,6.4954,142000,8.5488,192000,180000,0.0595,36000,0.2007,36000,1.416,12000,2.5657600000000005,108000.0,93.5,2025-11-21_09-33,1,,0.6453281540606078,1,118610.71253916253,104.37394320641289,147477.20136258958
R_AK_3DBall_2441,3DBall,2441,12.0,ppo,500000,84,15750,0.0001792906793996,3.0,244,46.0,83.8,1.6657,12000,1.165,12000,98.8708,442000,100.0,156000,480000,0.0883,24000,0.3308,24000,1.4166,12000,2.5657600000000005,60000.0,24.4,2025-11-21_09-33,1,,0.9987501226516835,1,75326.7632174455,35.87919610140904,75857.55267653626
R_LN_3DBall_4035,3DBall,4035,12.0,ppo,200000,133,24947,0.0002343288361909,3.0,194,43.6,61.3,1.2763,12000,1.0813,12000,29.7275,142000,45.0,192000,180000,0.0704,36000,0.2071,36000,1.4148,12000,2.5657600000000005,84000.0,77.4,2025-11-21_09-33,1,,0.4754856035026813,0,103580.09620207622,91.00345295580297,154153.72385297372
R_LN_3DBall_3641,3DBall,3641,12.0,ppo,200000,175,32857,0.0008410183781868,3.0,177,43.0,63.6,1.2237,12000,1.116,12000,9.6272,142000,13.2145,180000,180000,0.0611,36000,0.159,36000,1.4158,12000,2.5657600000000005,108000.0,94.4,2025-11-21_09-33,1,,0.8165810327467734,1,110147.4731287818,97.8615625221873,126628.13081259343
R_AK_3DBall_2074,3DBall,2074,12.0,ppo,500000,74,14055,6.6275238468222e-05,3.0,221,27.1,83.7,1.1931,12000,1.1017,12000,100.0,442000,100.0,264000,480000,0.095,24000,0.3439,24000,1.4124,12000,2.5657600000000005,120000.0,49.7,2025-11-21_09-33,1,,0.9957728830702148,1,77399.14292583126,40.456641960674126,79185.5261633112
R_AK_3DBall_2649,3DBall,2649,12.0,ppo,500000,176,33105,0.000494343851532,3.0,214,36.7,84.5,1.1737,12000,1.0902,12000,100.0,442000,100.0,324000,480000,0.0607,36000,0.2105,36000,1.4171,12000,2.5657600000000005,120000.0,48.1,2025-11-21_09-33,1,,0.9976360490044166,1,120479.6192693479,58.57998492383657,121376.78685122031
R_AK_3DBall_2434,3DBall,2434,12.0,ppo,500000,159,29825,0.0007276253298747,3.0,219,38.9,84.1,1.296,12000,1.1461,12000,98.5062,442000,100.0,252000,480000,0.0633,36000,0.19,36000,1.4182,12000,2.5657600000000005,96000.0,38.3,2025-11-21_09-33,1,,0.999541294607425,1,100053.37208449114,47.51659712736962,100236.82975945817
R_LN_3DBall_4471,3DBall,4471,12.0,ppo,200000,181,33957,0.0004492787628311,3.0,195,44.7,64.4,1.2698,12000,1.1551,12000,7.9998,142000,11.3137,192000,180000,0.0582,36000,0.1634,36000,1.4164,12000,2.5657600000000005,108000.0,104.2,2025-11-21_09-33,1,,0.8608156050898359,1,124129.14795970687,99.22863834879587,134689.18659225365
R_AK_3DBall_2086,3DBall,2086,12.0,ppo,500000,110,20807,0.0006263614697653,3.0,223,39.7,83.5,1.5063,12000,1.1517,12000,100.0,442000,100.0,192000,480000,0.0772,24000,0.274,24000,1.4076,12000,2.5657600000000005,72000.0,27.9,2025-11-21_09-33,1,,0.9998620096593971,1,78423.4839094373,38.6713999191436,78481.65739648283
R_AK_3DBall_2492,3DBall,2492,12.0,ppo,500000,35,6720,0.0003682012671476,3.0,319,51.7,83.4,29.2641,12000,1.9657,12000,97.5153,442000,100.0,132000,480000,0.1359,12000,1.1163,12000,1.3608,12000,2.5657600000000005,36000.0,15.9,2025-11-21_09-33,1,,0.9999999999954563,1,29982.461248438674,11.535301621210323,29982.46125057429
R_AP_3DBall_1273,3DBall,1273,12.0,ppo,500000,64,12179,0.0006005556945572,3.0,596,63.2,87.6,3.6746,12000,1.2616,12000,98.4954,442000,100.0,180000,480000,0.1031,24000,0.9325,24000,1.367,12000,2.5657600000000005,48000.0,44.7,2025-11-21_09-33,1,,0.9999967611513522,1,45053.67888178918,26.768303798245583,45055.15238406617
R_LN_3DBall_3638,3DBall,3638,12.0,ppo,200000,191,35972,0.0003520876016931,3.0,175,42.8,63.5,1.1325,12000,1.066,12000,3.7304,142000,4.8249,192000,180000,0.06,36000,0.1885,36000,1.4193,12000,2.5657600000000005,120000.0,104.9,2025-11-21_09-33,1,,0.11474136400001048,0,143225.18421892164,139.57233223221706,193485.58019642974
R_AP_3DBall_1240,3DBall,1240,12.0,ppo,500000,135,25319,0.0004668252339707,3.0,401,52.7,88.1,1.2179,12000,1.0736,12000,99.4569,442000,100.0,264000,480000,0.069,36000,0.2125,36000,1.4103,12000,2.5657600000000005,108000.0,80.1,2025-11-21_09-33,1,,0.995118832081932,1,93533.044218553,60.181530621893366,95517.07768286817
R_LN_3DBall_4400,3DBall,4400,12.0,ppo,200000,127,23993,0.0005437480647198,3.0,176,44.1,63.7,1.3808,12000,1.1357,12000,44.9497,142000,73.6625,192000,180000,0.0707,36000,0.2457,36000,1.4101,12000,2.5657600000000005,84000.0,70.2,2025-11-21_09-33,1,,0.9540725617067968,1,92153.5935883266,69.28236642775114,97106.70276394245
R_LN_3DBall_3808,3DBall,3808,12.0,ppo,200000,46,8708,0.0008848886035118,3.0,201,42.9,51.4,8.4456,12000,1.3595,12000,92.0143,142000,100.0,108000,180000,0.1177,12000,1.1304,12000,1.3667,12000,2.5657600000000005,36000.0,26.7,2025-11-21_09-33,1,,0.9999500824663904,1,35685.64309594847,27.442892265679742,35693.84526338177
R_LN_3DBall_3776,3DBall,3776,12.0,ppo,200000,161,30204,0.0005834496961593,3.0,179,42.9,51.7,1.3164,12000,1.172,12000,19.1529,142000,28.9256,192000,180000,0.0649,36000,0.1833,36000,1.4112,12000,2.5657600000000005,96000.0,83.6,2025-11-21_09-33,1,,0.9302938639228701,1,104619.33494313543,93.08712154312742,111267.95256071638
R_LN_3DBall_4300,3DBall,4300,12.0,ppo,200000,171,32119,0.0002380011365422,3.0,180,44.2,65.8,1.2051,12000,1.1467,12000,2.3641,142000,2.7913,180000,180000,0.059,36000,0.389,36000,1.4172,12000,2.5657600000000005,180000.0,168.4,2025-11-21_09-33,1,,0.31272186791404355,0,119772.80100846072,100.86751508324768,174911.20047385417
R_AP_3DBall_1341,3DBall,1341,12.0,ppo,500000,117,22118,3.1716643590758594e-05,3.0,457,62.0,90.3,1.2754,12000,1.1003,12000,100.0,442000,100.0,252000,480000,0.0737,24000,0.2901,24000,1.4182,12000,2.5657600000000005,96000.0,79.9,2025-11-21_09-33,1,,0.9472275508556541,1,99306.187199206,62.97496451637163,120451.78105768995
R_LN_3DBall_3198,3DBall,3198,12.0,ppo,100000,116,21855,8.935573297712267e-05,3.0,105,41.2,57.0,1.3699,12000,1.1271,12000,2.1009,46000,2.8137,96000,84000,0.0748,24000,0.234,24000,1.4181,12000,2.5657600000000005,96000.0,104.9,2025-11-21_09-33,1,,0.013970717210312365,0,99292.07931208915,134.497073143325,99990.10984026187
R_AP_3DBall_1264,3DBall,1264,12.0,ppo,500000,40,7546,0.0006700608157441,3.0,510,53.7,88.9,11.9173,12000,1.474,12000,98.4969,442000,100.0,108000,480000,0.1265,12000,1.2469,12000,1.3697,12000,2.5657600000000005,36000.0,25.5,2025-11-21_09-33,1,,0.9999994705933786,1,33088.68202296298,17.836694183735727,33088.92920890634
R_AK_3DBall_2069,3DBall,2069,12.0,ppo,500000,53,10098,0.0006025056701649,3.0,252,43.0,83.8,5.9122,12000,1.4125,12000,98.5631,442000,100.0,168000,480000,0.1073,12000,0.9446,12000,1.3842,12000,2.5657600000000005,36000.0,12.6,2025-11-21_09-33,1,,0.9999988243540051,1,42414.44256922671,19.2739545780918,42414.98052785463
R_LN_3DBall_3957,3DBall,3957,12.0,ppo,200000,66,12494,0.0006330709078114,3.0,184,43.8,59.4,2.376,12000,1.2477,12000,99.1139,142000,100.0,156000,180000,0.0977,24000,0.674,24000,1.4037,12000,2.5657600000000005,48000.0,36.7,2025-11-21_09-33,1,,0.9789362468984819,1,55329.95885951231,41.35525696419078,58377.25288728201
R_AP_3DBall_1108,3DBall,1108,12.0,ppo,500000,111,20964,0.0006484928038766,3.0,451,66.7,89.5,1.6844,12000,1.139,12000,99.0967,442000,100.0,180000,480000,0.0775,24000,0.3544,24000,1.3971,12000,2.5657600000000005,60000.0,45.1,2025-11-21_09-33,1,,0.9997949695975339,1,73666.52974223385,45.903226024530426,73753.94106522556
C_LF_3DBall_101,3DBall,101,12.0,ppo,500000,64,12000,0.0003,3.0,781,16.6,55.3,2.4274,12000,1.1816,12000,99.605,442000,100.0,132000,480000,0.0995,24000,0.6676,24000,1.4049,12000,2.5657600000000005,48000.0,58.6,2025-11-21_09-33,1,,0.9813678767084077,1,57432.635847182,43.495453350045004,65678.60554091231
R_AK_3DBall_2457,3DBall,2457,12.0,ppo,500000,67,12633,0.0001820929070742,3.0,244,46.0,83.9,1.7145,12000,1.1333,12000,100.0,442000,100.0,132000,480000,0.0964,24000,0.4227,24000,1.4109,12000,2.5657600000000005,60000.0,24.4,2025-11-21_09-33,1,,0.9988860366946486,1,68385.63077445331,32.23574415220473,68866.43334383296
R_AK_3DBall_2505,3DBall,2505,12.0,ppo,500000,143,26903,0.0001775753262285,3.0,223,42.1,83.8,1.3313,12000,1.0837,12000,100.0,442000,100.0,228000,480000,0.0678,36000,0.259,36000,1.4133,12000,2.5657600000000005,96000.0,39.0,2025-11-21_09-33,1,,0.995722840653084,1,107759.59911698375,55.52459621683591,109437.2738138586
R_AP_3DBall_1277,3DBall,1277,12.0,ppo,500000,92,17331,0.0004642365772162,3.0,465,62.0,91.0,1.7179,12000,1.1353,12000,100.0,442000,100.0,204000,480000,0.0851,24000,0.407,24000,1.399,12000,2.5657600000000005,60000.0,46.5,2025-11-21_09-33,1,,0.9995480092213188,1,68943.76590812227,41.9993723696185,69138.59935102484
R_LN_3DBall_4187,3DBall,4187,12.0,ppo,200000,189,35503,0.0003248305602148,3.0,174,43.8,61.1,1.1799,12000,1.1138,12000,3.5127,142000,4.8713,192000,180000,0.0577,36000,0.1868,36000,1.4203,12000,2.5657600000000005,156000.0,139.4,2025-11-21_09-33,1,,0.3436981833616165,0,138046.9216283703,119.9394948913774,178706.83951001102
R_LN_3DBall_3320,3DBall,3320,12.0,ppo,100000,176,33136,0.0002642685757634,3.0,95,40.7,58.2,1.1812,12000,1.0879,12000,1.4164,46000,1.5449,84000,84000,0.0586,36000,0.2181,36000,1.4191,12000,2.5657600000000005,,,2025-11-21_09-33,0,,0.0057749150115010365,0,132797.90355645487,182.78850367315667,100189.40510559393
R_LN_3DBall_3269,3DBall,3269,12.0,ppo,100000,41,7845,0.0008683911963052,3.0,108,40.7,57.8,10.3875,12000,1.4682,12000,54.4333,46000,88.9077,96000,84000,0.1232,12000,1.321,12000,1.3687,12000,2.5657600000000005,36000.0,30.8,2025-11-21_09-33,1,,0.9987353197086517,1,32893.94577790649,36.20087616972897,32978.81348211132
R_LN_3DBall_4113,3DBall,4113,12.0,ppo,200000,132,24899,0.0005113439865997,3.0,178,43.4,61.2,1.2692,12000,1.1059,12000,23.9811,142000,45.2269,192000,180000,0.0705,36000,0.2169,36000,1.4161,12000,2.5657600000000005,96000.0,83.2,2025-11-21_09-33,1,,0.7531072779822672,1,98163.12267096859,78.84261612609448,123305.9065165191
R_LN_3DBall_3654,3DBall,3654,12.0,ppo,200000,169,31707,0.0008761104785465,3.0,197,42.2,63.5,1.2607,12000,1.1719,12000,10.4551,142000,13.4095,192000,180000,0.0646,36000,0.1669,36000,1.4128,12000,2.5657600000000005,108000.0,105.1,2025-11-21_09-33,1,,0.9585176553273784,1,101893.4989636549,88.88365856237398,105963.18665426946
R_LN_3DBall_3121,3DBall,3121,12.0,ppo,100000,100,18824,0.0004914287221895,3.0,95,39.8,55.8,1.3464,12000,1.128,12000,2.2766,46000,3.0127,96000,84000,0.0795,24000,0.2182,24000,1.4115,12000,2.5657600000000005,84000.0,81.4,2025-11-21_09-33,1,,0.17829098670024218,0,80233.37852127271,103.4267397176397,96475.78955282751
R_LN_3DBall_3116,3DBall,3116,12.0,ppo,100000,96,18148,0.0001515987538951,3.0,107,41.2,56.4,1.5291,12000,1.1918,12000,3.4977,46000,5.6744,96000,84000,0.0813,24000,0.2154,24000,1.4089,12000,2.5657600000000005,72000.0,76.4,2025-11-21_09-33,1,,0.25145183681629946,0,84627.75809886999,113.28096090771469,96134.62153797637
R_LN_3DBall_3151,3DBall,3151,12.0,ppo,100000,87,16315,0.0001647437478417,3.0,101,41.9,56.7,1.6497,12000,1.1873,12000,3.6393,46000,6.2896,96000,84000,0.0868,24000,0.3622,24000,1.4099,12000,2.5657600000000005,60000.0,57.8,2025-11-21_09-33,1,,0.11430213407434363,0,75873.08664948717,100.89008244726446,97242.24231540962
R_AP_3DBall_1362,3DBall,1362,12.0,ppo,500000,129,24237,0.0008393479432139,3.0,404,51.4,89.1,1.3822,12000,1.1561,12000,100.0,442000,100.0,228000,480000,0.0678,36000,0.3024,36000,1.4127,12000,2.5657600000000005,84000.0,60.6,2025-11-21_09-33,1,,0.9992961632947586,1,79292.39386902178,44.73014853118833,79588.50332439101
C_LF_3DBall_109,3DBall,109,12.0,ppo,500000,64,12000,0.0003,3.0,804,23.4,53.4,2.7621,12000,1.2474,12000,98.5046,442000,100.0,120000,480000,0.0984,24000,0.7388,24000,1.4039,12000,2.5657600000000005,48000.0,60.3,2025-11-21_09-33,1,,0.9917116787892124,1,54842.19066544078,40.820814709723585,58531.80157869615
R_LN_3DBall_3235,3DBall,3235,12.0,ppo,100000,133,25106,0.0007257881745849,3.0,90,43.4,57.2,1.2484,12000,1.1513,12000,1.5504,46000,1.834,96000,84000,0.0683,36000,0.2433,36000,1.4128,12000,2.5657600000000005,,,2025-11-21_09-33,0,,0.25397896215322624,0,90196.89704668701,111.00129778873897,97510.21808603633
R_AK_3DBall_2339,3DBall,2339,12.0,ppo,500000,78,14733,0.000542304506617,3.0,231,41.1,83.8,1.8908,12000,1.2546,12000,97.9877,442000,100.0,132000,480000,0.0895,24000,0.3922,24000,1.3996,12000,2.5657600000000005,60000.0,23.1,2025-11-21_09-33,1,,0.9999925175734169,1,61219.115368586354,27.94049099540569,61222.39851434168
R_AK_3DBall_2105,3DBall,2105,12.0,ppo,500000,143,26862,0.0008880471164655,3.0,239,43.6,83.5,1.2944,12000,1.1053,12000,100.0,442000,100.0,288000,480000,0.0674,36000,0.2646,36000,1.4087,12000,2.5657600000000005,96000.0,41.8,2025-11-21_09-33,1,,0.9997700994453051,1,86092.11510990484,43.02791933433487,86187.27276223365
R_AK_3DBall_2250,3DBall,2250,12.0,ppo,500000,75,14124,0.0005663518105335,3.0,270,45.9,83.5,1.9104,12000,1.1588,12000,97.4686,442000,100.0,144000,480000,0.091,24000,0.6707,24000,1.3885,12000,2.5657600000000005,60000.0,27.0,2025-11-21_09-33,1,,0.9999612342265709,1,55667.251114584025,27.099463280304935,55684.47601725445
R_AK_3DBall_2355,3DBall,2355,12.0,ppo,500000,46,8688,0.0002525795350055,3.0,257,44.8,82.8,9.6376,12000,1.4276,12000,100.0,442000,100.0,144000,480000,0.1153,12000,1.2505,12000,1.3872,12000,2.5657600000000005,36000.0,12.9,2025-11-21_09-33,1,,0.9999788215285655,1,41296.13483935209,18.529141981182384,41305.84948605727
