run_id,environment,seed,num_agents,algorithm,steps,batch_size,buffer_size,learning_rate,epochs,total_time,average_cpu,average_ram,reward_mean,reward_mean_step,early_reward_mean,early_reward_mean_step,final_reward_mean,final_reward_mean_step,best_reward,best_reward_step,step_interval,p_loss_mean,p_loss_mean_step,v_loss_mean,v_loss_mean_step,entropy_mean,entropy_mean_step,threshold_value,steps_to_threshold,time_to_threshold,threshold_version,run_reached_threshold,notes,p_reach,pred_reach,pred_steps_to_threshold_cond,pred_time_to_threshold_cond,expected_steps
R_AK_3DBall_2016,3DBall,2016,12.0,ppo,500000,37,6965,0.0002425029553758,3.0,301,47.2,83.8,21.4713,12000,1.6011,12000,97.7357,442000,100.0,96000,480000,0.1278,12000,1.1384,12000,1.3786,12000,2.5657600000000005,36000.0,15.1,2025-11-21_09-33,1,,0.9999836906495998,1,36537.297132079584,17.135705178162247,36544.85590769808
R_AK_3DBall_2230,3DBall,2230,12.0,ppo,500000,96,18170,0.0008613651931387,3.0,241,43.9,84.2,1.5566,12000,1.1479,12000,100.0,442000,100.0,180000,480000,0.0841,24000,0.2366,24000,1.4128,12000,2.5657600000000005,72000.0,30.1,2025-11-21_09-33,1,,0.9996751660216939,1,70705.87859750206,31.5205909311561,70845.32791482063
R_LN_3DBall_3757,3DBall,3757,12.0,ppo,200000,47,8982,0.0004713254389206,3.0,204,42.7,51.5,9.2054,12000,1.4754,12000,95.7246,142000,100.0,96000,180000,0.1171,12000,1.016,12000,1.3849,12000,2.5657600000000005,36000.0,27.1,2025-11-21_09-33,1,,0.9980949692078636,1,42345.70071470042,32.61659832772727,42646.03700935161
R_LN_3DBall_3980,3DBall,3980,12.0,ppo,200000,122,23009,0.0003262297461802,3.0,174,43.9,60.5,1.3225,12000,1.1602,12000,25.2486,142000,49.3131,192000,180000,0.0707,24000,0.2195,24000,1.414,12000,2.5657600000000005,84000.0,69.8,2025-11-21_09-33,1,,0.8917411468953296,1,94555.08824233718,79.11762267883093,105970.43345494493
R_LN_3DBall_4549,3DBall,4549,12.0,ppo,200000,119,22472,0.0003944249278639,3.0,171,44.7,64.8,1.4512,12000,1.1328,12000,39.4894,142000,75.825,192000,180000,0.0745,24000,0.2818,24000,1.4119,12000,2.5657600000000005,84000.0,68.5,2025-11-21_09-33,1,,0.9495631805476016,1,91655.33516941365,67.90014963195928,97119.89546810456
R_LN_3DBall_3589,3DBall,3589,12.0,ppo,200000,144,27017,0.0002132276741184,3.0,198,42.8,63.0,1.288,12000,1.1225,12000,20.0951,142000,29.3564,192000,180000,0.0678,36000,0.2699,36000,1.4146,12000,2.5657600000000005,96000.0,92.3,2025-11-21_09-33,1,,0.27633070066639964,0,106533.08443932797,103.13204175835946,174172.22173399228
C_LF_3DBall_109,3DBall,109,12.0,ppo,500000,64,12000,0.0003,3.0,804,23.4,53.4,2.7621,12000,1.2474,12000,98.5046,442000,100.0,120000,480000,0.0984,24000,0.7388,24000,1.4039,12000,2.5657600000000005,48000.0,60.3,2025-11-21_09-33,1,,0.5053297845892588,1,54958.345507000835,40.910669038243704,275107.1966018054
R_AP_3DBall_1326,3DBall,1326,12.0,ppo,500000,180,33888,0.0004100721181845,3.0,413,62.9,89.9,1.1993,12000,1.0953,12000,100.0,442000,100.0,288000,480000,0.0593,36000,0.1635,36000,1.4144,12000,2.5657600000000005,108000.0,82.6,2025-11-21_09-33,1,,0.8451516074826322,1,125674.16825205504,82.1902567118095,183637.92157595098
R_AK_3DBall_2457,3DBall,2457,12.0,ppo,500000,67,12633,0.0001820929070742,3.0,244,46.0,83.9,1.7145,12000,1.1333,12000,100.0,442000,100.0,132000,480000,0.0964,24000,0.4227,24000,1.4109,12000,2.5657600000000005,60000.0,24.4,2025-11-21_09-33,1,,0.9908292612315777,1,68492.67320644746,32.382225689125036,72449.91417713139
R_LN_3DBall_3792,3DBall,3792,12.0,ppo,200000,88,16574,0.0001206152822961,3.0,203,42.2,51.4,1.6504,12000,1.1809,12000,88.0708,142000,98.4,180000,180000,0.0818,24000,0.4083,24000,1.4094,12000,2.5657600000000005,60000.0,54.0,2025-11-21_09-33,1,,0.6918503640962529,1,77369.84501536158,67.84735262342629,115158.28262469798
R_LN_3DBall_3599,3DBall,3599,12.0,ppo,200000,156,29377,4.024666441601544e-05,3.0,183,44.0,62.6,1.1309,12000,1.0798,12000,1.5146,142000,1.5601,180000,180000,0.0633,36000,0.3885,36000,1.4181,12000,2.5657600000000005,,,2025-11-21_09-33,0,,0.015312899733951774,0,121823.36323202215,121.72590170729985,198802.8889996344
R_AK_3DBall_2416,3DBall,2416,12.0,ppo,500000,79,14907,0.0008133755171059,3.0,216,26.5,83.0,1.9121,12000,1.2097,12000,100.0,442000,100.0,132000,480000,0.0858,24000,0.4019,24000,1.3967,12000,2.5657600000000005,60000.0,21.6,2025-11-21_09-33,1,,0.9999588972276502,1,57366.45318322483,24.988006226689915,57384.64664913403
R_AP_3DBall_1030,3DBall,1030,12.0,ppo,500000,185,34777,0.0002207183961895,3.0,502,64.8,87.6,1.2446,12000,1.1231,12000,100.0,442000,100.0,264000,480000,0.0603,36000,0.1791,36000,1.4183,12000,2.5657600000000005,108000.0,100.3,2025-11-21_09-33,1,,0.5300659342337684,1,133588.6790686681,95.32870575216207,305777.8408567044
R_LN_3DBall_4023,3DBall,4023,12.0,ppo,200000,165,31000,0.0002989138907418,3.0,175,43.9,61.8,1.2486,12000,1.1497,12000,6.4954,142000,8.5488,192000,180000,0.0595,36000,0.2007,36000,1.416,12000,2.5657600000000005,108000.0,93.5,2025-11-21_09-33,1,,0.7144328554226024,1,118443.32199911636,104.17887499758763,141733.22965704696
R_LN_3DBall_4546,3DBall,4546,12.0,ppo,200000,105,19822,0.0004946130466276,3.0,177,44.2,64.7,1.4887,12000,1.1978,12000,64.3004,142000,95.3917,192000,180000,0.0788,24000,0.2434,24000,1.411,12000,2.5657600000000005,72000.0,59.1,2025-11-21_09-33,1,,0.9952585902148672,1,80949.39271584214,57.27068368886483,81513.86043014526
R_AP_3DBall_1073,3DBall,1073,12.0,ppo,500000,113,21351,0.0001373622497126,3.0,470,67.0,88.3,1.4394,12000,1.1575,12000,100.0,442000,100.0,192000,480000,0.0743,24000,0.2607,24000,1.4134,12000,2.5657600000000005,84000.0,70.5,2025-11-21_09-33,1,,0.867145049877781,1,91352.4074502589,59.96751390704246,145643.26297601964
R_LN_3DBall_4622,3DBall,4622,12.0,ppo,200000,131,24699,0.0001420823556016,3.0,181,44.9,65.1,1.3642,12000,1.1481,12000,13.028,142000,23.8388,192000,180000,0.0697,36000,0.2938,36000,1.4188,12000,2.5657600000000005,108000.0,96.3,2025-11-21_09-33,1,,0.7765077542300632,1,104921.02526755427,79.49328809072583,126170.43885601163
R_AK_3DBall_2171,3DBall,2171,12.0,ppo,500000,37,7059,0.0007070081115114,3.0,277,45.2,83.6,27.1119,12000,1.5219,12000,98.6831,442000,100.0,168000,480000,0.131,12000,0.8317,12000,1.3574,12000,2.5657600000000005,36000.0,13.9,2025-11-21_09-33,1,,0.9999999462106122,1,34271.92193793723,15.36279190770371,34271.946989165444
R_LN_3DBall_4598,3DBall,4598,12.0,ppo,200000,83,15711,0.0008880366218291,3.0,179,44.1,65.5,2.264,12000,1.2202,12000,96.8689,142000,100.0,180000,180000,0.0887,24000,0.6256,24000,1.3887,12000,2.5657600000000005,60000.0,47.8,2025-11-21_09-33,1,,0.9991585936076534,1,55409.83682211109,36.935605694330036,55531.49590967941
R_LN_3DBall_3102,3DBall,3102,12.0,ppo,100000,126,23689,0.0004299644608964,3.0,94,40.9,55.8,1.2832,12000,1.1298,12000,1.6913,46000,1.9984,96000,84000,0.0709,24000,0.2598,24000,1.4186,12000,2.5657600000000005,,,2025-11-21_09-33,0,,0.029671471861288996,0,94099.82442615466,124.20294063604456,99824.93310648398
R_AP_3DBall_1153,3DBall,1153,12.0,ppo,500000,70,13235,0.0004331918140957,3.0,449,53.2,88.6,1.5395,12000,1.2238,12000,100.0,442000,100.0,144000,480000,0.0955,24000,0.4017,24000,1.402,12000,2.5657600000000005,72000.0,56.2,2025-11-21_09-33,1,,0.9961124973352272,1,61247.36027140741,36.26308806708469,62953.012327528406
R_AK_3DBall_2670,3DBall,2670,12.0,ppo,500000,173,32441,0.0007653795800904,3.0,214,32.3,84.3,1.1933,12000,1.1154,12000,100.0,442000,100.0,276000,480000,0.0618,36000,0.1847,36000,1.4152,12000,2.5657600000000005,108000.0,42.7,2025-11-21_09-33,1,,0.998569675925448,1,106900.13155218189,49.57982014968186,107462.39175772603
R_AK_3DBall_2339,3DBall,2339,12.0,ppo,500000,78,14733,0.000542304506617,3.0,231,41.1,83.8,1.8908,12000,1.2546,12000,97.9877,442000,100.0,132000,480000,0.0895,24000,0.3922,24000,1.3996,12000,2.5657600000000005,60000.0,23.1,2025-11-21_09-33,1,,0.9999243965003622,1,61177.360558119995,27.882698530939205,61210.53708538208
R_LN_3DBall_3652,3DBall,3652,12.0,ppo,200000,43,8221,5.56116893512305e-05,3.0,209,43.7,66.6,1.3184,12000,1.1443,12000,15.541,142000,22.7529,192000,180000,0.1216,12000,0.4071,12000,1.414,12000,2.5657600000000005,96000.0,97.8,2025-11-21_09-33,1,,0.5355114735922156,1,66958.78004386718,57.919415675377685,128754.90025278523
R_AK_3DBall_2638,3DBall,2638,12.0,ppo,500000,171,32227,4.3715300418814754e-05,3.0,241,45.2,84.5,1.2688,12000,1.1669,12000,99.3339,442000,100.0,336000,480000,0.0612,36000,0.2758,36000,1.4181,12000,2.5657600000000005,120000.0,54.2,2025-11-21_09-33,1,,0.9684721672119492,1,128511.90006585378,65.52712471445088,140224.11476332825
R_LN_3DBall_3489,3DBall,3489,12.0,ppo,200000,110,20746,0.0003925827187383,3.0,186,51.3,69.0,1.215,12000,1.1395,12000,11.8101,142000,19.1102,180000,180000,0.0774,24000,0.3668,24000,1.4178,12000,2.5657600000000005,108000.0,99.2,2025-11-21_09-33,1,,0.35988728220720906,0,85964.78585352919,77.26586530530484,158960.17670490957
R_LN_3DBall_3408,3DBall,3408,12.0,ppo,100000,157,29584,0.000419293404464,3.0,121,55.7,62.4,1.2241,12000,1.1024,12000,1.6937,46000,2.0691,96000,84000,0.0629,36000,0.1596,36000,1.4149,12000,2.5657600000000005,,,2025-11-21_09-33,0,,0.060295961911248176,0,115482.71683098143,150.06877444716517,100933.5453043235
R_AP_3DBall_1033,3DBall,1033,12.0,ppo,500000,85,16061,0.0007632299227501,3.0,487,65.3,88.4,1.9793,12000,1.1806,12000,97.0185,442000,100.0,180000,480000,0.09,24000,0.5126,24000,1.395,12000,2.5657600000000005,60000.0,48.7,2025-11-21_09-33,1,,0.9947458891707319,1,58890.030320146165,35.24713468568515,61207.6709887392
R_LN_3DBall_3105,3DBall,3105,12.0,ppo,100000,74,13941,0.0004204416050925,3.0,98,40.5,55.9,1.3938,12000,1.1732,12000,2.2718,46000,3.3443,96000,84000,0.0944,24000,0.321,24000,1.4053,12000,2.5657600000000005,84000.0,84.0,2025-11-21_09-33,1,,0.35196413963962375,0,67530.46230734259,86.37521723242335,88571.8871015075
R_LN_3DBall_3503,3DBall,3503,12.0,ppo,200000,47,8899,0.0007520783343786,3.0,200,48.2,68.5,10.8338,12000,1.4104,12000,93.4243,142000,100.0,120000,180000,0.1173,12000,1.1967,12000,1.368,12000,2.5657600000000005,36000.0,26.7,2025-11-21_09-33,1,,0.9969840400387435,1,35889.84334972699,29.654427675258052,36384.79301141974
R_LN_3DBall_3101,3DBall,3101,12.0,ppo,100000,79,14966,0.0007812447005863,3.0,95,40.6,55.7,1.7907,12000,1.1797,12000,6.5736,46000,12.6894,96000,84000,0.0899,24000,0.3391,24000,1.3977,12000,2.5657600000000005,60000.0,54.2,2025-11-21_09-33,1,,0.8227979627309003,1,62198.41516543962,75.81688875242978,68896.93301012443
R_LN_3DBall_3019,3DBall,3019,12.0,ppo,100000,68,12919,0.000329770812606,3.0,99,40.7,66.0,1.902,12000,1.1914,12000,6.8302,46000,15.4056,96000,84000,0.096,24000,0.504,24000,1.4072,12000,2.5657600000000005,60000.0,56.5,2025-11-21_09-33,1,,0.0756847108235369,0,65815.54359985997,84.59584783589399,97412.7593026956
R_LN_3DBall_4141,3DBall,4141,12.0,ppo,200000,158,29739,0.0001974430228263,3.0,193,44.0,60.6,1.2649,12000,1.1492,12000,15.3419,142000,30.9314,192000,180000,0.0613,36000,0.1732,36000,1.4172,12000,2.5657600000000005,96000.0,90.3,2025-11-21_09-33,1,,0.7355588000034493,1,120155.36246233125,103.36509308381395,141269.574226082
R_LN_3DBall_3671,3DBall,3671,12.0,ppo,200000,98,18546,0.0004958621603185,3.0,176,42.9,63.8,1.4883,12000,1.2056,12000,72.2826,142000,98.3083,192000,180000,0.0804,24000,0.2739,24000,1.4085,12000,2.5657600000000005,72000.0,58.6,2025-11-21_09-33,1,,0.9741929273509575,1,76855.3873453246,64.63219208791085,80033.389310442
R_LN_3DBall_3452,3DBall,3452,12.0,ppo,100000,105,19746,8.07570125394079e-05,3.0,102,43.2,66.4,1.2236,12000,1.1409,12000,1.4963,46000,1.767,96000,84000,0.0753,24000,0.2909,24000,1.4157,12000,2.5657600000000005,,,2025-11-21_09-33,0,,0.03156988952965892,0,90717.85213515018,116.25466254925904,99706.96361730873
R_AP_3DBall_1131,3DBall,1131,12.0,ppo,500000,58,10897,0.0004051674465986,3.0,508,61.9,87.1,6.4021,12000,1.3852,12000,99.125,442000,100.0,108000,480000,0.1028,12000,1.0444,12000,1.3703,12000,2.5657600000000005,36000.0,25.4,2025-11-21_09-33,1,,0.9986279941348093,1,41477.67943474622,25.400422689814356,42106.7747478826
R_LN_3DBall_4452,3DBall,4452,12.0,ppo,200000,159,29930,0.00026860655801,3.0,174,44.5,63.4,1.2232,12000,1.1705,12000,8.0644,142000,14.1588,192000,180000,0.0638,36000,0.1899,36000,1.4174,12000,2.5657600000000005,108000.0,93.1,2025-11-21_09-33,1,,0.9071563836063393,1,117700.77428006509,93.3702356648446,125341.73202230202
R_LN_3DBall_3945,3DBall,3945,12.0,ppo,200000,186,35013,0.0004223439158971,3.0,172,44.6,59.8,1.2009,12000,1.087,12000,4.1687,142000,5.5613,192000,180000,0.0563,36000,0.1875,36000,1.4185,12000,2.5657600000000005,132000.0,114.9,2025-11-21_09-33,1,,0.36260505134712623,0,135005.79652360396,121.36100712561567,176432.77351117585
R_LN_3DBall_4199,3DBall,4199,12.0,ppo,200000,165,31070,0.0008457111911666,3.0,172,43.5,61.5,1.3486,12000,1.1603,12000,16.1223,142000,23.9261,192000,180000,0.0615,36000,0.1999,36000,1.4096,12000,2.5657600000000005,84000.0,68.9,2025-11-21_09-33,1,,0.9890291010310783,1,102000.71358413874,79.2367237571593,103075.85385443358
R_LN_3DBall_3476,3DBall,3476,12.0,ppo,200000,149,28072,0.0004649043657011,3.0,177,46.4,68.2,1.1721,12000,1.1471,12000,3.9472,142000,5.1057,192000,180000,0.0631,36000,0.2806,36000,1.4197,12000,2.5657600000000005,144000.0,129.7,2025-11-21_09-33,1,,0.38537327586845516,0,105360.14189247707,97.17852884760728,163528.3278533781
R_LN_3DBall_3456,3DBall,3456,12.0,ppo,100000,78,14788,0.0006589550132971,3.0,98,42.4,63.0,1.4519,12000,1.1933,12000,2.8358,46000,4.3377,96000,84000,0.0934,24000,0.2719,24000,1.405,12000,2.5657600000000005,72000.0,70.0,2025-11-21_09-33,1,,0.8764995270462045,1,66552.3952737644,75.2563581811266,70683.1902766261
R_AP_3DBall_1360,3DBall,1360,12.0,ppo,500000,35,6571,0.000701015301124,3.0,560,61.8,89.8,25.9487,12000,1.7559,12000,100.0,442000,100.0,108000,480000,0.1356,12000,1.0285,12000,1.3351,12000,2.5657600000000005,36000.0,28.0,2025-11-21_09-33,1,,0.9999999982066929,1,26611.63991572163,14.116355621760766,26611.640764652315
R_LN_3DBall_3952,3DBall,3952,12.0,ppo,200000,181,33967,0.0001731977969654,3.0,177,44.2,62.0,1.1114,12000,1.0925,12000,1.3068,142000,1.3341,180000,180000,0.0598,36000,0.4959,36000,1.4185,12000,2.5657600000000005,,,2025-11-21_09-33,0,,0.017090998925143285,0,127514.04423315763,119.71327270837813,198761.1426079009
R_LN_3DBall_4466,3DBall,4466,12.0,ppo,200000,51,9706,0.0004139506134917,3.0,227,44.5,63.9,6.0448,12000,1.4638,12000,98.3,142000,100.0,156000,180000,0.1113,12000,0.9122,12000,1.3666,12000,2.5657600000000005,36000.0,30.2,2025-11-21_09-33,1,,0.9999627288172325,1,42293.96071186413,30.13580445427123,42299.83860247798
R_LN_3DBall_3107,3DBall,3107,12.0,ppo,100000,43,8233,0.0004448842872104,3.0,103,39.9,55.8,2.3331,12000,1.2112,12000,21.3822,46000,61.55,96000,84000,0.1198,12000,0.557,12000,1.3991,12000,2.5657600000000005,48000.0,44.2,2025-11-21_09-33,1,,0.4020166291844658,0,54292.98828015074,66.64697462470657,81625.02121829134
R_AP_3DBall_1040,3DBall,1040,12.0,ppo,500000,151,28369,0.0002175733633558,3.0,432,65.4,87.9,1.2462,12000,1.0976,12000,99.4667,442000,100.0,276000,480000,0.0688,36000,0.1903,36000,1.4162,12000,2.5657600000000005,96000.0,75.6,2025-11-21_09-33,1,,0.6191399576597164,1,111590.08723940892,77.65067654597391,259519.90305879348
R_AK_3DBall_2507,3DBall,2507,12.0,ppo,500000,169,31864,0.0002533006310968,3.0,232,43.5,82.1,1.2096,12000,1.0996,12000,99.3917,442000,100.0,300000,480000,0.0625,36000,0.1716,36000,1.415,12000,2.5657600000000005,108000.0,46.4,2025-11-21_09-33,1,,0.9814332993266964,1,125765.37937671482,65.04912510628452,132713.6815594147
R_AK_3DBall_2030,3DBall,2030,12.0,ppo,500000,143,26958,0.0003023239085524,3.0,223,40.0,83.3,1.3285,12000,1.1306,12000,100.0,442000,100.0,192000,480000,0.0668,36000,0.2587,36000,1.4126,12000,2.5657600000000005,96000.0,39.0,2025-11-21_09-33,1,,0.9761091756148095,1,103130.21127608004,56.53383713234342,112611.75770227087
R_LN_3DBall_4459,3DBall,4459,12.0,ppo,200000,124,23392,0.0007611693199451,3.0,182,44.5,63.8,1.3335,12000,1.0882,12000,49.2501,142000,77.4467,192000,180000,0.0719,24000,0.2145,24000,1.4056,12000,2.5657600000000005,84000.0,72.7,2025-11-21_09-33,1,,0.9892802509701814,1,86018.28553318995,63.10558525044064,87240.1409062626
R_LN_3DBall_3168,3DBall,3168,12.0,ppo,100000,109,20472,0.0005361638435031,3.0,93,40.1,57.6,1.1876,12000,1.0969,12000,1.5438,46000,1.942,96000,84000,0.0764,24000,0.203,24000,1.4141,12000,2.5657600000000005,,,2025-11-21_09-33,0,,0.100843826539976,0,84380.51585153506,108.44293521295718,98424.8714498883
R_AK_3DBall_2022,3DBall,2022,12.0,ppo,500000,151,28406,0.0006294342313035,3.0,213,28.2,84.4,1.2271,12000,1.0818,12000,100.0,442000,100.0,264000,480000,0.0681,36000,0.1872,36000,1.4123,12000,2.5657600000000005,96000.0,37.2,2025-11-21_09-33,1,,0.9900198987299048,1,101108.63583467467,53.984973980813265,105089.61204481103
R_AK_3DBall_2086,3DBall,2086,12.0,ppo,500000,110,20807,0.0006263614697653,3.0,223,39.7,83.5,1.5063,12000,1.1517,12000,100.0,442000,100.0,192000,480000,0.0772,24000,0.274,24000,1.4076,12000,2.5657600000000005,72000.0,27.9,2025-11-21_09-33,1,,0.9987871163762395,1,78577.5989257147,38.755126445385756,79088.73525466352
R_LN_3DBall_4216,3DBall,4216,12.0,ppo,200000,191,35962,0.0007063999445445,3.0,172,43.6,61.1,1.2329,12000,1.166,12000,4.3935,142000,6.4044,192000,180000,0.0566,36000,0.2032,36000,1.4152,12000,2.5657600000000005,132000.0,114.3,2025-11-21_09-33,1,,0.947814799752875,1,123366.68800020867,99.07659727691866,127365.81273251818
R_AK_3DBall_2250,3DBall,2250,12.0,ppo,500000,75,14124,0.0005663518105335,3.0,270,45.9,83.5,1.9104,12000,1.1588,12000,97.4686,442000,100.0,144000,480000,0.091,24000,0.6707,24000,1.3885,12000,2.5657600000000005,60000.0,27.0,2025-11-21_09-33,1,,0.9982348862460766,1,55704.19456825645,27.1670627194305,56488.4272052345
R_AK_3DBall_2134,3DBall,2134,12.0,ppo,500000,67,12647,0.0004240715132033,3.0,222,32.9,84.4,1.442,12000,1.1461,12000,100.0,442000,100.0,180000,480000,0.0973,24000,0.3137,24000,1.4035,12000,2.5657600000000005,72000.0,27.7,2025-11-21_09-33,1,,0.999032354991974,1,64079.136205483635,31.52382127935126,64500.952853228795
R_LN_3DBall_3830,3DBall,3830,12.0,ppo,200000,174,32666,0.0005136289126699,3.0,177,43.0,52.2,1.2159,12000,1.1332,12000,3.2783,142000,4.2147,192000,180000,0.0584,36000,0.3514,36000,1.4192,12000,2.5657600000000005,144000.0,130.1,2025-11-21_09-33,1,,0.30779575808593806,0,114611.18390278824,101.71026451386123,173717.68461729796
R_LN_3DBall_3932,3DBall,3932,12.0,ppo,200000,60,11412,0.0001760951840592,3.0,194,43.9,59.6,2.9912,12000,1.2935,12000,100.0,142000,100.0,120000,180000,0.1057,12000,0.7688,12000,1.4002,12000,2.5657600000000005,48000.0,38.9,2025-11-21_09-33,1,,0.8899436763386064,1,58280.25349614996,46.93054793474768,73877.40778658833
R_AK_3DBall_2559,3DBall,2559,12.0,ppo,500000,100,18911,0.000765870381118,3.0,217,25.8,81.5,1.4214,12000,1.1684,12000,100.0,442000,100.0,216000,480000,0.0835,24000,0.2774,24000,1.4121,12000,2.5657600000000005,72000.0,27.1,2025-11-21_09-33,1,,0.9997824218408761,1,72556.48418994411,30.779161853802048,72649.48656324351
R_LN_3DBall_3884,3DBall,3884,12.0,ppo,200000,130,24453,0.0006440463479344,3.0,206,52.8,58.2,1.348,12000,1.1002,12000,39.6176,142000,64.9556,192000,180000,0.0707,36000,0.2202,36000,1.4041,12000,2.5657600000000005,84000.0,82.3,2025-11-21_09-33,1,,0.9491671043149419,1,88746.97782851139,75.89654265469865,94402.29109920212
R_LN_3DBall_3356,3DBall,3356,12.0,ppo,100000,180,33907,0.0002200063923883,3.0,89,42.2,57.8,1.1811,12000,1.1251,12000,1.393,46000,1.5511,96000,84000,0.0579,36000,0.2631,36000,1.4167,12000,2.5657600000000005,,,2025-11-21_09-33,0,,0.007894371220245487,0,133584.21795942637,184.05289913390362,100265.12628371334
U_OE_3DBall_5,3DBall,5,12.0,sac,500000,64,200000,0.0003,,485,46.9,72.8,3.4459,12000,0.7054,12000,91.3264,442000,100.0,72000,480000,-2.532,12000,0.0104,12000,1.2119,12000,2.5657600000000005,60000.0,48.5,2025-11-21_09-33,1,,0.9911595834754,1,54543.57853255671,42.89654044690517,58481.59884188668
R_AP_3DBall_1205,3DBall,1205,12.0,ppo,500000,58,10898,0.0005229546877001,3.0,465,54.7,89.6,3.0785,12000,1.3201,12000,100.0,442000,100.0,144000,480000,0.1052,12000,0.6886,12000,1.38,12000,2.5657600000000005,48000.0,34.9,2025-11-21_09-33,1,,0.9996848082628382,1,46359.615480180015,27.318116265609245,46502.59918102355
R_LN_3DBall_3483,3DBall,3483,12.0,ppo,200000,32,6006,0.0003580660456115,3.0,220,47.9,68.0,13.4519,12000,1.2892,12000,100.0,142000,100.0,96000,180000,0.1403,12000,1.0983,12000,1.3678,12000,2.5657600000000005,36000.0,29.4,2025-11-21_09-33,1,,0.9555274994286673,1,39325.29330073897,36.214941914025,46470.89928622057
R_LN_3DBall_3005,3DBall,3005,12.0,ppo,100000,136,25613,0.0001363107718243,3.0,103,51.4,66.4,1.2169,12000,1.1441,12000,1.4594,46000,1.6575,96000,84000,0.0685,36000,0.2659,36000,1.4167,12000,2.5657600000000005,,,2025-11-21_09-33,0,,0.008929320943651339,0,106701.35587456397,152.4108146134378,100059.83855736161
R_LN_3DBall_3560,3DBall,3560,12.0,ppo,200000,47,8985,0.0005767524265494,3.0,197,43.1,62.1,5.6946,12000,1.3448,12000,100.0,142000,100.0,96000,180000,0.1152,12000,1.0789,12000,1.3713,12000,2.5657600000000005,48000.0,39.5,2025-11-21_09-33,1,,0.9899806662100679,1,40876.94009885904,34.5658029840893,42471.247149683935
R_LN_3DBall_4195,3DBall,4195,12.0,ppo,200000,145,27199,0.0002606313276096,3.0,177,44.3,62.6,1.2761,12000,1.1622,12000,4.7064,142000,6.0922,180000,180000,0.0658,36000,0.29,36000,1.4172,12000,2.5657600000000005,120000.0,106.5,2025-11-21_09-33,1,,0.7158318279317811,1,104642.2551701497,87.22956985913011,131739.8912109959
R_LN_3DBall_3110,3DBall,3110,12.0,ppo,100000,111,20970,0.0008499772608148,3.0,103,39.9,56.2,1.4823,12000,1.1807,12000,2.7638,46000,4.4433,96000,84000,0.076,24000,0.2688,24000,1.4056,12000,2.5657600000000005,72000.0,73.5,2025-11-21_09-33,1,,0.7130359958252863,1,74801.89866695329,91.16376761999106,82032.84672308457
R_LN_3DBall_3988,3DBall,3988,12.0,ppo,200000,45,8492,0.000248836439412,3.0,234,43.7,61.0,11.5683,12000,1.4694,12000,97.88,142000,100.0,144000,180000,0.1203,12000,1.3551,12000,1.3837,12000,2.5657600000000005,36000.0,31.2,2025-11-21_09-33,1,,0.9514925165827045,1,40091.23708006807,30.93902474853621,47848.00874568691
R_LN_3DBall_3915,3DBall,3915,12.0,ppo,200000,75,14248,0.0003234854397079,3.0,184,46.6,62.0,1.3895,12000,1.1124,12000,85.2138,142000,98.9667,168000,180000,0.0924,24000,0.3301,24000,1.4091,12000,2.5657600000000005,72000.0,61.5,2025-11-21_09-33,1,,0.8367696022699188,1,74152.63872858064,60.94711701514621,94694.75356219563
R_AK_3DBall_2042,3DBall,2042,12.0,ppo,500000,163,30571,0.0006811453503469,3.0,210,26.9,82.5,1.183,12000,1.1118,12000,100.0,442000,100.0,276000,480000,0.0614,36000,0.1905,36000,1.4129,12000,2.5657600000000005,108000.0,41.9,2025-11-21_09-33,1,,0.9937582157472007,1,102551.58563707295,54.642974341868594,105032.37289114352
R_AP_3DBall_1149,3DBall,1149,12.0,ppo,500000,62,11729,0.0003254434121825,3.0,579,60.9,88.2,4.0924,12000,1.2219,12000,99.4881,442000,100.0,132000,480000,0.1016,12000,0.9504,12000,1.3927,12000,2.5657600000000005,48000.0,43.5,2025-11-21_09-33,1,,0.8096748976468745,1,51860.321362015726,31.64770758347502,137152.55156728684
R_AP_3DBall_1158,3DBall,1158,12.0,ppo,500000,156,29358,0.0007151250854814,3.0,395,50.6,90.8,1.1593,12000,1.0816,12000,98.4831,442000,100.0,276000,480000,0.0656,36000,0.2048,36000,1.4153,12000,2.5657600000000005,108000.0,79.0,2025-11-21_09-33,1,,0.9136868064021879,1,101703.39388391115,63.661599083283036,136081.64595696062
R_LN_3DBall_3296,3DBall,3296,12.0,ppo,100000,113,21298,0.0001074673681175,3.0,94,42.8,57.6,1.2771,12000,1.1523,12000,1.7534,46000,2.3051,96000,84000,0.0742,24000,0.251,24000,1.4166,12000,2.5657600000000005,,,2025-11-21_09-33,0,,0.033452486953543095,0,95679.11829674245,125.90431893336454,99855.45576119397
R_LN_3DBall_3222,3DBall,3222,12.0,ppo,100000,67,12628,0.0003898014945286,3.0,110,42.2,57.0,2.8385,12000,1.2974,12000,24.4636,46000,73.4824,96000,84000,0.0956,24000,0.8902,24000,1.3909,12000,2.5657600000000005,48000.0,47.2,2025-11-21_09-33,1,,0.20947801291891868,0,52296.01089005178,65.05966065417616,90007.06315294231
R_LN_3DBall_4359,3DBall,4359,12.0,ppo,200000,108,20377,0.0008280480489802,3.0,175,45.4,63.9,1.4472,12000,1.1166,12000,79.8254,142000,100.0,180000,180000,0.0769,24000,0.2459,24000,1.4047,12000,2.5657600000000005,72000.0,58.4,2025-11-21_09-33,1,,0.9950012631669328,1,75930.57264793714,54.91594697604652,76550.76306429945
R_AK_3DBall_2451,3DBall,2451,12.0,ppo,500000,169,31828,0.0008079326070225,3.0,213,34.0,84.2,1.1802,12000,1.1199,12000,100.0,442000,100.0,300000,480000,0.061,36000,0.2107,36000,1.4162,12000,2.5657600000000005,108000.0,42.6,2025-11-21_09-33,1,,0.9976471269793608,1,106252.39063525552,50.019872839103876,107178.82876227102
R_AP_3DBall_1095,3DBall,1095,12.0,ppo,500000,134,25143,0.0005315065107612,3.0,433,65.7,89.3,1.471,12000,1.1292,12000,100.0,442000,100.0,192000,480000,0.0696,36000,0.3445,36000,1.4059,12000,2.5657600000000005,84000.0,64.9,2025-11-21_09-33,1,,0.9327254969161543,1,85827.21251491671,55.83912871250501,113690.48098382693
R_LN_3DBall_4512,3DBall,4512,12.0,ppo,200000,58,10991,0.0004470914513555,3.0,199,45.7,65.1,3.6034,12000,1.3079,12000,97.0624,142000,100.0,120000,180000,0.104,12000,0.8248,12000,1.3892,12000,2.5657600000000005,48000.0,39.8,2025-11-21_09-33,1,,0.9961476599291118,1,50423.46419930724,35.15731506654823,50999.68388183689
R_AK_3DBall_2035,3DBall,2035,12.0,ppo,500000,130,24443,9.525935843945289e-05,3.0,216,32.0,84.0,1.1905,12000,1.1643,12000,98.5216,442000,100.0,324000,480000,0.0717,36000,0.3139,36000,1.4155,12000,2.5657600000000005,156000.0,64.7,2025-11-21_09-33,1,,0.953161205782911,1,98457.576691662,54.559717189950895,117265.33962643251
C_OE_3DBall_9,3DBall,9,12.0,ppo,500000,64,12000,0.0003,3.0,278,43.6,71.9,2.5287,12000,1.1888,12000,100.0,442000,100.0,108000,480000,0.099,24000,0.6306,24000,1.3947,12000,,,,,0,,0.6419547659468297,1,55953.08119716981,44.38128167136935,214941.96417051827
R_AK_3DBall_2234,3DBall,2234,12.0,ppo,500000,141,26509,0.0006643152324434,3.0,242,42.4,82.3,1.3699,12000,1.1052,12000,98.5092,442000,100.0,204000,480000,0.0703,36000,0.311,36000,1.4043,12000,2.5657600000000005,84000.0,36.3,2025-11-21_09-33,1,,0.9965854130805244,1,88911.2326982669,45.30721001179694,90314.93102583876
R_LN_3DBall_3087,3DBall,3087,12.0,ppo,100000,140,26400,0.0001335590422328,3.0,91,42.2,55.8,1.2189,12000,1.1048,12000,1.4685,46000,1.7037,96000,84000,0.0639,36000,0.3041,36000,1.4178,12000,2.5657600000000005,,,2025-11-21_09-33,0,,0.0028577436059735333,0,110970.9611700539,157.02301940696566,100031.3521941351
R_AP_3DBall_1346,3DBall,1346,12.0,ppo,500000,164,30925,0.0004654366399586,3.0,432,62.1,88.3,1.3023,12000,1.1532,12000,97.2926,442000,100.0,228000,480000,0.0633,36000,0.1704,36000,1.4134,12000,2.5657600000000005,96000.0,75.6,2025-11-21_09-33,1,,0.970459406273034,1,111908.34697649162,69.67287628140664,123372.80482728576
R_AP_3DBall_1330,3DBall,1330,12.0,ppo,500000,112,21009,0.0005978012901119,3.0,430,62.2,89.1,1.5436,12000,1.1661,12000,100.0,442000,100.0,168000,480000,0.075,24000,0.2695,24000,1.4066,12000,2.5657600000000005,72000.0,53.7,2025-11-21_09-33,1,,0.9946070604231049,1,75647.16495255161,44.64256521768919,77935.67415124664
R_LN_3DBall_4075,3DBall,4075,12.0,ppo,200000,186,34884,0.0006867642652142,3.0,171,43.9,61.9,1.2191,12000,1.1349,12000,5.9634,142000,9.3548,192000,180000,0.0587,36000,0.1857,36000,1.4182,12000,2.5657600000000005,120000.0,102.4,2025-11-21_09-33,1,,0.8610417442252937,1,119999.81941267653,100.40151549564712,131116.5049687525
R_LN_3DBall_3253,3DBall,3253,12.0,ppo,100000,126,23770,0.0003654632592948,3.0,95,40.4,57.9,1.2057,12000,1.0835,12000,1.5025,46000,1.7908,96000,84000,0.0705,24000,0.2294,24000,1.4151,12000,2.5657600000000005,,,2025-11-21_09-33,0,,0.024914777692068707,0,99054.47566285833,130.0259959749614,99976.44247133766
R_LN_3DBall_3957,3DBall,3957,12.0,ppo,200000,66,12494,0.0006330709078114,3.0,184,43.8,59.4,2.376,12000,1.2477,12000,99.1139,142000,100.0,156000,180000,0.0977,24000,0.674,24000,1.4037,12000,2.5657600000000005,48000.0,36.7,2025-11-21_09-33,1,,0.9687260706841487,1,55352.67863065135,41.37690641785416,59876.36873488359
R_LN_3DBall_3752,3DBall,3752,12.0,ppo,200000,121,22794,0.000191738238538,3.0,182,42.8,51.6,1.3478,12000,1.1023,12000,34.6737,142000,64.5222,192000,180000,0.0736,24000,0.235,24000,1.414,12000,2.5657600000000005,84000.0,72.9,2025-11-21_09-33,1,,0.44886380843334145,0,98807.8049072079,90.32424128660114,154578.48592691967
R_LN_3DBall_4440,3DBall,4440,12.0,ppo,200000,54,10242,0.0002793666768174,3.0,200,44.1,63.8,4.1461,12000,1.3261,12000,91.4755,142000,100.0,96000,180000,0.1085,12000,0.7174,12000,1.3887,12000,2.5657600000000005,48000.0,39.9,2025-11-21_09-33,1,,0.9978658431961436,1,52529.1949641646,38.10592843369056,52843.92078610201
R_LN_3DBall_4227,3DBall,4227,12.0,ppo,200000,32,6131,0.0003358408438226,3.0,216,44.0,61.2,17.9936,12000,1.5335,12000,100.0,142000,100.0,108000,180000,0.1436,12000,1.2157,12000,1.3724,12000,2.5657600000000005,36000.0,28.8,2025-11-21_09-33,1,,0.9996526480044412,1,36711.01610081646,26.438933202637077,36767.734855226605
R_AP_3DBall_1214,3DBall,1214,12.0,ppo,500000,189,35489,0.0001623858522957,3.0,421,62.2,87.7,1.215,12000,1.1228,12000,100.0,442000,100.0,372000,480000,0.0587,36000,0.1734,36000,1.4145,12000,2.5657600000000005,120000.0,94.6,2025-11-21_09-33,1,,0.6608001757919607,1,135795.92043346312,96.03531449874164,259333.88019828318
R_AK_3DBall_2351,3DBall,2351,12.0,ppo,500000,150,28302,6.220353589468255e-05,3.0,222,37.2,82.6,1.1665,12000,1.1378,12000,98.0587,442000,100.0,384000,480000,0.0661,36000,0.3268,36000,1.4169,12000,2.5657600000000005,156000.0,66.5,2025-11-21_09-33,1,,0.9167771454882482,1,114537.57571455416,60.80770745588094,146616.85897060897
R_AK_3DBall_2527,3DBall,2527,12.0,ppo,500000,146,27432,0.0008515016538806,3.0,229,43.9,84.7,1.3508,12000,1.1271,12000,100.0,442000,100.0,228000,480000,0.0665,36000,0.2761,36000,1.4121,12000,2.5657600000000005,96000.0,40.0,2025-11-21_09-33,1,,0.9989957167308007,1,88745.61313647553,40.313310797263334,89158.62903658739
R_AP_3DBall_1161,3DBall,1161,12.0,ppo,500000,146,27460,0.0008615314322983,3.0,401,55.6,89.3,1.3307,12000,1.1202,12000,100.0,442000,100.0,240000,480000,0.0652,36000,0.2639,36000,1.4036,12000,2.5657600000000005,96000.0,70.2,2025-11-21_09-33,1,,0.9906380856314986,1,86240.78147654295,53.06444706768401,90114.35984953762
R_AK_3DBall_2680,3DBall,2680,12.0,ppo,500000,57,10694,0.0002311598864982,3.0,226,34.8,84.4,1.8693,12000,1.1406,12000,100.0,442000,100.0,132000,480000,0.1045,12000,0.3771,12000,1.402,12000,2.5657600000000005,60000.0,22.6,2025-11-21_09-33,1,,0.999209291745777,1,62216.1909790391,28.31161929502047,62562.35025039716
R_LN_3DBall_3528,3DBall,3528,12.0,ppo,200000,144,27101,0.0002226495688328,3.0,182,43.1,66.4,1.3137,12000,1.1519,12000,14.7284,142000,26.2091,192000,180000,0.0682,36000,0.2484,36000,1.4119,12000,2.5657600000000005,96000.0,85.0,2025-11-21_09-33,1,,0.49777235265330105,0,106673.9421701983,103.5234723188601,153544.86863020156
R_LN_3DBall_3961,3DBall,3961,12.0,ppo,200000,186,34949,0.0007195302443852,3.0,173,43.8,60.5,1.2066,12000,1.1242,12000,6.4252,142000,9.9726,192000,180000,0.061,36000,0.1605,36000,1.4171,12000,2.5657600000000005,120000.0,103.6,2025-11-21_09-33,1,,0.8629638035425115,1,121709.60704590508,103.70060737399412,132438.2247154964
R_LN_3DBall_3889,3DBall,3889,12.0,ppo,200000,41,7778,0.0002959698301658,3.0,198,44.2,59.8,7.1786,12000,1.3839,12000,99.0333,142000,100.0,156000,180000,0.1271,12000,1.3014,12000,1.4067,12000,2.5657600000000005,36000.0,26.5,2025-11-21_09-33,1,,0.35278876156312033,0,44411.48406902632,33.213910905741685,145110.12015126797
R_LN_3DBall_3325,3DBall,3325,12.0,ppo,100000,147,27645,0.0008742913927587,3.0,94,40.8,57.6,1.2675,12000,1.0641,12000,1.8958,46000,2.7977,96000,84000,0.0656,36000,0.2111,36000,1.4134,12000,2.5657600000000005,96000.0,94.0,2025-11-21_09-33,1,,0.13255433066214795,0,95776.65221716519,117.94596333889103,99440.17696149286
R_AP_3DBall_1238,3DBall,1238,12.0,ppo,500000,54,10274,0.0002657471626883,3.0,496,61.4,89.1,3.113,12000,1.2249,12000,100.0,442000,100.0,96000,480000,0.1109,12000,0.5461,12000,1.3929,12000,2.5657600000000005,48000.0,37.2,2025-11-21_09-33,1,,0.9944718004767639,1,56314.71331831044,33.857793253346166,58767.49410861104
R_AK_3DBall_2141,3DBall,2141,12.0,ppo,500000,101,19108,0.0002081320060876,3.0,236,41.4,83.9,1.4512,12000,1.1418,12000,100.0,442000,100.0,168000,480000,0.0819,24000,0.2372,24000,1.4162,12000,2.5657600000000005,72000.0,29.5,2025-11-21_09-33,1,,0.9892356707962527,1,87167.73996445576,44.548286289806,91611.60231740536
R_AP_3DBall_1083,3DBall,1083,12.0,ppo,500000,38,7220,0.0006634007524249,3.0,557,65.0,88.9,24.9661,12000,1.6494,12000,89.5343,442000,100.0,108000,480000,0.1301,12000,0.8351,12000,1.3631,12000,2.5657600000000005,36000.0,27.9,2025-11-21_09-33,1,,0.9999998706733827,1,33199.21613529223,18.036491487647222,33199.27650505856
R_LN_3DBall_3079,3DBall,3079,12.0,ppo,100000,180,33782,0.0003239766521905,3.0,89,41.0,56.2,1.165,12000,1.1338,12000,1.204,46000,1.2804,96000,84000,0.0595,36000,0.4144,36000,1.4203,12000,2.5657600000000005,,,2025-11-21_09-33,0,,0.0013884069346959866,0,122821.4924249224,175.7457406125363,100031.68551834287
R_AP_3DBall_1296,3DBall,1296,12.0,ppo,500000,60,11400,0.0001400248662813,3.0,490,62.5,86.8,2.0477,12000,1.1803,12000,100.0,442000,100.0,132000,480000,0.1047,12000,0.5577,12000,1.4127,12000,2.5657600000000005,60000.0,49.0,2025-11-21_09-33,1,,0.8254940020285841,1,64928.78561181169,38.10344645674944,140851.32206725833
R_AK_3DBall_2699,3DBall,2699,12.0,ppo,500000,72,13503,0.0008347687419273,3.0,219,32.4,83.8,1.7584,12000,1.195,12000,100.0,442000,100.0,144000,480000,0.0975,24000,0.4766,24000,1.4119,12000,2.5657600000000005,60000.0,21.9,2025-11-21_09-33,1,,0.9997911802614762,1,56489.70744396877,22.283242764590756,56582.32114729295
R_LN_3DBall_3461,3DBall,3461,12.0,ppo,100000,42,7883,3.685410174246679e-05,3.0,117,43.6,63.3,3.1752,12000,1.3103,12000,21.6996,46000,59.78,96000,84000,0.122,12000,0.9543,12000,1.4147,12000,2.5657600000000005,48000.0,50.2,2025-11-21_09-33,1,,0.011495303528295694,0,53607.959396974315,62.05104148523057,99466.70941197121
R_AP_3DBall_1248,3DBall,1248,12.0,ppo,500000,186,34977,0.0004804583185837,3.0,426,62.2,87.5,1.3298,12000,1.1523,12000,98.52,442000,100.0,276000,480000,0.059,36000,0.177,36000,1.4068,12000,2.5657600000000005,84000.0,63.9,2025-11-21_09-33,1,,0.9705668994629545,1,119822.84833470127,79.90051639229202,131012.6406615536
R_LN_3DBall_4034,3DBall,4034,12.0,ppo,200000,39,7450,0.0005214258242461,3.0,204,43.7,61.0,9.9818,12000,1.4127,12000,95.6343,142000,100.0,84000,180000,0.1275,12000,1.1689,12000,1.3684,12000,2.5657600000000005,36000.0,27.3,2025-11-21_09-33,1,,0.9985546894947209,1,37634.3316920289,28.647533323355532,37869.00049813107
R_LN_3DBall_3535,3DBall,3535,12.0,ppo,200000,76,14367,0.0007829655065384,3.0,188,43.3,68.5,2.2719,12000,1.1807,12000,89.6343,142000,100.0,132000,180000,0.0941,24000,0.9289,24000,1.3819,12000,2.5657600000000005,48000.0,37.5,2025-11-21_09-33,1,,0.8404672108960393,1,50339.41882069684,43.573575582691326,74215.18875515081
R_AP_3DBall_1055,3DBall,1055,12.0,ppo,500000,53,10113,0.0003310406172619,3.0,651,63.6,87.2,5.1803,12000,1.4232,12000,100.0,442000,100.0,108000,480000,0.1094,12000,0.9175,12000,1.3869,12000,2.5657600000000005,36000.0,32.6,2025-11-21_09-33,1,,0.998198172079208,1,45920.04261836822,26.95184017096754,46738.216563850474
R_LN_3DBall_3106,3DBall,3106,12.0,ppo,100000,155,29249,0.0007391511795983,3.0,92,41.2,56.0,1.2174,12000,1.1385,12000,1.6728,46000,2.2022,96000,84000,0.0671,36000,0.1517,36000,1.4147,12000,2.5657600000000005,,,2025-11-21_09-33,0,,0.2207055701989248,0,104723.05218880417,134.9999069647022,101042.4039264093
R_LN_3DBall_4234,3DBall,4234,12.0,ppo,200000,154,28921,0.0001572538202307,3.0,176,44.6,61.3,1.1837,12000,1.1014,12000,3.963,142000,5.3289,192000,180000,0.064,36000,0.2482,36000,1.4185,12000,2.5657600000000005,132000.0,117.5,2025-11-21_09-33,1,,0.36284960813193523,0,118063.50954055566,101.47923143778779,170269.37654508458
R_LN_3DBall_4103,3DBall,4103,12.0,ppo,200000,189,35533,0.0005374447337372,3.0,174,44.2,60.6,1.1925,12000,1.0688,12000,5.5295,142000,8.1326,192000,180000,0.0606,36000,0.162,36000,1.4146,12000,2.5657600000000005,120000.0,104.2,2025-11-21_09-33,1,,0.6289542067557896,1,132308.84550354505,115.69072384822813,157425.36361929856
R_LN_3DBall_3719,3DBall,3719,12.0,ppo,200000,85,15996,0.00089795720575,3.0,208,42.0,51.5,2.0095,12000,1.1774,12000,81.3607,142000,96.6616,192000,180000,0.088,24000,0.4686,24000,1.3877,12000,2.5657600000000005,60000.0,55.3,2025-11-21_09-33,1,,0.9966184148161358,1,57099.6123417116,46.889026321347316,57582.842175385325
R_LN_3DBall_3285,3DBall,3285,12.0,ppo,100000,146,27423,0.0008494546179675,3.0,92,41.8,57.4,1.1982,12000,1.0834,12000,1.5552,46000,1.9961,96000,84000,0.0668,36000,0.2103,36000,1.4198,12000,2.5657600000000005,,,2025-11-21_09-33,0,,0.08693527754698441,0,96446.74331380845,117.8945305096866,99691.09664379025
R_LN_3DBall_3697,3DBall,3697,12.0,ppo,200000,160,30154,0.0008456020410606,3.0,170,42.7,49.7,1.2567,12000,1.1519,12000,13.6239,142000,23.7729,192000,180000,0.0651,36000,0.1795,36000,1.4172,12000,2.5657600000000005,96000.0,79.5,2025-11-21_09-33,1,,0.9345437978057478,1,103124.98210604563,86.61354043779343,109466.0528648841
R_LN_3DBall_3216,3DBall,3216,12.0,ppo,100000,71,13410,0.0004487310357024,3.0,97,40.7,57.1,1.9754,12000,1.2071,12000,6.184,46000,10.1764,96000,84000,0.0947,24000,0.6293,24000,1.415,12000,2.5657600000000005,60000.0,55.4,2025-11-21_09-33,1,,0.03732224444277862,0,63167.067165827284,75.09838220057674,98625.31227721856
R_AK_3DBall_2194,3DBall,2194,12.0,ppo,500000,131,24716,6.786695263541327e-05,3.0,266,44.4,83.1,1.4335,12000,1.1474,12000,100.0,442000,100.0,228000,480000,0.0691,36000,0.3255,36000,1.4145,12000,2.5657600000000005,84000.0,39.9,2025-11-21_09-33,1,,0.948403071531067,1,101780.41574783811,54.8139781011004,122327.32315142515
R_LN_3DBall_3663,3DBall,3663,12.0,ppo,200000,46,8764,0.0006001130238092,3.0,202,43.0,63.3,4.8105,12000,1.214,12000,96.8354,142000,100.0,120000,180000,0.1167,12000,0.9249,12000,1.3797,12000,2.5657600000000005,48000.0,40.3,2025-11-21_09-33,1,,0.9452295728669385,1,45121.797068151645,37.88107633430689,53604.542396329954
R_AP_3DBall_1134,3DBall,1134,12.0,ppo,500000,146,27502,0.0008194901092012,3.0,442,65.4,89.5,1.4366,12000,1.155,12000,100.0,442000,100.0,192000,480000,0.066,36000,0.3768,36000,1.4044,12000,2.5657600000000005,72000.0,55.2,2025-11-21_09-33,1,,0.9826499207241813,1,84876.41026273531,52.03359196890518,92078.83745393928
R_LN_3DBall_3074,3DBall,3074,12.0,ppo,100000,170,31993,0.0004443545738018,3.0,97,40.4,55.3,1.2567,12000,1.1207,12000,1.686,46000,2.0039,96000,84000,0.0614,36000,0.1748,36000,1.4176,12000,2.5657600000000005,,,2025-11-21_09-33,0,,0.022986315510507453,0,121401.806181462,169.12153775870144,100491.94866938182
R_LN_3DBall_4471,3DBall,4471,12.0,ppo,200000,181,33957,0.0004492787628311,3.0,195,44.7,64.4,1.2698,12000,1.1551,12000,7.9998,142000,11.3137,192000,180000,0.0582,36000,0.1634,36000,1.4164,12000,2.5657600000000005,108000.0,104.2,2025-11-21_09-33,1,,0.9331930520437876,1,123846.8303075242,98.84917174122819,128934.39115187005
R_LN_3DBall_3515,3DBall,3515,12.0,ppo,200000,39,7427,6.760447883091596e-05,3.0,213,48.2,78.7,2.1201,12000,1.2444,12000,96.3853,142000,100.0,120000,180000,0.1254,12000,0.5791,12000,1.4093,12000,2.5657600000000005,60000.0,56.8,2025-11-21_09-33,1,,0.7168257684143474,1,58858.49890449358,51.41121751688597,98826.13502205916
R_LN_3DBall_4522,3DBall,4522,12.0,ppo,200000,130,24378,0.0001128293240181,3.0,183,45.7,64.9,1.2256,12000,1.1412,12000,2.8162,142000,3.2391,180000,180000,0.0711,36000,0.3441,36000,1.415,12000,2.5657600000000005,156000.0,146.2,2025-11-21_09-33,1,,0.6793791854582678,1,99763.30127138468,79.41821778241452,131901.27326472756
R_AK_3DBall_2215,3DBall,2215,12.0,ppo,500000,138,26041,0.0005064621364616,3.0,235,38.0,83.2,1.3093,12000,1.1203,12000,100.0,442000,100.0,216000,480000,0.0689,36000,0.2595,36000,1.4077,12000,2.5657600000000005,96000.0,41.1,2025-11-21_09-33,1,,0.9955627690514354,1,94769.20131814666,48.60187938935767,96567.30395936934
R_LN_3DBall_4238,3DBall,4238,12.0,ppo,200000,66,12494,0.0006063624299467,3.0,193,44.8,61.3,3.7659,12000,1.3424,12000,96.2903,142000,100.0,168000,180000,0.099,24000,1.0922,24000,1.3739,12000,2.5657600000000005,48000.0,38.5,2025-11-21_09-33,1,,0.9953693544259278,1,44292.68524364267,32.93516498517638,45013.71063156987
R_LN_3DBall_3649,3DBall,3649,12.0,ppo,200000,185,34693,8.746216831500958e-05,3.0,176,43.7,63.5,1.2462,12000,1.1762,12000,2.718,142000,3.1669,192000,180000,0.059,36000,0.3317,36000,1.4186,12000,2.5657600000000005,156000.0,141.1,2025-11-21_09-33,1,,0.10579257212508858,0,132543.33990203185,132.5079565510938,192863.58642126815
R_LN_3DBall_4303,3DBall,4303,12.0,ppo,200000,160,30064,0.0001043467581591,3.0,181,44.3,62.8,1.1508,12000,1.1144,12000,1.371,142000,1.4616,192000,180000,0.0623,36000,0.3836,36000,1.4165,12000,2.5657600000000005,,,2025-11-21_09-33,0,,0.18742510783025274,0,118822.34561497135,102.2132856976026,184785.26937347904
R_LN_3DBall_4187,3DBall,4187,12.0,ppo,200000,189,35503,0.0003248305602148,3.0,174,43.8,61.1,1.1799,12000,1.1138,12000,3.5127,142000,4.8713,192000,180000,0.0577,36000,0.1868,36000,1.4203,12000,2.5657600000000005,156000.0,139.4,2025-11-21_09-33,1,,0.4685799349226111,0,137982.98833790133,119.96623003862256,170940.072711279
R_AP_3DBall_1343,3DBall,1343,12.0,ppo,500000,92,17328,0.000303195511518,3.0,534,61.6,85.3,1.8098,12000,1.1622,12000,98.4908,442000,100.0,168000,480000,0.0816,24000,0.4889,24000,1.4057,12000,2.5657600000000005,60000.0,53.4,2025-11-21_09-33,1,,0.9287632123322173,1,71326.51465626492,42.98296103616197,101863.83671050495
R_LN_3DBall_3282,3DBall,3282,12.0,ppo,100000,118,22127,0.0008597058887964,3.0,93,40.9,57.3,1.2009,12000,1.1158,12000,1.5349,46000,1.8898,96000,84000,0.0739,24000,0.2557,24000,1.4136,12000,2.5657600000000005,,,2025-11-21_09-33,0,,0.3062293533212887,0,78887.00298826855,94.42025728042142,93534.58057842316
R_LN_3DBall_3427,3DBall,3427,12.0,ppo,100000,113,21333,0.0003858264411628,3.0,106,51.4,72.8,1.377,12000,1.1176,12000,2.4943,46000,3.7547,96000,84000,0.0734,24000,0.2188,24000,1.4128,12000,2.5657600000000005,84000.0,91.0,2025-11-21_09-33,1,,0.13016751222619766,0,90534.34592168764,112.2650285033761,98767.87935703233
R_LN_3DBall_3763,3DBall,3763,12.0,ppo,200000,142,26746,0.0001933170560585,3.0,197,42.2,51.4,1.4041,12000,1.1555,12000,25.5237,142000,41.675,192000,180000,0.068,36000,0.3133,36000,1.4135,12000,2.5657600000000005,96000.0,91.7,2025-11-21_09-33,1,,0.44610817470784786,0,105866.77567820887,97.393282749174,158006.39911844136
R_LN_3DBall_3850,3DBall,3850,12.0,ppo,200000,117,22078,0.0008269247219872,3.0,195,42.4,52.6,1.4504,12000,1.1387,12000,74.4405,142000,96.5167,192000,180000,0.0722,24000,0.2699,24000,1.4054,12000,2.5657600000000005,72000.0,65.1,2025-11-21_09-33,1,,0.9829063293510283,1,78419.4108398157,63.03930540920548,80497.66938822783
R_LN_3DBall_4029,3DBall,4029,12.0,ppo,200000,113,21343,0.0002641846356153,3.0,201,43.3,68.6,1.4827,12000,1.145,12000,69.8794,142000,83.14,180000,180000,0.0769,24000,0.2902,24000,1.4074,12000,2.5657600000000005,72000.0,66.8,2025-11-21_09-33,1,,0.8780406860401613,1,89638.10604478602,75.82482102824589,103097.7669188724
R_LN_3DBall_4044,3DBall,4044,12.0,ppo,200000,132,24934,0.0006207001000401,3.0,193,44.4,61.2,1.5278,12000,1.1696,12000,57.637,142000,81.9786,192000,180000,0.07,36000,0.3283,36000,1.4041,12000,2.5657600000000005,84000.0,77.0,2025-11-21_09-33,1,,0.9725698503502671,1,87821.4625361115,70.96395191577403,90898.53660623413
R_LN_3DBall_3914,3DBall,3914,12.0,ppo,200000,159,29858,0.0002811321582021,3.0,177,45.2,66.9,1.2046,12000,1.118,12000,5.6227,142000,8.2719,192000,180000,0.0652,36000,0.2114,36000,1.4222,12000,2.5657600000000005,132000.0,118.3,2025-11-21_09-33,1,,0.34633384136813494,0,118803.38847400257,105.89283240627107,171878.86562412512
R_AP_3DBall_1117,3DBall,1117,12.0,ppo,500000,45,8504,0.0002528261700298,3.0,509,58.0,88.2,3.0487,12000,1.2414,12000,100.0,442000,100.0,108000,480000,0.1207,12000,0.7566,12000,1.3932,12000,2.5657600000000005,48000.0,38.2,2025-11-21_09-33,1,,0.9718194996705795,1,50355.10604650662,30.826007278484074,63026.3241286853
R_AP_3DBall_1309,3DBall,1309,12.0,ppo,500000,85,15998,0.0005051588730657,3.0,431,53.5,90.1,1.5916,12000,1.1273,12000,100.0,442000,100.0,168000,480000,0.0858,24000,0.3867,24000,1.4064,12000,2.5657600000000005,60000.0,43.1,2025-11-21_09-33,1,,0.9740568125267283,1,67737.47841069545,39.74622344785523,78951.74604595595
R_LN_3DBall_3654,3DBall,3654,12.0,ppo,200000,169,31707,0.0008761104785465,3.0,197,42.2,63.5,1.2607,12000,1.1719,12000,10.4551,142000,13.4095,192000,180000,0.0646,36000,0.1669,36000,1.4128,12000,2.5657600000000005,108000.0,105.1,2025-11-21_09-33,1,,0.9698948648639126,1,101786.20729570926,88.45072513235395,104742.94679729959
R_LN_3DBall_4533,3DBall,4533,12.0,ppo,200000,115,21588,0.0002701354456611,3.0,180,44.5,64.8,1.2338,12000,1.0859,12000,17.1537,142000,26.7682,192000,180000,0.0745,24000,0.2483,24000,1.4195,12000,2.5657600000000005,96000.0,83.8,2025-11-21_09-33,1,,0.7353698542260222,1,94578.66502401877,71.89887597113255,122476.32826640003
R_AK_3DBall_2394,3DBall,2394,12.0,ppo,500000,190,35801,0.0007094241843102,3.0,215,36.3,83.3,1.165,12000,1.0835,12000,100.0,442000,100.0,300000,480000,0.0565,36000,0.1593,36000,1.4202,12000,2.5657600000000005,120000.0,48.3,2025-11-21_09-33,1,,0.9875863398248647,1,127421.04605357844,63.133926888806826,132046.1145762767
R_LN_3DBall_3665,3DBall,3665,12.0,ppo,200000,181,33956,0.000783562325415,3.0,171,43.2,63.6,1.1955,12000,1.1328,12000,4.6043,142000,6.868,192000,180000,0.0606,36000,0.1932,36000,1.421,12000,2.5657600000000005,144000.0,125.4,2025-11-21_09-33,1,,0.7270232023308325,1,114992.50766094879,101.50647891277481,138197.58069754927
R_LN_3DBall_3032,3DBall,3032,12.0,ppo,100000,34,6426,0.0008700978863923,3.0,150,50.6,61.3,25.6219,12000,1.6726,12000,74.9234,46000,98.575,96000,84000,0.1378,12000,0.8572,12000,1.35,12000,2.5657600000000005,36000.0,42.8,2025-11-21_09-33,1,,0.9999979888785518,1,29912.644838035183,34.78368994484482,29912.785792218394
R_LN_3DBall_3278,3DBall,3278,12.0,ppo,100000,173,32567,0.0005875115997159,3.0,94,41.9,57.4,1.2203,12000,1.1089,12000,1.5561,46000,1.8453,96000,84000,0.0578,36000,0.1753,36000,1.4189,12000,2.5657600000000005,,,2025-11-21_09-33,0,,0.04152275311184712,0,120084.4668161584,156.64771130893223,100833.96235699044
R_LN_3DBall_4531,3DBall,4531,12.0,ppo,200000,91,17079,0.0008347513503851,3.0,177,45.7,64.8,1.7264,12000,1.1787,12000,93.1826,142000,100.0,168000,180000,0.0848,24000,0.4468,24000,1.3915,12000,2.5657600000000005,60000.0,47.3,2025-11-21_09-33,1,,0.9990633333406709,1,60548.53365982558,42.50985258618016,60679.153198940985
R_LN_3DBall_3301,3DBall,3301,12.0,ppo,100000,126,23682,0.0002767931208814,3.0,94,39.6,57.6,1.4052,12000,1.1372,12000,2.0402,46000,2.5719,96000,84000,0.0691,24000,0.254,24000,1.4133,12000,2.5657600000000005,96000.0,94.0,2025-11-21_09-33,1,,0.051799156410528284,0,95942.22786450601,126.45357800564099,99789.81082647527
R_LN_3DBall_4438,3DBall,4438,12.0,ppo,200000,170,32040,0.0008164916728927,3.0,181,43.7,63.9,1.2721,12000,1.1258,12000,13.1139,142000,21.5491,192000,180000,0.0623,36000,0.1567,36000,1.4142,12000,2.5657600000000005,108000.0,96.7,2025-11-21_09-33,1,,0.9828717219759153,1,110847.6070489302,82.46133892334626,112374.63402190855
R_AK_3DBall_2481,3DBall,2481,12.0,ppo,500000,126,23704,0.0004271361250021,3.0,232,45.1,83.0,1.59,12000,1.2142,12000,100.0,442000,100.0,216000,480000,0.0694,24000,0.346,24000,1.4098,12000,2.5657600000000005,84000.0,34.8,2025-11-21_09-33,1,,0.9988771021310704,1,84691.23589308442,40.056342419873026,85157.58521924786
R_AP_3DBall_1180,3DBall,1180,12.0,ppo,500000,65,12342,0.0001494930454195,3.0,474,62.8,86.7,2.1612,12000,1.2078,12000,100.0,442000,100.0,144000,480000,0.0995,24000,0.5964,24000,1.4099,12000,2.5657600000000005,48000.0,35.5,2025-11-21_09-33,1,,0.8448444119524847,1,64373.17482927252,38.78023045834021,131963.11105790886
R_AK_3DBall_2015,3DBall,2015,12.0,ppo,500000,99,18636,0.0003089811330572,3.0,225,41.6,84.3,1.4223,12000,1.1622,12000,100.0,442000,100.0,192000,480000,0.078,24000,0.2433,24000,1.4166,12000,2.5657600000000005,72000.0,28.1,2025-11-21_09-33,1,,0.9930625840409617,1,81112.01207677463,41.71484160472998,84018.01228924266
R_LN_3DBall_3816,3DBall,3816,12.0,ppo,200000,164,30933,0.0002927160323491,3.0,173,42.6,51.5,1.2142,12000,1.1092,12000,7.7069,142000,11.1772,192000,180000,0.0606,36000,0.1787,36000,1.4173,12000,2.5657600000000005,108000.0,92.5,2025-11-21_09-33,1,,0.4265880605926807,0,124556.15801990067,113.8597216855876,167816.55776604876
R_AK_3DBall_2072,3DBall,2072,12.0,ppo,500000,130,24462,0.0001305916656084,3.0,241,43.7,83.5,1.3094,12000,1.1036,12000,100.0,442000,100.0,216000,480000,0.073,36000,0.2407,36000,1.4178,12000,2.5657600000000005,84000.0,36.1,2025-11-21_09-33,1,,0.9213971113024444,1,103046.22282484028,56.86998137066437,134247.93639021367
R_AK_3DBall_2040,3DBall,2040,12.0,ppo,500000,95,17980,0.0001263283554586,3.0,251,44.2,82.6,1.7298,12000,1.1954,12000,100.0,442000,100.0,192000,480000,0.0828,24000,0.2772,24000,1.4134,12000,2.5657600000000005,60000.0,25.1,2025-11-21_09-33,1,,0.9937558111453684,1,82800.54535057962,43.202205394744354,85405.61753545991
R_LN_3DBall_3227,3DBall,3227,12.0,ppo,100000,88,16560,0.0004859761098137,3.0,109,39.8,57.6,1.9345,12000,1.2266,12000,7.1345,46000,16.4969,96000,84000,0.0852,24000,0.4654,24000,1.4055,12000,2.5657600000000005,60000.0,62.4,2025-11-21_09-33,1,,0.3474168427932268,0,67256.79811671587,82.80061669148098,88624.46017876819
R_LN_3DBall_4229,3DBall,4229,12.0,ppo,200000,88,16533,0.0003781065314291,3.0,184,44.3,61.2,1.9146,12000,1.1768,12000,95.2031,142000,100.0,180000,180000,0.0861,24000,0.4767,24000,1.3997,12000,2.5657600000000005,60000.0,49.1,2025-11-21_09-33,1,,0.9634585571351242,1,68796.32362045631,54.35368090280324,73590.69526454106
R_LN_3DBall_4567,3DBall,4567,12.0,ppo,200000,32,6046,0.0006945578065857,3.0,214,38.9,65.0,15.462,12000,1.3096,12000,100.0,142000,100.0,96000,180000,0.1403,12000,1.0537,12000,1.3913,12000,2.5657600000000005,36000.0,28.5,2025-11-21_09-33,1,,0.9946964662904804,1,39652.07046342558,25.425655378127185,40502.481112974485
R_LN_3DBall_3606,3DBall,3606,12.0,ppo,200000,175,32847,0.0001676714114461,3.0,179,42.8,62.9,1.1748,12000,1.1251,12000,2.4278,142000,2.8163,192000,180000,0.0604,36000,0.3267,36000,1.4183,12000,2.5657600000000005,180000.0,167.0,2025-11-21_09-33,1,,0.06818293158963923,0,126688.07243904375,125.99588547614233,195001.37785840675
R_LN_3DBall_3918,3DBall,3918,12.0,ppo,200000,163,30631,0.0006267083410832,3.0,176,43.8,59.7,1.1846,12000,1.0787,12000,7.9407,142000,11.6957,192000,180000,0.0634,36000,0.1517,36000,1.4194,12000,2.5657600000000005,108000.0,93.9,2025-11-21_09-33,1,,0.6837229897648212,1,113609.95141434358,97.21757943024096,140933.13769508683
R_AP_3DBall_1020,3DBall,1020,12.0,ppo,500000,52,9878,7.471209277855806e-05,3.0,515,65.3,87.0,2.5379,12000,1.299,12000,100.0,442000,100.0,144000,480000,0.1094,12000,0.6168,12000,1.4155,12000,2.5657600000000005,48000.0,38.6,2025-11-21_09-33,1,,0.9112773250944208,1,59817.11561697545,35.84481650254456,98871.31856709067
R_LN_3DBall_3641,3DBall,3641,12.0,ppo,200000,175,32857,0.0008410183781868,3.0,177,43.0,63.6,1.2237,12000,1.116,12000,9.6272,142000,13.2145,180000,180000,0.0611,36000,0.159,36000,1.4158,12000,2.5657600000000005,108000.0,94.4,2025-11-21_09-33,1,,0.8599202207804792,1,110162.84310186164,97.63394278298709,122747.2122058623
R_AP_3DBall_1358,3DBall,1358,12.0,ppo,500000,111,20952,0.0007155999958302,3.0,511,61.4,90.1,1.617,12000,1.1798,12000,100.0,442000,100.0,216000,480000,0.0777,24000,0.3151,24000,1.4004,12000,2.5657600000000005,72000.0,63.9,2025-11-21_09-33,1,,0.9982428972694103,1,72712.0528601197,41.73966299415463,73462.84167878726
R_AP_3DBall_1175,3DBall,1175,12.0,ppo,500000,60,11313,0.000877916842411,3.0,487,62.6,89.6,3.6135,12000,1.2319,12000,100.0,442000,100.0,120000,480000,0.1044,12000,0.7877,12000,1.3763,12000,2.5657600000000005,48000.0,36.6,2025-11-21_09-33,1,,0.9992746429807178,1,43125.00447550204,24.711045815474122,43456.40196044027
R_LN_3DBall_3200,3DBall,3200,12.0,ppo,100000,119,22339,0.0006287748840704,3.0,93,40.5,57.0,1.2963,12000,1.1244,12000,1.9025,46000,2.4558,96000,84000,0.0739,24000,0.2271,24000,1.4147,12000,2.5657600000000005,,,2025-11-21_09-33,0,,0.15671149637875248,0,85263.17426444856,107.42212924343933,97690.56998710883
R_AK_3DBall_2319,3DBall,2319,12.0,ppo,500000,82,15510,0.0008849099328638,3.0,257,48.2,83.8,2.2096,12000,1.152,12000,99.535,442000,100.0,108000,480000,0.0885,24000,0.5221,24000,1.387,12000,2.5657600000000005,48000.0,19.3,2025-11-21_09-33,1,,0.9998756040016856,1,55786.102127865815,25.52367578932517,55841.36055915674
R_LN_3DBall_4540,3DBall,4540,12.0,ppo,200000,174,32684,5.307523462936681e-05,3.0,184,45.0,65.2,1.1314,12000,1.108,12000,1.1664,142000,1.1927,180000,180000,0.0594,36000,0.7154,36000,1.4182,12000,2.5657600000000005,,,2025-11-21_09-33,0,,0.009608973292923841,0,121048.3562305655,101.15004598904038,199241.35576358705
R_LN_3DBall_4178,3DBall,4178,12.0,ppo,200000,149,28010,3.818248780567915e-05,3.0,186,43.8,61.1,1.1378,12000,1.1266,12000,1.2995,142000,1.3544,156000,180000,0.065,36000,0.3297,36000,1.4187,12000,2.5657600000000005,,,2025-11-21_09-33,0,,0.21051729073061762,0,116094.36743686238,101.38984289075007,182336.41355576957
R_AK_3DBall_2048,3DBall,2048,12.0,ppo,500000,63,11829,0.0001101893014954,3.0,244,44.5,82.1,2.8281,12000,1.2747,12000,100.0,442000,100.0,120000,480000,0.1018,12000,0.724,12000,1.4061,12000,2.5657600000000005,48000.0,18.3,2025-11-21_09-33,1,,0.9850372876240139,1,58550.62809263227,29.65264589385388,65155.90807304194
R_LN_3DBall_3160,3DBall,3160,12.0,ppo,100000,187,35230,0.0002702288829414,3.0,87,42.3,56.6,1.2256,12000,1.1866,12000,1.3237,46000,1.4389,96000,84000,0.0571,36000,0.4059,36000,1.418,12000,2.5657600000000005,,,2025-11-21_09-33,0,,0.004445195260333249,0,129766.92231229857,181.91329284954207,100132.31978197733
R_LN_3DBall_4511,3DBall,4511,12.0,ppo,200000,92,17434,0.000276212863996,3.0,181,45.1,64.5,1.54,12000,1.1817,12000,85.3573,142000,100.0,192000,180000,0.0814,24000,0.3621,24000,1.4135,12000,2.5657600000000005,72000.0,60.2,2025-11-21_09-33,1,,0.9533112215786074,1,80122.69358916808,57.956625883015455,85719.6185859368
R_LN_3DBall_4369,3DBall,4369,12.0,ppo,200000,107,20161,0.0005611201371539,3.0,172,44.7,63.9,1.4328,12000,1.143,12000,63.4079,142000,98.6084,192000,180000,0.0763,24000,0.2337,24000,1.4161,12000,2.5657600000000005,72000.0,57.5,2025-11-21_09-33,1,,0.9740559773581074,1,82852.37225517382,60.47068568183749,85891.65296182959
R_LN_3DBall_3065,3DBall,3065,12.0,ppo,100000,73,13845,0.0007782760233561,3.0,99,41.5,55.6,2.0053,12000,1.2176,12000,7.5658,46000,16.5059,96000,84000,0.0932,24000,0.5958,24000,1.3995,12000,2.5657600000000005,60000.0,56.5,2025-11-21_09-33,1,,0.46997138661936866,0,56502.21299725127,67.72733029729623,79557.28472744423
R_AK_3DBall_2170,3DBall,2170,12.0,ppo,500000,180,33797,0.000633472916735,3.0,253,42.6,83.9,1.2361,12000,1.0811,12000,96.7585,442000,100.0,300000,480000,0.0597,36000,0.1691,36000,1.4093,12000,2.5657600000000005,108000.0,50.6,2025-11-21_09-33,1,,0.991803971776682,1,115250.49644421201,62.51635421380435,118403.91423426283
R_LN_3DBall_3823,3DBall,3823,12.0,ppo,200000,64,12150,0.0002895420249935,3.0,183,42.8,51.1,1.8777,12000,1.1922,12000,98.1573,142000,100.0,156000,180000,0.1007,24000,0.44,24000,1.4015,12000,2.5657600000000005,60000.0,48.7,2025-11-21_09-33,1,,0.9506573162128782,1,64744.19360864769,53.999955024205896,71418.07809378835
R_LN_3DBall_4090,3DBall,4090,12.0,ppo,200000,157,29576,0.0007553891311066,3.0,174,44.2,60.3,1.1965,12000,1.1144,12000,15.7035,142000,33.1611,192000,180000,0.0633,36000,0.1505,36000,1.4175,12000,2.5657600000000005,108000.0,93.0,2025-11-21_09-33,1,,0.9389759709532588,1,106113.0242633467,84.09792243510486,111842.38579781092
R_LN_3DBall_4221,3DBall,4221,12.0,ppo,200000,83,15580,0.0008693854273598,3.0,176,43.7,60.9,1.9705,12000,1.2593,12000,94.0844,142000,100.0,156000,180000,0.0893,24000,0.4712,24000,1.4006,12000,2.5657600000000005,60000.0,47.0,2025-11-21_09-33,1,,0.9990571438914577,1,57096.421670563526,40.15674160151834,57231.15918232399
R_AK_3DBall_2695,3DBall,2695,12.0,ppo,500000,38,7225,0.000228843010714,3.0,258,52.0,84.4,7.2622,12000,1.3307,12000,100.0,442000,100.0,108000,480000,0.1316,12000,1.1126,12000,1.3955,12000,2.5657600000000005,36000.0,12.9,2025-11-21_09-33,1,,0.9965857677418534,1,44893.83683647671,18.860045297781173,46447.67497963095
R_AK_3DBall_2685,3DBall,2685,12.0,ppo,500000,36,6836,0.0007308342755637,3.0,283,50.5,84.6,22.7653,12000,1.7188,12000,95.2361,442000,100.0,132000,480000,0.1294,12000,1.1068,12000,1.353,12000,2.5657600000000005,36000.0,14.2,2025-11-21_09-33,1,,0.999999997821837,1,28755.47589043654,10.835095406190677,28755.47691688392
R_AK_3DBall_2055,3DBall,2055,12.0,ppo,500000,142,26681,0.0005385917769596,3.0,213,26.8,82.6,1.157,12000,1.0745,12000,100.0,442000,100.0,300000,480000,0.0688,36000,0.2594,36000,1.4138,12000,2.5657600000000005,120000.0,47.9,2025-11-21_09-33,1,,0.9719463623587833,1,97100.05149404118,51.7847416111315,108402.86065509223
R_AK_3DBall_2419,3DBall,2419,12.0,ppo,500000,130,24468,0.000188015150169,3.0,245,43.8,83.4,1.4047,12000,1.1036,12000,99.8617,442000,100.0,204000,480000,0.0723,36000,0.2662,36000,1.4125,12000,2.5657600000000005,84000.0,36.7,2025-11-21_09-33,1,,0.9790460062803003,1,99495.10477331062,51.254908828086926,107887.28183259969
R_LN_3DBall_3817,3DBall,3817,12.0,ppo,200000,58,10945,0.0008534118712857,3.0,184,42.7,51.3,3.7618,12000,1.2236,12000,96.8954,142000,100.0,108000,180000,0.1038,12000,0.7496,12000,1.3793,12000,2.5657600000000005,48000.0,36.9,2025-11-21_09-33,1,,0.9966732352407919,1,45469.472171740344,35.96343782289007,45983.55888594123
R_LN_3DBall_3077,3DBall,3077,12.0,ppo,100000,62,11808,0.0004914342469824,3.0,98,40.3,55.3,1.8903,12000,1.1806,12000,7.0441,46000,16.5242,96000,84000,0.1027,12000,0.4463,12000,1.4129,12000,2.5657600000000005,60000.0,55.9,2025-11-21_09-33,1,,0.13475849319942823,0,63905.076411053444,77.43379585219267,95135.90248500506
R_AK_3DBall_2452,3DBall,2452,12.0,ppo,500000,33,6219,0.0006747781358872,3.0,240,34.1,83.7,10.0641,12000,1.2488,12000,99.025,442000,100.0,108000,480000,0.1401,12000,0.9829,12000,1.3676,12000,2.5657600000000005,36000.0,12.0,2025-11-21_09-33,1,,0.9999347659683241,1,37316.25298985534,16.786252284906137,37346.43571606373
R_AK_3DBall_2486,3DBall,2486,12.0,ppo,500000,112,21166,0.0005406810403078,3.0,254,48.4,83.4,1.4992,12000,1.1538,12000,100.0,442000,100.0,204000,480000,0.0772,24000,0.2652,24000,1.4046,12000,2.5657600000000005,72000.0,31.7,2025-11-21_09-33,1,,0.9995401027486839,1,80417.22352964929,37.50742317996632,80610.18849524758
R_LN_3DBall_3808,3DBall,3808,12.0,ppo,200000,46,8708,0.0008848886035118,3.0,201,42.9,51.4,8.4456,12000,1.3595,12000,92.0143,142000,100.0,108000,180000,0.1177,12000,1.1304,12000,1.3667,12000,2.5657600000000005,36000.0,26.7,2025-11-21_09-33,1,,0.998892410601582,1,35642.27125869679,27.439031093351478,35824.31213659873
R_LN_3DBall_3371,3DBall,3371,12.0,ppo,100000,174,32736,0.0003929948479066,3.0,93,40.5,58.2,1.2359,12000,1.1427,12000,1.492,46000,1.6579,84000,84000,0.0613,36000,0.2535,36000,1.4192,12000,2.5657600000000005,,,2025-11-21_09-33,0,,0.022175861394188992,0,123017.85865013745,161.84836807972957,100510.44084301648
R_AK_3DBall_2437,3DBall,2437,12.0,ppo,500000,107,20157,0.0002952818857044,3.0,217,33.6,83.7,1.2199,12000,1.1189,12000,100.0,442000,100.0,228000,480000,0.0792,24000,0.3166,24000,1.4144,12000,2.5657600000000005,96000.0,38.0,2025-11-21_09-33,1,,0.9888101036465868,1,85125.33983098318,41.25995770945002,89767.744277932
R_AK_3DBall_2620,3DBall,2620,12.0,ppo,500000,58,10976,3.7535447217927925e-05,3.0,244,48.0,84.2,1.4756,12000,1.2188,12000,100.0,442000,100.0,228000,480000,0.1022,12000,0.417,12000,1.4163,12000,2.5657600000000005,84000.0,36.6,2025-11-21_09-33,1,,0.9970194535192134,1,67588.03562346204,30.11806783695899,68876.85958213455
R_LN_3DBall_3014,3DBall,3014,12.0,ppo,100000,129,24310,0.000505477894866,3.0,108,47.9,66.8,1.3016,12000,1.1014,12000,1.9002,46000,2.4161,84000,84000,0.0715,36000,0.2051,36000,1.4127,12000,2.5657600000000005,,,2025-11-21_09-33,0,,0.05336123632918887,0,95462.31120356187,129.454296252119,99757.86331574495
R_AK_3DBall_2556,3DBall,2556,12.0,ppo,500000,146,27458,0.0003844068249589,3.0,212,25.0,79.4,1.2075,12000,1.1247,12000,100.0,442000,100.0,276000,480000,0.0652,36000,0.2477,36000,1.4194,12000,2.5657600000000005,120000.0,47.6,2025-11-21_09-33,1,,0.988425340030286,1,104100.6800973617,50.06443377246852,108683.08010747576
R_AK_3DBall_2606,3DBall,2606,12.0,ppo,500000,139,26183,0.0007352890211209,3.0,215,34.1,85.4,1.2676,12000,1.1095,12000,100.0,442000,100.0,228000,480000,0.0694,36000,0.248,36000,1.4091,12000,2.5657600000000005,96000.0,37.6,2025-11-21_09-33,1,,0.9990763462822957,1,90067.88509660479,41.07090799421838,90446.52041854171
R_LN_3DBall_3225,3DBall,3225,12.0,ppo,100000,54,10140,0.0004756297256826,3.0,100,40.6,57.6,2.758,12000,1.2576,12000,24.6246,46000,73.4438,96000,84000,0.1062,12000,0.5247,12000,1.3833,12000,2.5657600000000005,48000.0,42.8,2025-11-21_09-33,1,,0.930048786147937,1,51170.89912340841,64.3966757954752,54586.55400103083
R_AK_3DBall_2341,3DBall,2341,12.0,ppo,500000,83,15707,8.438999123902009e-05,3.0,229,40.4,82.9,1.516,12000,1.1271,12000,100.0,442000,100.0,156000,480000,0.0885,24000,0.3295,24000,1.4178,12000,2.5657600000000005,72000.0,28.6,2025-11-21_09-33,1,,0.9734318765950928,1,81049.05720528953,39.817926271107446,92179.79755406162
R_AK_3DBall_2617,3DBall,2617,12.0,ppo,500000,170,31877,0.0006984200854828,3.0,239,45.5,84.2,1.2181,12000,1.0914,12000,100.0,442000,100.0,252000,480000,0.0613,36000,0.1556,36000,1.4142,12000,2.5657600000000005,108000.0,47.8,2025-11-21_09-33,1,,0.9977603589094246,1,108387.53392648857,51.7382008925636,109264.60529708838
R_LN_3DBall_4235,3DBall,4235,12.0,ppo,200000,101,19124,7.131157249530925e-05,3.0,206,43.4,61.2,1.4333,12000,1.1689,12000,57.2884,142000,74.6333,192000,180000,0.0806,24000,0.2462,24000,1.4164,12000,2.5657600000000005,72000.0,68.8,2025-11-21_09-33,1,,0.8579222870520036,1,92224.03727030825,73.8161019828349,107536.59956571135
R_LN_3DBall_4442,3DBall,4442,12.0,ppo,200000,123,23240,0.0001766472059308,3.0,177,44.8,63.5,1.1826,12000,1.1077,12000,4.73,142000,6.3644,192000,180000,0.0725,24000,0.3015,24000,1.4124,12000,2.5657600000000005,132000.0,118.3,2025-11-21_09-33,1,,0.7271072127816792,1,100077.33030259616,79.39816863073186,127345.50614261633
R_LN_3DBall_3742,3DBall,3742,12.0,ppo,200000,181,34025,0.0007528200747725,3.0,169,43.4,51.1,1.1915,12000,1.1386,12000,4.0583,142000,5.2559,192000,180000,0.0585,36000,0.2331,36000,1.4184,12000,2.5657600000000005,144000.0,124.2,2025-11-21_09-33,1,,0.7434213700158047,1,115404.95118750536,100.5866486942789,137110.23291526135
R_LN_3DBall_3718,3DBall,3718,12.0,ppo,200000,72,13596,0.0008725721134683,3.0,179,42.9,51.3,2.4082,12000,1.2696,12000,98.7308,142000,100.0,144000,180000,0.093,24000,0.8651,24000,1.3916,12000,2.5657600000000005,48000.0,35.7,2025-11-21_09-33,1,,0.9776904521881508,1,48417.58352049861,37.613186609193875,51799.31868838368
R_AK_3DBall_2262,3DBall,2262,12.0,ppo,500000,50,9411,0.0002268737706201,3.0,298,50.1,82.6,5.08,12000,1.3576,12000,100.0,442000,100.0,132000,480000,0.1136,12000,1.0062,12000,1.3895,12000,2.5657600000000005,36000.0,14.9,2025-11-21_09-33,1,,0.9983798404569607,1,46126.72620507788,21.842538542611845,46862.07332094721
R_AK_3DBall_2216,3DBall,2216,12.0,ppo,500000,156,29403,0.0008428468041169,3.0,230,38.9,83.2,1.3992,12000,1.1914,12000,98.94,442000,100.0,276000,480000,0.0634,36000,0.1994,36000,1.404,12000,2.5657600000000005,72000.0,28.7,2025-11-21_09-33,1,,0.9998379798451975,1,92191.90351944248,45.10232330050415,92257.97665036397
R_LN_3DBall_3626,3DBall,3626,12.0,ppo,200000,49,9220,0.0006107392495279,3.0,193,37.9,63.0,3.0516,12000,1.2579,12000,98.4831,142000,100.0,132000,180000,0.1121,12000,0.6783,12000,1.3896,12000,2.5657600000000005,48000.0,38.6,2025-11-21_09-33,1,,0.9906990461611783,1,47686.0785779148,39.34459550758493,49102.74333007153
R_AK_3DBall_2626,3DBall,2626,12.0,ppo,500000,42,7905,0.0004013204980163,3.0,233,34.4,83.9,6.3773,12000,1.1803,12000,100.0,442000,100.0,96000,480000,0.1235,12000,1.0069,12000,1.3831,12000,2.5657600000000005,48000.0,17.5,2025-11-21_09-33,1,,0.9956119541367496,1,44807.815842980366,20.199602475197864,46805.22002365448
R_LN_3DBall_4164,3DBall,4164,12.0,ppo,200000,173,32470,0.0002912518320467,3.0,178,43.2,60.8,1.1922,12000,1.12,12000,3.0254,142000,3.681,192000,180000,0.0619,36000,0.266,36000,1.4173,12000,2.5657600000000005,156000.0,142.5,2025-11-21_09-33,1,,0.44386360220325366,0,123432.18453378268,107.46035035797682,166014.3336143308
R_AK_3DBall_2615,3DBall,2615,12.0,ppo,500000,142,26653,0.0003205162470493,3.0,241,45.6,83.9,1.3628,12000,1.1371,12000,98.9881,442000,100.0,252000,480000,0.0659,36000,0.2546,36000,1.409,12000,2.5657600000000005,96000.0,42.2,2025-11-21_09-33,1,,0.9966649487970256,1,98264.0623774733,48.413719686476945,99603.87229951935
U_OE_3DBall_10,3DBall,10,12.0,sac,500000,64,200000,0.0003,,523,55.5,73.7,6.2706,12000,0.75,12000,97.4123,442000,100.0,72000,480000,-2.5883,12000,0.0103,12000,1.2373,12000,2.5657600000000005,48000.0,39.2,2025-11-21_09-33,1,,0.9281314675532845,1,56122.07827638936,39.88401246341552,88022.93309616332
R_AP_3DBall_1103,3DBall,1103,12.0,ppo,500000,101,18949,0.0004617050621388,3.0,460,63.7,86.3,1.5583,12000,1.2049,12000,98.4831,442000,100.0,180000,480000,0.0805,24000,0.2492,24000,1.4061,12000,2.5657600000000005,72000.0,57.5,2025-11-21_09-33,1,,0.9953560439354798,1,73216.53786259696,45.41895077485747,75198.50150982686
R_AP_3DBall_1094,3DBall,1094,12.0,ppo,500000,137,25796,0.0007343159712933,3.0,417,56.6,89.6,1.2266,12000,1.0989,12000,99.565,442000,100.0,240000,480000,0.0652,36000,0.216,36000,1.4132,12000,2.5657600000000005,96000.0,73.0,2025-11-21_09-33,1,,0.9582273660689581,1,89974.23904127389,55.54974080733639,107102.09505609964
R_AK_3DBall_2096,3DBall,2096,12.0,ppo,500000,103,19428,0.0003471248315893,3.0,235,43.7,82.9,1.8035,12000,1.2445,12000,100.0,442000,100.0,192000,480000,0.0799,24000,0.3253,24000,1.4032,12000,2.5657600000000005,60000.0,23.5,2025-11-21_09-33,1,,0.9994838594275649,1,75340.680738423,38.37076707301271,75559.86464255658
R_LN_3DBall_4469,3DBall,4469,12.0,ppo,200000,170,31931,5.682692947004142e-05,3.0,186,45.6,64.1,1.1267,12000,1.1239,12000,1.262,142000,1.3281,180000,180000,0.0622,36000,0.3832,36000,1.4194,12000,2.5657600000000005,,,2025-11-21_09-33,0,,0.16766532171046777,0,127464.80045701677,107.1455133659446,187838.36243329273
R_AK_3DBall_2183,3DBall,2183,12.0,ppo,500000,69,12938,0.0003382948955831,3.0,247,42.8,83.5,2.6057,12000,1.2358,12000,100.0,442000,100.0,132000,480000,0.0984,24000,0.9193,24000,1.3944,12000,2.5657600000000005,48000.0,18.5,2025-11-21_09-33,1,,0.9835958229294662,1,52952.23042376048,26.209728578117794,60285.68119487629
R_AP_3DBall_1157,3DBall,1157,12.0,ppo,500000,60,11269,0.0007700398609769,3.0,458,53.0,88.5,2.2797,12000,1.2342,12000,100.0,442000,100.0,156000,480000,0.1008,12000,0.5084,12000,1.3889,12000,2.5657600000000005,48000.0,34.4,2025-11-21_09-33,1,,0.9996115747180929,1,48605.45907661762,27.766473949806226,48780.7921284271
R_LN_3DBall_3638,3DBall,3638,12.0,ppo,200000,191,35972,0.0003520876016931,3.0,175,42.8,63.5,1.1325,12000,1.066,12000,3.7304,142000,4.8249,192000,180000,0.06,36000,0.1885,36000,1.4193,12000,2.5657600000000005,120000.0,104.9,2025-11-21_09-33,1,,0.10452344071432665,0,143546.14584840235,140.31213621000643,194099.24892249025
R_LN_3DBall_4079,3DBall,4079,12.0,ppo,200000,171,32232,0.0003153277488784,3.0,200,44.0,61.7,1.28,12000,1.1313,12000,9.2146,142000,12.5125,180000,180000,0.0604,36000,0.1706,36000,1.4151,12000,2.5657600000000005,108000.0,106.5,2025-11-21_09-33,1,,0.7317261073300788,1,126435.74490787188,110.16498503922044,146171.11398280016
R_LN_3DBall_3593,3DBall,3593,12.0,ppo,200000,142,26676,0.0006404828411291,3.0,174,43.0,62.5,1.3032,12000,1.0889,12000,16.006,142000,24.0146,192000,180000,0.0658,36000,0.232,36000,1.4095,12000,2.5657600000000005,96000.0,81.1,2025-11-21_09-33,1,,0.7441932703148223,1,95415.49938026085,87.05295698265382,122168.91845955377
R_LN_3DBall_4615,3DBall,4615,12.0,ppo,200000,62,11765,0.0001336619605483,3.0,190,44.4,64.7,1.3097,12000,1.109,12000,75.0768,142000,94.4077,192000,180000,0.1017,12000,0.3044,12000,1.4143,12000,2.5657600000000005,84000.0,76.1,2025-11-21_09-33,1,,0.9151999200268356,1,74571.82959588159,53.68279465469512,85208.14847703851
R_AK_3DBall_2078,3DBall,2078,12.0,ppo,500000,82,15486,0.0006748705008507,3.0,269,44.8,83.8,2.1979,12000,1.2608,12000,100.0,442000,100.0,132000,480000,0.0895,24000,0.5873,24000,1.3795,12000,2.5657600000000005,60000.0,26.9,2025-11-21_09-33,1,,0.9999512142464435,1,53817.679251933805,26.691742247657228,53839.44659267508
R_AP_3DBall_1240,3DBall,1240,12.0,ppo,500000,135,25319,0.0004668252339707,3.0,401,52.7,88.1,1.2179,12000,1.0736,12000,99.4569,442000,100.0,264000,480000,0.069,36000,0.2125,36000,1.4103,12000,2.5657600000000005,108000.0,80.1,2025-11-21_09-33,1,,0.9063995740962052,1,93675.34331159605,60.257524469654804,131707.50423284387
R_LN_3DBall_4143,3DBall,4143,12.0,ppo,200000,179,33607,0.0006556418597672,3.0,171,43.9,60.6,1.2114,12000,1.1143,12000,3.8204,142000,4.6224,180000,180000,0.0599,36000,0.2468,36000,1.4164,12000,2.5657600000000005,144000.0,125.6,2025-11-21_09-33,1,,0.7784769032948672,1,116394.44701918849,96.38507114204621,134915.00801724292
R_LN_3DBall_3233,3DBall,3233,12.0,ppo,100000,106,20017,0.0006394989926261,3.0,91,41.9,57.1,1.5429,12000,1.2324,12000,3.048,46000,4.6419,96000,84000,0.0799,24000,0.254,24000,1.4095,12000,2.5657600000000005,72000.0,65.0,2025-11-21_09-33,1,,0.7621217388486223,1,76585.99992552161,91.86952168069008,82155.68154983677
R_AK_3DBall_2229,3DBall,2229,12.0,ppo,500000,119,22323,0.0001791965433492,3.0,233,42.3,84.0,1.2518,12000,1.1067,12000,98.48,442000,100.0,216000,480000,0.0728,24000,0.2156,24000,1.4166,12000,2.5657600000000005,96000.0,40.7,2025-11-21_09-33,1,,0.9746952043152151,1,94397.393200051,49.78335353433165,104661.08429433987
R_LN_3DBall_3758,3DBall,3758,12.0,ppo,200000,131,24628,0.0001760637984509,3.0,177,42.7,51.0,1.3498,12000,1.1746,12000,15.397,142000,25.787,192000,180000,0.0702,36000,0.2852,36000,1.4132,12000,2.5657600000000005,96000.0,82.8,2025-11-21_09-33,1,,0.6414551548510775,1,98926.55535127735,90.33326156558942,135165.9179115218
R_LN_3DBall_4445,3DBall,4445,12.0,ppo,200000,108,20297,0.0003657330967643,3.0,175,44.8,63.7,1.3291,12000,1.1682,12000,42.5879,142000,64.4556,192000,180000,0.0757,24000,0.2547,24000,1.4172,12000,2.5657600000000005,84000.0,70.1,2025-11-21_09-33,1,,0.959221105255647,1,85620.02603545297,63.44326938676611,90284.31495461508
R_LN_3DBall_3936,3DBall,3936,12.0,ppo,200000,77,14491,0.000104164091457,3.0,185,43.9,59.5,1.2465,12000,1.1658,12000,11.0859,142000,20.3891,192000,180000,0.0909,24000,0.3605,24000,1.4133,12000,2.5657600000000005,108000.0,98.4,2025-11-21_09-33,1,,0.7405144288412843,1,75711.02966762749,63.69262593248898,107962.22412305184
R_AK_3DBall_2185,3DBall,2185,12.0,ppo,500000,42,7959,0.0005410778727008,3.0,266,44.1,83.2,13.496,12000,1.3933,12000,100.0,442000,100.0,132000,480000,0.1233,12000,1.2171,12000,1.3648,12000,2.5657600000000005,36000.0,13.3,2025-11-21_09-33,1,,0.999905397180008,1,35863.8480112724,16.8825094665474,35907.756600110755
R_LN_3DBall_3115,3DBall,3115,12.0,ppo,100000,189,35613,0.0007083614967094,3.0,88,40.9,56.3,1.2198,12000,1.0984,12000,1.4913,46000,1.7157,84000,84000,0.0561,36000,0.1806,36000,1.4135,12000,2.5657600000000005,,,2025-11-21_09-33,0,,0.046748264592132084,0,125835.01633162786,171.50795316979904,101207.742179213
R_AK_3DBall_2528,3DBall,2528,12.0,ppo,500000,122,23058,0.000661805999342,3.0,231,44.1,84.8,1.311,12000,1.0826,12000,98.5108,442000,100.0,204000,480000,0.0702,24000,0.2127,24000,1.4055,12000,2.5657600000000005,84000.0,34.6,2025-11-21_09-33,1,,0.9991045274568353,1,85808.25785063404,39.884920271428996,86179.15518333434
R_AK_3DBall_2246,3DBall,2246,12.0,ppo,500000,37,6942,0.0001162449220978,3.0,317,45.8,82.1,17.2087,12000,1.5997,12000,99.7233,442000,100.0,72000,480000,0.131,12000,1.328,12000,1.3899,12000,2.5657600000000005,36000.0,15.8,2025-11-21_09-33,1,,0.9997119686003343,1,37503.06246342454,16.645726834695452,37636.2761036843
R_LN_3DBall_3470,3DBall,3470,12.0,ppo,100000,190,35792,0.0004545015069478,3.0,98,49.0,65.0,1.153,12000,1.1348,12000,1.2221,46000,1.299,96000,84000,0.0579,36000,0.6764,36000,1.4129,12000,2.5657600000000005,,,2025-11-21_09-33,0,,0.001095433708545741,0,118933.39348743275,156.025369273836,100020.7402774433
R_LN_3DBall_4184,3DBall,4184,12.0,ppo,200000,54,10279,4.137723963725532e-05,3.0,213,44.0,67.4,1.1181,12000,1.1101,12000,1.2188,142000,1.262,180000,180000,0.108,12000,0.4429,12000,1.4145,12000,2.5657600000000005,,,2025-11-21_09-33,0,,0.4960005944784487,0,71304.45391041583,56.37560783072252,136166.93263283768
R_LN_3DBall_3124,3DBall,3124,12.0,ppo,100000,85,16111,0.0003124246461547,3.0,97,40.4,56.6,1.8323,12000,1.2802,12000,4.4614,46000,8.1084,96000,84000,0.0853,24000,0.4389,24000,1.405,12000,2.5657600000000005,60000.0,55.3,2025-11-21_09-33,1,,0.4520310693591245,0,69895.96030866423,88.16860496184032,86392.03874629596
R_LN_3DBall_4335,3DBall,4335,12.0,ppo,200000,129,24285,0.0004243006033182,3.0,178,44.4,63.4,1.3646,12000,1.113,12000,38.9866,142000,74.7647,192000,180000,0.0716,36000,0.2403,36000,1.4053,12000,2.5657600000000005,84000.0,71.1,2025-11-21_09-33,1,,0.9539805073036309,1,93744.44764010221,75.22975706192452,98634.27425587719
R_AP_3DBall_1077,3DBall,1077,12.0,ppo,500000,55,10317,0.0007436168615878,3.0,635,64.4,87.9,5.4664,12000,1.2491,12000,98.4939,442000,100.0,156000,480000,0.1102,12000,0.8549,12000,1.364,12000,2.5657600000000005,48000.0,47.6,2025-11-21_09-33,1,,0.9995217988178743,1,40409.52214255265,24.91865464603099,40629.2988523578
R_LN_3DBall_4641,3DBall,4641,12.0,ppo,200000,174,32747,0.0003032308199483,3.0,181,45.0,65.2,1.1561,12000,1.1246,12000,2.1116,142000,2.5622,192000,180000,0.0607,36000,0.387,36000,1.4165,12000,2.5657600000000005,,,2025-11-21_09-33,0,,0.505197070719099,1,122675.58629785701,95.86325280250512,160935.9327026056
R_AP_3DBall_1289,3DBall,1289,12.0,ppo,500000,116,21830,0.000628400493494,3.0,524,63.3,89.9,1.404,12000,1.0869,12000,100.0,442000,100.0,300000,480000,0.0749,24000,0.2565,24000,1.4013,12000,2.5657600000000005,72000.0,65.4,2025-11-21_09-33,1,,0.9867161205029494,1,79333.90471412071,48.61920576557079,84921.98243239312
R_AK_3DBall_2123,3DBall,2123,12.0,ppo,500000,140,26286,0.0004073697800308,3.0,220,38.2,82.8,1.2406,12000,1.0585,12000,99.7033,442000,100.0,252000,480000,0.0673,36000,0.2265,36000,1.4133,12000,2.5657600000000005,96000.0,38.5,2025-11-21_09-33,1,,0.9615616737204501,1,100150.48565592857,54.190959134378296,115520.03175100556
R_LN_3DBall_3198,3DBall,3198,12.0,ppo,100000,116,21855,8.935573297712267e-05,3.0,105,41.2,57.0,1.3699,12000,1.1271,12000,2.1009,46000,2.8137,96000,84000,0.0748,24000,0.234,24000,1.4181,12000,2.5657600000000005,96000.0,104.9,2025-11-21_09-33,1,,0.01439989455973855,0,99402.36315833832,134.8456348423096,99991.39409249506
R_LN_3DBall_3762,3DBall,3762,12.0,ppo,200000,60,11325,0.0005183885436766,3.0,188,38.4,51.1,1.8926,12000,1.1932,12000,100.0,142000,100.0,132000,180000,0.1018,12000,0.4255,12000,1.3958,12000,2.5657600000000005,60000.0,50.2,2025-11-21_09-33,1,,0.9901154908581381,1,57730.644959586556,47.62691080899154,59136.90770009032
R_AK_3DBall_2007,3DBall,2007,12.0,ppo,500000,49,9237,0.0008772381257862,3.0,225,27.6,84.6,4.7264,12000,1.3238,12000,100.0,442000,100.0,96000,480000,0.1151,12000,0.933,12000,1.3722,12000,2.5657600000000005,48000.0,16.9,2025-11-21_09-33,1,,0.9999693350200358,1,37765.14120015051,17.599992066919764,37779.31562283435
R_LN_3DBall_4260,3DBall,4260,12.0,ppo,200000,108,20381,0.0006998697320917,3.0,201,46.5,65.5,1.539,12000,1.2026,12000,82.3121,142000,96.3692,168000,180000,0.0783,24000,0.2613,24000,1.3969,12000,2.5657600000000005,72000.0,66.9,2025-11-21_09-33,1,,0.9990159060628486,1,73703.09380929043,55.52788631290369,73827.38182895369
R_AK_3DBall_2370,3DBall,2370,12.0,ppo,500000,51,9655,0.0004453773772851,3.0,242,44.2,83.1,6.4275,12000,1.3049,12000,98.5077,442000,100.0,192000,480000,0.1138,12000,0.7799,12000,1.3725,12000,2.5657600000000005,36000.0,12.1,2025-11-21_09-33,1,,0.9999675685958614,1,45178.61269313041,21.3247659530208,45193.36318935302
R_LN_3DBall_4516,3DBall,4516,12.0,ppo,200000,77,14611,3.4615327441859874e-05,3.0,212,44.3,64.5,1.6366,12000,1.1578,12000,90.1626,142000,96.3167,180000,180000,0.0927,24000,0.3742,24000,1.4182,12000,2.5657600000000005,72000.0,70.6,2025-11-21_09-33,1,,0.7881551524358649,1,81068.29461991806,59.9216357050376,106263.36361670415
R_LN_3DBall_3273,3DBall,3273,12.0,ppo,100000,67,12742,0.0002656099441836,3.0,98,43.0,57.2,1.9456,12000,1.1708,12000,7.1589,46000,16.05,96000,84000,0.0989,24000,0.4757,24000,1.4043,12000,2.5657600000000005,60000.0,55.8,2025-11-21_09-33,1,,0.12057725091901526,0,67345.8972816425,84.13386441141499,96062.65806299332
R_LN_3DBall_3409,3DBall,3409,12.0,ppo,100000,158,29732,0.0008021556959734,3.0,107,47.0,61.2,1.1536,12000,1.0602,12000,1.5549,46000,1.8957,96000,84000,0.0629,36000,0.1368,36000,1.4182,12000,2.5657600000000005,,,2025-11-21_09-33,0,,0.10353161966498657,0,107559.52530537323,131.70110801303542,100782.64989876373
R_LN_3DBall_4536,3DBall,4536,12.0,ppo,200000,168,31568,5.753927203098461e-05,3.0,184,45.4,65.0,1.1652,12000,1.1474,12000,1.2094,142000,1.2557,96000,180000,0.0622,36000,0.548,36000,1.4177,12000,2.5657600000000005,,,2025-11-21_09-33,0,,0.09937863417761454,0,120015.52754972114,98.80640772959585,192051.25237247426
R_LN_3DBall_4428,3DBall,4428,12.0,ppo,200000,73,13843,0.0002996393651775,3.0,191,44.2,65.2,2.3397,12000,1.2161,12000,93.3086,142000,100.0,144000,180000,0.0928,24000,0.8864,24000,1.3971,12000,2.5657600000000005,48000.0,38.3,2025-11-21_09-33,1,,0.7704988658705691,1,59710.29105015195,44.216304324970324,91906.93836082984
R_LN_3DBall_4501,3DBall,4501,12.0,ppo,200000,184,34554,0.0007362981703694,3.0,170,44.9,64.5,1.2161,12000,1.1208,12000,4.6093,142000,6.9238,192000,180000,0.0582,36000,0.2256,36000,1.4127,12000,2.5657600000000005,144000.0,124.4,2025-11-21_09-33,1,,0.953438714129014,1,116249.67832984781,89.34868169263574,120149.2009989188
R_AP_3DBall_1113,3DBall,1113,12.0,ppo,500000,102,19130,0.0001104736652259,3.0,439,55.0,88.3,1.1581,12000,1.1136,12000,98.4969,442000,100.0,300000,480000,0.0805,24000,0.4273,24000,1.4151,12000,2.5657600000000005,156000.0,131.7,2025-11-21_09-33,1,,0.4040918295431794,0,82760.32803098382,54.615040321261695,331396.8575960442
R_LN_3DBall_4248,3DBall,4248,12.0,ppo,200000,98,18418,0.0001125386462579,3.0,201,53.1,74.0,1.2542,12000,1.1541,12000,9.4157,142000,13.9709,192000,180000,0.0809,24000,0.3799,24000,1.4094,12000,2.5657600000000005,108000.0,107.0,2025-11-21_09-33,1,,0.7941910191695571,1,82772.01825750302,67.69990433180611,106898.58970473608
R_LN_3DBall_3136,3DBall,3136,12.0,ppo,100000,114,21469,0.0002846496565542,3.0,93,42.1,56.1,1.2147,12000,1.1037,12000,1.6072,46000,1.9817,96000,84000,0.0767,24000,0.2417,24000,1.4118,12000,2.5657600000000005,,,2025-11-21_09-33,0,,0.03362373674652118,0,92077.30369578212,125.03789975233857,99733.60934514434
R_LN_3DBall_3949,3DBall,3949,12.0,ppo,200000,43,8112,0.0003856229492508,3.0,238,43.3,59.8,13.0005,12000,1.566,12000,93.9891,142000,100.0,156000,180000,0.123,12000,1.2084,12000,1.3794,12000,2.5657600000000005,36000.0,31.7,2025-11-21_09-33,1,,0.9992052165905947,1,37511.186032895894,28.027385342493012,37640.329446450894
R_AK_3DBall_2598,3DBall,2598,12.0,ppo,500000,63,11938,0.0002573765017008,3.0,222,29.4,84.6,1.8813,12000,1.1914,12000,100.0,442000,100.0,144000,480000,0.1014,12000,0.4982,12000,1.4157,12000,2.5657600000000005,60000.0,22.2,2025-11-21_09-33,1,,0.9954487182668584,1,65243.726326363394,28.38837584007559,67222.4246131029
R_LN_3DBall_4510,3DBall,4510,12.0,ppo,200000,61,11560,0.0003888352756529,3.0,219,43.8,64.4,4.1525,12000,1.2456,12000,90.5609,142000,98.8833,156000,180000,0.1032,12000,0.9624,12000,1.385,12000,2.5657600000000005,48000.0,43.7,2025-11-21_09-33,1,,0.9636423866255881,1,51054.15951502233,37.09150389888181,56469.47479710198
R_AK_3DBall_2430,3DBall,2430,12.0,ppo,500000,36,6860,0.0007944401849507,3.0,330,48.9,84.2,12.7644,12000,1.9094,12000,96.9969,442000,100.0,84000,480000,0.1337,12000,1.5511,12000,1.356,12000,2.5657600000000005,24000.0,8.2,2025-11-21_09-33,1,,0.9999999951997955,1,24036.896987002514,8.682839576177688,24036.899271722723
R_AK_3DBall_2027,3DBall,2027,12.0,ppo,500000,156,29290,0.0007063408929922,3.0,226,40.2,84.7,1.2844,12000,1.1199,12000,100.0,442000,100.0,264000,480000,0.0655,36000,0.1744,36000,1.4091,12000,2.5657600000000005,96000.0,39.5,2025-11-21_09-33,1,,0.9975523885162545,1,97973.20229851591,52.00467796390896,98957.2077053435
R_AK_3DBall_2577,3DBall,2577,12.0,ppo,500000,113,21197,0.0004292655657585,3.0,217,33.2,84.5,1.3025,12000,1.1707,12000,100.0,442000,100.0,228000,480000,0.0742,24000,0.2676,24000,1.4033,12000,2.5657600000000005,96000.0,37.9,2025-11-21_09-33,1,,0.9996068584017207,1,79141.77327508891,37.48019974555924,79307.23015099253
R_AK_3DBall_2331,3DBall,2331,12.0,ppo,500000,131,24670,0.0003287721456953,3.0,232,39.7,84.0,1.3627,12000,1.0924,12000,100.0,442000,100.0,240000,480000,0.0707,36000,0.2527,36000,1.4137,12000,2.5657600000000005,84000.0,34.8,2025-11-21_09-33,1,,0.9813914830833428,1,97702.78693786591,49.94250027532651,105188.94143265668
R_LN_3DBall_4634,3DBall,4634,12.0,ppo,200000,182,34282,0.000769743052045,3.0,174,44.3,65.6,1.3813,12000,1.245,12000,16.4946,142000,34.1576,192000,180000,0.0611,36000,0.208,36000,1.4117,12000,2.5657600000000005,84000.0,69.7,2025-11-21_09-33,1,,0.9979927984531396,1,111450.36157387095,79.44151505443816,111628.0985450938
R_AK_3DBall_2146,3DBall,2146,12.0,ppo,500000,83,15563,0.0002968018669491,3.0,243,41.3,83.6,1.996,12000,1.2445,12000,98.4658,442000,100.0,144000,480000,0.0912,24000,0.505,24000,1.4072,12000,2.5657600000000005,60000.0,24.3,2025-11-21_09-33,1,,0.9973613405210273,1,65517.10262881626,32.489674378845734,66663.55504441625
R_AP_3DBall_1038,3DBall,1038,12.0,ppo,500000,99,18568,0.0005118975970282,3.0,506,72.8,87.0,1.7022,12000,1.1388,12000,100.0,442000,100.0,180000,480000,0.0798,24000,0.2743,24000,1.405,12000,2.5657600000000005,60000.0,50.6,2025-11-21_09-33,1,,0.9832021571533158,1,72610.71085706067,46.09412733989077,79789.92897043983
R_LN_3DBall_4300,3DBall,4300,12.0,ppo,200000,171,32119,0.0002380011365422,3.0,180,44.2,65.8,1.2051,12000,1.1467,12000,2.3641,142000,2.7913,180000,180000,0.059,36000,0.389,36000,1.4172,12000,2.5657600000000005,180000.0,168.4,2025-11-21_09-33,1,,0.34277907684090086,0,119645.1066581309,100.84590255693163,172456.02384062504
R_LN_3DBall_4140,3DBall,4140,12.0,ppo,200000,109,20609,3.501507447873532e-05,3.0,190,43.5,61.0,1.1634,12000,1.1446,12000,1.2318,142000,1.2819,168000,180000,0.077,24000,0.9878,24000,1.4167,12000,2.5657600000000005,,,2025-11-21_09-33,0,,0.0031931447848227595,0,82388.90024724018,68.22987537805258,199624.4507301872
R_LN_3DBall_3835,3DBall,3835,12.0,ppo,200000,70,13137,0.0002391383313884,3.0,181,42.7,51.3,1.5108,12000,1.1838,12000,94.2211,142000,100.0,180000,180000,0.095,24000,0.3347,24000,1.4026,12000,2.5657600000000005,72000.0,60.5,2025-11-21_09-33,1,,0.9630661547518142,1,67342.69419560571,57.65158317899156,72242.23859922646
R_LN_3DBall_4532,3DBall,4532,12.0,ppo,200000,113,21209,0.0006572183664213,3.0,201,44.8,65.5,1.5259,12000,1.1235,12000,67.8344,142000,88.5308,168000,180000,0.0741,24000,0.2916,24000,1.3975,12000,2.5657600000000005,72000.0,66.9,2025-11-21_09-33,1,,0.9953975691852034,1,76561.80873986077,56.913063689447405,77129.9244750392
R_LN_3DBall_3001,3DBall,3001,12.0,ppo,100000,158,29795,0.0003019223427468,3.0,101,50.2,69.0,1.1667,12000,1.1301,12000,1.2592,46000,1.3746,96000,84000,0.0627,36000,0.3929,36000,1.4159,12000,2.5657600000000005,,,2025-11-21_09-33,0,,0.003014733447688221,0,112921.72577104815,160.61574598252244,100038.95555888384
R_AK_3DBall_2497,3DBall,2497,12.0,ppo,500000,100,18821,0.0001076410789874,3.0,249,45.8,82.9,1.4668,12000,1.1926,12000,100.0,442000,100.0,192000,480000,0.0775,24000,0.296,24000,1.4183,12000,2.5657600000000005,72000.0,31.1,2025-11-21_09-33,1,,0.9943622657229672,1,84554.96030098882,40.30558449598458,86897.1290415232
R_AK_3DBall_2213,3DBall,2213,12.0,ppo,500000,128,24024,0.0001168358715727,3.0,214,26.9,82.9,1.2334,12000,1.1201,12000,100.0,442000,100.0,288000,480000,0.0693,36000,0.2985,36000,1.4156,12000,2.5657600000000005,120000.0,48.1,2025-11-21_09-33,1,,0.9427278940532516,1,97953.8548549147,52.79121523626669,120979.8842751458
R_AK_3DBall_2655,3DBall,2655,12.0,ppo,500000,143,26929,0.0004737557057688,3.0,213,33.1,84.8,1.2774,12000,1.1526,12000,100.0,442000,100.0,264000,480000,0.0639,36000,0.3092,36000,1.4126,12000,2.5657600000000005,120000.0,47.9,2025-11-21_09-33,1,,0.9970887555145408,1,96154.00802034489,44.68179991096864,97329.70243747046
R_LN_3DBall_3221,3DBall,3221,12.0,ppo,100000,155,29236,0.0003852109246295,3.0,95,41.2,57.0,1.2228,12000,1.1419,12000,1.6495,46000,2.0507,96000,84000,0.0671,36000,0.165,36000,1.4192,12000,2.5657600000000005,,,2025-11-21_09-33,0,,0.047700212089123825,0,115844.33838524281,153.31908039606148,100755.77830138792
R_LN_3DBall_3977,3DBall,3977,12.0,ppo,200000,107,20063,0.000593155031624,3.0,174,41.8,60.1,1.2831,12000,1.1421,12000,34.6289,142000,58.17,192000,180000,0.0776,24000,0.2479,24000,1.4098,12000,2.5657600000000005,96000.0,81.4,2025-11-21_09-33,1,,0.9674123427883216,1,78239.05755794565,63.24363796834639,82206.96141201822
R_AK_3DBall_2519,3DBall,2519,12.0,ppo,500000,107,20096,0.0008799244654622,3.0,216,33.2,85.0,1.4495,12000,1.1561,12000,100.0,442000,100.0,156000,480000,0.0772,24000,0.2746,24000,1.3984,12000,2.5657600000000005,72000.0,27.0,2025-11-21_09-33,1,,0.9999492886825825,1,67824.29922841121,30.154925146008207,67846.21542755318
R_LN_3DBall_4363,3DBall,4363,12.0,ppo,200000,38,7245,0.0004680652838263,3.0,206,44.4,63.6,13.8304,12000,1.6176,12000,99.395,142000,100.0,132000,180000,0.1288,12000,1.2133,12000,1.3749,12000,2.5657600000000005,36000.0,27.5,2025-11-21_09-33,1,,0.999955369539148,1,35266.55277286321,23.435180267914802,35273.904902530696
R_LN_3DBall_3992,3DBall,3992,12.0,ppo,200000,119,22351,0.0004135736936829,3.0,195,43.3,62.2,1.4587,12000,1.1066,12000,54.5606,142000,82.15,168000,180000,0.0738,24000,0.2791,24000,1.4033,12000,2.5657600000000005,72000.0,64.9,2025-11-21_09-33,1,,0.896097011724116,1,86729.88810415256,74.88234897421957,98498.99121247487
R_AK_3DBall_2544,3DBall,2544,12.0,ppo,500000,149,28031,0.0007462200002404,3.0,239,47.7,84.1,1.3335,12000,1.1275,12000,99.2662,442000,100.0,276000,480000,0.0662,36000,0.1725,36000,1.4094,12000,2.5657600000000005,96000.0,41.8,2025-11-21_09-33,1,,0.9995237333954047,1,94852.99895694059,44.15710963368497,95045.95694348935
R_LN_3DBall_3659,3DBall,3659,12.0,ppo,200000,91,17091,0.0002640357263278,3.0,205,42.6,63.6,1.8157,12000,1.1939,12000,89.7315,142000,100.0,168000,180000,0.0854,24000,0.4713,24000,1.4029,12000,2.5657600000000005,60000.0,54.7,2025-11-21_09-33,1,,0.8107023398898673,1,71972.55819859845,64.6845062115476,96207.85336148995
R_LN_3DBall_3614,3DBall,3614,12.0,ppo,200000,34,6386,0.000228143303658,3.0,255,42.2,63.7,26.9956,12000,1.6787,12000,96.6257,142000,100.0,60000,180000,0.1379,12000,0.9649,12000,1.3861,12000,2.5657600000000005,36000.0,34.1,2025-11-21_09-33,1,,0.9999309917987597,1,38406.00594398418,30.159167106803196,38417.157254845224
R_AP_3DBall_1177,3DBall,1177,12.0,ppo,500000,63,11977,0.0006994993081991,3.0,585,60.9,88.8,5.0527,12000,1.3206,12000,97.0585,442000,100.0,156000,480000,0.0997,12000,0.7601,12000,1.3796,12000,2.5657600000000005,48000.0,43.8,2025-11-21_09-33,1,,0.9996740126020505,1,46000.830669508214,26.158965756567955,46148.82867738951
R_LN_3DBall_3135,3DBall,3135,12.0,ppo,100000,158,29678,0.0006759781887057,3.0,102,40.3,56.2,1.2527,12000,1.1235,12000,1.8276,46000,2.1929,96000,84000,0.0646,36000,0.154,36000,1.4115,12000,2.5657600000000005,,,2025-11-21_09-33,0,,0.182052820011654,0,104110.95774083205,138.7890892825851,100748.41144966721
R_LN_3DBall_3603,3DBall,3603,12.0,ppo,200000,108,20414,6.684689697295243e-05,3.0,190,43.0,62.7,1.1067,12000,1.0795,12000,1.2378,142000,1.2849,180000,180000,0.0763,24000,0.3425,24000,1.4158,12000,2.5657600000000005,,,2025-11-21_09-33,0,,0.08556216775453562,0,95830.40002041179,90.45921894700398,191087.0232116236
R_AK_3DBall_2026,3DBall,2026,12.0,ppo,500000,125,23580,0.0008248133404876,3.0,252,43.0,84.7,1.4696,12000,1.097,12000,100.0,442000,100.0,264000,480000,0.0717,24000,0.3123,24000,1.4054,12000,2.5657600000000005,84000.0,37.8,2025-11-21_09-33,1,,0.9972648922144747,1,80176.4432088953,40.29001548711067,81324.70588762159
R_LN_3DBall_3563,3DBall,3563,12.0,ppo,200000,155,29092,0.0002355041278073,3.0,191,43.9,63.0,1.3366,12000,1.1555,12000,18.1843,142000,32.9417,192000,180000,0.0663,36000,0.2025,36000,1.4141,12000,2.5657600000000005,96000.0,89.1,2025-11-21_09-33,1,,0.5321272538213886,1,112468.92835733389,109.57040475261816,153422.33122274486
R_AP_3DBall_1176,3DBall,1176,12.0,ppo,500000,101,19077,0.0008540496470057,3.0,519,61.1,89.9,1.6821,12000,1.1947,12000,99.5308,442000,100.0,156000,480000,0.0785,24000,0.2744,24000,1.3989,12000,2.5657600000000005,60000.0,51.9,2025-11-21_09-33,1,,0.9994505523729738,1,66346.7805720148,38.08842117037736,66585.0503043818
R_LN_3DBall_4362,3DBall,4362,12.0,ppo,200000,108,20268,0.0004887725571513,3.0,181,44.7,63.8,1.6205,12000,1.1553,12000,88.6171,142000,100.0,180000,180000,0.0762,24000,0.3045,24000,1.4094,12000,2.5657600000000005,72000.0,60.2,2025-11-21_09-33,1,,0.9741069631973583,1,79730.56749738997,60.401947558153566,82844.70833941289
R_AK_3DBall_2521,3DBall,2521,12.0,ppo,500000,111,20987,0.0002289347255457,3.0,226,44.3,84.8,1.2432,12000,1.0762,12000,100.0,442000,100.0,228000,480000,0.0744,24000,0.2755,24000,1.4156,12000,2.5657600000000005,96000.0,39.5,2025-11-21_09-33,1,,0.9757269499944008,1,92753.91105864361,44.946594133923575,102639.01574010187
R_AK_3DBall_2663,3DBall,2663,12.0,ppo,500000,89,16699,0.0004112517416155,3.0,216,32.7,84.1,1.5472,12000,1.1222,12000,100.0,442000,100.0,168000,480000,0.0831,24000,0.3236,24000,1.413,12000,2.5657600000000005,72000.0,27.0,2025-11-21_09-33,1,,0.9975686154990296,1,73362.97131117238,32.806221314876325,74400.28997026644
R_AK_3DBall_2681,3DBall,2681,12.0,ppo,500000,133,25042,0.0004875566451141,3.0,225,46.4,84.6,1.4301,12000,1.1702,12000,98.6846,442000,100.0,192000,480000,0.0688,36000,0.3103,36000,1.4129,12000,2.5657600000000005,84000.0,33.7,2025-11-21_09-33,1,,0.9984714800094978,1,90343.0382831574,40.98810516950083,90969.20713838997
R_AP_3DBall_1019,3DBall,1019,12.0,ppo,500000,165,31094,0.0004799262095894,3.0,414,61.4,87.0,1.2465,12000,1.1406,12000,99.0083,442000,100.0,288000,480000,0.0645,36000,0.1906,36000,1.4132,12000,2.5657600000000005,108000.0,82.8,2025-11-21_09-33,1,,0.91534666412378,1,111410.78273186905,74.53717562026203,144306.1562591456
R_LN_3DBall_4524,3DBall,4524,12.0,ppo,200000,55,10463,0.0004906844388545,3.0,190,44.8,64.8,2.7435,12000,1.2065,12000,96.0132,142000,100.0,120000,180000,0.1097,12000,0.5069,12000,1.3946,12000,2.5657600000000005,48000.0,38.1,2025-11-21_09-33,1,,0.9977120696114585,1,56662.5448655548,39.6042661865224,56990.4909849731
R_LN_3DBall_4296,3DBall,4296,12.0,ppo,200000,163,30692,0.0006312004125925,3.0,176,44.8,63.1,1.232,12000,1.1098,12000,10.6012,142000,17.4892,192000,180000,0.0623,36000,0.1659,36000,1.4167,12000,2.5657600000000005,108000.0,94.1,2025-11-21_09-33,1,,0.9192336065381688,1,112512.7443708362,88.35523894124437,119578.77448187706
R_LN_3DBall_3611,3DBall,3611,12.0,ppo,200000,32,6017,0.0007693465229852,3.0,218,43.5,62.8,28.0129,12000,1.9484,12000,96.7548,142000,100.0,120000,180000,0.143,12000,1.0355,12000,1.3396,12000,2.5657600000000005,24000.0,14.5,2025-11-21_09-33,1,,0.9999999995495668,1,25028.793778817606,18.536441784209792,25028.793857630455
R_LN_3DBall_3813,3DBall,3813,12.0,ppo,200000,59,11176,0.0006840405910475,3.0,186,42.4,51.6,2.3692,12000,1.1925,12000,100.0,142000,100.0,144000,180000,0.1034,12000,0.4708,12000,1.3807,12000,2.5657600000000005,48000.0,37.3,2025-11-21_09-33,1,,0.9987100809577039,1,52335.54274274566,42.975570112826524,52526.01793803211
R_LN_3DBall_3407,3DBall,3407,12.0,ppo,100000,180,33775,0.0004252821412936,3.0,97,53.7,62.3,1.1126,12000,1.1174,12000,1.174,46000,1.2383,96000,84000,0.06,36000,0.287,36000,1.4195,12000,2.5657600000000005,,,2025-11-21_09-33,0,,0.01079901804080658,0,123737.14880939614,164.07163328199124,100256.33789822996
R_LN_3DBall_3249,3DBall,3249,12.0,ppo,100000,103,19397,0.0007130928264838,3.0,95,40.0,57.3,1.5311,12000,1.1745,12000,3.4062,46000,5.8023,96000,84000,0.0784,24000,0.2436,24000,1.4016,12000,2.5657600000000005,72000.0,67.7,2025-11-21_09-33,1,,0.7966212905018094,1,72867.82561006074,89.36861688872439,78385.93222336644
R_AK_3DBall_2434,3DBall,2434,12.0,ppo,500000,159,29825,0.0007276253298747,3.0,219,38.9,84.1,1.296,12000,1.1461,12000,98.5062,442000,100.0,252000,480000,0.0633,36000,0.19,36000,1.4182,12000,2.5657600000000005,96000.0,38.3,2025-11-21_09-33,1,,0.9982817847999932,1,100035.97662968829,47.36119557881798,100723.20089409903
R_LN_3DBall_3678,3DBall,3678,12.0,ppo,200000,101,19032,0.0005679922575159,3.0,300,78.6,85.5,1.6157,12000,1.1605,12000,88.3304,142000,98.9083,156000,180000,0.0779,24000,0.2787,24000,1.4078,12000,2.5657600000000005,72000.0,100.1,2025-11-21_09-33,1,,0.95360281579386,1,76255.38116564044,64.78024794725827,81996.7830402168
R_AK_3DBall_2057,3DBall,2057,12.0,ppo,500000,148,27909,0.0002077621433484,3.0,221,39.1,83.1,1.1939,12000,1.0925,12000,100.0,442000,100.0,276000,480000,0.0646,36000,0.2227,36000,1.4156,12000,2.5657600000000005,96000.0,38.6,2025-11-21_09-33,1,,0.9254373575505729,1,112491.36291292428,62.80954993854057,141385.0308661127
R_LN_3DBall_3190,3DBall,3190,12.0,ppo,100000,96,18009,0.0003409305790647,3.0,94,40.8,56.9,1.4657,12000,1.202,12000,2.5242,46000,3.652,96000,84000,0.083,24000,0.2436,24000,1.4155,12000,2.5657600000000005,84000.0,80.3,2025-11-21_09-33,1,,0.24902990603573724,0,78932.90851438412,100.04184125673844,94753.6641868908
R_AP_3DBall_1133,3DBall,1133,12.0,ppo,500000,50,9540,0.0004161622275301,3.0,482,53.6,88.6,2.0687,12000,1.2146,12000,100.0,442000,100.0,132000,480000,0.1121,12000,0.4796,12000,1.3927,12000,2.5657600000000005,60000.0,48.2,2025-11-21_09-33,1,,0.997673357183532,1,54217.64425456448,32.33983574884693,55254.82057026778
R_AK_3DBall_2378,3DBall,2378,12.0,ppo,500000,76,14390,0.0007368816339409,3.0,216,26.4,83.0,1.6528,12000,1.181,12000,100.0,442000,100.0,168000,480000,0.0915,24000,0.3318,24000,1.4117,12000,2.5657600000000005,72000.0,27.0,2025-11-21_09-33,1,,0.9997336533650193,1,63143.45750768954,27.097194733973314,63259.81277775168
R_AP_3DBall_1272,3DBall,1272,12.0,ppo,500000,102,19249,0.0008318541998021,3.0,415,53.4,87.2,1.4904,12000,1.1384,12000,98.5262,442000,100.0,180000,480000,0.0812,24000,0.2424,24000,1.4048,12000,2.5657600000000005,72000.0,51.9,2025-11-21_09-33,1,,0.9979316705752093,1,70431.12485747373,39.95264748484118,71319.61480190528
R_LN_3DBall_4255,3DBall,4255,12.0,ppo,200000,157,29454,9.15897698622294e-05,3.0,191,52.2,70.9,1.1076,12000,1.087,12000,1.2072,142000,1.2817,180000,180000,0.0637,36000,0.3797,36000,1.4182,12000,2.5657600000000005,,,2025-11-21_09-33,0,,0.09559000012172063,0,118173.21154619029,103.32228412409223,192178.17728174033
R_LN_3DBall_3777,3DBall,3777,12.0,ppo,200000,190,35742,0.0005151557951638,3.0,170,43.0,51.8,1.2147,12000,1.1216,12000,4.4149,142000,6.7192,192000,180000,0.0583,36000,0.1782,36000,1.417,12000,2.5657600000000005,120000.0,102.2,2025-11-21_09-33,1,,0.5694996484230168,1,131663.80927060076,120.8213288381328,161082.5634050389
R_LN_3DBall_4503,3DBall,4503,12.0,ppo,200000,105,19836,0.0003883388861071,3.0,181,45.3,64.8,1.487,12000,1.1568,12000,71.1334,142000,88.2077,168000,180000,0.079,24000,0.251,24000,1.4078,12000,2.5657600000000005,72000.0,60.2,2025-11-21_09-33,1,,0.98642544938657,1,83876.96033052822,62.15849381351506,85453.27840990681
R_LN_3DBall_3399,3DBall,3399,12.0,ppo,100000,58,10990,0.0004956378231286,3.0,116,53.6,59.0,3.6155,12000,1.2443,12000,32.5814,46000,63.779,96000,84000,0.1056,12000,0.7944,12000,1.392,12000,2.5657600000000005,48000.0,49.8,2025-11-21_09-33,1,,0.3635794028852053,0,51858.31323278211,61.025475214563365,82496.67427128833
R_LN_3DBall_4425,3DBall,4425,12.0,ppo,200000,83,15725,0.0006310521829213,3.0,188,44.1,64.7,1.9095,12000,1.19,12000,96.1145,142000,100.0,180000,180000,0.0893,24000,0.4527,24000,1.3959,12000,2.5657600000000005,60000.0,50.0,2025-11-21_09-33,1,,0.9968869108566537,1,64088.30230780272,45.95257659264356,64511.407538342064
R_AK_3DBall_2455,3DBall,2455,12.0,ppo,500000,45,8508,0.0002714415605649,3.0,273,49.7,83.9,7.6787,12000,1.3045,12000,98.4939,442000,100.0,132000,480000,0.1172,12000,1.1142,12000,1.3763,12000,2.5657600000000005,36000.0,13.7,2025-11-21_09-33,1,,0.9986579555649452,1,42893.87126713892,20.114035630523365,43507.328003434304
R_LN_3DBall_4461,3DBall,4461,12.0,ppo,200000,161,30303,0.0008891119944453,3.0,173,45.2,64.2,1.3203,12000,1.1679,12000,16.4192,142000,28.1932,192000,180000,0.0603,36000,0.1763,36000,1.412,12000,2.5657600000000005,96000.0,80.9,2025-11-21_09-33,1,,0.9957513437199209,1,99445.98395626123,71.7653045796753,99873.20340801263
R_LN_3DBall_3812,3DBall,3812,12.0,ppo,200000,90,16909,0.0003809067331741,3.0,202,42.1,51.9,2.1567,12000,1.3201,12000,89.5023,142000,93.1231,144000,180000,0.0835,24000,0.6799,24000,1.3951,12000,2.5657600000000005,48000.0,40.5,2025-11-21_09-33,1,,0.9776318128396991,1,61338.25191856484,51.35491256547456,64439.863851624876
R_AK_3DBall_2135,3DBall,2135,12.0,ppo,500000,143,26842,0.0003578952793,3.0,225,41.1,84.1,1.2995,12000,1.1177,12000,100.0,442000,100.0,216000,480000,0.0678,36000,0.2422,36000,1.4114,12000,2.5657600000000005,96000.0,39.3,2025-11-21_09-33,1,,0.9853291167589531,1,99505.29935296964,53.82783315610344,105380.91034482027
R_LN_3DBall_4311,3DBall,4311,12.0,ppo,200000,141,26609,0.0006856726965873,3.0,174,45.0,62.9,1.3072,12000,1.1113,12000,32.2776,142000,62.8389,192000,180000,0.0691,36000,0.2364,36000,1.4124,12000,2.5657600000000005,96000.0,81.4,2025-11-21_09-33,1,,0.954562232109075,1,97158.05214586199,73.93924427098372,101830.96070190893
R_LN_3DBall_3283,3DBall,3283,12.0,ppo,100000,126,23671,0.000875653856063,3.0,95,40.5,57.4,1.2809,12000,1.0812,12000,1.9995,46000,2.6661,84000,84000,0.0714,24000,0.1873,24000,1.4125,12000,2.5657600000000005,84000.0,81.3,2025-11-21_09-33,1,,0.2929815446853012,0,84863.91876682844,103.07733779720381,95565.4075398232
R_LN_3DBall_3411,3DBall,3411,12.0,ppo,100000,108,20354,0.0007234701307487,3.0,102,52.8,64.4,1.2577,12000,1.1447,12000,1.6919,46000,2.2172,96000,84000,0.0756,24000,0.2662,24000,1.4092,12000,2.5657600000000005,,,2025-11-21_09-33,0,,0.5182299176782309,1,77358.60889586502,90.74793687235798,88266.5537519835
R_LN_3DBall_3083,3DBall,3083,12.0,ppo,100000,53,10114,4.822894123348807e-05,3.0,103,42.0,55.2,1.656,12000,1.2385,12000,3.702,46000,6.2593,96000,84000,0.1099,12000,0.3772,12000,1.4161,12000,2.5657600000000005,72000.0,73.6,2025-11-21_09-33,1,,0.11207210008288349,0,68847.53357924966,87.29685454187558,96508.67766546499
R_LN_3DBall_3433,3DBall,3433,12.0,ppo,100000,54,10138,7.640907404785448e-05,3.0,121,44.0,68.5,3.6546,12000,1.4243,12000,28.906,46000,62.1278,96000,84000,0.1108,12000,0.8324,12000,1.4103,12000,2.5657600000000005,36000.0,34.6,2025-11-21_09-33,1,,0.29011020763788764,0,54311.446186180925,62.35420373307034,86745.28416639814
R_LN_3DBall_4264,3DBall,4264,12.0,ppo,200000,81,15340,0.0002331580504846,3.0,183,45.7,63.2,2.0478,12000,1.2781,12000,94.4018,142000,100.0,156000,180000,0.0898,24000,0.5044,24000,1.4048,12000,2.5657600000000005,60000.0,48.9,2025-11-21_09-33,1,,0.9837526298349951,1,68882.80563822131,52.16870249844178,71013.11523001402
R_AK_3DBall_2099,3DBall,2099,12.0,ppo,500000,137,25803,0.0004570396612269,3.0,212,28.5,82.4,1.2884,12000,1.1707,12000,100.0,442000,100.0,264000,480000,0.0695,36000,0.3111,36000,1.4163,12000,2.5657600000000005,108000.0,42.4,2025-11-21_09-33,1,,0.9897606341947103,1,93946.59099913378,48.128533425081024,98104.32039037858
R_LN_3DBall_3959,3DBall,3959,12.0,ppo,200000,45,8566,0.0003481606174005,3.0,196,44.7,59.7,3.7931,12000,1.272,12000,100.0,142000,100.0,132000,180000,0.1199,12000,0.7682,12000,1.3882,12000,2.5657600000000005,48000.0,39.3,2025-11-21_09-33,1,,0.9839728597493442,1,49988.38968187281,39.84693870451357,52392.64679966815
R_LN_3DBall_3825,3DBall,3825,12.0,ppo,200000,188,35401,0.0004055683094164,3.0,176,43.2,52.2,1.1456,12000,1.1124,12000,2.0446,142000,2.3974,192000,180000,0.0565,36000,0.2708,36000,1.4203,12000,2.5657600000000005,,,2025-11-21_09-33,0,,0.20170564364856397,0,134191.23909068707,122.61121214587347,186726.00152307257
R_LN_3DBall_3975,3DBall,3975,12.0,ppo,200000,33,6221,0.0007454436995673,3.0,213,43.7,60.4,21.0599,12000,1.6429,12000,96.9739,142000,100.0,84000,180000,0.1412,12000,1.2094,12000,1.3689,12000,2.5657600000000005,36000.0,28.5,2025-11-21_09-33,1,,0.9999908959763418,1,30551.751873535744,21.19992685018418,30553.29453439552
R_LN_3DBall_3267,3DBall,3267,12.0,ppo,100000,104,19532,0.0005199740104747,3.0,107,39.8,57.8,1.6042,12000,1.1952,12000,3.4796,46000,5.4778,96000,84000,0.0782,24000,0.2919,24000,1.4004,12000,2.5657600000000005,72000.0,76.5,2025-11-21_09-33,1,,0.6672056555527677,1,74333.38528990782,94.29808963121357,82875.08950653265
R_LN_3DBall_3099,3DBall,3099,12.0,ppo,100000,67,12573,0.0002711417094158,3.0,97,43.3,56.3,2.0421,12000,1.2012,12000,7.0972,46000,15.6236,96000,84000,0.0977,24000,0.5163,24000,1.4063,12000,2.5657600000000005,60000.0,55.4,2025-11-21_09-33,1,,0.0867252286244756,0,63498.260355383005,82.2901478085113,96834.3782841295
R_AK_3DBall_2399,3DBall,2399,12.0,ppo,500000,137,25696,0.0001479694978062,3.0,253,45.8,83.5,1.2709,12000,1.0674,12000,98.5754,442000,100.0,228000,480000,0.0677,36000,0.2447,36000,1.4167,12000,2.5657600000000005,84000.0,37.9,2025-11-21_09-33,1,,0.9238070057194366,1,105411.31289050118,55.716553174546,135476.20647061022
R_LN_3DBall_4561,3DBall,4561,12.0,ppo,200000,113,21233,0.0001923131592381,3.0,178,45.1,64.8,1.2677,12000,1.1162,12000,16.9291,142000,29.9026,192000,180000,0.0789,24000,0.2649,24000,1.4171,12000,2.5657600000000005,96000.0,82.9,2025-11-21_09-33,1,,0.8225357875195695,1,93972.24756590827,71.66520919700149,112788.37915269443
R_LN_3DBall_3210,3DBall,3210,12.0,ppo,100000,46,8805,0.000149191679992,3.0,106,42.1,57.2,1.5061,12000,1.1088,12000,3.4972,46000,6.3167,96000,84000,0.1176,12000,0.2824,12000,1.409,12000,2.5657600000000005,72000.0,75.7,2025-11-21_09-33,1,,0.10770576600187903,0,68479.64654688303,87.24726766280193,96605.07618668207
R_AK_3DBall_2478,3DBall,2478,12.0,ppo,500000,177,33313,0.0006285656975956,3.0,231,42.5,83.1,1.2626,12000,1.1747,12000,92.6276,442000,100.0,324000,480000,0.0594,36000,0.1694,36000,1.4139,12000,2.5657600000000005,108000.0,46.2,2025-11-21_09-33,1,,0.9989710320635374,1,113289.85132414868,54.92953283243426,113687.7636678408
R_AP_3DBall_1012,3DBall,1012,12.0,ppo,500000,38,7165,0.0007096914244523,3.0,578,65.5,84.8,9.9217,12000,1.348,12000,100.0,442000,100.0,96000,480000,0.1335,12000,1.3524,12000,1.3678,12000,2.5657600000000005,36000.0,28.9,2025-11-21_09-33,1,,0.9932853642320031,1,33127.975451009326,19.482223864118204,36262.85104612311
R_AK_3DBall_2382,3DBall,2382,12.0,ppo,500000,166,31142,0.000128381679988,3.0,218,28.0,83.3,1.1649,12000,1.1622,12000,34.1953,442000,41.9857,492000,480000,0.0633,36000,0.4433,36000,1.4171,12000,2.5657600000000005,252000.0,108.9,2025-11-21_09-33,1,,0.8631578658504203,1,113564.2136852574,60.7740730508885,166444.91139633773
R_AK_3DBall_2107,3DBall,2107,12.0,ppo,500000,126,23634,0.0008951739512821,3.0,243,44.0,83.7,1.4642,12000,1.1124,12000,100.0,442000,100.0,276000,480000,0.0719,24000,0.3244,24000,1.4004,12000,2.5657600000000005,84000.0,36.4,2025-11-21_09-33,1,,0.9991645973414065,1,74760.75773130331,37.318390309089786,75116.00372483286
R_LN_3DBall_3100,3DBall,3100,12.0,ppo,100000,75,14086,0.0003431111685279,3.0,112,40.2,56.4,2.0803,12000,1.2532,12000,7.9932,46000,16.4456,96000,84000,0.0936,24000,0.7421,24000,1.397,12000,2.5657600000000005,60000.0,64.1,2025-11-21_09-33,1,,0.09994437220902584,0,58631.19619950468,76.21977063138696,95865.42087512113
R_LN_3DBall_3536,3DBall,3536,12.0,ppo,200000,61,11610,0.0007892581211151,3.0,184,43.5,65.1,2.6063,12000,1.1358,12000,92.6027,142000,100.0,144000,180000,0.1038,12000,0.6796,12000,1.3911,12000,2.5657600000000005,48000.0,36.8,2025-11-21_09-33,1,,0.9138461404195631,1,52626.81133977383,44.11329818247053,65323.580341528184
R_LN_3DBall_3590,3DBall,3590,12.0,ppo,200000,66,12391,0.0006509600546382,3.0,212,43.1,62.9,3.067,12000,1.2626,12000,92.0044,142000,100.0,168000,180000,0.098,24000,0.9221,24000,1.3854,12000,2.5657600000000005,48000.0,42.4,2025-11-21_09-33,1,,0.939529162810529,1,47418.01004690174,40.15962639725863,56644.77071940104
R_LN_3DBall_3177,3DBall,3177,12.0,ppo,100000,74,13941,0.0004919257491562,3.0,99,40.2,56.3,1.5685,12000,1.1092,12000,4.2489,46000,8.4782,96000,84000,0.0939,24000,0.4004,24000,1.4116,12000,2.5657600000000005,72000.0,70.7,2025-11-21_09-33,1,,0.05895045012682293,0,68238.48774586414,84.85702315556925,98127.64455591008
R_LN_3DBall_3487,3DBall,3487,12.0,ppo,200000,176,33181,0.0003402252794535,3.0,192,51.5,69.1,1.2367,12000,1.1369,12000,7.5634,142000,10.4204,192000,180000,0.0607,36000,0.1737,36000,1.4139,12000,2.5657600000000005,108000.0,102.5,2025-11-21_09-33,1,,0.4625760204166934,0,127938.5790089849,126.15449961642912,166666.11465240427
R_AP_3DBall_1042,3DBall,1042,12.0,ppo,500000,164,30925,0.0005987812405044,3.0,413,57.6,87.5,1.2728,12000,1.1677,12000,100.0,442000,100.0,276000,480000,0.0609,36000,0.2173,36000,1.4129,12000,2.5657600000000005,108000.0,82.7,2025-11-21_09-33,1,,0.9628018548584555,1,105719.37312743977,68.16537151933913,120385.88111234443
R_AK_3DBall_2284,3DBall,2284,12.0,ppo,500000,106,20021,0.0007490499340054,3.0,213,26.8,81.9,1.4807,12000,1.165,12000,100.0,442000,100.0,180000,480000,0.0762,24000,0.2601,24000,1.4048,12000,2.5657600000000005,72000.0,26.6,2025-11-21_09-33,1,,0.999782787295402,1,73064.9463725046,33.86521540425245,73157.68209019069
R_LN_3DBall_3024,3DBall,3024,12.0,ppo,100000,46,8726,0.0004158337283038,3.0,131,58.1,58.2,3.4786,12000,1.3538,12000,34.6762,46000,85.5072,96000,84000,0.1192,12000,0.7421,12000,1.3954,12000,2.5657600000000005,48000.0,56.3,2025-11-21_09-33,1,,0.6871303098949211,1,48786.2160855626,59.98408812370285,64809.4567879811
R_LN_3DBall_4627,3DBall,4627,12.0,ppo,200000,79,14950,0.0008288403048246,3.0,177,44.7,65.3,2.2035,12000,1.2605,12000,99.5569,142000,100.0,156000,180000,0.0904,24000,0.5835,24000,1.3819,12000,2.5657600000000005,60000.0,47.3,2025-11-21_09-33,1,,0.999860228147676,1,53432.06798829934,35.92790148239224,53452.554059647926
R_LN_3DBall_3516,3DBall,3516,12.0,ppo,200000,163,30747,0.0003026749817844,3.0,188,51.6,81.3,1.1886,12000,1.1447,12000,2.6116,142000,3.0833,192000,180000,0.0633,36000,0.3015,36000,1.4197,12000,2.5657600000000005,168000.0,162.9,2025-11-21_09-33,1,,0.17475569736574886,0,119389.69070686461,113.82666208827253,185912.8891846094
R_LN_3DBall_3580,3DBall,3580,12.0,ppo,200000,137,25732,0.000104083344474,3.0,196,42.6,62.9,1.3194,12000,1.1155,12000,20.5873,142000,34.0125,192000,180000,0.0676,36000,0.2412,36000,1.415,12000,2.5657600000000005,96000.0,91.5,2025-11-21_09-33,1,,0.22712237925127599,0,107468.2485191608,105.16576278239091,178983.96844738402
R_LN_3DBall_4329,3DBall,4329,12.0,ppo,200000,136,25564,0.0005544383684937,3.0,177,44.5,63.2,1.3225,12000,1.096,12000,32.285,142000,67.7111,192000,180000,0.0702,36000,0.2335,36000,1.4174,12000,2.5657600000000005,84000.0,71.0,2025-11-21_09-33,1,,0.8625415872265789,1,97810.03908528191,75.53829428959426,111856.908913997
R_LN_3DBall_4215,3DBall,4215,12.0,ppo,200000,133,24938,0.000836108711374,3.0,171,44.5,61.3,1.3246,12000,1.1404,12000,22.6139,142000,44.7926,192000,180000,0.0701,36000,0.2527,36000,1.4193,12000,2.5657600000000005,84000.0,68.6,2025-11-21_09-33,1,,0.9641124316005557,1,86580.52067764268,64.13516352246343,90650.86999965314
R_LN_3DBall_4550,3DBall,4550,12.0,ppo,200000,143,26867,0.0004777728422304,3.0,174,44.5,64.8,1.2794,12000,1.1216,12000,11.2473,142000,20.9528,192000,180000,0.0666,36000,0.2308,36000,1.4192,12000,2.5657600000000005,96000.0,81.0,2025-11-21_09-33,1,,0.9002701479676944,1,102823.7337219249,76.66358279866681,112515.10837888926
R_AP_3DBall_1252,3DBall,1252,12.0,ppo,500000,74,13907,0.0008375957593236,3.0,479,61.6,88.2,3.0789,12000,1.2905,12000,100.0,442000,100.0,180000,480000,0.0937,24000,0.9823,24000,1.3757,12000,2.5657600000000005,48000.0,35.9,2025-11-21_09-33,1,,0.9983497262025088,1,43134.19418151512,24.51160374948209,43888.14784982705
R_LN_3DBall_3694,3DBall,3694,12.0,ppo,200000,127,23958,0.0001646408872378,3.0,181,42.7,50.2,1.4115,12000,1.1531,12000,26.4455,142000,44.6462,192000,180000,0.0715,24000,0.2629,24000,1.4144,12000,2.5657600000000005,84000.0,72.6,2025-11-21_09-33,1,,0.5305002714888347,1,100848.62980241678,92.61300133585841,147400.17119169215
R_LN_3DBall_4130,3DBall,4130,12.0,ppo,200000,116,21910,0.0003984442820575,3.0,179,43.6,61.0,1.1845,12000,1.0827,12000,5.5589,142000,7.5324,192000,180000,0.0763,24000,0.2556,24000,1.4107,12000,2.5657600000000005,120000.0,107.1,2025-11-21_09-33,1,,0.8073538065885661,1,92032.0375561932,75.31147377815034,112831.65453138124
R_AK_3DBall_2698,3DBall,2698,12.0,ppo,500000,137,25829,0.0001578625769392,3.0,228,42.8,84.2,1.2346,12000,1.1135,12000,100.0,442000,100.0,288000,480000,0.0701,36000,0.2642,36000,1.4168,12000,2.5657600000000005,108000.0,45.6,2025-11-21_09-33,1,,0.9813503333835503,1,106443.27004565974,51.4867006169691,113782.97185396832
R_AP_3DBall_1347,3DBall,1347,12.0,ppo,500000,162,30486,0.0004543586444717,3.0,397,56.0,87.9,1.2717,12000,1.1615,12000,100.0,442000,100.0,252000,480000,0.0616,36000,0.2036,36000,1.4169,12000,2.5657600000000005,108000.0,79.5,2025-11-21_09-33,1,,0.9513403396975861,1,109317.63496641302,67.56884662900643,128328.10613509102
R_AK_3DBall_2379,3DBall,2379,12.0,ppo,500000,38,7247,0.0008374651924554,3.0,230,26.0,83.4,9.5702,12000,1.3702,12000,100.0,442000,100.0,120000,480000,0.1285,12000,1.0701,12000,1.3707,12000,2.5657600000000005,36000.0,11.5,2025-11-21_09-33,1,,0.9999870273532517,1,35065.42219213455,14.728513316452089,35071.45362417351
R_AK_3DBall_2062,3DBall,2062,12.0,ppo,500000,84,15809,0.000394670481533,3.0,239,41.8,83.2,1.8363,12000,1.1878,12000,100.0,442000,100.0,156000,480000,0.0851,24000,0.4296,24000,1.4021,12000,2.5657600000000005,60000.0,23.9,2025-11-21_09-33,1,,0.9979612384084322,1,66341.72076016682,33.69976927858748,67225.84660374638
R_LN_3DBall_3053,3DBall,3053,12.0,ppo,100000,108,20385,0.0008204837515197,3.0,101,42.2,55.2,1.5613,12000,1.14,12000,3.3148,46000,5.8011,96000,84000,0.076,24000,0.2838,24000,1.402,12000,2.5657600000000005,72000.0,72.1,2025-11-21_09-33,1,,0.544062331296069,1,73872.19385166699,93.32385197996543,85784.84487528619
R_AK_3DBall_2249,3DBall,2249,12.0,ppo,500000,159,29918,0.0004028018906385,3.0,255,44.8,83.7,1.1514,12000,1.0948,12000,100.0,442000,100.0,240000,480000,0.0649,36000,0.1637,36000,1.4188,12000,2.5657600000000005,108000.0,51.0,2025-11-21_09-33,1,,0.9774277632409722,1,114624.96644290471,60.04064209189132,123323.74294137374
R_AK_3DBall_2381,3DBall,2381,12.0,ppo,500000,102,19302,0.0004052329558535,3.0,234,45.1,83.8,1.6647,12000,1.2088,12000,98.4486,442000,100.0,180000,480000,0.0798,24000,0.2984,24000,1.4024,12000,2.5657600000000005,72000.0,29.2,2025-11-21_09-33,1,,0.9997007688643875,1,76413.99779593361,36.47881321802465,76540.74791640267
R_LN_3DBall_4387,3DBall,4387,12.0,ppo,200000,148,27888,0.0006422112732015,3.0,182,44.8,63.7,1.3557,12000,1.1636,12000,29.0558,142000,54.2136,192000,180000,0.065,36000,0.2909,36000,1.4138,12000,2.5657600000000005,96000.0,84.8,2025-11-21_09-33,1,,0.963415178312417,1,98031.1377770891,73.42966975545944,101761.65041920001
R_AK_3DBall_2492,3DBall,2492,12.0,ppo,500000,35,6720,0.0003682012671476,3.0,319,51.7,83.4,29.2641,12000,1.9657,12000,97.5153,442000,100.0,132000,480000,0.1359,12000,1.1163,12000,1.3608,12000,2.5657600000000005,36000.0,15.9,2025-11-21_09-33,1,,0.9999999997075415,1,29697.564520540363,11.338338723930383,29697.564658084306
R_LN_3DBall_3269,3DBall,3269,12.0,ppo,100000,41,7845,0.0008683911963052,3.0,108,40.7,57.8,10.3875,12000,1.4682,12000,54.4333,46000,88.9077,96000,84000,0.1232,12000,1.321,12000,1.3687,12000,2.5657600000000005,36000.0,30.8,2025-11-21_09-33,1,,0.9672989785122518,1,32888.19129129641,36.220239604775756,35082.815989961375
R_LN_3DBall_3084,3DBall,3084,12.0,ppo,100000,158,29642,0.0001567661465252,3.0,96,39.8,55.3,1.167,12000,1.0898,12000,1.4851,46000,1.7597,96000,84000,0.0656,36000,0.1661,36000,1.4169,12000,2.5657600000000005,,,2025-11-21_09-33,0,,0.0060116481698802016,0,121780.18215158403,179.24034144953538,100130.93479217123
R_AP_3DBall_1043,3DBall,1043,12.0,ppo,500000,146,27452,0.0006746796361571,3.0,445,66.8,87.5,1.4453,12000,1.1959,12000,100.0,442000,100.0,204000,480000,0.0657,36000,0.3949,36000,1.4072,12000,2.5657600000000005,72000.0,55.7,2025-11-21_09-33,1,,0.9724259634766841,1,86037.70531355157,54.3801348506819,97452.31674651137
R_LN_3DBall_4388,3DBall,4388,12.0,ppo,200000,138,26011,0.0003991728252741,3.0,176,45.2,63.7,1.2944,12000,1.1714,12000,12.2253,142000,20.1541,192000,180000,0.0699,36000,0.2486,36000,1.4165,12000,2.5657600000000005,108000.0,94.0,2025-11-21_09-33,1,,0.9385699727028521,1,100920.27646628022,77.37226167210439,107006.7465875505
R_AK_3DBall_2236,3DBall,2236,12.0,ppo,500000,150,28186,0.0006008428727631,3.0,212,28.4,82.5,1.2533,12000,1.1654,12000,100.0,442000,100.0,276000,480000,0.0644,36000,0.2697,36000,1.4106,12000,2.5657600000000005,108000.0,42.3,2025-11-21_09-33,1,,0.9976815293087882,1,94724.51529338703,47.724655518728866,95664.13462654597
R_LN_3DBall_3170,3DBall,3170,12.0,ppo,100000,138,26035,0.0007635889943195,3.0,93,40.9,56.5,1.276,12000,1.116,12000,1.8106,46000,2.3869,96000,84000,0.0686,36000,0.2101,36000,1.4127,12000,2.5657600000000005,,,2025-11-21_09-33,0,,0.19776122449450492,0,93649.53170961549,117.85109451826293,98744.12361478002
R_LN_3DBall_3372,3DBall,3372,12.0,ppo,100000,118,22133,0.0003742791644454,3.0,95,41.9,58.2,1.4244,12000,1.126,12000,2.4111,46000,3.4253,96000,84000,0.0737,24000,0.2534,24000,1.4119,12000,2.5657600000000005,84000.0,81.5,2025-11-21_09-33,1,,0.09813360228253248,0,88933.30831806453,113.94482035013971,98913.98567990153
R_AK_3DBall_2197,3DBall,2197,12.0,ppo,500000,96,18021,0.0001515773648528,3.0,238,39.5,83.0,1.5486,12000,1.2462,12000,100.0,442000,100.0,192000,480000,0.0823,24000,0.2951,24000,1.413,12000,2.5657600000000005,84000.0,35.7,2025-11-21_09-33,1,,0.9983224255051996,1,77840.59876826307,39.197561113987746,78548.80261250965
R_LN_3DBall_3336,3DBall,3336,12.0,ppo,100000,92,17395,0.0001156509507295,3.0,98,40.2,58.0,1.4352,12000,1.1498,12000,2.5443,46000,3.5266,96000,84000,0.0853,24000,0.2844,24000,1.4143,12000,2.5657600000000005,84000.0,84.0,2025-11-21_09-33,1,,0.0547466996591188,0,85594.71485838953,109.48581642752505,99211.35818084827
R_AK_3DBall_2648,3DBall,2648,12.0,ppo,500000,136,25679,0.0002943623668212,3.0,215,32.9,84.5,1.2133,12000,1.1326,12000,98.4877,442000,100.0,300000,480000,0.0669,36000,0.3009,36000,1.4172,12000,2.5657600000000005,120000.0,48.3,2025-11-21_09-33,1,,0.9881572549838757,1,101308.5055332222,47.69716290808169,106030.10724228976
R_LN_3DBall_4555,3DBall,4555,12.0,ppo,200000,141,26492,0.0005973924430018,3.0,174,44.4,64.9,1.3811,12000,1.1521,12000,32.3468,142000,53.5273,180000,180000,0.0684,36000,0.2846,36000,1.4154,12000,2.5657600000000005,96000.0,81.4,2025-11-21_09-33,1,,0.9640707316489566,1,95106.15620843352,69.31483256750961,98874.91527039313
R_AK_3DBall_2700,3DBall,2700,12.0,ppo,500000,67,12734,0.0005732848874434,3.0,238,48.3,84.4,2.8614,12000,1.2879,12000,100.0,442000,100.0,144000,480000,0.0982,24000,0.8871,24000,1.3866,12000,2.5657600000000005,48000.0,17.8,2025-11-21_09-33,1,,0.9997842618688407,1,49479.624903754186,20.73493613402114,49576.819327526624
R_LN_3DBall_4645,3DBall,4645,12.0,ppo,200000,110,20725,0.0005451994209428,3.0,173,45.4,71.9,1.4287,12000,1.2044,12000,51.3589,142000,75.7867,180000,180000,0.0764,24000,0.2409,24000,1.4105,12000,2.5657600000000005,72000.0,57.8,2025-11-21_09-33,1,,0.9971998321134723,1,80966.14490984187,56.08818552688668,81299.45968827492
R_LN_3DBall_3380,3DBall,3380,12.0,ppo,100000,135,25420,0.0005409793227083,3.0,89,40.7,57.9,1.2397,12000,1.1245,12000,1.6204,46000,2.0313,96000,84000,0.0671,36000,0.2446,36000,1.4225,12000,2.5657600000000005,,,2025-11-21_09-33,0,,0.048621327745159884,0,98600.1412000781,120.1503627095077,99931.93700649205
R_LN_3DBall_4049,3DBall,4049,12.0,ppo,200000,154,28918,0.0002731145127853,3.0,176,44.3,61.1,1.2116,12000,1.1705,12000,2.5566,142000,3.0162,192000,180000,0.0639,36000,0.321,36000,1.4179,12000,2.5657600000000005,156000.0,140.4,2025-11-21_09-33,1,,0.5656209459524757,1,109061.91685578076,93.75595487677269,148563.51538886182
R_AK_3DBall_2523,3DBall,2523,12.0,ppo,500000,144,27169,0.0001838148530181,3.0,230,44.6,85.1,1.3087,12000,1.1618,12000,100.0,442000,100.0,264000,480000,0.068,36000,0.2805,36000,1.4146,12000,2.5657600000000005,96000.0,40.2,2025-11-21_09-33,1,,0.9895533269004934,1,106799.6246108331,53.215630928031445,110907.26039512703
R_LN_3DBall_3726,3DBall,3726,12.0,ppo,200000,183,34328,0.0002550523999872,3.0,173,43.3,51.2,1.2289,12000,1.2074,12000,3.0562,142000,3.669,192000,180000,0.0571,36000,0.3057,36000,1.417,12000,2.5657600000000005,156000.0,138.6,2025-11-21_09-33,1,,0.44392955323212807,0,124201.14844116257,117.77039922570013,166350.6496919769
R_LN_3DBall_4026,3DBall,4026,12.0,ppo,200000,128,24098,0.0008635459194614,3.0,199,43.2,61.5,1.5169,12000,1.1636,12000,59.9715,142000,79.6867,168000,180000,0.0718,36000,0.3361,36000,1.4053,12000,2.5657600000000005,72000.0,66.5,2025-11-21_09-33,1,,0.986684897154406,1,79498.63590737438,61.87981468755809,81103.12396330206
R_LN_3DBall_4223,3DBall,4223,12.0,ppo,200000,96,18165,0.0001499218441824,3.0,179,44.6,68.1,1.4259,12000,1.1404,12000,53.3134,142000,79.8733,180000,180000,0.0838,24000,0.2397,24000,1.414,12000,2.5657600000000005,84000.0,71.4,2025-11-21_09-33,1,,0.8777611310059387,1,88176.93505644638,70.55393160770635,101846.06004259584
R_AK_3DBall_2588,3DBall,2588,12.0,ppo,500000,115,21651,0.0003051765148033,3.0,226,42.1,84.4,1.3369,12000,1.0893,12000,100.0,442000,100.0,240000,480000,0.0746,24000,0.2191,24000,1.4155,12000,2.5657600000000005,84000.0,33.9,2025-11-21_09-33,1,,0.9921788141967984,1,91680.07623875097,43.68206263675223,94873.6222296368
R_AK_3DBall_2607,3DBall,2607,12.0,ppo,500000,134,25130,0.0005318626356657,3.0,215,33.1,85.3,1.342,12000,1.1196,12000,98.48,442000,100.0,216000,480000,0.0675,36000,0.2775,36000,1.4113,12000,2.5657600000000005,96000.0,37.6,2025-11-21_09-33,1,,0.9973633068457217,1,89577.61261121949,42.14989699173187,90659.77051041003
R_AP_3DBall_1132,3DBall,1132,12.0,ppo,500000,170,31954,3.980272650920342e-05,3.0,434,62.8,89.7,1.2126,12000,1.1429,12000,95.42,442000,100.0,360000,480000,0.0603,36000,0.2558,36000,1.4191,12000,2.5657600000000005,144000.0,119.3,2025-11-21_09-33,1,,0.386116651496254,0,126245.90843309596,88.76366681537314,355687.32168116275
R_AK_3DBall_2666,3DBall,2666,12.0,ppo,500000,83,15732,0.0003374743986859,3.0,219,33.1,83.6,1.5137,12000,1.1366,12000,100.0,442000,100.0,156000,480000,0.0873,24000,0.3365,24000,1.4135,12000,2.5657600000000005,72000.0,27.3,2025-11-21_09-33,1,,0.9974782983290528,1,74916.55846896238,33.03058443443908,75988.4920937632
R_AK_3DBall_2327,3DBall,2327,12.0,ppo,500000,182,34158,0.0002443476382319,3.0,224,40.2,84.6,1.3018,12000,1.1509,12000,100.0,442000,100.0,252000,480000,0.0599,36000,0.2012,36000,1.4147,12000,2.5657600000000005,108000.0,44.7,2025-11-21_09-33,1,,0.9822037541982975,1,126402.58507834618,69.04329763353779,133051.21650517255
R_LN_3DBall_3805,3DBall,3805,12.0,ppo,200000,33,6222,0.0003555241168694,3.0,219,44.0,51.4,17.1221,12000,1.5364,12000,97.1009,142000,100.0,108000,180000,0.1382,12000,1.2571,12000,1.3598,12000,2.5657600000000005,36000.0,29.2,2025-11-21_09-33,1,,0.9996856045819786,1,33832.33288048653,27.63651685869154,33884.575233652205
R_LN_3DBall_3127,3DBall,3127,12.0,ppo,100000,81,15225,0.0003594425846382,3.0,109,41.6,56.0,2.0184,12000,1.1809,12000,9.3117,46000,24.7043,96000,84000,0.0884,24000,0.461,24000,1.4004,12000,2.5657600000000005,60000.0,62.3,2025-11-21_09-33,1,,0.17739880051426096,0,66930.6278214853,87.81271379482111,94133.53304177182
R_AK_3DBall_2640,3DBall,2640,12.0,ppo,500000,93,17599,7.767658355494472e-05,3.0,221,33.1,84.4,1.1845,12000,1.1444,12000,100.0,442000,100.0,312000,480000,0.0852,24000,0.3233,24000,1.4165,12000,2.5657600000000005,132000.0,55.2,2025-11-21_09-33,1,,0.989836905574263,1,85075.65173985236,39.68888649637284,89292.56707075764
R_LN_3DBall_3809,3DBall,3809,12.0,ppo,200000,59,11214,0.0006618070480765,3.0,187,42.9,51.2,2.8758,12000,1.2201,12000,99.0016,142000,100.0,120000,180000,0.1029,12000,0.7199,12000,1.3951,12000,2.5657600000000005,48000.0,37.4,2025-11-21_09-33,1,,0.966525525762515,1,52030.030211646445,40.69469868647845,56983.24715324811
R_AK_3DBall_2494,3DBall,2494,12.0,ppo,500000,127,23897,0.0001268426005745,3.0,228,42.2,83.3,1.2247,12000,1.1103,12000,100.0,442000,100.0,264000,480000,0.0721,24000,0.2883,24000,1.4208,12000,2.5657600000000005,108000.0,45.6,2025-11-21_09-33,1,,0.9463137735832233,1,101325.63777720805,50.545937085207164,122728.95985406489
R_AK_3DBall_2266,3DBall,2266,12.0,ppo,500000,156,29344,0.0001628633493801,3.0,290,47.8,84.0,1.2682,12000,1.1384,12000,95.5203,442000,100.0,276000,480000,0.0681,36000,0.1782,36000,1.4163,12000,2.5657600000000005,96000.0,50.8,2025-11-21_09-33,1,,0.9798526819991011,1,116601.083313863,63.087531713488964,124325.54320953874
R_LN_3DBall_3899,3DBall,3899,12.0,ppo,200000,188,35304,0.000852817565896,3.0,176,43.5,58.8,1.2532,12000,1.1406,12000,7.7213,142000,12.4856,192000,180000,0.0596,36000,0.1644,36000,1.4149,12000,2.5657600000000005,120000.0,105.9,2025-11-21_09-33,1,,0.9383233853448758,1,116308.78726493349,98.57684917410145,121470.57794281421
R_AK_3DBall_2069,3DBall,2069,12.0,ppo,500000,53,10098,0.0006025056701649,3.0,252,43.0,83.8,5.9122,12000,1.4125,12000,98.5631,442000,100.0,168000,480000,0.1073,12000,0.9446,12000,1.3842,12000,2.5657600000000005,36000.0,12.6,2025-11-21_09-33,1,,0.9999335293147802,1,42391.846374538916,19.259968153707547,42422.26390207258
R_AK_3DBall_2113,3DBall,2113,12.0,ppo,500000,151,28369,0.0003413181815241,3.0,213,28.1,83.3,1.2491,12000,1.1373,12000,100.0,442000,100.0,252000,480000,0.065,36000,0.2536,36000,1.417,12000,2.5657600000000005,96000.0,37.2,2025-11-21_09-33,1,,0.973257677537358,1,105544.86166875658,56.731100443801495,116093.50817505673
R_LN_3DBall_4147,3DBall,4147,12.0,ppo,200000,103,19469,0.000858970102578,3.0,206,43.8,61.1,1.5076,12000,1.1538,12000,81.695,142000,90.0214,144000,180000,0.0774,24000,0.2395,24000,1.3943,12000,2.5657600000000005,72000.0,68.8,2025-11-21_09-33,1,,0.9990257257031824,1,70317.652471743,53.31299647172502,70443.99864969075
R_AK_3DBall_2219,3DBall,2219,12.0,ppo,500000,121,22844,0.0006508001071971,3.0,214,29.5,82.9,1.2522,12000,1.131,12000,100.0,442000,100.0,240000,480000,0.0717,24000,0.2412,24000,1.4183,12000,2.5657600000000005,96000.0,37.4,2025-11-21_09-33,1,,0.9963355649524944,1,86341.77200306002,40.928057425710385,87857.59571142105
R_AK_3DBall_2499,3DBall,2499,12.0,ppo,500000,34,6426,0.0003144206225058,3.0,324,54.3,83.6,23.1705,12000,1.6176,12000,100.0,442000,100.0,132000,480000,0.135,12000,0.9126,12000,1.3645,12000,2.5657600000000005,36000.0,16.2,2025-11-21_09-33,1,,0.9999999207164271,1,35705.13426939164,15.3866034530121,35705.171080347485
R_LN_3DBall_3565,3DBall,3565,12.0,ppo,200000,185,34750,0.0006459609902079,3.0,174,43.6,62.9,1.1753,12000,1.1432,12000,2.9154,142000,3.5976,192000,180000,0.0593,36000,0.2999,36000,1.4149,12000,2.5657600000000005,156000.0,139.4,2025-11-21_09-33,1,,0.5043668303526502,1,117010.37725124309,109.40771459917053,158142.7870220473
R_AK_3DBall_2354,3DBall,2354,12.0,ppo,500000,138,25907,0.0006066104940717,3.0,221,38.0,82.9,1.3038,12000,1.1338,12000,100.0,442000,100.0,216000,480000,0.0697,36000,0.233,36000,1.413,12000,2.5657600000000005,96000.0,38.6,2025-11-21_09-33,1,,0.9977092557931997,1,91171.91490068113,44.404853654095966,92108.43546819966
R_LN_3DBall_4328,3DBall,4328,12.0,ppo,200000,134,25188,5.206296567869766e-05,3.0,181,44.6,63.1,1.2975,12000,1.12,12000,8.1332,142000,13.0724,192000,180000,0.0702,36000,0.2634,36000,1.417,12000,2.5657600000000005,108000.0,96.3,2025-11-21_09-33,1,,0.5111265725671725,1,108411.41881598727,90.78315637324843,153186.64241312534
R_LN_3DBall_4542,3DBall,4542,12.0,ppo,200000,87,16497,0.0003160900240047,3.0,179,45.1,64.5,1.5908,12000,1.172,12000,78.7465,142000,100.0,192000,180000,0.0861,24000,0.3629,24000,1.4108,12000,2.5657600000000005,60000.0,47.6,2025-11-21_09-33,1,,0.9699116257888211,1,77092.55785981067,55.294829153374934,80790.64297226351
R_AP_3DBall_1277,3DBall,1277,12.0,ppo,500000,92,17331,0.0004642365772162,3.0,465,62.0,91.0,1.7179,12000,1.1353,12000,100.0,442000,100.0,204000,480000,0.0851,24000,0.407,24000,1.399,12000,2.5657600000000005,60000.0,46.5,2025-11-21_09-33,1,,0.9822271210754787,1,69071.8555778708,42.12573290634905,76730.68931385393
R_LN_3DBall_3622,3DBall,3622,12.0,ppo,200000,88,16521,0.0008883203865832,3.0,174,39.2,62.7,1.6248,12000,1.2106,12000,90.0793,142000,98.1385,192000,180000,0.0853,24000,0.3441,24000,1.3966,12000,2.5657600000000005,72000.0,57.9,2025-11-21_09-33,1,,0.9978209063499279,1,60097.2239430425,49.19062367242847,60402.085193975676
R_AK_3DBall_2283,3DBall,2283,12.0,ppo,500000,72,13571,0.0008687033743798,3.0,253,43.8,81.8,2.163,12000,1.2158,12000,98.2648,442000,100.0,156000,480000,0.0948,24000,0.7755,24000,1.3934,12000,2.5657600000000005,60000.0,25.3,2025-11-21_09-33,1,,0.9993992588507868,1,49350.372933960265,21.788456588046987,49621.096708816396
R_AK_3DBall_2441,3DBall,2441,12.0,ppo,500000,84,15750,0.0001792906793996,3.0,244,46.0,83.8,1.6657,12000,1.165,12000,98.8708,442000,100.0,156000,480000,0.0883,24000,0.3308,24000,1.4166,12000,2.5657600000000005,60000.0,24.4,2025-11-21_09-33,1,,0.9936788285779521,1,75319.21552546667,35.88523967227043,78003.69556377998
R_AP_3DBall_1050,3DBall,1050,12.0,ppo,500000,45,8564,0.000136130152989,3.0,536,65.2,87.5,3.4219,12000,1.2415,12000,99.1308,442000,100.0,108000,480000,0.1212,12000,0.6399,12000,1.3947,12000,2.5657600000000005,48000.0,40.2,2025-11-21_09-33,1,,0.9774288931951727,1,54346.13477193431,34.20669177642737,64405.0357619811
R_AP_3DBall_1234,3DBall,1234,12.0,ppo,500000,95,17964,0.0004708843903721,3.0,441,62.4,88.9,1.5905,12000,1.1459,12000,100.0,442000,100.0,180000,480000,0.0827,24000,0.4413,24000,1.4134,12000,2.5657600000000005,60000.0,44.1,2025-11-21_09-33,1,,0.9028605373384364,1,73675.93717226232,43.254848086989554,115088.82755504343
R_LN_3DBall_4063,3DBall,4063,12.0,ppo,200000,181,34014,0.000375377398338,3.0,172,44.2,61.6,1.2084,12000,1.1508,12000,3.8875,142000,4.7585,192000,180000,0.0589,36000,0.2409,36000,1.4169,12000,2.5657600000000005,144000.0,126.3,2025-11-21_09-33,1,,0.6403927635061424,1,125897.55487000957,109.99460993818685,152545.33038064314
R_LN_3DBall_3246,3DBall,3246,12.0,ppo,100000,77,14596,0.0005392051950058,3.0,108,41.8,57.4,1.9615,12000,1.149,12000,8.5726,46000,18.815,96000,84000,0.0921,24000,0.405,24000,1.3948,12000,2.5657600000000005,60000.0,61.8,2025-11-21_09-33,1,,0.514379166597301,1,65029.064655056805,81.37564777416121,82011.67942214002
R_LN_3DBall_3704,3DBall,3704,12.0,ppo,200000,167,31357,0.0005604147781057,3.0,173,42.9,49.8,1.2178,12000,1.1341,12000,6.1588,142000,7.6036,192000,180000,0.0622,36000,0.173,36000,1.4196,12000,2.5657600000000005,108000.0,92.4,2025-11-21_09-33,1,,0.6872948765199366,1,114022.00767066602,102.24181501965879,140907.76637857835
R_LN_3DBall_4535,3DBall,4535,12.0,ppo,200000,160,30052,0.0002284370743561,3.0,195,44.2,65.0,1.2274,12000,1.1323,12000,10.8652,142000,21.8396,192000,180000,0.0629,36000,0.1686,36000,1.4161,12000,2.5657600000000005,96000.0,90.9,2025-11-21_09-33,1,,0.865173072855016,1,119643.0826805325,95.9916425965268,130477.35891755985
R_LN_3DBall_3286,3DBall,3286,12.0,ppo,100000,45,8562,0.0006770946461023,3.0,104,42.3,58.2,5.2158,12000,1.483,12000,42.0906,46000,82.1143,84000,84000,0.1174,12000,1.0346,12000,1.3918,12000,2.5657600000000005,36000.0,29.7,2025-11-21_09-33,1,,0.9445077515715078,1,39980.070872642216,42.95447388551557,43310.71169043805
R_AP_3DBall_1053,3DBall,1053,12.0,ppo,500000,134,25205,0.0002893893925795,3.0,518,65.7,87.9,1.383,12000,1.0652,12000,97.3492,442000,100.0,216000,480000,0.0706,36000,0.2761,36000,1.4109,12000,2.5657600000000005,84000.0,77.7,2025-11-21_09-33,1,,0.5865499518242886,1,98428.42413363582,67.39129015172458,264458.21152158047
R_LN_3DBall_3230,3DBall,3230,12.0,ppo,100000,69,13113,0.0005633838264467,3.0,97,41.8,57.6,1.9714,12000,1.2085,12000,7.3583,46000,16.8544,96000,84000,0.0985,24000,0.5745,24000,1.3911,12000,2.5657600000000005,60000.0,55.3,2025-11-21_09-33,1,,0.5969303196622842,1,57927.78806126161,71.16796776333996,74885.82107850953
R_LN_3DBall_4190,3DBall,4190,12.0,ppo,200000,101,19115,0.0003706428881322,3.0,177,42.9,60.7,1.3351,12000,1.1647,12000,18.2878,142000,28.7786,192000,180000,0.0785,24000,0.2897,24000,1.4111,12000,2.5657600000000005,96000.0,82.8,2025-11-21_09-33,1,,0.9538078364041586,1,82780.37566680607,64.37566579593445,88195.00373064804
R_LN_3DBall_3015,3DBall,3015,12.0,ppo,100000,151,28402,0.0006628071762841,3.0,94,43.8,66.5,1.2169,12000,1.1158,12000,1.6354,46000,2.1491,96000,84000,0.065,36000,0.2014,36000,1.4196,12000,2.5657600000000005,,,2025-11-21_09-33,0,,0.042039187215411784,0,103468.54872309433,137.19730965739078,100145.81496913594
R_LN_3DBall_3002,3DBall,3002,12.0,ppo,100000,170,31979,0.0006082709525587,3.0,105,48.7,72.9,1.2212,12000,1.128,12000,1.5527,46000,1.8663,96000,84000,0.0584,36000,0.1689,36000,1.4119,12000,2.5657600000000005,,,2025-11-21_09-33,0,,0.07951744398620507,0,113274.02515069964,157.81259215475256,101055.51655139224
R_LN_3DBall_4035,3DBall,4035,12.0,ppo,200000,133,24947,0.0002343288361909,3.0,194,43.6,61.3,1.2763,12000,1.0813,12000,29.7275,142000,45.0,192000,180000,0.0704,36000,0.2071,36000,1.4148,12000,2.5657600000000005,84000.0,77.4,2025-11-21_09-33,1,,0.5285120329754929,1,103509.35451143718,91.02943290909846,149003.53278972208
R_LN_3DBall_3435,3DBall,3435,12.0,ppo,100000,70,13177,0.0002703276432584,3.0,102,43.5,67.4,1.3625,12000,1.1636,12000,2.1099,46000,2.7092,96000,84000,0.0959,24000,0.3551,24000,1.4139,12000,2.5657600000000005,96000.0,102.0,2025-11-21_09-33,1,,0.14316560677421275,0,70480.54375435115,84.43972063488226,95773.82913494685
R_LN_3DBall_3618,3DBall,3618,12.0,ppo,200000,54,10243,0.0004600435084488,3.0,200,42.6,62.9,3.7217,12000,1.3084,12000,98.4272,142000,100.0,168000,180000,0.1103,12000,0.7957,12000,1.3857,12000,2.5657600000000005,48000.0,40.0,2025-11-21_09-33,1,,0.986557531973068,1,48878.794032311474,41.22216692909029,50910.23601172354
R_LN_3DBall_3143,3DBall,3143,12.0,ppo,100000,90,17038,0.0001177647201455,3.0,95,41.2,56.7,1.3898,12000,1.1684,12000,2.3507,46000,3.7821,96000,84000,0.0845,24000,0.2985,24000,1.4139,12000,2.5657600000000005,96000.0,94.9,2025-11-21_09-33,1,,0.048889534563257626,0,83830.4962907182,110.57154250608103,99209.48048953434
R_AK_3DBall_2206,3DBall,2206,12.0,ppo,500000,121,22821,0.0005024872483985,3.0,262,42.4,83.3,1.4338,12000,1.1323,12000,98.9769,442000,100.0,204000,480000,0.0744,24000,0.267,24000,1.4032,12000,2.5657600000000005,84000.0,39.3,2025-11-21_09-33,1,,0.9983363004833061,1,84523.20638970111,43.09233983361256,85214.43493042809
C_LF_3DBall_106,3DBall,106,12.0,ppo,500000,64,12000,0.0003,3.0,784,22.7,53.3,2.7254,12000,1.1914,12000,100.0,442000,100.0,144000,480000,0.1025,24000,0.7955,24000,1.4046,12000,2.5657600000000005,48000.0,58.8,2025-11-21_09-33,1,,0.16434843766708934,0,55792.3830243253,42.15849493176814,426995.172150227
R_AP_3DBall_1258,3DBall,1258,12.0,ppo,500000,185,34780,0.0007254861909486,3.0,431,62.4,88.6,1.1837,12000,1.066,12000,98.9216,442000,100.0,300000,480000,0.0583,36000,0.1546,36000,1.4109,12000,2.5657600000000005,108000.0,86.1,2025-11-21_09-33,1,,0.932177459554256,1,117671.61070058693,75.88000736456183,143602.09334740252
R_AK_3DBall_2515,3DBall,2515,12.0,ppo,500000,137,25764,0.0004465971254862,3.0,225,43.4,84.7,1.2775,12000,1.1125,12000,100.0,442000,100.0,252000,480000,0.0688,36000,0.2291,36000,1.4118,12000,2.5657600000000005,96000.0,39.3,2025-11-21_09-33,1,,0.9961280261550494,1,96175.41455995706,46.79026911763035,97739.01279272894
R_AP_3DBall_1005,3DBall,1005,12.0,ppo,500000,145,27196,0.0002906705736218,3.0,444,63.9,90.2,1.2128,12000,1.1063,12000,98.5708,442000,100.0,240000,480000,0.0678,36000,0.2309,36000,1.4194,12000,2.5657600000000005,96000.0,77.8,2025-11-21_09-33,1,,0.57236447513895,1,104523.88886198401,71.26365131349371,273643.52321849647
R_LN_3DBall_4114,3DBall,4114,12.0,ppo,200000,80,15030,0.0002938072646796,3.0,184,43.9,60.8,1.4025,12000,1.1965,12000,82.1851,142000,95.0834,192000,180000,0.0898,24000,0.2961,24000,1.4131,12000,2.5657600000000005,72000.0,61.4,2025-11-21_09-33,1,,0.9665094934417219,1,72918.94827566622,57.078543431571354,77174.95707187291
R_AP_3DBall_1273,3DBall,1273,12.0,ppo,500000,64,12179,0.0006005556945572,3.0,596,63.2,87.6,3.6746,12000,1.2616,12000,98.4954,442000,100.0,180000,480000,0.1031,24000,0.9325,24000,1.367,12000,2.5657600000000005,48000.0,44.7,2025-11-21_09-33,1,,0.9985495789381198,1,45126.74949995525,26.91471407405244,45786.50724296643
R_LN_3DBall_4498,3DBall,4498,12.0,ppo,200000,46,8632,0.0001445175869782,3.0,204,42.1,64.4,1.4603,12000,1.2115,12000,55.9473,142000,82.9643,180000,180000,0.1166,12000,0.3565,12000,1.4106,12000,2.5657600000000005,84000.0,81.8,2025-11-21_09-33,1,,0.9889528483122959,1,62529.77948835945,45.03223125787173,64048.43386689367
R_AK_3DBall_2657,3DBall,2657,12.0,ppo,500000,76,14436,0.0003126257108671,3.0,232,46.8,84.0,1.9999,12000,1.2291,12000,98.5185,442000,100.0,132000,480000,0.0917,24000,0.4094,24000,1.4089,12000,2.5657600000000005,60000.0,23.2,2025-11-21_09-33,1,,0.9995395161116644,1,68235.31455469567,29.54698872282672,68434.13523589553
R_LN_3DBall_3846,3DBall,3846,12.0,ppo,200000,106,19934,0.0007736425224034,3.0,170,42.9,52.0,1.4958,12000,1.1379,12000,80.2712,142000,98.8667,192000,180000,0.0768,24000,0.2412,24000,1.4015,12000,2.5657600000000005,72000.0,56.8,2025-11-21_09-33,1,,0.9911583149754181,1,73368.13045460903,59.97986624819993,74487.76955920333
R_LN_3DBall_4523,3DBall,4523,12.0,ppo,200000,101,19023,0.0006176614143268,3.0,177,42.4,64.8,1.3114,12000,1.0933,12000,44.5981,142000,70.8235,180000,180000,0.0772,24000,0.232,24000,1.4083,12000,2.5657600000000005,84000.0,70.6,2025-11-21_09-33,1,,0.9855551516589353,1,78574.86475796603,56.58859387050601,80328.83242133049
R_AK_3DBall_2506,3DBall,2506,12.0,ppo,500000,111,20894,0.0005701995254493,3.0,215,28.1,83.8,1.2773,12000,1.093,12000,100.0,442000,100.0,204000,480000,0.0745,24000,0.2855,24000,1.4188,12000,2.5657600000000005,96000.0,37.6,2025-11-21_09-33,1,,0.9930816130670771,1,83071.5237842966,37.77397779965002,85955.99630611078
R_AP_3DBall_1316,3DBall,1316,12.0,ppo,500000,114,21466,0.0008342025487533,3.0,450,63.0,89.7,1.6975,12000,1.1825,12000,100.0,442000,100.0,192000,480000,0.0755,24000,0.357,24000,1.4004,12000,2.5657600000000005,60000.0,45.0,2025-11-21_09-33,1,,0.9982543435397438,1,69916.41655995241,39.87993029885101,70667.19474583464
R_AK_3DBall_2204,3DBall,2204,12.0,ppo,500000,155,29101,4.90122362854653e-05,3.0,256,42.8,82.6,1.2637,12000,1.1405,12000,100.0,442000,100.0,276000,480000,0.0657,36000,0.2037,36000,1.4177,12000,2.5657600000000005,108000.0,51.2,2025-11-21_09-33,1,,0.9499008427785983,1,117452.86787619333,65.59576153947285,136618.15679306025
R_LN_3DBall_3144,3DBall,3144,12.0,ppo,100000,63,11933,0.0003105172638693,3.0,98,40.9,56.0,1.8429,12000,1.1831,12000,6.5439,46000,13.4598,96000,84000,0.103,12000,0.415,12000,1.4062,12000,2.5657600000000005,60000.0,56.0,2025-11-21_09-33,1,,0.19288615203988257,0,65351.523643407716,82.69727155664003,93316.78872153207
R_LN_3DBall_3760,3DBall,3760,12.0,ppo,200000,121,22759,0.0006203164881259,3.0,170,42.8,58.5,1.4451,12000,1.1262,12000,46.3384,142000,68.1667,192000,180000,0.073,24000,0.275,24000,1.4115,12000,2.5657600000000005,84000.0,68.2,2025-11-21_09-33,1,,0.8773847289047437,1,85196.67222995016,72.29648507749593,99273.31338711237
R_LN_3DBall_4119,3DBall,4119,12.0,ppo,200000,185,34778,0.0005716706503874,3.0,176,43.8,60.5,1.1451,12000,1.0855,12000,3.0059,142000,3.8851,192000,180000,0.0595,36000,0.2273,36000,1.4108,12000,2.5657600000000005,156000.0,140.5,2025-11-21_09-33,1,,0.7196523373797433,1,123833.74786048167,107.3237532477265,145186.77861834076
R_LN_3DBall_4538,3DBall,4538,12.0,ppo,200000,97,18330,0.000792973578685,3.0,177,44.8,64.8,1.4376,12000,1.1586,12000,84.6407,142000,100.0,168000,180000,0.0825,24000,0.2208,24000,1.3984,12000,2.5657600000000005,72000.0,58.8,2025-11-21_09-33,1,,0.9994631894270906,1,70611.81147066523,49.12912164184247,70681.26841827738
R_LN_3DBall_4403,3DBall,4403,12.0,ppo,200000,65,12303,0.000107109128508,3.0,185,44.9,63.8,1.6175,12000,1.1995,12000,91.4566,142000,100.0,192000,180000,0.0988,24000,0.3986,24000,1.4145,12000,2.5657600000000005,72000.0,61.5,2025-11-21_09-33,1,,0.93228355241471,1,71340.27353948355,52.779256274578486,80052.65316268487
R_LN_3DBall_4604,3DBall,4604,12.0,ppo,200000,58,10974,0.0008093609614227,3.0,219,44.2,65.3,4.4709,12000,1.2413,12000,97.7041,142000,100.0,84000,180000,0.1095,12000,0.9512,12000,1.369,12000,2.5657600000000005,48000.0,43.8,2025-11-21_09-33,1,,0.999143687248587,1,42836.2798227579,29.52890910483067,42970.86112040516
R_AK_3DBall_2346,3DBall,2346,12.0,ppo,500000,120,22584,0.0006334399628706,3.0,248,42.7,82.4,1.4329,12000,1.0625,12000,95.4825,442000,100.0,192000,480000,0.0754,24000,0.2658,24000,1.4034,12000,2.5657600000000005,84000.0,37.2,2025-11-21_09-33,1,,0.9973068669709501,1,82829.38296044043,40.96798485361323,83952.87892793881
R_AK_3DBall_2541,3DBall,2541,12.0,ppo,500000,87,16314,0.0006840689178406,3.0,232,45.1,84.5,1.704,12000,1.1049,12000,98.3567,442000,100.0,132000,480000,0.0866,24000,0.4065,24000,1.3931,12000,2.5657600000000005,60000.0,23.2,2025-11-21_09-33,1,,0.9996637356041521,1,62477.62134314714,28.834473734086846,62624.74454147612
R_AP_3DBall_1261,3DBall,1261,12.0,ppo,500000,124,23291,6.0613101867130064e-05,3.0,422,52.4,87.7,1.1071,12000,1.0406,12000,84.0503,442000,92.5,456000,480000,0.069,24000,0.3161,24000,1.4159,12000,2.5657600000000005,180000.0,147.8,2025-11-21_09-33,1,,0.21533320593599573,0,99989.93413269751,67.18577682338352,413864.550110125
R_LN_3DBall_3072,3DBall,3072,12.0,ppo,100000,87,16345,0.0006591024414206,3.0,110,40.2,55.2,1.662,12000,1.1717,12000,5.3312,46000,12.5216,96000,84000,0.0839,24000,0.3536,24000,1.3963,12000,2.5657600000000005,60000.0,62.9,2025-11-21_09-33,1,,0.6533298212092066,1,64515.448308893094,82.92376783382379,76816.88418796027
R_AK_3DBall_2371,3DBall,2371,12.0,ppo,500000,65,12304,0.0006004054419071,3.0,220,27.1,82.7,1.8521,12000,1.1326,12000,100.0,442000,100.0,120000,480000,0.0971,24000,0.4895,24000,1.3881,12000,2.5657600000000005,60000.0,22.0,2025-11-21_09-33,1,,0.9996996266610765,1,56091.652717095545,26.3542457169956,56224.99094954494
R_LN_3DBall_3129,3DBall,3129,12.0,ppo,100000,136,25628,0.0008107001942513,3.0,93,42.4,55.9,1.3136,12000,1.0998,12000,2.018,46000,2.9583,96000,84000,0.0692,36000,0.2152,36000,1.4102,12000,2.5657600000000005,96000.0,92.9,2025-11-21_09-33,1,,0.20586753788259174,0,90589.90952866216,115.38420312698186,98062.76784341324
R_LN_3DBall_3116,3DBall,3116,12.0,ppo,100000,96,18148,0.0001515987538951,3.0,107,41.2,56.4,1.5291,12000,1.1918,12000,3.4977,46000,5.6744,96000,84000,0.0813,24000,0.2154,24000,1.4089,12000,2.5657600000000005,72000.0,76.4,2025-11-21_09-33,1,,0.2127387607078535,0,84648.98346834557,113.3819486193452,96734.24376745007
R_LN_3DBall_4637,3DBall,4637,12.0,ppo,200000,100,18914,0.0002062320018451,3.0,187,44.5,65.3,1.5036,12000,1.1715,12000,76.55,142000,100.0,180000,180000,0.0817,24000,0.2384,24000,1.4069,12000,2.5657600000000005,72000.0,62.4,2025-11-21_09-33,1,,0.988469338079168,1,85707.81663279179,63.29347067465365,87025.6811593928
R_AK_3DBall_2094,3DBall,2094,12.0,ppo,500000,71,13413,0.0007509720889301,3.0,219,26.5,82.3,2.0638,12000,1.177,12000,100.0,442000,100.0,132000,480000,0.094,24000,0.6156,24000,1.408,12000,2.5657600000000005,60000.0,21.9,2025-11-21_09-33,1,,0.9962491397118499,1,56282.453980425315,25.675684768781156,57946.77650294555
R_AK_3DBall_2161,3DBall,2161,12.0,ppo,500000,54,10148,0.0005449180809069,3.0,224,27.0,83.8,2.1116,12000,1.173,12000,100.0,442000,100.0,132000,480000,0.1109,12000,0.4186,12000,1.3947,12000,2.5657600000000005,60000.0,22.4,2025-11-21_09-33,1,,0.9997727180604357,1,54069.92044001032,26.037068262826132,54171.2722934028
R_LN_3DBall_3548,3DBall,3548,12.0,ppo,200000,34,6524,0.0006662545739792,3.0,211,37.7,61.6,11.7499,12000,1.4118,12000,100.0,142000,100.0,108000,180000,0.137,12000,1.2023,12000,1.3759,12000,2.5657600000000005,36000.0,28.1,2025-11-21_09-33,1,,0.9936420929448347,1,36120.507574101735,28.903561108408457,37162.43815519326
R_AK_3DBall_2117,3DBall,2117,12.0,ppo,500000,145,27374,0.0007306364714301,3.0,228,38.2,83.1,1.3932,12000,1.1301,12000,98.48,442000,100.0,252000,480000,0.0673,36000,0.3495,36000,1.4075,12000,2.5657600000000005,96000.0,39.9,2025-11-21_09-33,1,,0.9954675615291527,1,90707.01265596546,45.739813928810015,92562.10793765157
R_LN_3DBall_4371,3DBall,4371,12.0,ppo,200000,113,21243,0.0004651830784085,3.0,177,44.8,63.5,1.3741,12000,1.161,12000,52.0674,142000,75.14,192000,180000,0.0762,24000,0.2129,24000,1.4148,12000,2.5657600000000005,84000.0,70.7,2025-11-21_09-33,1,,0.9777816425250817,1,86197.17312598694,64.64960321492353,88725.68501513
R_LN_3DBall_4128,3DBall,4128,12.0,ppo,200000,82,15465,0.0001521598497125,3.0,182,44.8,61.4,1.2847,12000,1.1469,12000,29.3579,142000,46.1269,192000,180000,0.0876,24000,0.3069,24000,1.4102,12000,2.5657600000000005,96000.0,85.1,2025-11-21_09-33,1,,0.8815168950084438,1,78121.77595625713,63.630064482360396,92562.28637181633
R_LN_3DBall_3328,3DBall,3328,12.0,ppo,100000,172,32404,0.0003732739497468,3.0,94,41.5,57.5,1.1419,12000,1.107,12000,1.3477,46000,1.5269,96000,84000,0.0595,36000,0.1856,36000,1.4166,12000,2.5657600000000005,,,2025-11-21_09-33,0,,0.02274865274070356,0,126116.26143414673,169.6469434972919,100594.10976225084
R_LN_3DBall_3468,3DBall,3468,12.0,ppo,100000,145,27347,0.0008551106017669,3.0,101,47.4,64.7,1.3212,12000,1.1588,12000,1.982,46000,2.7505,96000,84000,0.0655,36000,0.2483,36000,1.408,12000,2.5657600000000005,96000.0,101.1,2025-11-21_09-33,1,,0.6263287869990048,1,90975.25548884291,106.88780206059648,94347.54271735105
R_AK_3DBall_2585,3DBall,2585,12.0,ppo,500000,110,20687,0.0001449934668862,3.0,230,41.2,84.8,1.2924,12000,1.1299,12000,100.0,442000,100.0,204000,480000,0.075,24000,0.2171,24000,1.4159,12000,2.5657600000000005,84000.0,34.5,2025-11-21_09-33,1,,0.993575535572141,1,91190.10596170275,44.03796586526311,93816.49058370863
R_AK_3DBall_2377,3DBall,2377,12.0,ppo,500000,46,8763,5.199682896443426e-05,3.0,245,45.5,83.4,3.0063,12000,1.2478,12000,100.0,442000,100.0,108000,480000,0.1164,12000,0.8109,12000,1.4149,12000,2.5657600000000005,48000.0,18.4,2025-11-21_09-33,1,,0.9479579491142909,1,57779.12523182947,26.332559114724468,80793.2064992374
R_LN_3DBall_4499,3DBall,4499,12.0,ppo,200000,143,26881,0.0005691781274602,3.0,172,44.7,64.8,1.2774,12000,1.1942,12000,7.5007,142000,10.5287,192000,180000,0.0674,36000,0.2818,36000,1.415,12000,2.5657600000000005,120000.0,103.5,2025-11-21_09-33,1,,0.9799051994515141,1,95325.58753387917,69.96680040310927,97428.99897491581
R_AK_3DBall_2366,3DBall,2366,12.0,ppo,500000,139,26074,0.0002647593118685,3.0,244,45.3,83.7,1.4222,12000,1.1754,12000,98.5046,442000,100.0,300000,480000,0.0705,36000,0.3027,36000,1.4107,12000,2.5657600000000005,84000.0,36.6,2025-11-21_09-33,1,,0.9940746026643693,1,95853.1838346857,49.40785929988773,98247.91430239528
R_LN_3DBall_4323,3DBall,4323,12.0,ppo,200000,43,8107,0.0006545450917178,3.0,212,45.1,63.2,13.4744,12000,1.5831,12000,93.4816,142000,100.0,192000,180000,0.1213,12000,1.0643,12000,1.3387,12000,2.5657600000000005,36000.0,28.2,2025-11-21_09-33,1,,0.9999997144737804,1,31358.51155819233,22.89932775743266,31358.559709758985
R_AK_3DBall_2083,3DBall,2083,12.0,ppo,500000,189,35460,0.000773170464049,3.0,210,27.2,83.0,1.1384,12000,1.1195,12000,100.0,442000,100.0,348000,480000,0.0598,36000,0.2357,36000,1.4176,12000,2.5657600000000005,156000.0,62.9,2025-11-21_09-33,1,,0.9861962131791964,1,115376.66499526755,60.92700363958493,120685.92351797942
R_LN_3DBall_3904,3DBall,3904,12.0,ppo,200000,77,14603,0.0005397927668435,3.0,179,43.6,59.0,1.5711,12000,1.1238,12000,96.4754,142000,100.0,168000,180000,0.0901,24000,0.3087,24000,1.4172,12000,2.5657600000000005,72000.0,59.8,2025-11-21_09-33,1,,0.8798284976441924,1,72285.4177009909,56.09240445584473,87633.07092860727
R_LN_3DBall_4478,3DBall,4478,12.0,ppo,200000,126,23663,0.0001973187053848,3.0,177,44.5,64.2,1.4222,12000,1.1803,12000,30.122,142000,52.0208,192000,180000,0.0724,24000,0.2839,24000,1.414,12000,2.5657600000000005,84000.0,70.6,2025-11-21_09-33,1,,0.9229829977615608,1,95852.27047406875,74.71156295848843,103873.41639209577
R_LN_3DBall_3672,3DBall,3672,12.0,ppo,200000,174,32670,0.0007519620595294,3.0,178,43.3,63.6,1.1749,12000,1.1311,12000,4.5458,142000,5.8295,192000,180000,0.0614,36000,0.221,36000,1.4116,12000,2.5657600000000005,144000.0,130.8,2025-11-21_09-33,1,,0.8510419294171984,1,108455.84322010353,97.55625433900812,122092.08418716642
R_AP_3DBall_1076,3DBall,1076,12.0,ppo,500000,49,9196,0.0003083616788489,3.0,652,64.7,87.8,16.5342,12000,1.5158,12000,98.4892,442000,100.0,120000,480000,0.1154,12000,0.7974,12000,1.3795,12000,2.5657600000000005,36000.0,32.6,2025-11-21_09-33,1,,0.9999560659113368,1,42135.95555694671,24.906126565491096,42156.07139647097
R_AK_3DBall_2634,3DBall,2634,12.0,ppo,500000,74,14020,0.0001904202232774,3.0,222,32.7,84.0,1.3342,12000,1.2007,12000,100.0,442000,100.0,192000,480000,0.092,24000,0.3796,24000,1.4088,12000,2.5657600000000005,96000.0,38.8,2025-11-21_09-33,1,,0.9989744108405824,1,70301.79194071246,31.605218929228272,70742.48576471924
R_LN_3DBall_3507,3DBall,3507,12.0,ppo,200000,69,13114,0.0005712202489144,3.0,189,48.9,69.4,2.0895,12000,1.2011,12000,97.7933,142000,100.0,156000,180000,0.0955,24000,0.7057,24000,1.401,12000,2.5657600000000005,60000.0,50.4,2025-11-21_09-33,1,,0.7629117892335294,1,57854.279348081,48.86340327446918,91555.35392555501
R_AP_3DBall_1108,3DBall,1108,12.0,ppo,500000,111,20964,0.0006484928038766,3.0,451,66.7,89.5,1.6844,12000,1.139,12000,99.0967,442000,100.0,180000,480000,0.0775,24000,0.3544,24000,1.3971,12000,2.5657600000000005,60000.0,45.1,2025-11-21_09-33,1,,0.9909857192444355,1,73846.21286163895,46.04094354127659,77687.68274395123
R_LN_3DBall_4088,3DBall,4088,12.0,ppo,200000,142,26776,0.0004954547163951,3.0,174,43.8,60.2,1.2241,12000,1.1054,12000,7.4437,142000,10.7594,192000,180000,0.0697,36000,0.2199,36000,1.4153,12000,2.5657600000000005,120000.0,104.6,2025-11-21_09-33,1,,0.8088173051056362,1,103673.28816312343,85.20319521931253,122089.2885224103
R_AK_3DBall_2505,3DBall,2505,12.0,ppo,500000,143,26903,0.0001775753262285,3.0,223,42.1,83.8,1.3313,12000,1.0837,12000,100.0,442000,100.0,228000,480000,0.0678,36000,0.259,36000,1.4133,12000,2.5657600000000005,96000.0,39.0,2025-11-21_09-33,1,,0.9645656890892794,1,107872.24972664838,55.73132834296864,121767.02634655572
R_LN_3DBall_3365,3DBall,3365,12.0,ppo,100000,91,17231,0.0005624896885359,3.0,94,41.3,57.6,1.2248,12000,1.0661,12000,1.8808,46000,2.6393,96000,84000,0.083,24000,0.2309,24000,1.4026,12000,2.5657600000000005,96000.0,94.1,2025-11-21_09-33,1,,0.3028708401612732,0,76652.03608897388,94.75886016877425,92928.58255421242
R_AP_3DBall_1312,3DBall,1312,12.0,ppo,500000,72,13675,0.0002480982190589,3.0,440,53.7,88.8,1.477,12000,1.1812,12000,100.0,442000,100.0,156000,480000,0.0938,24000,0.3392,24000,1.4072,12000,2.5657600000000005,72000.0,54.9,2025-11-21_09-33,1,,0.9860333534239338,1,69294.63512114587,40.83882034988007,75310.14473082445
R_LN_3DBall_3331,3DBall,3331,12.0,ppo,100000,123,23239,0.0008508471572473,3.0,93,40.0,57.4,1.3089,12000,1.1698,12000,1.7118,46000,2.0442,96000,84000,0.0745,24000,0.2397,24000,1.4113,12000,2.5657600000000005,,,2025-11-21_09-33,0,,0.6473641725884133,1,82515.33605186142,96.11492394368314,88681.05499022681
R_LN_3DBall_3228,3DBall,3228,12.0,ppo,100000,190,35798,0.0008806250353045,3.0,89,42.1,57.6,1.1272,12000,1.0601,12000,1.3075,46000,1.5078,96000,84000,0.0575,36000,0.1844,36000,1.4194,12000,2.5657600000000005,,,2025-11-21_09-33,0,,0.030271660761383733,0,125281.22786414856,161.29061721674316,100765.30475353474
R_LN_3DBall_3691,3DBall,3691,12.0,ppo,200000,133,24940,0.0004318146576024,3.0,169,42.8,50.1,1.36,12000,1.129,12000,22.089,142000,39.2258,192000,180000,0.0709,36000,0.2406,36000,1.4158,12000,2.5657600000000005,84000.0,67.7,2025-11-21_09-33,1,,0.661229876008158,1,95615.8679994459,85.85072817581072,130978.09334005442
R_LN_3DBall_4355,3DBall,4355,12.0,ppo,200000,183,34402,0.0005523193821711,3.0,169,45.1,63.3,1.2551,12000,1.1511,12000,6.1934,142000,7.7219,192000,180000,0.0588,36000,0.1901,36000,1.4135,12000,2.5657600000000005,120000.0,101.6,2025-11-21_09-33,1,,0.9404763103337529,1,122102.88711585554,98.45713719443668,126739.61068906797
R_LN_3DBall_4016,3DBall,4016,12.0,ppo,200000,93,17486,0.0003060463645098,3.0,179,44.0,60.9,1.6211,12000,1.1741,12000,79.4938,142000,88.8154,192000,180000,0.0821,24000,0.421,24000,1.4074,12000,2.5657600000000005,72000.0,59.8,2025-11-21_09-33,1,,0.8772683250140414,1,74837.01478491188,61.60289352889767,90198.47760660242
R_AP_3DBall_1237,3DBall,1237,12.0,ppo,500000,71,13330,0.0001385674108922,3.0,490,61.8,87.4,2.0251,12000,1.2229,12000,98.5323,442000,100.0,156000,480000,0.0956,24000,0.6796,24000,1.4121,12000,2.5657600000000005,60000.0,49.0,2025-11-21_09-33,1,,0.7245397249458849,1,63213.36629013131,38.02226282081713,183530.73255181278
R_AP_3DBall_1165,3DBall,1165,12.0,ppo,500000,134,25305,0.0003235371397988,3.0,437,61.8,88.1,1.2703,12000,1.0766,12000,100.0,442000,100.0,252000,480000,0.07,36000,0.2438,36000,1.4135,12000,2.5657600000000005,84000.0,65.5,2025-11-21_09-33,1,,0.7261342442701761,1,101076.7185593555,65.91121159730399,210328.1445093188
R_LN_3DBall_3993,3DBall,3993,12.0,ppo,200000,32,6157,0.0004563828506893,3.0,214,44.5,61.0,28.4608,12000,1.8663,12000,95.6532,142000,100.0,96000,180000,0.1413,12000,1.0789,12000,1.3614,12000,2.5657600000000005,36000.0,28.5,2025-11-21_09-33,1,,0.9999999484713165,1,30964.955783886893,21.3977116704683,30964.964494040196
R_AP_3DBall_1293,3DBall,1293,12.0,ppo,500000,68,12859,0.000781284290799,3.0,445,54.4,85.4,2.8307,12000,1.1614,12000,97.0077,442000,100.0,144000,480000,0.0999,24000,0.8995,24000,1.392,12000,2.5657600000000005,48000.0,33.4,2025-11-21_09-33,1,,0.9467702835516332,1,49199.15684218583,27.49463208404626,73195.15789816096
R_LN_3DBall_3954,3DBall,3954,12.0,ppo,200000,136,25640,0.0003660213459888,3.0,173,44.0,59.6,1.244,12000,1.1276,12000,8.9654,142000,15.8901,192000,180000,0.0702,36000,0.2464,36000,1.4172,12000,2.5657600000000005,120000.0,104.1,2025-11-21_09-33,1,,0.6717875562451742,1,102661.25494055824,87.1834828842713,134609.0423285456
R_LN_3DBall_3888,3DBall,3888,12.0,ppo,200000,33,6357,0.0004643068097051,3.0,266,44.6,61.9,21.4412,12000,1.7306,12000,95.8662,142000,100.0,108000,180000,0.1374,12000,1.0239,12000,1.3479,12000,2.5657600000000005,36000.0,35.5,2025-11-21_09-33,1,,0.9999998641885788,1,31792.561123528783,24.193089615829244,31792.583968020117
R_LN_3DBall_3836,3DBall,3836,12.0,ppo,200000,41,7692,0.0002419194289968,3.0,203,38.0,52.4,2.1011,12000,1.1927,12000,98.4785,142000,100.0,132000,180000,0.1257,12000,0.5653,12000,1.3865,12000,2.5657600000000005,60000.0,54.0,2025-11-21_09-33,1,,0.9803872875670808,1,52722.38331212428,45.646362118390044,55610.896856029285
R_LN_3DBall_3220,3DBall,3220,12.0,ppo,100000,175,32814,0.0006026987312803,3.0,105,40.2,57.1,1.2064,12000,1.1273,12000,1.5863,46000,1.9423,84000,84000,0.0589,36000,0.1569,36000,1.4157,12000,2.5657600000000005,,,2025-11-21_09-33,0,,0.08440807320491824,0,115657.8371713416,155.2150077179166,101321.64786618928
R_LN_3DBall_4037,3DBall,4037,12.0,ppo,200000,72,13620,0.0007744054995665,3.0,190,44.5,61.5,2.5858,12000,1.1893,12000,94.9744,142000,100.0,168000,180000,0.0953,24000,0.9107,24000,1.3892,12000,2.5657600000000005,48000.0,38.1,2025-11-21_09-33,1,,0.9181536950536605,1,50887.28574496747,38.68419659200304,63091.61042726124
R_LN_3DBall_3353,3DBall,3353,12.0,ppo,100000,64,12124,0.0007816343353559,3.0,105,42.4,58.2,2.46,12000,1.1675,12000,19.7913,46000,61.2389,96000,84000,0.099,24000,0.7162,24000,1.3811,12000,2.5657600000000005,48000.0,45.0,2025-11-21_09-33,1,,0.671822599679567,1,50195.16769249847,59.91495854288053,66539.98808256943
R_LN_3DBall_3962,3DBall,3962,12.0,ppo,200000,161,30302,0.0006400484982797,3.0,171,44.0,60.3,1.2063,12000,1.111,12000,6.937,142000,10.2667,192000,180000,0.0649,36000,0.1931,36000,1.4178,12000,2.5657600000000005,108000.0,91.4,2025-11-21_09-33,1,,0.8049424668844658,1,110278.79347771559,92.26019917144764,127779.59069010176
R_LN_3DBall_3147,3DBall,3147,12.0,ppo,100000,87,16422,0.0002885976647236,3.0,96,42.0,56.2,1.8018,12000,1.2793,12000,4.3662,46000,7.8752,96000,84000,0.0848,24000,0.4396,24000,1.4076,12000,2.5657600000000005,60000.0,54.8,2025-11-21_09-33,1,,0.3577677825404625,0,70611.22952567061,89.17589960958078,89485.64475580855
R_AK_3DBall_2355,3DBall,2355,12.0,ppo,500000,46,8688,0.0002525795350055,3.0,257,44.8,82.8,9.6376,12000,1.4276,12000,100.0,442000,100.0,144000,480000,0.1153,12000,1.2505,12000,1.3872,12000,2.5657600000000005,36000.0,12.9,2025-11-21_09-33,1,,0.9981883982102918,1,41255.51284949463,18.550692677454478,42086.575183435256
R_AP_3DBall_1300,3DBall,1300,12.0,ppo,500000,120,22598,0.0005801175617807,3.0,509,62.4,88.5,1.6482,12000,1.1283,12000,96.596,442000,100.0,192000,480000,0.0733,24000,0.3377,24000,1.3956,12000,2.5657600000000005,60000.0,50.9,2025-11-21_09-33,1,,0.9914633245117502,1,77977.77493374719,48.38059883800073,81580.4417179669
R_AK_3DBall_2653,3DBall,2653,12.0,ppo,500000,151,28374,0.0004954494089895,3.0,214,33.1,84.6,1.3263,12000,1.1595,12000,100.0,442000,100.0,252000,480000,0.0653,36000,0.2229,36000,1.4129,12000,2.5657600000000005,96000.0,37.4,2025-11-21_09-33,1,,0.9986754552065594,1,100295.54511932525,47.12231344024245,100824.97157395245
R_AP_3DBall_1201,3DBall,1201,12.0,ppo,500000,103,19421,0.000441291775025,3.0,421,55.0,90.6,1.5277,12000,1.1984,12000,100.0,442000,100.0,168000,480000,0.0761,24000,0.2485,24000,1.4091,12000,2.5657600000000005,72000.0,52.6,2025-11-21_09-33,1,,0.9933387858737537,1,76935.99342274558,46.26690803395524,79754.11335966435
R_AP_3DBall_1110,3DBall,1110,12.0,ppo,500000,187,35083,0.0002944043008265,3.0,425,62.9,89.3,1.2431,12000,1.1604,12000,100.0,442000,100.0,336000,480000,0.0607,36000,0.2075,36000,1.4181,12000,2.5657600000000005,120000.0,95.6,2025-11-21_09-33,1,,0.7449794974815377,1,127477.66886695992,88.28525760626273,222478.50095185684
R_LN_3DBall_3232,3DBall,3232,12.0,ppo,100000,78,14635,0.0002251736162059,3.0,96,40.4,57.0,1.3376,12000,1.1233,12000,2.2144,46000,3.1935,96000,84000,0.0898,24000,0.281,24000,1.4062,12000,2.5657600000000005,84000.0,82.2,2025-11-21_09-33,1,,0.12428470995248633,0,73839.52516793243,97.18367751336194,96748.65297327717
R_LN_3DBall_3209,3DBall,3209,12.0,ppo,100000,179,33568,3.001755829655716e-05,3.0,88,40.8,57.4,1.1392,12000,1.1359,12000,1.1516,46000,1.1952,48000,84000,0.0599,36000,0.5912,36000,1.4185,12000,2.5657600000000005,,,2025-11-21_09-33,0,,0.00015306936479517647,0,125243.08182847936,184.4577776434092,100003.86394250095
R_AP_3DBall_1355,3DBall,1355,12.0,ppo,500000,89,16766,0.0004191437253801,3.0,428,55.7,88.3,1.6354,12000,1.1778,12000,100.0,442000,100.0,168000,480000,0.0844,24000,0.3888,24000,1.4054,12000,2.5657600000000005,72000.0,53.5,2025-11-21_09-33,1,,0.9874214380825289,1,69303.43051797544,40.576244744258695,74720.97398484749
R_AK_3DBall_2428,3DBall,2428,12.0,ppo,500000,168,31637,0.0002476536926259,3.0,241,43.3,83.9,1.2643,12000,1.087,12000,100.0,442000,100.0,264000,480000,0.0624,36000,0.166,36000,1.4148,12000,2.5657600000000005,108000.0,48.2,2025-11-21_09-33,1,,0.973518473444622,1,124757.54098539276,66.08394991194467,134694.53412849345
R_AP_3DBall_1350,3DBall,1350,12.0,ppo,500000,69,13098,0.0005036178499812,3.0,520,68.1,91.0,2.7388,12000,1.2115,12000,98.5216,442000,100.0,156000,480000,0.0938,24000,0.9172,24000,1.388,12000,2.5657600000000005,48000.0,39.0,2025-11-21_09-33,1,,0.9552255812280515,1,51664.026669189916,29.765260259489335,71738.00928963276
R_LN_3DBall_4032,3DBall,4032,12.0,ppo,200000,84,15767,0.0004021977869081,3.0,178,43.9,61.3,1.5904,12000,1.1783,12000,87.4766,142000,97.5077,192000,180000,0.0885,24000,0.3277,24000,1.405,12000,2.5657600000000005,72000.0,59.4,2025-11-21_09-33,1,,0.9775138203604725,1,70175.56384928184,56.60022057704458,73094.81944216725
R_LN_3DBall_4492,3DBall,4492,12.0,ppo,200000,91,17196,0.0008252157594128,3.0,177,41.0,69.1,1.448,12000,1.1471,12000,80.8085,142000,100.0,192000,180000,0.0836,24000,0.2991,24000,1.4013,12000,2.5657600000000005,72000.0,59.1,2025-11-21_09-33,1,,0.9984401067802066,1,67478.74603347301,46.55322928235344,67685.46503901393
R_LN_3DBall_4481,3DBall,4481,12.0,ppo,200000,177,33251,5.609132904338462e-05,3.0,186,44.8,64.4,1.2451,12000,1.131,12000,3.7597,142000,4.8034,192000,180000,0.0602,36000,0.243,36000,1.4189,12000,2.5657600000000005,144000.0,136.0,2025-11-21_09-33,1,,0.423099618822864,0,136033.8002749365,114.99468683348032,172935.92527877848
R_LN_3DBall_4479,3DBall,4479,12.0,ppo,200000,182,34134,0.000615273777371,3.0,190,44.3,64.5,1.3411,12000,1.1686,12000,9.828,142000,16.7338,192000,180000,0.0605,36000,0.1909,36000,1.4091,12000,2.5657600000000005,108000.0,101.2,2025-11-21_09-33,1,,0.9843548410597304,1,114885.15984431759,90.59961613314205,116216.79504672888
R_LN_3DBall_4113,3DBall,4113,12.0,ppo,200000,132,24899,0.0005113439865997,3.0,178,43.4,61.2,1.2692,12000,1.1059,12000,23.9811,142000,45.2269,192000,180000,0.0705,36000,0.2169,36000,1.4161,12000,2.5657600000000005,96000.0,83.2,2025-11-21_09-33,1,,0.8481331849739282,1,98260.4687196236,78.98280016852075,113711.32729741978
R_LN_3DBall_3291,3DBall,3291,12.0,ppo,100000,57,10845,0.0002695511989267,3.0,106,41.5,57.7,3.0566,12000,1.2761,12000,24.659,46000,56.155,96000,84000,0.1071,12000,0.6604,12000,1.3967,12000,2.5657600000000005,48000.0,45.5,2025-11-21_09-33,1,,0.3945084578583977,0,57163.94890464731,69.8632834242701,83100.81554162888
R_AK_3DBall_2020,3DBall,2020,12.0,ppo,500000,140,26434,0.000617720748082,3.0,229,44.3,84.7,1.4575,12000,1.1953,12000,98.5031,442000,100.0,216000,480000,0.0681,36000,0.3342,36000,1.4098,12000,2.5657600000000005,84000.0,34.3,2025-11-21_09-33,1,,0.9974355007344375,1,89520.28609762172,45.617804661954274,90572.96102245266
R_AP_3DBall_1341,3DBall,1341,12.0,ppo,500000,117,22118,3.1716643590758594e-05,3.0,457,62.0,90.3,1.2754,12000,1.1003,12000,100.0,442000,100.0,252000,480000,0.0737,24000,0.2901,24000,1.4182,12000,2.5657600000000005,96000.0,79.9,2025-11-21_09-33,1,,0.5218336937006182,1,99649.98002372253,63.42472628524656,291083.87030266284
R_LN_3DBall_4596,3DBall,4596,12.0,ppo,200000,107,20070,0.0002149150603736,3.0,177,44.8,65.3,1.2288,12000,1.0814,12000,12.3071,142000,21.8404,192000,180000,0.0769,24000,0.2835,24000,1.4152,12000,2.5657600000000005,96000.0,82.8,2025-11-21_09-33,1,,0.7645818621306442,1,89925.93756411459,68.48413589388167,115839.36837048594
R_LN_3DBall_3363,3DBall,3363,12.0,ppo,100000,165,31107,0.0001704451145538,3.0,95,40.4,57.7,1.3289,12000,1.19,12000,1.6988,46000,1.9435,96000,84000,0.0622,36000,0.2364,36000,1.4156,12000,2.5657600000000005,,,2025-11-21_09-33,0,,0.04390333030468355,0,122758.7701175902,165.01417518438575,100999.18580180094
C_LF_3DBall_101,3DBall,101,12.0,ppo,500000,64,12000,0.0003,3.0,781,16.6,55.3,2.4274,12000,1.1816,12000,99.605,442000,100.0,132000,480000,0.0995,24000,0.6676,24000,1.4049,12000,2.5657600000000005,48000.0,58.6,2025-11-21_09-33,1,,0.318719871040367,0,57613.24182675884,43.69044141716201,359002.5494850586
R_LN_3DBall_4408,3DBall,4408,12.0,ppo,200000,136,25676,0.0007613142791189,3.0,171,44.8,64.1,1.33,12000,1.2136,12000,21.7397,142000,43.1111,192000,180000,0.0693,36000,0.2456,36000,1.4133,12000,2.5657600000000005,96000.0,80.0,2025-11-21_09-33,1,,0.9959398214627262,1,89202.79270768107,63.267119157936996,89652.64915071923
R_AK_3DBall_2562,3DBall,2562,12.0,ppo,500000,187,35152,0.0001292413638492,3.0,252,49.6,85.2,1.2302,12000,1.1494,12000,96.6451,442000,100.0,300000,480000,0.0598,36000,0.1873,36000,1.4189,12000,2.5657600000000005,120000.0,56.7,2025-11-21_09-33,1,,0.9739290164744322,1,138204.67683601298,72.67927469546422,147637.03674584877
R_AK_3DBall_2690,3DBall,2690,12.0,ppo,500000,70,13189,0.000816454231429,3.0,238,48.5,84.9,3.0501,12000,1.2744,12000,100.0,442000,100.0,144000,480000,0.0955,24000,1.0296,24000,1.3945,12000,2.5657600000000005,48000.0,17.8,2025-11-21_09-33,1,,0.9990789560407123,1,45850.813376996775,18.24611753571661,46269.10474195132
R_AK_3DBall_2059,3DBall,2059,12.0,ppo,500000,135,25344,0.0002044200694003,3.0,254,43.3,83.1,1.2872,12000,1.0934,12000,95.476,442000,100.0,216000,480000,0.0709,36000,0.2365,36000,1.4163,12000,2.5657600000000005,96000.0,44.4,2025-11-21_09-33,1,,0.9323110866798792,1,102277.13309174214,56.86166077698235,129198.56175532516
R_LN_3DBall_3181,3DBall,3181,12.0,ppo,100000,102,19188,0.000100971198806,3.0,96,40.8,56.4,1.1888,12000,1.0973,12000,1.4948,46000,1.6563,96000,84000,0.0803,24000,0.2647,24000,1.415,12000,2.5657600000000005,,,2025-11-21_09-33,0,,0.011830785237287244,0,90983.7928080954,124.21868434606596,99893.3311890577
R_AK_3DBall_2317,3DBall,2317,12.0,ppo,500000,155,29074,0.0003311492961843,3.0,211,29.4,83.9,1.2065,12000,1.0992,12000,99.115,442000,100.0,288000,480000,0.0647,36000,0.2086,36000,1.4188,12000,2.5657600000000005,108000.0,42.2,2025-11-21_09-33,1,,0.9676564055945004,1,110521.12841225923,57.943649764027846,123118.27506440479
R_AK_3DBall_2153,3DBall,2153,12.0,ppo,500000,88,16557,0.000518489809566,3.0,249,43.5,83.4,1.8231,12000,1.1956,12000,98.5308,442000,100.0,156000,480000,0.0851,24000,0.4517,24000,1.4058,12000,2.5657600000000005,60000.0,24.9,2025-11-21_09-33,1,,0.9983382636374678,1,65867.2356485506,31.865864441041897,66588.64984924003
R_AK_3DBall_2386,3DBall,2386,12.0,ppo,500000,65,12201,0.0008376420696857,3.0,218,26.4,82.9,2.0267,12000,1.1574,12000,100.0,442000,100.0,144000,480000,0.0989,24000,0.503,24000,1.403,12000,2.5657600000000005,60000.0,21.8,2025-11-21_09-33,1,,0.9996295537256822,1,53388.43549275875,23.033075014096422,53553.88108289771
R_AK_3DBall_2226,3DBall,2226,12.0,ppo,500000,40,7502,4.49377818442038e-05,3.0,269,48.5,83.8,2.5813,12000,1.2279,12000,100.0,442000,100.0,120000,480000,0.1276,12000,0.6459,12000,1.414,12000,2.5657600000000005,48000.0,20.2,2025-11-21_09-33,1,,0.9792484572357958,1,57025.753704120085,27.38061771347589,66218.15271957016
R_AK_3DBall_2605,3DBall,2605,12.0,ppo,500000,48,9085,0.0007834621350953,3.0,227,32.3,84.2,4.4109,12000,1.2231,12000,100.0,442000,100.0,108000,480000,0.1129,12000,0.9225,12000,1.3925,12000,2.5657600000000005,48000.0,17.0,2025-11-21_09-33,1,,0.9993536922129739,1,43494.202282147526,17.635103826519448,43789.245534035144
R_LN_3DBall_4495,3DBall,4495,12.0,ppo,200000,187,35138,0.0006707736134914,3.0,173,45.3,64.2,1.1577,12000,1.1076,12000,3.1824,142000,4.2013,192000,180000,0.0566,36000,0.2251,36000,1.4183,12000,2.5657600000000005,156000.0,138.1,2025-11-21_09-33,1,,0.8595369327009776,1,123574.37351829135,95.19590123453504,134309.35143416154
R_AK_3DBall_2649,3DBall,2649,12.0,ppo,500000,176,33105,0.000494343851532,3.0,214,36.7,84.5,1.1737,12000,1.0902,12000,100.0,442000,100.0,324000,480000,0.0607,36000,0.2105,36000,1.4171,12000,2.5657600000000005,120000.0,48.1,2025-11-21_09-33,1,,0.9877898520170985,1,120646.49644013267,58.72284306817736,125278.45885643082
R_LN_3DBall_3546,3DBall,3546,12.0,ppo,200000,133,24972,0.0001124386089916,3.0,199,43.5,62.0,1.3893,12000,1.1831,12000,20.3206,142000,42.3963,192000,180000,0.0709,36000,0.2578,36000,1.4172,12000,2.5657600000000005,96000.0,92.7,2025-11-21_09-33,1,,0.44203325711074576,0,102435.69912271209,98.09679412997868,156873.33430547966
R_AP_3DBall_1064,3DBall,1064,12.0,ppo,500000,78,14683,0.000247856302049,3.0,455,59.6,88.0,1.6243,12000,1.1964,12000,98.4939,442000,100.0,168000,480000,0.0904,24000,0.3153,24000,1.4078,12000,2.5657600000000005,72000.0,56.8,2025-11-21_09-33,1,,0.9816855131720544,1,69370.68096584307,43.58133891731774,77257.43595702131
R_LN_3DBall_3509,3DBall,3509,12.0,ppo,200000,177,33284,0.0007542775565348,3.0,184,50.5,70.3,1.214,12000,1.1272,12000,4.0792,142000,5.2508,180000,180000,0.0629,36000,0.258,36000,1.4188,12000,2.5657600000000005,144000.0,134.9,2025-11-21_09-33,1,,0.5380430078898772,1,113380.11820264366,103.36475380388832,153394.77825468476
R_AP_3DBall_1235,3DBall,1235,12.0,ppo,500000,129,24334,0.0007799550435184,3.0,423,61.6,88.6,1.3329,12000,1.0706,12000,97.4231,442000,100.0,228000,480000,0.0691,36000,0.2536,36000,1.409,12000,2.5657600000000005,84000.0,63.4,2025-11-21_09-33,1,,0.9677185236319674,1,85375.91738076563,51.08651033920387,98760.59490545563
R_LN_3DBall_3965,3DBall,3965,12.0,ppo,200000,57,10688,0.0006198541332879,3.0,188,44.4,60.7,2.555,12000,1.2212,12000,99.9167,142000,100.0,132000,180000,0.1093,12000,0.4864,12000,1.3914,12000,2.5657600000000005,48000.0,37.7,2025-11-21_09-33,1,,0.9977235584782908,1,52563.40287944842,41.1874476149818,52899.033670953155
R_LN_3DBall_4281,3DBall,4281,12.0,ppo,200000,99,18610,0.0002608669906298,3.0,178,44.8,62.3,1.4914,12000,1.1486,12000,74.4033,142000,86.7,192000,180000,0.0807,24000,0.2354,24000,1.4114,12000,2.5657600000000005,72000.0,59.5,2025-11-21_09-33,1,,0.9507929878540219,1,83549.0980395441,66.00033490489368,89279.29898672237
R_LN_3DBall_4046,3DBall,4046,12.0,ppo,200000,60,11267,0.0002698291232267,3.0,189,44.0,61.0,2.585,12000,1.2094,12000,100.0,142000,100.0,132000,180000,0.104,12000,0.5932,12000,1.4059,12000,2.5657600000000005,48000.0,37.9,2025-11-21_09-33,1,,0.8819690474975147,1,60285.53100061864,47.71251295352977,76776.16285499459
R_LN_3DBall_3268,3DBall,3268,12.0,ppo,100000,72,13571,0.0008580259214638,3.0,97,42.2,57.7,1.6937,12000,1.1362,12000,4.5879,46000,8.1091,96000,84000,0.0956,24000,0.4626,24000,1.412,12000,2.5657600000000005,60000.0,55.3,2025-11-21_09-33,1,,0.2582933685221158,0,60069.929205263885,67.92275640939923,89686.32750910106
R_AK_3DBall_2018,3DBall,2018,12.0,ppo,500000,123,23101,0.0002840070609391,3.0,225,37.8,84.0,1.3186,12000,1.1352,12000,100.0,442000,100.0,228000,480000,0.0726,24000,0.246,24000,1.4141,12000,2.5657600000000005,84000.0,33.7,2025-11-21_09-33,1,,0.9832957120721437,1,91779.65482879923,49.66641218014457,98598.68501254785
R_AK_3DBall_2551,3DBall,2551,12.0,ppo,500000,163,30632,0.0004149381976142,3.0,250,38.2,80.2,1.3189,12000,1.152,12000,97.0019,442000,100.0,228000,480000,0.064,36000,0.1865,36000,1.4128,12000,2.5657600000000005,84000.0,37.5,2025-11-21_09-33,1,,0.9975082492259659,1,110385.50959742791,54.66875341086055,111356.3318054634
R_LN_3DBall_4302,3DBall,4302,12.0,ppo,200000,130,24533,0.000584450083452,3.0,183,44.6,62.8,1.3392,12000,1.0937,12000,39.2287,142000,71.3177,192000,180000,0.0689,36000,0.2232,36000,1.4142,12000,2.5657600000000005,84000.0,73.1,2025-11-21_09-33,1,,0.9169709406828164,1,95349.63139017031,73.09659017175711,104038.653053041
R_LN_3DBall_4306,3DBall,4306,12.0,ppo,200000,71,13373,0.0005004948011848,3.0,192,44.3,62.8,2.3688,12000,1.2,12000,93.9441,142000,99.85,120000,180000,0.0954,24000,0.8377,24000,1.3905,12000,2.5657600000000005,48000.0,38.5,2025-11-21_09-33,1,,0.9329360763100952,1,54618.700229985836,41.22359026781314,64368.540623701236
R_AK_3DBall_2070,3DBall,2070,12.0,ppo,500000,160,30119,0.0002989551820544,3.0,226,37.0,82.6,1.2852,12000,1.1842,12000,100.0,442000,100.0,264000,480000,0.0621,36000,0.246,36000,1.4173,12000,2.5657600000000005,108000.0,45.2,2025-11-21_09-33,1,,0.9832858543654952,1,111492.00625887573,60.373540029283085,117985.58544643415
R_AK_3DBall_2621,3DBall,2621,12.0,ppo,500000,119,22339,0.0006437590177206,3.0,215,33.4,84.4,1.3678,12000,1.1849,12000,98.4831,442000,100.0,192000,480000,0.0731,24000,0.2368,24000,1.4087,12000,2.5657600000000005,84000.0,32.2,2025-11-21_09-33,1,,0.9998286641209788,1,78995.22092004583,35.211705106897604,79067.35414394161
R_LN_3DBall_4430,3DBall,4430,12.0,ppo,200000,100,18757,0.000888844910013,3.0,202,43.9,64.8,1.708,12000,1.1814,12000,82.9449,142000,100.0,168000,180000,0.079,24000,0.2721,24000,1.3953,12000,2.5657600000000005,60000.0,53.8,2025-11-21_09-33,1,,0.9996375984983816,1,65447.43495877066,46.55466982137795,65496.197010388205
R_AK_3DBall_2469,3DBall,2469,12.0,ppo,500000,155,29240,6.45803011018218e-05,3.0,228,40.7,83.4,1.1299,12000,1.0942,12000,96.7583,442000,100.0,408000,480000,0.0668,36000,0.353,36000,1.4186,12000,2.5657600000000005,156000.0,68.3,2025-11-21_09-33,1,,0.7898453894715174,1,119773.87943008106,62.8772129726434,199680.15171120825
R_AK_3DBall_2338,3DBall,2338,12.0,ppo,500000,102,19235,0.0007600641572179,3.0,229,40.5,84.0,1.6634,12000,1.2209,12000,96.9759,442000,100.0,180000,480000,0.0781,24000,0.3177,24000,1.393,12000,2.5657600000000005,72000.0,28.6,2025-11-21_09-33,1,,0.9999737680077007,1,65712.68350775602,30.468092459944348,65724.07572929795
R_LN_3DBall_4153,3DBall,4153,12.0,ppo,200000,117,22021,0.0001746773838327,3.0,177,43.4,60.6,1.296,12000,1.1379,12000,9.3119,142000,14.776,192000,180000,0.0734,24000,0.3227,24000,1.4155,12000,2.5657600000000005,108000.0,94.6,2025-11-21_09-33,1,,0.6216729574701441,1,94069.45171830888,78.05982079780216,134145.8427632872
R_LN_3DBall_3996,3DBall,3996,12.0,ppo,200000,161,30286,0.0008175339088112,3.0,180,43.7,61.1,1.2485,12000,1.1099,12000,17.6561,142000,30.45,192000,180000,0.0672,36000,0.1584,36000,1.4094,12000,2.5657600000000005,96000.0,84.1,2025-11-21_09-33,1,,0.9685427545319307,1,103026.04336392801,85.11107323922606,106076.57692183883
R_LN_3DBall_3666,3DBall,3666,12.0,ppo,200000,144,27175,0.0004605320595046,3.0,177,43.1,63.7,1.1745,12000,1.1044,12000,3.7082,142000,4.8816,180000,180000,0.0682,36000,0.2606,36000,1.4135,12000,2.5657600000000005,144000.0,129.8,2025-11-21_09-33,1,,0.522875565561849,1,104376.383883932,94.53890243096757,150000.7476422418
R_AP_3DBall_1008,3DBall,1008,12.0,ppo,500000,101,19068,0.0004093762505073,3.0,450,65.8,89.1,1.5499,12000,1.1878,12000,100.0,442000,100.0,156000,480000,0.0815,24000,0.2555,24000,1.4064,12000,2.5657600000000005,72000.0,56.2,2025-11-21_09-33,1,,0.9892159495097418,1,76869.29629190912,48.745649454414945,81432.35916467565
R_LN_3DBall_4317,3DBall,4317,12.0,ppo,200000,169,31728,0.0002656315064592,3.0,176,44.0,62.8,1.2733,12000,1.2118,12000,4.8178,142000,5.8376,192000,180000,0.061,36000,0.2511,36000,1.4184,12000,2.5657600000000005,132000.0,117.5,2025-11-21_09-33,1,,0.8699841426735144,1,118277.28089374429,96.94166094122384,128902.53028139568
R_AP_3DBall_1209,3DBall,1209,12.0,ppo,500000,173,32441,0.0007946425206887,3.0,434,62.6,87.5,1.2132,12000,1.125,12000,100.0,442000,100.0,300000,480000,0.0624,36000,0.1419,36000,1.415,12000,2.5657600000000005,108000.0,86.7,2025-11-21_09-33,1,,0.9796843148950861,1,105617.75537858486,65.81135680258319,113629.90087128265
R_AP_3DBall_1105,3DBall,1105,12.0,ppo,500000,161,30333,0.0001463949917726,3.0,448,58.9,89.8,1.1557,12000,1.1237,12000,86.9473,442000,97.8334,492000,480000,0.0634,36000,0.4032,36000,1.4168,12000,2.5657600000000005,192000.0,168.0,2025-11-21_09-33,1,,0.21368246534984486,0,115260.12898056266,79.43793746592846,417787.83584218536
R_LN_3DBall_4543,3DBall,4543,12.0,ppo,200000,177,33337,0.0002331781835341,3.0,191,44.5,64.8,1.2341,12000,1.146,12000,8.0394,142000,12.5784,192000,180000,0.0615,36000,0.1632,36000,1.415,12000,2.5657600000000005,108000.0,101.6,2025-11-21_09-33,1,,0.8792249730447927,1,132607.6724404753,107.23062415724807,140746.98261805103
R_AK_3DBall_2318,3DBall,2318,12.0,ppo,500000,137,25689,0.0001419798669469,3.0,244,44.3,83.8,1.4116,12000,1.1659,12000,98.5031,442000,100.0,264000,480000,0.0688,36000,0.3029,36000,1.4171,12000,2.5657600000000005,84000.0,36.6,2025-11-21_09-33,1,,0.9748918902792184,1,100046.11819008134,52.35792957502237,110088.20413781729
R_AK_3DBall_2532,3DBall,2532,12.0,ppo,500000,72,13531,5.438349259790714e-05,3.0,252,47.6,84.4,1.8726,12000,1.2265,12000,100.0,442000,100.0,144000,480000,0.0954,24000,0.553,24000,1.4151,12000,2.5657600000000005,60000.0,25.2,2025-11-21_09-33,1,,0.9884473541965343,1,68241.03220553815,31.5770825494667,73228.99063293754
R_LN_3DBall_4608,3DBall,4608,12.0,ppo,200000,42,7887,0.0002577738693258,3.0,205,44.6,65.3,5.5411,12000,1.2672,12000,98.6446,142000,100.0,144000,180000,0.1211,12000,1.1576,12000,1.3945,12000,2.5657600000000005,36000.0,27.3,2025-11-21_09-33,1,,0.7564131793813512,1,46118.266013651446,32.19784596546574,83601.82834667075
R_LN_3DBall_3173,3DBall,3173,12.0,ppo,100000,159,29965,0.0002387385170546,3.0,95,40.8,56.2,1.2941,12000,1.1844,12000,1.7293,46000,2.0605,96000,84000,0.0624,36000,0.1969,36000,1.4165,12000,2.5657600000000005,,,2025-11-21_09-33,0,,0.04843675993196567,0,117882.68737600978,161.79710373101625,100866.17943537017
R_LN_3DBall_3796,3DBall,3796,12.0,ppo,200000,46,8721,0.0004690707105655,3.0,235,42.4,51.3,6.2025,12000,1.3072,12000,96.4772,142000,100.0,132000,180000,0.1178,12000,1.167,12000,1.3791,12000,2.5657600000000005,36000.0,31.3,2025-11-21_09-33,1,,0.9156430697470492,1,42087.963751515184,34.38652850413065,55408.93837943005
U_OE_3DBall_8,3DBall,8,12.0,sac,500000,64,200000,0.0003,,494,49.2,72.7,7.4361,12000,0.6725,12000,92.5492,442000,100.0,72000,480000,-2.5513,12000,0.0102,12000,1.2146,12000,2.5657600000000005,48000.0,37.0,2025-11-21_09-33,1,,0.9755837736192375,1,55075.51395704963,43.081653098240906,65938.8909306187
R_LN_3DBall_3151,3DBall,3151,12.0,ppo,100000,87,16315,0.0001647437478417,3.0,101,41.9,56.7,1.6497,12000,1.1873,12000,3.6393,46000,6.2896,96000,84000,0.0868,24000,0.3622,24000,1.4099,12000,2.5657600000000005,60000.0,57.8,2025-11-21_09-33,1,,0.07979189551408392,0,75826.28362152599,100.80502878692735,98071.13334854171
R_AP_3DBall_1362,3DBall,1362,12.0,ppo,500000,129,24237,0.0008393479432139,3.0,404,51.4,89.1,1.3822,12000,1.1561,12000,100.0,442000,100.0,228000,480000,0.0678,36000,0.3024,36000,1.4127,12000,2.5657600000000005,84000.0,60.6,2025-11-21_09-33,1,,0.9916294713863425,1,79395.19958005915,44.63140971048395,82915.88409701598
