run_id,environment,seed,num_agents,algorithm,steps,batch_size,buffer_size,learning_rate,epochs,total_time,average_cpu,average_ram,reward_mean,reward_mean_step,early_reward_mean,early_reward_mean_step,final_reward_mean,final_reward_mean_step,best_reward,best_reward_step,step_interval,p_loss_mean,p_loss_mean_step,v_loss_mean,v_loss_mean_step,entropy_mean,entropy_mean_step,threshold_value,steps_to_threshold,time_to_threshold,threshold_version,run_reached_threshold,notes
U_OE_3DBall_1,3DBall,1,12.0,sac,500000,64,200000,0.0003,,419,46.9,72.9,12.1903,12000,0.7405,12000,100.0,442000,100.0,72000,480000,-2.7382,12000,0.0111,12000,1.2174,12000,2.5657600000000005,48000,31.4,2025-11-21_09-33,,
U_OE_3DBall_2,3DBall,2,12.0,sac,500000,64,200000,0.0003,,467,47.0,73.3,7.7313,12000,0.702,12000,94.8933,442000,100.0,72000,480000,-2.5524,12000,0.0112,12000,1.2211,12000,2.5657600000000005,60000,46.7,2025-11-21_09-33,,
U_OE_3DBall_3,3DBall,3,12.0,sac,500000,64,200000,0.0003,,475,46.3,72.7,5.9513,12000,0.7071,12000,97.3,442000,100.0,72000,480000,-2.4562,12000,0.0116,12000,1.2226,12000,2.5657600000000005,48000,35.6,2025-11-21_09-33,,
U_OE_3DBall_4,3DBall,4,12.0,sac,500000,64,200000,0.0003,,479,46.4,72.7,5.9272,12000,0.7034,12000,100.0,442000,100.0,72000,480000,-2.5908,12000,0.0106,12000,1.2165,12000,2.5657600000000005,60000,47.9,2025-11-21_09-33,,
U_OE_3DBall_5,3DBall,5,12.0,sac,500000,64,200000,0.0003,,485,46.9,72.8,3.4459,12000,0.7054,12000,91.3264,442000,100.0,72000,480000,-2.532,12000,0.0104,12000,1.2119,12000,2.5657600000000005,60000,48.5,2025-11-21_09-33,,
U_OE_3DBall_6,3DBall,6,12.0,sac,500000,64,200000,0.0003,,466,45.1,73.0,10.911,12000,0.7317,12000,100.0,442000,100.0,72000,480000,-2.736,12000,0.0096,12000,1.2151,12000,2.5657600000000005,48000,34.9,2025-11-21_09-33,,
U_OE_3DBall_7,3DBall,7,12.0,sac,500000,64,200000,0.0003,,531,53.3,73.6,15.2906,12000,0.7204,12000,92.2224,442000,100.0,72000,480000,-2.6896,12000,0.0092,12000,1.1953,12000,2.5657600000000005,48000,39.8,2025-11-21_09-33,,
U_OE_3DBall_8,3DBall,8,12.0,sac,500000,64,200000,0.0003,,494,49.2,72.7,7.4361,12000,0.6725,12000,92.5492,442000,100.0,72000,480000,-2.5513,12000,0.0102,12000,1.2146,12000,2.5657600000000005,48000,37.0,2025-11-21_09-33,,
U_OE_3DBall_9,3DBall,9,12.0,sac,500000,64,200000,0.0003,,507,53.7,73.9,7.0196,12000,0.7413,12000,97.2343,442000,100.0,84000,480000,-2.5876,12000,0.0114,12000,1.1989,12000,2.5657600000000005,48000,38.0,2025-11-21_09-33,,
U_OE_3DBall_10,3DBall,10,12.0,sac,500000,64,200000,0.0003,,523,55.5,73.7,6.2706,12000,0.75,12000,97.4123,442000,100.0,72000,480000,-2.5883,12000,0.0103,12000,1.2373,12000,2.5657600000000005,48000,39.2,2025-11-21_09-33,,
U_AP_Basic_11_A,Basic,11,1.0,ppo,50000,32,256,0.00015,3.0,357,58.8,87.9,0.0216,2000,-0.0262,2000,0.0692,45000,0.0693,44000,48000,0.1322,2000,0.0073,2000,0.9729,2000,0.6096,Not reached,Not reached,2025-11-21_09-33,,
U_AP_Basic_12_A,Basic,12,1.0,ppo,50000,32,256,0.00015,3.0,293,53.8,87.5,0.5276,2000,0.0767,2000,0.9284,45000,0.9287,38000,48000,0.1331,2000,0.0185,2000,0.9199,2000,0.6096,14000,73.1,2025-11-21_09-33,,
U_AP_Basic_13_A,Basic,13,1.0,ppo,50000,32,256,0.00015,3.0,288,54.8,87.5,0.4025,2000,0.0604,2000,0.9262,45000,0.9266,50000,48000,0.1314,2000,0.0155,2000,0.9999,2000,0.6096,18000,95.9,2025-11-21_09-33,,
U_AP_Basic_14_A,Basic,14,1.0,ppo,50000,32,256,0.00015,3.0,275,53.3,87.7,0.1084,2000,0.0518,2000,0.8579,45000,0.8751,48000,48000,0.1314,2000,0.0186,2000,1.0931,2000,0.6096,32000,172.2,2025-11-21_09-33,,
U_AP_Basic_15_A,Basic,15,1.0,ppo,50000,32,256,0.00015,3.0,288,53.8,86.9,0.481,2000,0.0325,2000,0.9278,45000,0.928,48000,48000,0.1325,2000,0.0137,2000,0.9386,2000,0.6096,14000,71.9,2025-11-21_09-33,,
U_AP_Basic_16_A,Basic,16,1.0,ppo,50000,32,256,0.00015,3.0,290,54.3,89.0,0.4832,2000,0.0102,2000,0.9282,45000,0.9283,40000,48000,0.1318,2000,0.017,2000,0.9506,2000,0.6096,14000,72.4,2025-11-21_09-33,,
U_AP_Basic_17_A,Basic,17,1.0,ppo,50000,32,256,0.00015,3.0,285,55.4,88.3,0.1161,2000,0.0076,2000,0.9095,45000,0.9136,46000,48000,0.1279,2000,0.015,2000,1.0843,2000,0.6096,26000,142.5,2025-11-21_09-33,,
U_AP_Basic_18_A,Basic,18,1.0,ppo,50000,32,256,0.00015,3.0,293,54.9,86.2,0.5274,2000,0.1138,2000,0.9287,45000,0.929,50000,48000,0.1334,2000,0.0157,2000,0.8972,2000,0.6096,14000,73.2,2025-11-21_09-33,,
U_AP_Basic_19_A,Basic,19,1.0,ppo,50000,32,256,0.00015,3.0,290,55.0,86.4,0.4778,2000,0.0986,2000,0.928,45000,0.9282,44000,48000,0.1309,2000,0.0182,2000,0.973,2000,0.6096,16000,84.5,2025-11-21_09-33,,
U_AP_Basic_20_A,Basic,20,1.0,ppo,50000,32,256,0.00015,3.0,290,54.4,85.0,0.5491,2000,0.0591,2000,0.9285,45000,0.9289,50000,48000,0.1282,2000,0.0185,2000,0.918,2000,0.6096,14000,72.4,2025-11-21_09-33,,
U_AP_Basic_21_A,Basic,21,1.0,ppo,50000,32,256,0.00015,3.0,289,54.9,84.4,0.5444,2000,0.1263,2000,0.928,45000,0.9282,50000,48000,0.1355,2000,0.0203,2000,0.9469,2000,0.6096,12000,60.1,2025-11-21_09-33,,
U_AP_Basic_11_B,Basic,11,1.0,ppo,50000,32,256,0.0006,3.0,380,61.8,86.6,0.058,2000,-0.0324,2000,0.07,45000,0.07,16000,48000,0.1297,2000,0.0011,2000,0.2102,2000,0.6096,Not reached,Not reached,2025-11-21_09-33,,
U_AP_Basic_12_B,Basic,12,1.0,ppo,50000,32,256,0.0006,3.0,305,55.3,81.9,0.8316,2000,0.112,2000,0.93,45000,0.93,20000,48000,0.137,2000,0.0047,2000,0.2382,2000,0.6096,4000,12.7,2025-11-21_09-33,,
U_AP_Basic_13_B,Basic,13,1.0,ppo,50000,32,256,0.0006,3.0,302,54.9,81.5,0.7822,2000,0.0979,2000,0.93,45000,0.93,24000,48000,0.1259,2000,0.0037,2000,0.2909,2000,0.6096,6000,25.1,2025-11-21_09-33,,
U_AP_Basic_14_B,Basic,14,1.0,ppo,50000,32,256,0.0006,3.0,306,55.0,80.2,0.7548,2000,0.0292,2000,0.93,45000,0.93,20000,48000,0.1313,2000,0.0058,2000,0.327,2000,0.6096,6000,25.5,2025-11-21_09-33,,
U_AP_Basic_15_B,Basic,15,1.0,ppo,50000,32,256,0.0006,3.0,304,55.3,81.6,0.7996,2000,0.0485,2000,0.93,45000,0.93,14000,48000,0.1322,2000,0.0033,2000,0.2617,2000,0.6096,6000,25.3,2025-11-21_09-33,,
U_AP_Basic_16_B,Basic,16,1.0,ppo,50000,32,256,0.0006,3.0,302,54.1,82.2,0.8108,2000,0.0436,2000,0.93,45000,0.93,20000,48000,0.1321,2000,0.0042,2000,0.2543,2000,0.6096,6000,25.1,2025-11-21_09-33,,
U_AP_Basic_17_B,Basic,17,1.0,ppo,50000,32,256,0.0006,3.0,366,57.9,83.5,0.0555,2000,-0.0216,2000,0.07,45000,0.07,20000,48000,0.1279,2000,0.0021,2000,0.2448,2000,0.6096,Not reached,Not reached,2025-11-21_09-33,,
U_AP_Basic_18_B,Basic,18,1.0,ppo,50000,32,256,0.0006,3.0,306,55.6,86.5,0.8487,2000,0.2051,2000,0.93,45000,0.93,22000,48000,0.1278,2000,0.0038,2000,0.2173,2000,0.6096,4000,12.8,2025-11-21_09-33,,
U_AP_Basic_19_B,Basic,19,1.0,ppo,50000,32,256,0.0006,3.0,307,54.0,86.6,0.8057,2000,0.068,2000,0.93,45000,0.93,24000,48000,0.1311,2000,0.0043,2000,0.2641,2000,0.6096,6000,25.5,2025-11-21_09-33,,
U_AP_Basic_20_B,Basic,20,1.0,ppo,50000,32,256,0.0006,3.0,301,53.8,85.6,0.8229,2000,0.0554,2000,0.93,45000,0.93,20000,48000,0.1311,2000,0.0044,2000,0.2471,2000,0.6096,4000,12.6,2025-11-21_09-33,,
U_LN_Hallway_A_41,Hallway,41,16.0,ppo,10000000,128,1024,0.0003,3.0,10505,55.2,79.1,-0.7405,10000,-0.7975,10000,0.8337,9800000,0.8717,9450000,9990000,0.2594,10000,0.005,10000,1.3484,10000,-0.5561760000000001,100000,94.6,2025-11-21_09-33,,
U_LN_Hallway_A_42,Hallway,42,16.0,ppo,10000000,128,1024,0.0003,3.0,12557,54.4,73.7,-0.9092,10000,-0.8966,10000,0.6658,9800000,0.7376,7890000,9990000,0.2374,10000,0.0036,10000,1.513,10000,-0.5561760000000001,150000,176.0,2025-11-21_09-33,,
U_LN_Hallway_A_43,Hallway,43,16.0,ppo,10000000,128,1024,0.0003,3.0,12475,52.5,74.2,-0.9501,10000,-0.9192,10000,0.9422,9800000,0.9444,9760000,9990000,0.215,10000,0.0018,10000,1.5478,10000,-0.5561760000000001,140000,162.3,2025-11-21_09-33,,
U_LN_Hallway_A_44,Hallway,44,16.0,ppo,10000000,128,1024,0.0003,3.0,20904,52.9,74.8,-0.9277,10000,-0.9131,10000,0.9401,9800000,0.944,9490000,9990000,0.2177,10000,0.0017,10000,1.5041,10000,-0.5561760000000001,130000,251.1,2025-11-21_09-33,,
U_LN_Hallway_A_45,Hallway,45,16.0,ppo,10000000,128,1024,0.0003,3.0,12539,53.3,71.4,-0.2825,10000,-0.6414,10000,0.6695,9800000,0.7485,5860000,9990000,0.402,10000,0.0194,10000,1.3112,10000,-0.5561760000000001,50000,50.2,2025-11-21_09-33,,
U_LN_Hallway_B_46,Hallway,46,16.0,ppo,10000000,128,1024,0.0003,3.0,10995,54.9,74.7,-0.854,10000,-0.8717,10000,0.9202,9800000,0.9272,9310000,9990000,0.2212,10000,0.0033,10000,1.3417,10000,-0.5561760000000001,180000,187.1,2025-11-21_09-33,,
U_LN_Hallway_B_47,Hallway,47,16.0,ppo,10000000,128,1024,0.0003,3.0,12498,53.7,75.1,-0.7726,10000,-0.9103,10000,0.6597,9800000,0.7297,7750000,9990000,0.2502,10000,0.0071,10000,1.4492,10000,-0.5561760000000001,100000,112.6,2025-11-21_09-33,,
U_LN_Hallway_B_48,Hallway,48,16.0,ppo,10000000,128,1024,0.0003,3.0,10237,54.1,75.3,-0.6141,10000,-0.7763,10000,0.8735,9800000,0.8909,9630000,9990000,0.3121,10000,0.011,10000,1.1961,10000,-0.5561760000000001,60000,51.2,2025-11-21_09-33,,
U_LN_Hallway_B_49,Hallway,49,16.0,ppo,10000000,128,1024,0.0003,3.0,12340,52.7,75.8,-0.9483,10000,-0.9493,10000,0.6797,9800000,0.7442,9030000,9990000,0.23,10000,0.0021,10000,0.9909,10000,-0.5561760000000001,290000,345.9,2025-11-21_09-33,,
U_LN_Hallway_B_50,Hallway,50,16.0,ppo,10000000,128,1024,0.0003,3.0,14250,54.0,72.9,-0.6023,10000,-0.9617,10000,0.9397,9800000,0.9426,9890000,9990000,0.2722,10000,0.0091,10000,1.4371,10000,-0.5561760000000001,80000,99.9,2025-11-21_09-33,,
U_LF_Crawler_31,Crawler,31,10.0,ppo,1000000,2048,20480,0.0003,3.0,1040,23.1,66.5,-0.9877,30000,-0.9976,30000,29.9629,790000,69.3205,720000,960000,0.0161,30000,0.0326,30000,1.4167,30000,-0.7942400000000001,180000,162.5,2025-11-21_09-33,,
U_LF_Crawler_32,Crawler,32,10.0,ppo,1000000,2048,20480,0.0003,3.0,1033,22.8,64.3,-0.9441,30000,-0.9962,30000,45.158,790000,74.6301,810000,960000,0.0171,30000,0.0941,30000,1.4177,30000,-0.7942400000000001,150000,129.1,2025-11-21_09-33,,
U_LF_Crawler_33,Crawler,33,10.0,ppo,1000000,2048,20480,0.0003,3.0,1051,23.0,64.7,-0.9623,30000,-0.9924,30000,38.5678,790000,69.9523,720000,960000,0.0177,30000,0.0766,30000,1.4197,30000,-0.7942400000000001,150000,131.4,2025-11-21_09-33,,
U_LF_Crawler_34,Crawler,34,10.0,ppo,1000000,2048,20480,0.0003,3.0,1036,23.1,64.7,-0.9601,30000,-0.9964,30000,26.3158,790000,61.426,720000,960000,0.0178,30000,0.0738,30000,1.417,30000,-0.7942400000000001,150000,129.5,2025-11-21_09-33,,
U_LF_Crawler_35,Crawler,35,10.0,ppo,1000000,2048,20480,0.0003,3.0,1029,22.6,64.5,-0.9727,30000,-0.9968,30000,44.2201,790000,65.9303,660000,960000,0.0184,30000,0.0479,30000,1.4168,30000,-0.7942400000000001,150000,128.6,2025-11-21_09-33,,
U_LF_Crawler_36,Crawler,36,10.0,ppo,1000000,2048,20480,0.0003,3.0,1025,23.2,65.8,-0.9815,30000,-0.9968,30000,42.1467,790000,63.1515,630000,960000,0.0163,30000,0.0502,30000,1.4181,30000,-0.7942400000000001,150000,128.1,2025-11-21_09-33,,
U_LF_Crawler_37,Crawler,37,10.0,ppo,1000000,2048,20480,0.0003,3.0,1036,22.2,65.2,-0.983,30000,-0.9967,30000,56.3042,790000,78.2193,930000,960000,0.0165,30000,0.0439,30000,1.418,30000,-0.7942400000000001,150000,129.6,2025-11-21_09-33,,
U_LF_Crawler_38,Crawler,38,10.0,ppo,1000000,2048,20480,0.0003,3.0,1062,22.3,65.2,-0.9803,30000,-0.9969,30000,32.5383,790000,81.8295,840000,960000,0.0169,30000,0.0441,30000,1.4185,30000,-0.7942400000000001,150000,132.7,2025-11-21_09-33,,
U_LF_Crawler_39,Crawler,39,10.0,ppo,1000000,2048,20480,0.0003,3.0,1021,22.8,65.6,-0.9856,30000,-0.9971,30000,38.9985,790000,72.2888,840000,960000,0.0155,30000,0.0463,30000,1.4179,30000,-0.7942400000000001,150000,127.7,2025-11-21_09-33,,
U_LF_Crawler_40,Crawler,40,10.0,ppo,1000000,2048,20480,0.0003,3.0,1046,22.6,65.7,-0.9764,30000,-0.9958,30000,41.8648,790000,75.9904,510000,960000,0.0164,30000,0.0476,30000,1.4165,30000,-0.7942400000000001,150000,130.7,2025-11-21_09-33,,
U_AK_PushBlock_21,PushBlock,21,32.0,ppo,2000000,256,4096,0.0003,3.0,2481,61.2,84.0,0.6721,60000,0.6721,60000,4.7194,1930000,4.7194,1980000,1920000,0.05,60000,0.0405,60000,1.9071,60000,2.46952,420000,465.1,2025-11-21_09-33,,
U_AK_PushBlock_22,PushBlock,22,32.0,ppo,2000000,256,4096,0.0003,3.0,2519,61.1,83.9,0.1253,60000,0.1253,60000,4.9357,1930000,4.9518,1740000,1920000,0.0502,60000,0.0213,60000,1.8956,60000,2.46952,180000,157.4,2025-11-21_09-33,,
U_AK_PushBlock_23,PushBlock,23,32.0,ppo,2000000,256,4096,0.0003,3.0,2415,53.8,84.4,1.0014,60000,1.0014,60000,4.9425,1930000,4.9425,1980000,1920000,0.0505,60000,0.0459,60000,1.887,60000,2.46952,120000,75.5,2025-11-21_09-33,,
U_AK_PushBlock_24,PushBlock,24,32.0,ppo,2000000,256,4096,0.0003,3.0,2557,60.7,83.2,-0.8222,60000,-0.8222,60000,4.9654,1930000,4.9654,1980000,1920000,0.0489,60000,0.0035,60000,1.8792,60000,2.46952,300000,319.6,2025-11-21_09-33,,
U_AK_PushBlock_25,PushBlock,25,32.0,ppo,2000000,256,4096,0.0003,3.0,2756,59.5,83.8,2.3801,60000,2.3801,60000,4.9799,1930000,4.9813,1620000,1920000,0.0514,60000,0.1204,60000,1.8952,60000,2.46952,120000,86.1,2025-11-21_09-33,,
U_AK_PushBlock_26,PushBlock,26,32.0,ppo,2000000,256,4096,0.0003,3.0,2694,59.6,82.9,1.4918,60000,1.4918,60000,4.957,1930000,4.9702,1800000,1920000,0.0485,60000,0.071,60000,1.8991,60000,2.46952,120000,84.2,2025-11-21_09-33,,
U_AK_PushBlock_27,PushBlock,27,32.0,ppo,2000000,256,4096,0.0003,3.0,2680,61.7,82.0,1.4978,60000,1.4978,60000,4.9318,1930000,4.937,1380000,1920000,0.0506,60000,0.0734,60000,1.8961,60000,2.46952,120000,83.7,2025-11-21_09-33,,
U_AK_PushBlock_28,PushBlock,28,32.0,ppo,2000000,256,4096,0.0003,3.0,2651,59.3,83.5,-0.241,60000,-0.241,60000,4.9419,1930000,4.9572,1620000,1920000,0.0506,60000,0.0159,60000,1.9078,60000,2.46952,180000,165.7,2025-11-21_09-33,,
U_AK_PushBlock_29,PushBlock,29,32.0,ppo,2000000,256,4096,0.0003,3.0,2643,58.8,83.0,-0.0085,60000,-0.0085,60000,4.9571,1930000,4.9597,1860000,1920000,0.0506,60000,0.0262,60000,1.8831,60000,2.46952,240000,247.8,2025-11-21_09-33,,
U_AK_PushBlock_30,PushBlock,30,32.0,ppo,2000000,256,4096,0.0003,3.0,2371,59.8,84.4,1.0699,60000,1.0699,60000,4.9406,1930000,4.9575,1440000,1920000,0.0517,60000,0.059,60000,1.905,60000,2.46952,120000,74.1,2025-11-21_09-33,,
U_AM_WallJump_51,BigWallJump,51,24.0,ppo,500000,128,2048,0.0003,3.0,1468,35.8,86.3,-1.2018,20000,-1.1479,20000,-1.0116,1010000,-0.8088,680000,1040000,0.0675,20000,0.0171,20000,3.6237,20000,-0.864552,,,2025-11-21_09-33,,
U_AM_WallJump_52,BigWallJump,52,24.0,ppo,500000,128,2048,0.0003,3.0,1241,34.6,88.7,-1.1533,20000,-1.1634,20000,-0.9805,890000,-0.7927,420000,920000,0.0677,20000,0.013,20000,3.5765,20000,-0.864552,,,2025-11-21_09-33,,
U_AM_WallJump_53,BigWallJump,53,24.0,ppo,1000000,128,2048,0.0003,3.0,1480,33.5,88.3,-1.1392,20000,-1.1792,20000,-0.7348,950000,-0.6441,980000,980000,0.0671,20000,0.0161,20000,3.6269,20000,-0.864552,,,2025-11-21_09-33,,
U_AM_WallJump_54,BigWallJump,54,24.0,ppo,1000000,128,2048,0.0003,3.0,2732,30.3,86.7,-1.1853,20000,-1.1531,20000,-0.7938,950000,-0.6896,840000,980000,0.0681,20000,0.0109,20000,3.7224,20000,-0.864552,,,2025-11-21_09-33,,
U_AM_WallJump_55,BigWallJump,55,24.0,ppo,1000000,128,2048,0.0003,3.0,2618,35.5,89.2,-1.1496,20000,-1.1807,20000,-0.9039,950000,-0.7328,900000,980000,0.0666,20000,0.014,20000,3.6317,20000,-0.864552,,,2025-11-21_09-33,,
U_AM_WallJump_56,BigWallJump,56,24.0,ppo,1000000,128,2048,0.0003,3.0,2619,33.9,85.7,-1.188,20000,-1.1166,20000,-0.8497,950000,-0.7777,940000,980000,0.0684,20000,0.016,20000,3.669,20000,-0.864552,,,2025-11-21_09-33,,
U_AM_WallJump_57,BigWallJump,57,24.0,ppo,1000000,128,2048,0.0003,3.0,2659,32.8,86.9,-1.1518,20000,-1.1747,20000,-0.7722,950000,-0.6756,1000000,980000,0.0665,20000,0.0134,20000,3.665,20000,-0.864552,,,2025-11-21_09-33,,
U_AM_WallJump_58,BigWallJump,58,24.0,ppo,1000000,128,2048,0.0003,3.0,1616,35.2,89.6,-1.1812,20000,-1.1728,20000,-0.8313,950000,-0.7111,960000,980000,0.0693,20000,0.0114,20000,3.6823,20000,-0.864552,,,2025-11-21_09-33,,
U_AM_WallJump_59,BigWallJump,59,24.0,ppo,1000000,128,2048,0.0003,3.0,1415,36.2,88.8,-1.1178,20000,-1.1499,20000,-0.9148,950000,-0.6621,740000,980000,0.07,20000,0.0143,20000,3.6445,20000,-0.864552,,,2025-11-21_09-33,,
U_AM_WallJump_60,BigWallJump,60,24.0,ppo,1000000,128,2048,0.0003,3.0,1811,37.4,89.8,-1.1899,20000,-1.1699,20000,-0.9309,1210000,-0.7207,1200000,1240000,0.0665,20000,0.011,20000,3.6666,20000,-0.864552,,,2025-11-21_09-33,,
C_OE_Crawler_70,Crawler,70,10.0,ppo,10000000,2048,20480,0.0003,3.0,8409,38.0,70.3,-0.9954,30000,-0.9973,30000,2085.9585,9790000,2458.6064,9870000,9960000,0.0169,30000,0.0535,30000,1.4184,30000,-0.7942400000000001,210000,152.0,2025-11-21_09-33,,
C_OE_Crawler_71,Crawler,71,10.0,ppo,10000000,2048,20480,0.0003,3.0,8128,36.6,70.0,-0.9764,30000,-0.9954,30000,1566.6524,9790000,1824.264,9720000,9960000,0.0185,30000,0.0767,30000,1.4163,30000,-0.7942400000000001,180000,122.4,2025-11-21_09-33,,
C_OE_Crawler_72,Crawler,72,10.0,ppo,1000000,2048,20480,0.0003,3.0,721,38.0,74.3,-0.9943,30000,-0.9978,30000,50.3753,790000,72.3158,990000,960000,0.0166,30000,0.0386,30000,1.4166,30000,-0.7942400000000001,210000,135.3,2025-11-21_09-33,,
C_OE_Crawler_73,Crawler,73,10.0,ppo,1000000,2048,20480,0.0003,3.0,770,40.4,75.2,-0.9921,30000,-0.9956,30000,38.7355,790000,55.9383,900000,960000,0.0149,30000,0.0492,30000,1.4161,30000,-0.7942400000000001,180000,120.3,2025-11-21_09-33,,
C_OE_Crawler_74,Crawler,74,10.0,ppo,1000000,2048,20480,0.0003,3.0,783,37.4,75.2,-0.9871,30000,-0.9964,30000,47.5035,790000,75.3594,900000,960000,0.0183,30000,0.0416,30000,1.4178,30000,-0.7942400000000001,180000,122.4,2025-11-21_09-33,,
C_OE_Crawler_75,Crawler,75,10.0,ppo,1000000,2048,20480,0.0003,3.0,782,36.7,74.5,-0.9959,30000,-0.997,30000,36.7034,790000,58.874,840000,960000,0.0169,30000,0.0373,30000,1.4176,30000,-0.7942400000000001,240000,171.0,2025-11-21_09-33,,
C_OE_Crawler_76,Crawler,76,10.0,ppo,1000000,2048,20480,0.0003,3.0,789,36.7,74.1,-0.9912,30000,-0.9958,30000,58.164,790000,81.2502,810000,960000,0.0173,30000,0.0503,30000,1.4184,30000,-0.7942400000000001,180000,123.4,2025-11-21_09-33,,
C_OE_Crawler_77,Crawler,77,10.0,ppo,1000000,2048,20480,0.0003,3.0,815,36.4,74.2,-0.993,30000,-0.9969,30000,48.8862,790000,75.3967,840000,960000,0.0163,30000,0.0468,30000,1.4195,30000,-0.7942400000000001,180000,127.4,2025-11-21_09-33,,
C_OE_Crawler_78,Crawler,78,10.0,ppo,1000000,2048,20480,0.0003,3.0,804,36.8,74.2,-0.9912,30000,-0.9966,30000,44.6265,790000,72.7443,990000,960000,0.0167,30000,0.0468,30000,1.4182,30000,-0.7942400000000001,180000,125.7,2025-11-21_09-33,,
C_OE_Crawler_79,Crawler,79,10.0,ppo,1000000,2048,20480,0.0003,3.0,799,37.5,74.3,-0.991,30000,-0.9959,30000,48.13,790000,68.8209,690000,960000,0.0169,30000,0.0738,30000,1.4171,30000,-0.7942400000000001,180000,124.9,2025-11-21_09-33,,
C_AP_Hallway_80,Hallway,80,16.0,ppo,10000000,128,1024,0.0003,3.0,12609,64.4,83.6,-0.9831,10000,-0.9815,10000,0.67,9800000,0.735,8120000,9990000,0.2298,10000,0.0028,10000,1.5801,10000,-0.5561760000000001,350000,429.1,2025-11-21_09-33,,
C_AP_Hallway_81,Hallway,81,16.0,ppo,10000000,128,1024,0.0003,3.0,12649,64.4,90.0,-0.9148,10000,-0.9436,10000,0.6676,9800000,0.7213,8290000,9990000,0.2547,10000,0.004,10000,1.5468,10000,-0.5561760000000001,270000,329.2,2025-11-21_09-33,,
C_AP_Hallway_82,Hallway,82,16.0,ppo,10000000,128,1024,0.0003,3.0,12561,64.7,89.1,-0.9854,10000,-1.0,10000,0.6629,9800000,0.7423,9860000,9990000,0.2191,10000,0.0033,10000,1.5555,10000,-0.5561760000000001,130000,150.9,2025-11-21_09-33,,
C_AP_Hallway_83,Hallway,83,16.0,ppo,10000000,128,1024,0.0003,3.0,12799,64.8,88.7,-0.6806,10000,-0.8104,10000,0.6622,9800000,0.7372,7360000,9990000,0.2716,10000,0.0075,10000,1.4018,10000,-0.5561760000000001,110000,128.1,2025-11-21_09-33,,
C_AP_Hallway_84,Hallway,84,16.0,ppo,10000000,128,1024,0.0003,3.0,12288,64.6,89.3,-0.9925,10000,-0.9999,10000,0.932,9800000,0.9368,9570000,9990000,0.2216,10000,0.0026,10000,1.5635,10000,-0.5561760000000001,290000,344.4,2025-11-21_09-33,,
C_AP_Hallway_85,Hallway,85,16.0,ppo,10000000,128,1024,0.0003,3.0,12412,64.5,89.4,-0.9762,10000,-0.9861,10000,0.9371,9800000,0.9396,8550000,9990000,0.2029,10000,0.001,10000,1.5623,10000,-0.5561760000000001,220000,260.9,2025-11-21_09-33,,
C_AP_Hallway_86,Hallway,86,16.0,ppo,10000000,128,1024,0.0003,3.0,12523,64.5,89.5,-0.5707,10000,-0.9175,10000,0.9367,9800000,0.9393,9470000,9990000,0.3349,10000,0.0127,10000,1.489,10000,-0.5561760000000001,70000,75.2,2025-11-21_09-33,,
C_AP_Hallway_87,Hallway,87,16.0,ppo,10000000,128,1024,0.0003,3.0,12671,64.6,89.1,-0.7693,10000,-0.9829,10000,0.6658,9800000,0.7297,8390000,9990000,0.2486,10000,0.0056,10000,1.5404,10000,-0.5561760000000001,100000,114.2,2025-11-21_09-33,,
C_AP_Hallway_88,Hallway,88,16.0,ppo,10000000,128,1024,0.0003,3.0,13069,64.3,89.1,-0.5689,10000,-0.9566,10000,0.9394,9800000,0.9441,9860000,9990000,0.3212,10000,0.0115,10000,1.4756,10000,-0.5561760000000001,80000,91.6,2025-11-21_09-33,,
C_AP_Hallway_89,Hallway,89,16.0,ppo,10000000,128,1024,0.0003,3.0,12489,64.6,89.5,-0.3928,10000,-0.7576,10000,0.6703,9800000,0.7237,9450000,9990000,0.3521,10000,0.0139,10000,1.4588,10000,-0.5561760000000001,50000,50.0,2025-11-21_09-33,,
C_LN_WallJump_110,BigWallJump,110,24.0,ppo,20000000,128,2048,0.0003,3.0,44837,60.7,70.4,-1.14,20000,-1.1414,20000,0.8321,19960000,0.866,19540000,19980000,0.068,20000,0.0125,20000,3.6441,20000,-0.864552,640000,1391.3,2025-11-21_09-33,,
C_LN_WallJump_111,BigWallJump,111,24.0,ppo,2000000,128,2048,0.0003,3.0,2682,55.2,72.2,-1.1369,20000,-1.1388,20000,-0.7182,1960000,-0.6432,2000000,1980000,0.0678,20000,0.0161,20000,3.7007,20000,-0.864552,540000,704.4,2025-11-21_09-33,,
C_LN_WallJump_112,BigWallJump,112,24.0,ppo,2000000,128,2048,0.0003,3.0,2599,51.4,69.9,-1.1584,20000,-1.1666,20000,-0.7376,1960000,-0.6235,1820000,1980000,0.0692,20000,0.0126,20000,3.6757,20000,-0.864552,740000,945.2,2025-11-21_09-33,,
C_LN_WallJump_113,BigWallJump,113,24.0,ppo,2000000,128,2048,0.0003,3.0,2595,51.9,68.5,-1.1876,20000,-1.1553,20000,-0.9458,1960000,-0.8067,1880000,1980000,0.0686,20000,0.0104,20000,3.6899,20000,-0.864552,1880000,2437.9,2025-11-21_09-33,,
C_LN_WallJump_114,BigWallJump,114,24.0,ppo,2000000,128,2048,0.0003,3.0,2605,51.7,68.9,-1.1297,20000,-1.1306,20000,-0.7957,1960000,-0.5,1880000,1980000,0.0672,20000,0.0149,20000,3.6781,20000,-0.864552,920000,1183.9,2025-11-21_09-33,,
C_LN_WallJump_115,BigWallJump,115,24.0,ppo,2000000,128,2048,0.0003,3.0,2615,51.7,69.2,-1.165,20000,-1.1666,20000,-0.7468,1960000,-0.5427,1740000,1980000,0.0686,20000,0.012,20000,3.5366,20000,-0.864552,820000,1056.7,2025-11-21_09-33,,
C_LN_WallJump_116,BigWallJump,116,24.0,ppo,2000000,128,2048,0.0003,3.0,2629,51.7,69.4,-1.0472,20000,-1.1589,20000,-0.6982,1960000,-0.6234,1620000,1980000,0.0694,20000,0.0168,20000,3.5605,20000,-0.864552,140000,159.3,2025-11-21_09-33,,
C_LN_WallJump_117,BigWallJump,117,24.0,ppo,2000000,128,2048,0.0003,3.0,2619,51.7,69.6,-1.174,20000,-1.1665,20000,-0.6926,1960000,-0.5569,1960000,1980000,0.0672,20000,0.0145,20000,3.7222,20000,-0.864552,400000,502.7,2025-11-21_09-33,,
C_LN_WallJump_118,BigWallJump,118,24.0,ppo,2000000,128,2048,0.0003,3.0,2595,51.6,69.7,-1.1313,20000,-1.1415,20000,-0.8062,1960000,-0.6644,1840000,1980000,0.0667,20000,0.012,20000,3.6872,20000,-0.864552,420000,524.2,2025-11-21_09-33,,
C_LN_WallJump_119,BigWallJump,119,24.0,ppo,2000000,128,2048,0.0003,3.0,2591,51.6,70.1,-1.1448,20000,-1.1585,20000,-0.8057,1960000,-0.6052,1100000,1980000,0.069,20000,0.0115,20000,3.704,20000,-0.864552,980000,1256.2,2025-11-21_09-33,,
C_LF_3DBall_100,3DBall,100,12.0,ppo,500000,64,12000,0.0003,3.0,507,18.2,55.9,3.203,12000,1.2498,12000,98.4877,442000,100.0,108000,480000,0.1028,24000,0.8682,24000,1.395,12000,2.5657600000000005,48000,38.0,2025-11-21_09-33,,
C_LF_3DBall_101,3DBall,101,12.0,ppo,500000,64,12000,0.0003,3.0,781,16.6,55.3,2.4274,12000,1.1816,12000,99.605,442000,100.0,132000,480000,0.0995,24000,0.6676,24000,1.4049,12000,2.5657600000000005,48000,58.6,2025-11-21_09-33,,
C_LF_3DBall_102,3DBall,102,12.0,ppo,500000,64,12000,0.0003,3.0,822,18.2,53.3,2.9267,12000,1.2213,12000,100.0,442000,100.0,108000,480000,0.1013,24000,0.8451,24000,1.4021,12000,2.5657600000000005,48000,61.7,2025-11-21_09-33,,
C_LF_3DBall_103,3DBall,103,12.0,ppo,500000,64,12000,0.0003,3.0,861,18.6,54.1,2.6602,12000,1.2223,12000,97.1914,442000,100.0,132000,480000,0.0997,24000,0.6685,24000,1.3968,12000,2.5657600000000005,48000,64.6,2025-11-21_09-33,,
C_LF_3DBall_104,3DBall,104,12.0,ppo,500000,64,12000,0.0003,3.0,884,19.5,52.6,2.7217,12000,1.1809,12000,98.44,442000,100.0,132000,480000,0.0983,24000,0.7629,24000,1.3965,12000,2.5657600000000005,48000,66.3,2025-11-21_09-33,,
C_LF_3DBall_105,3DBall,105,12.0,ppo,500000,64,12000,0.0003,3.0,659,23.1,54.6,2.9069,12000,1.251,12000,100.0,442000,100.0,168000,480000,0.0982,24000,0.8293,24000,1.396,12000,2.5657600000000005,48000,49.5,2025-11-21_09-33,,
C_LF_3DBall_106,3DBall,106,12.0,ppo,500000,64,12000,0.0003,3.0,784,22.7,53.3,2.7254,12000,1.1914,12000,100.0,442000,100.0,144000,480000,0.1025,24000,0.7955,24000,1.4046,12000,2.5657600000000005,48000,58.8,2025-11-21_09-33,,
C_LF_3DBall_107,3DBall,107,12.0,ppo,500000,64,12000,0.0003,3.0,797,23.4,52.7,2.6976,12000,1.1549,12000,100.0,442000,100.0,120000,480000,0.1007,24000,0.7331,24000,1.4058,12000,2.5657600000000005,48000,59.8,2025-11-21_09-33,,
C_LF_3DBall_108,3DBall,108,12.0,ppo,500000,64,12000,0.0003,3.0,839,24.1,53.5,3.5072,12000,1.2894,12000,98.2681,442000,100.0,108000,480000,0.1019,24000,0.9074,24000,1.3976,12000,2.5657600000000005,48000,62.9,2025-11-21_09-33,,
C_LF_3DBall_109,3DBall,109,12.0,ppo,500000,64,12000,0.0003,3.0,804,23.4,53.4,2.7621,12000,1.2474,12000,98.5046,442000,100.0,120000,480000,0.0984,24000,0.7388,24000,1.4039,12000,2.5657600000000005,48000,60.3,2025-11-21_09-33,,
C_AK_Basic_90,Basic,90,1.0,ppo,500000,32,256,0.0003,3.0,1008,42.2,84.8,0.7226,2000,0.1196,2000,0.93,495000,0.93,36000,498000,0.131,2000,0.0083,2000,0.4555,2000,0.6096,8000,12.1,2025-11-21_09-33,,
C_AK_Basic_91,Basic,91,1.0,ppo,500000,32,256,0.0003,3.0,1006,45.4,85.2,0.7434,2000,0.0844,2000,0.93,495000,0.93,36000,498000,0.1271,2000,0.0055,2000,0.4047,2000,0.6096,8000,12.1,2025-11-21_09-33,,
C_AK_Basic_92,Basic,92,1.0,ppo,500000,32,256,0.0003,3.0,1011,38.7,85.2,0.6184,2000,0.0312,2000,0.93,495000,0.93,26000,498000,0.1316,2000,0.0079,2000,0.5114,2000,0.6096,10000,16.2,2025-11-21_09-33,,
C_AK_Basic_93,Basic,93,1.0,ppo,500000,32,256,0.0003,3.0,1010,38.7,84.9,0.7192,2000,0.0587,2000,0.93,495000,0.93,28000,498000,0.1313,2000,0.0071,2000,0.4444,2000,0.6096,8000,12.2,2025-11-21_09-33,,
C_AK_Basic_94,Basic,94,1.0,ppo,500000,32,256,0.0003,3.0,1007,39.6,84.7,0.7543,2000,0.0983,2000,0.93,495000,0.93,38000,498000,0.136,2000,0.0089,2000,0.4347,2000,0.6096,8000,12.1,2025-11-21_09-33,,
C_AK_Basic_95,Basic,95,1.0,ppo,500000,32,256,0.0003,3.0,1008,39.3,84.6,0.7253,2000,0.1258,2000,0.93,495000,0.93,34000,498000,0.1311,2000,0.0068,2000,0.4374,2000,0.6096,8000,12.1,2025-11-21_09-33,,
C_AK_Basic_96,Basic,96,1.0,ppo,500000,32,256,0.0003,3.0,1012,38.8,84.8,0.7302,2000,0.1243,2000,0.93,495000,0.93,28000,498000,0.1302,2000,0.0065,2000,0.428,2000,0.6096,8000,12.2,2025-11-21_09-33,,
C_AK_Basic_97,Basic,97,1.0,ppo,500000,32,256,0.0003,3.0,1012,40.3,84.5,0.641,2000,0.0613,2000,0.93,495000,0.93,26000,498000,0.1339,2000,0.01,2000,0.5355,2000,0.6096,10000,16.3,2025-11-21_09-33,,
C_AK_Basic_98,Basic,98,1.0,ppo,500000,32,256,0.0003,3.0,1007,39.5,84.5,0.6425,2000,0.0,2000,0.93,495000,0.93,36000,498000,0.1313,2000,0.0096,2000,0.5267,2000,0.6096,10000,16.2,2025-11-21_09-33,,
C_AK_Basic_99,Basic,99,1.0,ppo,500000,32,256,0.0003,3.0,1012,39.0,84.0,0.7625,2000,0.1451,2000,0.93,495000,0.93,38000,498000,0.13,2000,0.0071,2000,0.4243,2000,0.6096,6000,8.1,2025-11-21_09-33,,
C_AM_PushBlock_120,PushBlock,120,32.0,ppo,20000000,128,2048,0.0003,3.0,34169,38.5,87.9,3.4831,60000,3.4831,60000,4.983,19930000,4.9864,19920000,19920000,0.0698,60000,0.1749,60000,1.7865,60000,2.46952,60000,0.0,2025-11-21_09-33,,
C_AM_PushBlock_121,PushBlock,121,32.0,ppo,20000000,128,2048,0.0003,3.0,23740,34.0,83.6,1.6614,60000,1.6614,60000,4.9858,19930000,4.9858,18960000,19920000,0.0695,60000,0.0853,60000,1.8713,60000,2.46952,120000,71.5,2025-11-21_09-33,,
C_AM_PushBlock_122,PushBlock,122,32.0,ppo,20000000,128,2048,0.0003,3.0,25861,34.4,85.4,2.4973,60000,2.4973,60000,4.9769,19930000,4.9861,18780000,19920000,0.0692,60000,0.1209,60000,1.8704,60000,2.46952,60000,0.0,2025-11-21_09-33,,
C_AM_PushBlock_123,PushBlock,123,32.0,ppo,20000000,128,2048,0.0003,3.0,33131,35.1,85.5,-0.8281,60000,-0.8281,60000,4.9846,19930000,4.9863,18120000,19920000,0.0729,60000,0.004,60000,1.8714,60000,2.46952,180000,199.6,2025-11-21_09-33,,
C_AM_PushBlock_125,PushBlock,125,32.0,ppo,2000000,128,2048,0.0003,3.0,651,44.1,92.5,0.5884,60000,0.5884,60000,4.9521,430000,4.9521,480000,420000,0.0712,60000,0.0493,60000,1.8891,60000,2.46952,120000,93.0,2025-11-21_09-33,,
C_AM_PushBlock_125_2,PushBlock,125,32.0,ppo,2000000,128,2048,0.0003,3.0,1760,33.8,83.5,0.0233,60000,0.0233,60000,4.9779,1930000,4.9779,1980000,1920000,0.0683,60000,0.0279,60000,1.8963,60000,2.46952,180000,110.0,2025-11-21_09-33,,
C_AM_PushBlock_126,PushBlock,126,32.0,ppo,2000000,128,2048,0.0003,3.0,2519,33.2,83.9,-0.6797,60000,-0.6797,60000,4.9457,1930000,4.9621,1620000,1920000,0.0709,60000,0.0121,60000,1.864,60000,2.46952,180000,157.4,2025-11-21_09-33,,
C_AM_PushBlock_127,PushBlock,127,32.0,ppo,2000000,128,2048,0.0003,3.0,3305,32.2,83.9,-0.2423,60000,-0.2423,60000,4.9533,1930000,4.9588,1860000,1920000,0.0721,60000,0.0197,60000,1.8815,60000,2.46952,540000,826.3,2025-11-21_09-33,,
C_AM_PushBlock_128,PushBlock,128,32.0,ppo,2000000,128,2048,0.0003,3.0,3190,35.0,91.0,1.1879,60000,1.1879,60000,4.9659,1930000,4.9713,1560000,1920000,0.0729,60000,0.0641,60000,1.8385,60000,2.46952,120000,99.7,2025-11-21_09-33,,
C_AM_PushBlock_129,PushBlock,129,32.0,ppo,2000000,128,2048,0.0003,3.0,3402,34.7,88.0,0.0091,60000,0.0091,60000,4.9408,1930000,4.9692,1380000,1920000,0.0713,60000,0.0246,60000,1.8797,60000,2.46952,120000,106.3,2025-11-21_09-33,,
R_AK_3DBall_2000,3DBall,2000,12.0,ppo,500000,162,30377,0.0004856410069133,3.0,240,43.9,85.1,1.2743,12000,1.0988,12000,100.0,442000,100.0,228000,480000,0.0634,36000,0.1676,36000,1.4124,12000,2.5657600000000005,96000,42.1,2025-11-21_09-33,,
R_AK_3DBall_2001,3DBall,2001,12.0,ppo,500000,109,20513,0.0003833345940848,3.0,231,41.9,85.3,1.6296,12000,1.1792,12000,97.2443,442000,100.0,180000,480000,0.076,24000,0.3029,24000,1.4116,12000,2.5657600000000005,72000,28.8,2025-11-21_09-33,,
R_AK_3DBall_2002,3DBall,2002,12.0,ppo,500000,103,19495,0.0001010099858087,3.0,233,41.7,85.1,1.3402,12000,1.1107,12000,100.0,442000,100.0,180000,480000,0.0804,24000,0.203,24000,1.4174,12000,2.5657600000000005,72000,29.2,2025-11-21_09-33,,
R_AK_3DBall_2003,3DBall,2003,12.0,ppo,500000,141,26521,0.0005522311776104,3.0,241,42.7,85.2,1.4141,12000,1.1819,12000,97.3908,442000,100.0,180000,480000,0.0677,36000,0.3465,36000,1.4048,12000,2.5657600000000005,84000,36.1,2025-11-21_09-33,,
R_AK_3DBall_2004,3DBall,2004,12.0,ppo,500000,38,7291,0.0004042798403166,3.0,296,49.2,85.0,15.9429,12000,1.49,12000,98.5077,442000,100.0,120000,480000,0.1263,12000,1.1851,12000,1.3552,12000,2.5657600000000005,36000,14.8,2025-11-21_09-33,,
R_AK_3DBall_2005,3DBall,2005,12.0,ppo,500000,176,33037,0.0002889431697868,3.0,247,42.4,84.1,1.2344,12000,1.1118,12000,100.0,442000,100.0,300000,480000,0.0594,36000,0.1682,36000,1.4157,12000,2.5657600000000005,108000,49.4,2025-11-21_09-33,,
R_AK_3DBall_2006,3DBall,2006,12.0,ppo,500000,160,30182,0.0004484140276834,3.0,214,29.7,84.1,1.1959,12000,1.1218,12000,100.0,442000,100.0,312000,480000,0.0626,36000,0.2263,36000,1.4181,12000,2.5657600000000005,108000,42.8,2025-11-21_09-33,,
R_AK_3DBall_2007,3DBall,2007,12.0,ppo,500000,49,9237,0.0008772381257862,3.0,225,27.6,84.6,4.7264,12000,1.3238,12000,100.0,442000,100.0,96000,480000,0.1151,12000,0.933,12000,1.3722,12000,2.5657600000000005,48000,16.9,2025-11-21_09-33,,
R_AK_3DBall_2008,3DBall,2008,12.0,ppo,500000,46,8806,0.0001746904286791,3.0,227,27.3,84.5,2.3742,12000,1.2297,12000,100.0,442000,100.0,120000,480000,0.1147,12000,0.5224,12000,1.4008,12000,2.5657600000000005,60000,22.7,2025-11-21_09-33,,
R_AK_3DBall_2009,3DBall,2009,12.0,ppo,500000,105,19733,0.0003684686373524,3.0,222,39.8,84.7,1.4941,12000,1.177,12000,99.785,442000,100.0,192000,480000,0.0801,24000,0.2546,24000,1.4133,12000,2.5657600000000005,72000,27.7,2025-11-21_09-33,,
R_AK_3DBall_2010,3DBall,2010,12.0,ppo,500000,45,8488,0.0001822124001138,3.0,243,43.4,84.6,3.7882,12000,1.2739,12000,100.0,442000,100.0,108000,480000,0.1199,12000,0.8532,12000,1.4088,12000,2.5657600000000005,48000,18.2,2025-11-21_09-33,,
R_AK_3DBall_2011,3DBall,2011,12.0,ppo,500000,140,26433,0.0008774973417153,3.0,251,43.7,84.9,1.4671,12000,1.1227,12000,96.9831,442000,100.0,252000,480000,0.07,36000,0.3667,36000,1.4096,12000,2.5657600000000005,72000,31.4,2025-11-21_09-33,,
R_AK_3DBall_2012,3DBall,2012,12.0,ppo,500000,148,27865,0.0004847235209034,3.0,213,28.8,84.1,1.2809,12000,1.2002,12000,100.0,442000,100.0,276000,480000,0.0668,36000,0.3506,36000,1.4175,12000,2.5657600000000005,120000,47.9,2025-11-21_09-33,,
R_AK_3DBall_2013,3DBall,2013,12.0,ppo,500000,144,27141,0.0006942231562629,3.0,226,41.9,84.2,1.3118,12000,1.1313,12000,100.0,442000,100.0,228000,480000,0.0679,36000,0.2781,36000,1.4123,12000,2.5657600000000005,96000,39.5,2025-11-21_09-33,,
R_AK_3DBall_2014,3DBall,2014,12.0,ppo,500000,134,25206,0.0003161008530917,3.0,213,29.1,84.2,1.2214,12000,1.1572,12000,100.0,442000,100.0,300000,480000,0.0695,36000,0.3357,36000,1.4178,12000,2.5657600000000005,120000,47.9,2025-11-21_09-33,,
R_AK_3DBall_2015,3DBall,2015,12.0,ppo,500000,99,18636,0.0003089811330572,3.0,225,41.6,84.3,1.4223,12000,1.1622,12000,100.0,442000,100.0,192000,480000,0.078,24000,0.2433,24000,1.4166,12000,2.5657600000000005,72000,28.1,2025-11-21_09-33,,
R_AK_3DBall_2016,3DBall,2016,12.0,ppo,500000,37,6965,0.0002425029553758,3.0,301,47.2,83.8,21.4713,12000,1.6011,12000,97.7357,442000,100.0,96000,480000,0.1278,12000,1.1384,12000,1.3786,12000,2.5657600000000005,36000,15.1,2025-11-21_09-33,,
R_AK_3DBall_2017,3DBall,2017,12.0,ppo,500000,156,29421,0.0004832450337158,3.0,223,40.9,83.9,1.2785,12000,1.1449,12000,99.3817,442000,100.0,264000,480000,0.0646,36000,0.1862,36000,1.4158,12000,2.5657600000000005,96000,39.0,2025-11-21_09-33,,
R_AK_3DBall_2018,3DBall,2018,12.0,ppo,500000,123,23101,0.0002840070609391,3.0,225,37.8,84.0,1.3186,12000,1.1352,12000,100.0,442000,100.0,228000,480000,0.0726,24000,0.246,24000,1.4141,12000,2.5657600000000005,84000,33.7,2025-11-21_09-33,,
R_AK_3DBall_2019,3DBall,2019,12.0,ppo,500000,166,31126,0.0005939561153102,3.0,223,39.2,84.5,1.1893,12000,1.0815,12000,98.4723,442000,100.0,276000,480000,0.0602,36000,0.1783,36000,1.4136,12000,2.5657600000000005,108000,44.5,2025-11-21_09-33,,
R_AK_3DBall_2020,3DBall,2020,12.0,ppo,500000,140,26434,0.000617720748082,3.0,229,44.3,84.7,1.4575,12000,1.1953,12000,98.5031,442000,100.0,216000,480000,0.0681,36000,0.3342,36000,1.4098,12000,2.5657600000000005,84000,34.3,2025-11-21_09-33,,
R_AK_3DBall_2021,3DBall,2021,12.0,ppo,500000,175,32912,0.000848695215761,3.0,222,37.5,84.2,1.2323,12000,1.1103,12000,98.8733,442000,100.0,276000,480000,0.062,36000,0.1746,36000,1.4153,12000,2.5657600000000005,108000,44.4,2025-11-21_09-33,,
R_AK_3DBall_2022,3DBall,2022,12.0,ppo,500000,151,28406,0.0006294342313035,3.0,213,28.2,84.4,1.2271,12000,1.0818,12000,100.0,442000,100.0,264000,480000,0.0681,36000,0.1872,36000,1.4123,12000,2.5657600000000005,96000,37.2,2025-11-21_09-33,,
R_AK_3DBall_2023,3DBall,2023,12.0,ppo,500000,130,24413,0.0005139110434227,3.0,226,40.0,84.4,1.4767,12000,1.1497,12000,96.8431,442000,100.0,228000,480000,0.0695,36000,0.3044,36000,1.4084,12000,2.5657600000000005,84000,33.9,2025-11-21_09-33,,
R_AK_3DBall_2024,3DBall,2024,12.0,ppo,500000,36,6846,0.0004707996792515,3.0,256,44.9,84.4,24.6345,12000,1.6228,12000,100.0,442000,100.0,120000,480000,0.1338,12000,1.0946,12000,1.3556,12000,2.5657600000000005,36000,12.8,2025-11-21_09-33,,
R_AK_3DBall_2025,3DBall,2025,12.0,ppo,500000,165,30959,0.000130176299526,3.0,238,40.7,84.8,1.2906,12000,1.1985,12000,98.3462,442000,100.0,300000,480000,0.0614,36000,0.2205,36000,1.4169,12000,2.5657600000000005,108000,47.6,2025-11-21_09-33,,
R_AK_3DBall_2026,3DBall,2026,12.0,ppo,500000,125,23580,0.0008248133404876,3.0,252,43.0,84.7,1.4696,12000,1.097,12000,100.0,442000,100.0,264000,480000,0.0717,24000,0.3123,24000,1.4054,12000,2.5657600000000005,84000,37.8,2025-11-21_09-33,,
R_AK_3DBall_2027,3DBall,2027,12.0,ppo,500000,156,29290,0.0007063408929922,3.0,226,40.2,84.7,1.2844,12000,1.1199,12000,100.0,442000,100.0,264000,480000,0.0655,36000,0.1744,36000,1.4091,12000,2.5657600000000005,96000,39.5,2025-11-21_09-33,,
R_AK_3DBall_2028,3DBall,2028,12.0,ppo,500000,131,24622,0.0004660699196522,3.0,214,29.6,84.4,1.2066,12000,1.1339,12000,100.0,442000,100.0,240000,480000,0.0685,36000,0.2618,36000,1.4132,12000,2.5657600000000005,120000,48.1,2025-11-21_09-33,,
R_AK_3DBall_2029,3DBall,2029,12.0,ppo,500000,89,16816,0.0002466390584454,3.0,232,44.3,83.2,1.6927,12000,1.164,12000,100.0,442000,100.0,168000,480000,0.0834,24000,0.4499,24000,1.4089,12000,2.5657600000000005,60000,23.2,2025-11-21_09-33,,
R_AK_3DBall_2030,3DBall,2030,12.0,ppo,500000,143,26958,0.0003023239085524,3.0,223,40.0,83.3,1.3285,12000,1.1306,12000,100.0,442000,100.0,192000,480000,0.0668,36000,0.2587,36000,1.4126,12000,2.5657600000000005,96000,39.0,2025-11-21_09-33,,
R_AK_3DBall_2031,3DBall,2031,12.0,ppo,500000,45,8532,0.0001073071836538,3.0,230,26.9,83.0,1.3598,12000,1.184,12000,98.4877,442000,100.0,204000,480000,0.1211,12000,0.4217,12000,1.4112,12000,2.5657600000000005,84000,34.5,2025-11-21_09-33,,
R_AK_3DBall_2032,3DBall,2032,12.0,ppo,500000,140,26391,0.0007594961601551,3.0,212,27.4,83.8,1.2728,12000,1.1644,12000,100.0,442000,100.0,252000,480000,0.0666,36000,0.2666,36000,1.4125,12000,2.5657600000000005,96000,37.1,2025-11-21_09-33,,
R_AK_3DBall_2033,3DBall,2033,12.0,ppo,500000,55,10359,0.0004101612254287,3.0,249,45.0,83.6,4.5746,12000,1.28,12000,100.0,442000,100.0,132000,480000,0.1066,12000,0.7901,12000,1.3771,12000,2.5657600000000005,36000,12.5,2025-11-21_09-33,,
R_AK_3DBall_2034,3DBall,2034,12.0,ppo,500000,135,25497,0.000256304435196,3.0,226,39.4,83.9,1.3211,12000,1.1727,12000,100.0,442000,100.0,252000,480000,0.0688,36000,0.2551,36000,1.4158,12000,2.5657600000000005,96000,39.5,2025-11-21_09-33,,
R_AK_3DBall_2035,3DBall,2035,12.0,ppo,500000,130,24443,9.525935843945289e-05,3.0,216,32.0,84.0,1.1905,12000,1.1643,12000,98.5216,442000,100.0,324000,480000,0.0717,36000,0.3139,36000,1.4155,12000,2.5657600000000005,156000,64.7,2025-11-21_09-33,,
R_AK_3DBall_2036,3DBall,2036,12.0,ppo,500000,164,30847,0.000352706949563,3.0,220,38.4,83.4,1.3086,12000,1.216,12000,100.0,442000,100.0,288000,480000,0.063,36000,0.2148,36000,1.4167,12000,2.5657600000000005,108000,44.0,2025-11-21_09-33,,
R_AK_3DBall_2037,3DBall,2037,12.0,ppo,500000,68,12822,0.0006926845779501,3.0,235,43.4,83.1,2.7201,12000,1.2209,12000,98.4923,442000,100.0,108000,480000,0.096,24000,0.8706,24000,1.3889,12000,2.5657600000000005,48000,17.6,2025-11-21_09-33,,
R_AK_3DBall_2038,3DBall,2038,12.0,ppo,500000,45,8579,0.0007645543768822,3.0,227,26.9,83.0,3.5175,12000,1.2829,12000,100.0,442000,100.0,108000,480000,0.118,12000,0.6529,12000,1.3665,12000,2.5657600000000005,48000,17.0,2025-11-21_09-33,,
R_AK_3DBall_2039,3DBall,2039,12.0,ppo,500000,154,28999,9.412864483136053e-05,3.0,226,39.7,82.2,1.2624,12000,1.1516,12000,100.0,442000,100.0,276000,480000,0.0651,36000,0.2178,36000,1.4181,12000,2.5657600000000005,96000,39.5,2025-11-21_09-33,,
R_AK_3DBall_2040,3DBall,2040,12.0,ppo,500000,95,17980,0.0001263283554586,3.0,251,44.2,82.6,1.7298,12000,1.1954,12000,100.0,442000,100.0,192000,480000,0.0828,24000,0.2772,24000,1.4134,12000,2.5657600000000005,60000,25.1,2025-11-21_09-33,,
R_AK_3DBall_2041,3DBall,2041,12.0,ppo,500000,32,6010,0.0002447855692357,3.0,263,43.5,82.4,24.4791,12000,1.5915,12000,100.0,442000,100.0,96000,480000,0.1398,12000,1.0142,12000,1.3885,12000,2.5657600000000005,36000,13.2,2025-11-21_09-33,,
R_AK_3DBall_2042,3DBall,2042,12.0,ppo,500000,163,30571,0.0006811453503469,3.0,210,26.9,82.5,1.183,12000,1.1118,12000,100.0,442000,100.0,276000,480000,0.0614,36000,0.1905,36000,1.4129,12000,2.5657600000000005,108000,41.9,2025-11-21_09-33,,
R_AK_3DBall_2043,3DBall,2043,12.0,ppo,500000,160,30051,0.0005997060212327,3.0,242,44.1,82.4,1.3321,12000,1.1415,12000,97.0477,442000,100.0,360000,480000,0.0631,36000,0.1995,36000,1.4086,12000,2.5657600000000005,96000,42.3,2025-11-21_09-33,,
R_AK_3DBall_2044,3DBall,2044,12.0,ppo,500000,67,12612,0.000582148956217,3.0,279,46.7,81.6,3.0669,12000,1.1999,12000,100.0,442000,100.0,192000,480000,0.0998,24000,0.8228,24000,1.3833,12000,2.5657600000000005,48000,20.9,2025-11-21_09-33,,
R_AK_3DBall_2045,3DBall,2045,12.0,ppo,500000,53,10123,0.0007165780822598,3.0,222,26.3,80.8,2.9766,12000,1.1788,12000,98.5154,442000,100.0,132000,480000,0.1107,12000,0.512,12000,1.395,12000,2.5657600000000005,48000,16.6,2025-11-21_09-33,,
R_AK_3DBall_2046,3DBall,2046,12.0,ppo,500000,179,33646,0.0007890612973777,3.0,237,42.6,82.0,1.2862,12000,1.128,12000,98.4816,442000,100.0,264000,480000,0.0611,36000,0.1777,36000,1.4091,12000,2.5657600000000005,84000,35.5,2025-11-21_09-33,,
R_AK_3DBall_2047,3DBall,2047,12.0,ppo,500000,139,26071,0.0007973029229475,3.0,212,27.8,81.9,1.2641,12000,1.0871,12000,100.0,442000,100.0,228000,480000,0.0671,36000,0.237,36000,1.4174,12000,2.5657600000000005,96000,37.1,2025-11-21_09-33,,
R_AK_3DBall_2048,3DBall,2048,12.0,ppo,500000,63,11829,0.0001101893014954,3.0,244,44.5,82.1,2.8281,12000,1.2747,12000,100.0,442000,100.0,120000,480000,0.1018,12000,0.724,12000,1.4061,12000,2.5657600000000005,48000,18.3,2025-11-21_09-33,,
R_AK_3DBall_2049,3DBall,2049,12.0,ppo,500000,117,22054,4.59903783577824e-05,3.0,249,44.2,82.2,1.3682,12000,1.1292,12000,99.7617,442000,100.0,240000,480000,0.0743,24000,0.2533,24000,1.4147,12000,2.5657600000000005,84000,37.3,2025-11-21_09-33,,
R_AK_3DBall_2050,3DBall,2050,12.0,ppo,500000,158,29729,0.0005626153803667,3.0,211,28.2,82.5,1.2675,12000,1.1353,12000,100.0,442000,100.0,276000,480000,0.0668,36000,0.2063,36000,1.4148,12000,2.5657600000000005,96000,36.9,2025-11-21_09-33,,
R_AK_3DBall_2051,3DBall,2051,12.0,ppo,500000,40,7580,0.0007016852057175,3.0,229,30.6,82.6,7.0667,12000,1.2913,12000,100.0,442000,100.0,96000,480000,0.1238,12000,1.2365,12000,1.3774,12000,2.5657600000000005,36000,11.4,2025-11-21_09-33,,
R_AK_3DBall_2052,3DBall,2052,12.0,ppo,500000,79,14833,0.0004185184423286,3.0,234,42.3,81.8,1.9697,12000,1.1823,12000,98.5733,442000,100.0,132000,480000,0.0904,24000,0.4469,24000,1.3991,12000,2.5657600000000005,60000,23.4,2025-11-21_09-33,,
R_AK_3DBall_2053,3DBall,2053,12.0,ppo,500000,115,21671,8.762159478465068e-05,3.0,226,40.3,81.9,1.3512,12000,1.1604,12000,100.0,442000,100.0,216000,480000,0.0735,24000,0.2976,24000,1.4169,12000,2.5657600000000005,96000,39.5,2025-11-21_09-33,,
R_AK_3DBall_2054,3DBall,2054,12.0,ppo,500000,153,28851,0.0005535718030008,3.0,211,30.4,82.6,1.1692,12000,1.0911,12000,99.0583,442000,100.0,300000,480000,0.0643,36000,0.2486,36000,1.412,12000,2.5657600000000005,120000,47.4,2025-11-21_09-33,,
R_AK_3DBall_2055,3DBall,2055,12.0,ppo,500000,142,26681,0.0005385917769596,3.0,213,26.8,82.6,1.157,12000,1.0745,12000,100.0,442000,100.0,300000,480000,0.0688,36000,0.2594,36000,1.4138,12000,2.5657600000000005,120000,47.9,2025-11-21_09-33,,
R_AK_3DBall_2056,3DBall,2056,12.0,ppo,500000,106,20039,0.0004863600020942,3.0,215,27.0,82.4,1.2327,12000,1.118,12000,100.0,442000,100.0,216000,480000,0.079,24000,0.2384,24000,1.4203,12000,2.5657600000000005,96000,37.6,2025-11-21_09-33,,
R_AK_3DBall_2057,3DBall,2057,12.0,ppo,500000,148,27909,0.0002077621433484,3.0,221,39.1,83.1,1.1939,12000,1.0925,12000,100.0,442000,100.0,276000,480000,0.0646,36000,0.2227,36000,1.4156,12000,2.5657600000000005,96000,38.6,2025-11-21_09-33,,
R_AK_3DBall_2058,3DBall,2058,12.0,ppo,500000,191,35968,4.319485147533221e-05,3.0,227,39.2,82.7,1.2588,12000,1.1841,12000,100.0,442000,100.0,336000,480000,0.0592,36000,0.2478,36000,1.418,12000,2.5657600000000005,132000,56.7,2025-11-21_09-33,,
R_AK_3DBall_2059,3DBall,2059,12.0,ppo,500000,135,25344,0.0002044200694003,3.0,254,43.3,83.1,1.2872,12000,1.0934,12000,95.476,442000,100.0,216000,480000,0.0709,36000,0.2365,36000,1.4163,12000,2.5657600000000005,96000,44.4,2025-11-21_09-33,,
R_AK_3DBall_2060,3DBall,2060,12.0,ppo,500000,106,19981,0.0003094647739946,3.0,229,39.6,82.5,1.3609,12000,1.1192,12000,100.0,442000,100.0,204000,480000,0.0766,24000,0.2542,24000,1.4155,12000,2.5657600000000005,72000,28.6,2025-11-21_09-33,,
R_AK_3DBall_2061,3DBall,2061,12.0,ppo,500000,131,24642,0.000273697737906,3.0,239,43.3,83.1,1.4341,12000,1.1285,12000,98.3733,442000,100.0,192000,480000,0.0691,36000,0.3001,36000,1.4134,12000,2.5657600000000005,84000,35.8,2025-11-21_09-33,,
R_AK_3DBall_2062,3DBall,2062,12.0,ppo,500000,84,15809,0.000394670481533,3.0,239,41.8,83.2,1.8363,12000,1.1878,12000,100.0,442000,100.0,156000,480000,0.0851,24000,0.4296,24000,1.4021,12000,2.5657600000000005,60000,23.9,2025-11-21_09-33,,
R_AK_3DBall_2063,3DBall,2063,12.0,ppo,500000,53,9947,0.0001601973543069,3.0,252,43.9,83.7,3.3172,12000,1.3157,12000,100.0,442000,100.0,108000,480000,0.1127,12000,0.6973,12000,1.4014,12000,2.5657600000000005,48000,18.9,2025-11-21_09-33,,
R_AK_3DBall_2064,3DBall,2064,12.0,ppo,500000,48,9170,0.0007053264322056,3.0,226,26.6,83.9,4.4883,12000,1.2728,12000,100.0,442000,100.0,108000,480000,0.1152,12000,0.8589,12000,1.3671,12000,2.5657600000000005,48000,17.0,2025-11-21_09-33,,
R_AK_3DBall_2065,3DBall,2065,12.0,ppo,500000,181,34097,0.0002648613929425,3.0,243,43.2,84.2,1.2497,12000,1.1346,12000,99.3016,442000,100.0,324000,480000,0.0588,36000,0.169,36000,1.4167,12000,2.5657600000000005,108000,48.5,2025-11-21_09-33,,
R_AK_3DBall_2066,3DBall,2066,12.0,ppo,500000,76,14290,0.0002788173231979,3.0,253,46.6,84.5,2.1393,12000,1.2084,12000,98.4816,442000,100.0,144000,480000,0.0897,24000,0.8072,24000,1.395,12000,2.5657600000000005,60000,25.3,2025-11-21_09-33,,
R_AK_3DBall_2067,3DBall,2067,12.0,ppo,500000,134,25162,0.0004813845333584,3.0,214,28.1,84.0,1.1837,12000,1.077,12000,100.0,442000,100.0,264000,480000,0.068,36000,0.2173,36000,1.4121,12000,2.5657600000000005,108000,42.7,2025-11-21_09-33,,
R_AK_3DBall_2068,3DBall,2068,12.0,ppo,500000,133,25042,0.0003105623535349,3.0,229,43.9,84.3,1.3425,12000,1.0428,12000,100.0,442000,100.0,300000,480000,0.0692,36000,0.2574,36000,1.4048,12000,2.5657600000000005,84000,34.3,2025-11-21_09-33,,
R_AK_3DBall_2069,3DBall,2069,12.0,ppo,500000,53,10098,0.0006025056701649,3.0,252,43.0,83.8,5.9122,12000,1.4125,12000,98.5631,442000,100.0,168000,480000,0.1073,12000,0.9446,12000,1.3842,12000,2.5657600000000005,36000,12.6,2025-11-21_09-33,,
R_AK_3DBall_2070,3DBall,2070,12.0,ppo,500000,160,30119,0.0002989551820544,3.0,226,37.0,82.6,1.2852,12000,1.1842,12000,100.0,442000,100.0,264000,480000,0.0621,36000,0.246,36000,1.4173,12000,2.5657600000000005,108000,45.2,2025-11-21_09-33,,
R_AK_3DBall_2071,3DBall,2071,12.0,ppo,500000,39,7438,0.0005460036675083,3.0,264,44.2,83.3,18.5871,12000,1.5269,12000,100.0,442000,100.0,204000,480000,0.1272,12000,1.0702,12000,1.3696,12000,2.5657600000000005,36000,13.2,2025-11-21_09-33,,
R_AK_3DBall_2072,3DBall,2072,12.0,ppo,500000,130,24462,0.0001305916656084,3.0,241,43.7,83.5,1.3094,12000,1.1036,12000,100.0,442000,100.0,216000,480000,0.073,36000,0.2407,36000,1.4178,12000,2.5657600000000005,84000,36.1,2025-11-21_09-33,,
R_AK_3DBall_2073,3DBall,2073,12.0,ppo,500000,73,13720,0.000807950411505,3.0,217,27.7,83.2,2.0685,12000,1.2166,12000,100.0,442000,100.0,144000,480000,0.0941,24000,0.7171,24000,1.4034,12000,2.5657600000000005,60000,21.7,2025-11-21_09-33,,
R_AK_3DBall_2074,3DBall,2074,12.0,ppo,500000,74,14055,6.6275238468222e-05,3.0,221,27.1,83.7,1.1931,12000,1.1017,12000,100.0,442000,100.0,264000,480000,0.095,24000,0.3439,24000,1.4124,12000,2.5657600000000005,120000,49.7,2025-11-21_09-33,,
R_AK_3DBall_2075,3DBall,2075,12.0,ppo,500000,52,9914,0.0008851221230694,3.0,244,44.4,82.8,7.4837,12000,1.3124,12000,100.0,442000,100.0,168000,480000,0.1127,12000,0.9081,12000,1.3704,12000,2.5657600000000005,36000,12.2,2025-11-21_09-33,,
R_AK_3DBall_2076,3DBall,2076,12.0,ppo,500000,51,9670,0.0004238951042446,3.0,254,45.8,83.1,8.9194,12000,1.4207,12000,100.0,442000,100.0,120000,480000,0.1132,12000,0.9481,12000,1.376,12000,2.5657600000000005,36000,12.7,2025-11-21_09-33,,
R_AK_3DBall_2077,3DBall,2077,12.0,ppo,500000,44,8373,0.0008008413588498,3.0,280,45.9,83.5,22.3606,12000,1.6822,12000,100.0,442000,100.0,120000,480000,0.1177,12000,1.0322,12000,1.3527,12000,2.5657600000000005,36000,14.0,2025-11-21_09-33,,
R_AK_3DBall_2078,3DBall,2078,12.0,ppo,500000,82,15486,0.0006748705008507,3.0,269,44.8,83.8,2.1979,12000,1.2608,12000,100.0,442000,100.0,132000,480000,0.0895,24000,0.5873,24000,1.3795,12000,2.5657600000000005,60000,26.9,2025-11-21_09-33,,
R_AK_3DBall_2079,3DBall,2079,12.0,ppo,500000,185,34791,0.0006959223258599,3.0,227,37.9,84.0,1.2605,12000,1.1385,12000,98.4923,442000,100.0,300000,480000,0.0595,36000,0.1738,36000,1.414,12000,2.5657600000000005,108000,45.4,2025-11-21_09-33,,
R_AK_3DBall_2080,3DBall,2080,12.0,ppo,500000,179,33693,0.0004792360989514,3.0,229,38.7,83.7,1.1964,12000,1.1219,12000,99.7017,442000,100.0,288000,480000,0.059,36000,0.1606,36000,1.4158,12000,2.5657600000000005,108000,45.7,2025-11-21_09-33,,
R_AK_3DBall_2081,3DBall,2081,12.0,ppo,500000,138,26039,0.0004812642763635,3.0,230,41.8,83.9,1.3451,12000,1.1674,12000,98.5016,442000,100.0,252000,480000,0.0686,36000,0.267,36000,1.4074,12000,2.5657600000000005,96000,40.2,2025-11-21_09-33,,
R_AK_3DBall_2082,3DBall,2082,12.0,ppo,500000,174,32740,0.0004365162204531,3.0,213,29.1,83.6,1.2853,12000,1.2149,12000,100.0,442000,100.0,300000,480000,0.0625,36000,0.3037,36000,1.4176,12000,2.5657600000000005,120000,47.9,2025-11-21_09-33,,
R_AK_3DBall_2083,3DBall,2083,12.0,ppo,500000,189,35460,0.000773170464049,3.0,210,27.2,83.0,1.1384,12000,1.1195,12000,100.0,442000,100.0,348000,480000,0.0598,36000,0.2357,36000,1.4176,12000,2.5657600000000005,156000,62.9,2025-11-21_09-33,,
R_AK_3DBall_2084,3DBall,2084,12.0,ppo,500000,155,29121,0.0001102715259546,3.0,240,44.8,83.2,1.2524,12000,1.1089,12000,99.5483,442000,100.0,276000,480000,0.0636,36000,0.1725,36000,1.4177,12000,2.5657600000000005,96000,42.0,2025-11-21_09-33,,
R_AK_3DBall_2085,3DBall,2085,12.0,ppo,500000,115,21722,0.0007655964111689,3.0,211,27.6,82.9,1.4958,12000,1.1698,12000,99.4954,442000,100.0,192000,480000,0.0773,24000,0.278,24000,1.408,12000,2.5657600000000005,72000,26.3,2025-11-21_09-33,,
R_AK_3DBall_2086,3DBall,2086,12.0,ppo,500000,110,20807,0.0006263614697653,3.0,223,39.7,83.5,1.5063,12000,1.1517,12000,100.0,442000,100.0,192000,480000,0.0772,24000,0.274,24000,1.4076,12000,2.5657600000000005,72000,27.9,2025-11-21_09-33,,
R_AK_3DBall_2087,3DBall,2087,12.0,ppo,500000,70,13267,0.0004886671089547,3.0,219,26.6,81.6,1.4633,12000,1.1101,12000,100.0,442000,100.0,156000,480000,0.0959,24000,0.2863,24000,1.3929,12000,2.5657600000000005,72000,27.4,2025-11-21_09-33,,
R_AK_3DBall_2088,3DBall,2088,12.0,ppo,500000,38,7234,0.0004353554663267,3.0,288,46.2,82.1,22.3132,12000,1.5262,12000,100.0,442000,100.0,156000,480000,0.1289,12000,0.919,12000,1.3597,12000,2.5657600000000005,36000,14.4,2025-11-21_09-33,,
R_AK_3DBall_2089,3DBall,2089,12.0,ppo,500000,82,15548,0.000492532509947,3.0,253,43.3,82.4,2.3281,12000,1.3037,12000,100.0,442000,100.0,132000,480000,0.0887,24000,0.6664,24000,1.3922,12000,2.5657600000000005,48000,19.0,2025-11-21_09-33,,
R_AK_3DBall_2090,3DBall,2090,12.0,ppo,500000,159,29854,0.0001096586046063,3.0,238,41.9,82.3,1.2744,12000,1.1736,12000,100.0,442000,100.0,264000,480000,0.0632,36000,0.2114,36000,1.418,12000,2.5657600000000005,96000,41.6,2025-11-21_09-33,,
R_AK_3DBall_2091,3DBall,2091,12.0,ppo,500000,56,10668,0.000827466593466,3.0,250,44.4,82.0,5.5145,12000,1.3036,12000,100.0,442000,100.0,96000,480000,0.1058,12000,0.8838,12000,1.3695,12000,2.5657600000000005,48000,18.7,2025-11-21_09-33,,
R_AK_3DBall_2092,3DBall,2092,12.0,ppo,500000,152,28680,0.0002220065381393,3.0,214,27.4,82.2,1.167,12000,1.1187,12000,100.0,442000,100.0,276000,480000,0.0642,36000,0.2688,36000,1.4178,12000,2.5657600000000005,132000,53.4,2025-11-21_09-33,,
R_AK_3DBall_2093,3DBall,2093,12.0,ppo,500000,160,30163,0.0006074680982465,3.0,219,37.9,82.3,1.237,12000,1.1074,12000,100.0,442000,100.0,252000,480000,0.062,36000,0.1773,36000,1.4106,12000,2.5657600000000005,96000,38.3,2025-11-21_09-33,,
R_AK_3DBall_2094,3DBall,2094,12.0,ppo,500000,71,13413,0.0007509720889301,3.0,219,26.5,82.3,2.0638,12000,1.177,12000,100.0,442000,100.0,132000,480000,0.094,24000,0.6156,24000,1.408,12000,2.5657600000000005,60000,21.9,2025-11-21_09-33,,
R_AK_3DBall_2095,3DBall,2095,12.0,ppo,500000,139,26097,0.0002837984223807,3.0,222,39.1,82.4,1.3217,12000,1.1328,12000,100.0,442000,100.0,252000,480000,0.0669,36000,0.2752,36000,1.4144,12000,2.5657600000000005,96000,38.8,2025-11-21_09-33,,
R_AK_3DBall_2096,3DBall,2096,12.0,ppo,500000,103,19428,0.0003471248315893,3.0,235,43.7,82.9,1.8035,12000,1.2445,12000,100.0,442000,100.0,192000,480000,0.0799,24000,0.3253,24000,1.4032,12000,2.5657600000000005,60000,23.5,2025-11-21_09-33,,
R_AK_3DBall_2097,3DBall,2097,12.0,ppo,500000,151,28491,0.0008099744822643,3.0,241,44.5,82.9,1.3311,12000,1.1384,12000,95.2269,442000,100.0,300000,480000,0.0648,36000,0.1901,36000,1.4124,12000,2.5657600000000005,84000,36.1,2025-11-21_09-33,,
R_AK_3DBall_2098,3DBall,2098,12.0,ppo,500000,119,22314,0.000572613242314,3.0,243,42.3,82.6,1.398,12000,1.1163,12000,100.0,442000,100.0,204000,480000,0.0723,24000,0.2289,24000,1.4109,12000,2.5657600000000005,72000,30.4,2025-11-21_09-33,,
R_AK_3DBall_2099,3DBall,2099,12.0,ppo,500000,137,25803,0.0004570396612269,3.0,212,28.5,82.4,1.2884,12000,1.1707,12000,100.0,442000,100.0,264000,480000,0.0695,36000,0.3111,36000,1.4163,12000,2.5657600000000005,108000,42.4,2025-11-21_09-33,,
R_AK_3DBall_2100,3DBall,2100,12.0,ppo,500000,149,28055,0.000177374553711,3.0,212,29.2,82.5,1.1909,12000,1.1322,12000,100.0,442000,100.0,276000,480000,0.0663,36000,0.3004,36000,1.415,12000,2.5657600000000005,132000,52.9,2025-11-21_09-33,,
R_AK_3DBall_2101,3DBall,2101,12.0,ppo,500000,130,24450,0.0003403336044125,3.0,222,38.5,82.8,1.3486,12000,1.1571,12000,100.0,442000,100.0,228000,480000,0.073,36000,0.2453,36000,1.4116,12000,2.5657600000000005,84000,33.3,2025-11-21_09-33,,
R_AK_3DBall_2102,3DBall,2102,12.0,ppo,500000,158,29766,0.0005025721838418,3.0,249,42.2,82.9,1.2369,12000,1.1301,12000,100.0,442000,100.0,264000,480000,0.0628,36000,0.1534,36000,1.4116,12000,2.5657600000000005,96000,43.6,2025-11-21_09-33,,
R_AK_3DBall_2103,3DBall,2103,12.0,ppo,500000,111,20883,0.0002848636287275,3.0,232,46.3,84.0,1.4802,12000,1.1084,12000,100.0,442000,100.0,216000,480000,0.0769,24000,0.2456,24000,1.4125,12000,2.5657600000000005,72000,29.1,2025-11-21_09-33,,
R_AK_3DBall_2104,3DBall,2104,12.0,ppo,500000,162,30409,0.0006338281716155,3.0,217,38.8,83.2,1.1912,12000,1.1295,12000,99.9333,442000,100.0,276000,480000,0.0617,36000,0.1751,36000,1.4173,12000,2.5657600000000005,108000,43.3,2025-11-21_09-33,,
R_AK_3DBall_2105,3DBall,2105,12.0,ppo,500000,143,26862,0.0008880471164655,3.0,239,43.6,83.5,1.2944,12000,1.1053,12000,100.0,442000,100.0,288000,480000,0.0674,36000,0.2646,36000,1.4087,12000,2.5657600000000005,96000,41.8,2025-11-21_09-33,,
R_AK_3DBall_2106,3DBall,2106,12.0,ppo,500000,182,34278,0.000445486972608,3.0,237,42.2,83.0,1.1965,12000,1.0697,12000,96.203,442000,100.0,288000,480000,0.0602,36000,0.1547,36000,1.4108,12000,2.5657600000000005,108000,47.4,2025-11-21_09-33,,
R_AK_3DBall_2107,3DBall,2107,12.0,ppo,500000,126,23634,0.0008951739512821,3.0,243,44.0,83.7,1.4642,12000,1.1124,12000,100.0,442000,100.0,276000,480000,0.0719,24000,0.3244,24000,1.4004,12000,2.5657600000000005,84000,36.4,2025-11-21_09-33,,
R_AK_3DBall_2108,3DBall,2108,12.0,ppo,500000,187,35090,0.0004038384757639,3.0,213,26.9,83.2,1.1332,12000,1.0799,12000,98.8477,442000,100.0,348000,480000,0.057,36000,0.222,36000,1.4223,12000,2.5657600000000005,144000,58.5,2025-11-21_09-33,,
R_AK_3DBall_2109,3DBall,2109,12.0,ppo,500000,87,16313,0.000290456777881,3.0,234,42.7,83.3,1.9796,12000,1.2102,12000,98.5,442000,100.0,144000,480000,0.086,24000,0.5407,24000,1.3945,12000,2.5657600000000005,60000,23.4,2025-11-21_09-33,,
R_AK_3DBall_2110,3DBall,2110,12.0,ppo,500000,102,19309,0.0008803538519038,3.0,234,42.2,83.5,1.7605,12000,1.1941,12000,95.7048,442000,100.0,156000,480000,0.0787,24000,0.312,24000,1.3959,12000,2.5657600000000005,60000,23.4,2025-11-21_09-33,,
R_AK_3DBall_2111,3DBall,2111,12.0,ppo,500000,184,34604,0.0002566200330483,3.0,212,27.5,83.0,1.2776,12000,1.2269,12000,100.0,442000,100.0,324000,480000,0.0583,36000,0.2884,36000,1.4171,12000,2.5657600000000005,120000,47.6,2025-11-21_09-33,,
R_AK_3DBall_2112,3DBall,2112,12.0,ppo,500000,43,8236,0.0008894789570823,3.0,252,45.8,82.8,13.8178,12000,1.3761,12000,100.0,442000,100.0,96000,480000,0.1206,12000,1.0454,12000,1.3627,12000,2.5657600000000005,36000,12.6,2025-11-21_09-33,,
R_AK_3DBall_2113,3DBall,2113,12.0,ppo,500000,151,28369,0.0003413181815241,3.0,213,28.1,83.3,1.2491,12000,1.1373,12000,100.0,442000,100.0,252000,480000,0.065,36000,0.2536,36000,1.417,12000,2.5657600000000005,96000,37.2,2025-11-21_09-33,,
R_AK_3DBall_2114,3DBall,2114,12.0,ppo,500000,34,6452,0.0008865070818249,3.0,310,47.5,82.3,10.8334,12000,1.773,12000,94.2776,442000,100.0,132000,480000,0.1376,12000,1.1832,12000,1.3205,12000,2.5657600000000005,36000,15.5,2025-11-21_09-33,,
R_AK_3DBall_2115,3DBall,2115,12.0,ppo,500000,73,13731,0.000554833225968,3.0,218,27.1,82.9,1.4204,12000,1.1488,12000,100.0,442000,100.0,168000,480000,0.0934,24000,0.3334,24000,1.3994,12000,2.5657600000000005,72000,27.2,2025-11-21_09-33,,
R_AK_3DBall_2116,3DBall,2116,12.0,ppo,500000,102,19294,0.0004128083956244,3.0,242,41.4,83.2,1.5548,12000,1.1535,12000,96.1592,442000,100.0,204000,480000,0.0784,24000,0.2907,24000,1.404,12000,2.5657600000000005,72000,30.2,2025-11-21_09-33,,
R_AK_3DBall_2117,3DBall,2117,12.0,ppo,500000,145,27374,0.0007306364714301,3.0,228,38.2,83.1,1.3932,12000,1.1301,12000,98.48,442000,100.0,252000,480000,0.0673,36000,0.3495,36000,1.4075,12000,2.5657600000000005,96000,39.9,2025-11-21_09-33,,
R_AK_3DBall_2118,3DBall,2118,12.0,ppo,500000,94,17779,0.0005660644183243,3.0,237,43.2,83.5,1.599,12000,1.11,12000,100.0,442000,100.0,168000,480000,0.0787,24000,0.3832,24000,1.4028,12000,2.5657600000000005,72000,29.6,2025-11-21_09-33,,
R_AK_3DBall_2119,3DBall,2119,12.0,ppo,500000,168,31658,0.0002647661900952,3.0,213,28.3,83.2,1.2003,12000,1.1834,12000,98.9817,442000,100.0,336000,480000,0.062,36000,0.2664,36000,1.4208,12000,2.5657600000000005,144000,58.5,2025-11-21_09-33,,
R_AK_3DBall_2120,3DBall,2120,12.0,ppo,500000,169,31834,0.0003517918004969,3.0,218,36.5,83.1,1.2189,12000,1.1038,12000,100.0,442000,100.0,276000,480000,0.0609,36000,0.1906,36000,1.4163,12000,2.5657600000000005,108000,43.6,2025-11-21_09-33,,
R_AK_3DBall_2121,3DBall,2121,12.0,ppo,500000,175,32988,0.0002987577912168,3.0,262,42.0,83.0,1.2642,12000,1.1265,12000,100.0,442000,100.0,276000,480000,0.0609,36000,0.1744,36000,1.4122,12000,2.5657600000000005,108000,52.4,2025-11-21_09-33,,
R_AK_3DBall_2122,3DBall,2122,12.0,ppo,500000,56,10505,0.0006108579701191,3.0,221,26.4,83.0,1.9368,12000,1.1474,12000,100.0,442000,100.0,132000,480000,0.1068,12000,0.3511,12000,1.4074,12000,2.5657600000000005,60000,22.1,2025-11-21_09-33,,
R_AK_3DBall_2123,3DBall,2123,12.0,ppo,500000,140,26286,0.0004073697800308,3.0,220,38.2,82.8,1.2406,12000,1.0585,12000,99.7033,442000,100.0,252000,480000,0.0673,36000,0.2265,36000,1.4133,12000,2.5657600000000005,96000,38.5,2025-11-21_09-33,,
R_AK_3DBall_2124,3DBall,2124,12.0,ppo,500000,35,6658,0.0003059170513987,3.0,233,25.9,83.0,5.1252,12000,1.2133,12000,100.0,442000,100.0,96000,480000,0.1338,12000,1.0537,12000,1.3813,12000,2.5657600000000005,48000,17.5,2025-11-21_09-33,,
R_AK_3DBall_2125,3DBall,2125,12.0,ppo,500000,164,30924,0.0002430393797697,3.0,214,27.4,83.1,1.162,12000,1.1294,12000,98.271,442000,100.0,384000,480000,0.0651,36000,0.442,36000,1.4183,12000,2.5657600000000005,156000,64.1,2025-11-21_09-33,,
R_AK_3DBall_2126,3DBall,2126,12.0,ppo,500000,133,25025,0.0007062802284239,3.0,211,27.0,83.1,1.3239,12000,1.1199,12000,100.0,442000,100.0,240000,480000,0.0674,36000,0.2708,36000,1.4151,12000,2.5657600000000005,84000,31.6,2025-11-21_09-33,,
R_AK_3DBall_2127,3DBall,2127,12.0,ppo,500000,90,16893,5.618484327129745e-05,3.0,228,27.8,83.1,1.12,12000,1.1165,12000,2.318,442000,2.4534,480000,480000,0.0851,24000,0.4373,24000,1.4165,12000,2.5657600000000005,Not reached,Not reached,2025-11-21_09-33,,
R_AK_3DBall_2128,3DBall,2128,12.0,ppo,500000,75,14138,0.0005229803032376,3.0,232,42.7,83.3,2.1645,12000,1.2336,12000,97.7796,442000,100.0,156000,480000,0.0919,24000,0.8172,24000,1.3941,12000,2.5657600000000005,60000,23.2,2025-11-21_09-33,,
R_AK_3DBall_2129,3DBall,2129,12.0,ppo,500000,176,33036,0.0006808967836083,3.0,224,39.6,83.1,1.2677,12000,1.1465,12000,98.4637,442000,100.0,240000,480000,0.0587,36000,0.1799,36000,1.4119,12000,2.5657600000000005,108000,44.7,2025-11-21_09-33,,
R_AK_3DBall_2130,3DBall,2130,12.0,ppo,500000,119,22376,0.0003147968205438,3.0,231,39.5,83.1,1.3172,12000,1.128,12000,100.0,442000,100.0,216000,480000,0.0738,24000,0.2595,24000,1.4131,12000,2.5657600000000005,84000,34.6,2025-11-21_09-33,,
R_AK_3DBall_2131,3DBall,2131,12.0,ppo,500000,133,24954,0.0006512806983864,3.0,211,27.0,83.5,1.2702,12000,1.1145,12000,100.0,442000,100.0,216000,480000,0.0694,36000,0.2249,36000,1.4145,12000,2.5657600000000005,84000,31.6,2025-11-21_09-33,,
R_AK_3DBall_2132,3DBall,2132,12.0,ppo,500000,102,19185,0.0002807394034627,3.0,214,28.5,83.9,1.3099,12000,1.1749,12000,100.0,442000,100.0,204000,480000,0.0783,24000,0.2919,24000,1.4108,12000,2.5657600000000005,84000,32.1,2025-11-21_09-33,,
R_AK_3DBall_2133,3DBall,2133,12.0,ppo,500000,166,31232,0.0001030896079207,3.0,215,30.5,84.2,1.1893,12000,1.159,12000,97.3103,442000,100.0,396000,480000,0.0586,36000,0.4115,36000,1.4169,12000,2.5657600000000005,168000,69.8,2025-11-21_09-33,,
R_AK_3DBall_2134,3DBall,2134,12.0,ppo,500000,67,12647,0.0004240715132033,3.0,222,32.9,84.4,1.442,12000,1.1461,12000,100.0,442000,100.0,180000,480000,0.0973,24000,0.3137,24000,1.4035,12000,2.5657600000000005,72000,27.7,2025-11-21_09-33,,
R_AK_3DBall_2135,3DBall,2135,12.0,ppo,500000,143,26842,0.0003578952793,3.0,225,41.1,84.1,1.2995,12000,1.1177,12000,100.0,442000,100.0,216000,480000,0.0678,36000,0.2422,36000,1.4114,12000,2.5657600000000005,96000,39.3,2025-11-21_09-33,,
R_AK_3DBall_2136,3DBall,2136,12.0,ppo,500000,85,15995,0.0002417184643096,3.0,248,44.9,83.9,2.0429,12000,1.1939,12000,100.0,442000,100.0,156000,480000,0.0854,24000,0.5332,24000,1.3985,12000,2.5657600000000005,60000,24.8,2025-11-21_09-33,,
R_AK_3DBall_2137,3DBall,2137,12.0,ppo,500000,166,31198,0.0007642208240177,3.0,227,37.5,83.7,1.2594,12000,1.1344,12000,99.385,442000,100.0,240000,480000,0.0631,36000,0.1679,36000,1.4169,12000,2.5657600000000005,108000,45.3,2025-11-21_09-33,,
R_AK_3DBall_2138,3DBall,2138,12.0,ppo,500000,152,28624,8.139645006702269e-05,3.0,236,39.9,83.8,1.3136,12000,1.1595,12000,99.5277,442000,100.0,252000,480000,0.0658,36000,0.2178,36000,1.4181,12000,2.5657600000000005,96000,41.3,2025-11-21_09-33,,
R_AK_3DBall_2139,3DBall,2139,12.0,ppo,500000,49,9217,0.0001658486733505,3.0,226,26.5,83.6,1.3945,12000,1.2118,12000,100.0,442000,100.0,168000,480000,0.1122,12000,0.543,12000,1.399,12000,2.5657600000000005,84000,33.9,2025-11-21_09-33,,
R_AK_3DBall_2140,3DBall,2140,12.0,ppo,500000,114,21545,0.0002149513108966,3.0,215,27.4,83.6,1.1588,12000,1.1248,12000,100.0,442000,100.0,312000,480000,0.0736,24000,0.3191,24000,1.4179,12000,2.5657600000000005,144000,59.1,2025-11-21_09-33,,
R_AK_3DBall_2141,3DBall,2141,12.0,ppo,500000,101,19108,0.0002081320060876,3.0,236,41.4,83.9,1.4512,12000,1.1418,12000,100.0,442000,100.0,168000,480000,0.0819,24000,0.2372,24000,1.4162,12000,2.5657600000000005,72000,29.5,2025-11-21_09-33,,
R_AK_3DBall_2142,3DBall,2142,12.0,ppo,500000,178,33526,4.248515749630988e-05,3.0,238,40.8,84.0,1.1904,12000,1.1492,12000,98.4954,442000,100.0,372000,480000,0.0606,36000,0.2364,36000,1.4183,12000,2.5657600000000005,144000,65.4,2025-11-21_09-33,,
R_AK_3DBall_2143,3DBall,2143,12.0,ppo,500000,36,6898,0.0001054040352981,3.0,235,27.1,83.3,1.3752,12000,1.1424,12000,100.0,442000,100.0,168000,480000,0.131,12000,0.3713,12000,1.3999,12000,2.5657600000000005,84000,35.2,2025-11-21_09-33,,
R_AK_3DBall_2144,3DBall,2144,12.0,ppo,500000,173,32593,0.0002188737760987,3.0,226,40.0,83.0,1.2937,12000,1.1397,12000,100.0,442000,100.0,276000,480000,0.0618,36000,0.1794,36000,1.4162,12000,2.5657600000000005,108000,45.2,2025-11-21_09-33,,
R_AK_3DBall_2145,3DBall,2145,12.0,ppo,500000,158,29700,0.0005559629572958,3.0,233,42.2,83.6,1.2524,12000,1.1619,12000,99.6267,442000,100.0,264000,480000,0.0651,36000,0.1692,36000,1.4154,12000,2.5657600000000005,96000,40.7,2025-11-21_09-33,,
R_AK_3DBall_2146,3DBall,2146,12.0,ppo,500000,83,15563,0.0002968018669491,3.0,243,41.3,83.6,1.996,12000,1.2445,12000,98.4658,442000,100.0,144000,480000,0.0912,24000,0.505,24000,1.4072,12000,2.5657600000000005,60000,24.3,2025-11-21_09-33,,
R_AK_3DBall_2147,3DBall,2147,12.0,ppo,500000,149,28019,0.0004396992528728,3.0,230,38.8,83.9,1.3353,12000,1.2018,12000,99.7733,442000,100.0,264000,480000,0.0671,36000,0.1967,36000,1.4181,12000,2.5657600000000005,96000,40.2,2025-11-21_09-33,,
R_AK_3DBall_2148,3DBall,2148,12.0,ppo,500000,184,34544,0.0003382730125187,3.0,213,28.2,83.9,1.1846,12000,1.0928,12000,100.0,442000,100.0,336000,480000,0.0576,36000,0.2393,36000,1.4148,12000,2.5657600000000005,120000,47.9,2025-11-21_09-33,,
R_AK_3DBall_2149,3DBall,2149,12.0,ppo,500000,156,29403,0.0005296781427218,3.0,218,38.1,84.0,1.2385,12000,1.1446,12000,100.0,442000,100.0,252000,480000,0.0633,36000,0.1779,36000,1.413,12000,2.5657600000000005,96000,38.1,2025-11-21_09-33,,
R_AK_3DBall_2150,3DBall,2150,12.0,ppo,500000,101,19059,0.0001014946063345,3.0,232,42.7,84.0,1.3714,12000,1.1193,12000,100.0,442000,100.0,180000,480000,0.0804,24000,0.2428,24000,1.4167,12000,2.5657600000000005,84000,34.8,2025-11-21_09-33,,
R_AK_3DBall_2151,3DBall,2151,12.0,ppo,500000,113,21288,0.0001161459910445,3.0,249,42.6,83.2,1.4852,12000,1.2175,12000,100.0,442000,100.0,216000,480000,0.0756,24000,0.2947,24000,1.4148,12000,2.5657600000000005,72000,31.1,2025-11-21_09-33,,
R_AK_3DBall_2152,3DBall,2152,12.0,ppo,500000,111,20945,0.0006099170806932,3.0,235,40.7,83.4,1.4608,12000,1.1039,12000,100.0,442000,100.0,156000,480000,0.0755,24000,0.2503,24000,1.4115,12000,2.5657600000000005,72000,29.4,2025-11-21_09-33,,
R_AK_3DBall_2153,3DBall,2153,12.0,ppo,500000,88,16557,0.000518489809566,3.0,249,43.5,83.4,1.8231,12000,1.1956,12000,98.5308,442000,100.0,156000,480000,0.0851,24000,0.4517,24000,1.4058,12000,2.5657600000000005,60000,24.9,2025-11-21_09-33,,
R_AK_3DBall_2154,3DBall,2154,12.0,ppo,500000,164,30934,8.858842901156243e-05,3.0,215,27.0,83.4,1.1501,12000,1.1301,12000,88.3103,442000,96.4,468000,480000,0.0605,36000,0.325,36000,1.4167,12000,2.5657600000000005,192000,80.5,2025-11-21_09-33,,
R_AK_3DBall_2155,3DBall,2155,12.0,ppo,500000,82,15552,0.0002348232586967,3.0,230,41.3,83.4,1.8178,12000,1.2339,12000,100.0,442000,100.0,168000,480000,0.0881,24000,0.4115,24000,1.3995,12000,2.5657600000000005,60000,23.0,2025-11-21_09-33,,
R_AK_3DBall_2156,3DBall,2156,12.0,ppo,500000,132,24816,0.0007409934017844,3.0,210,27.2,83.2,1.2194,12000,1.0736,12000,100.0,442000,100.0,240000,480000,0.0701,36000,0.2452,36000,1.4147,12000,2.5657600000000005,96000,36.7,2025-11-21_09-33,,
R_AK_3DBall_2157,3DBall,2157,12.0,ppo,500000,171,32065,7.01182809277509e-05,3.0,242,45.1,83.5,1.1679,12000,1.0692,12000,98.1494,442000,100.0,336000,480000,0.0622,36000,0.1633,36000,1.4181,12000,2.5657600000000005,108000,48.4,2025-11-21_09-33,,
R_AK_3DBall_2158,3DBall,2158,12.0,ppo,500000,76,14424,0.0002371126834805,3.0,274,45.5,83.4,2.5595,12000,1.2785,12000,96.0046,442000,100.0,132000,480000,0.0911,24000,0.6038,24000,1.3934,12000,2.5657600000000005,48000,20.6,2025-11-21_09-33,,
R_AK_3DBall_2159,3DBall,2159,12.0,ppo,500000,65,12240,0.0005632109611891,3.0,222,28.6,84.1,1.6198,12000,1.1446,12000,100.0,442000,100.0,144000,480000,0.1012,24000,0.3767,24000,1.3972,12000,2.5657600000000005,60000,22.2,2025-11-21_09-33,,
R_AK_3DBall_2160,3DBall,2160,12.0,ppo,500000,36,6885,0.0004224342343351,3.0,256,45.1,83.9,25.0546,12000,1.5598,12000,98.3155,442000,100.0,84000,480000,0.1353,12000,1.1106,12000,1.3657,12000,2.5657600000000005,36000,12.8,2025-11-21_09-33,,
R_AK_3DBall_2161,3DBall,2161,12.0,ppo,500000,54,10148,0.0005449180809069,3.0,224,27.0,83.8,2.1116,12000,1.173,12000,100.0,442000,100.0,132000,480000,0.1109,12000,0.4186,12000,1.3947,12000,2.5657600000000005,60000,22.4,2025-11-21_09-33,,
R_AK_3DBall_2162,3DBall,2162,12.0,ppo,500000,132,24909,0.0001587382323489,3.0,228,41.1,84.1,1.2977,12000,1.0917,12000,99.01,442000,100.0,252000,480000,0.0679,36000,0.2345,36000,1.4156,12000,2.5657600000000005,84000,34.2,2025-11-21_09-33,,
R_AK_3DBall_2163,3DBall,2163,12.0,ppo,500000,177,33257,0.0007265518480178,3.0,218,36.9,84.2,1.166,12000,1.0898,12000,100.0,442000,100.0,300000,480000,0.0602,36000,0.1474,36000,1.4165,12000,2.5657600000000005,108000,43.5,2025-11-21_09-33,,
R_AK_3DBall_2164,3DBall,2164,12.0,ppo,500000,67,12705,0.0001922515364175,3.0,220,26.7,83.9,1.6468,12000,1.219,12000,100.0,442000,100.0,156000,480000,0.0972,24000,0.3933,24000,1.4039,12000,2.5657600000000005,72000,27.5,2025-11-21_09-33,,
R_AK_3DBall_2165,3DBall,2165,12.0,ppo,500000,130,24427,0.0008755425156795,3.0,213,31.4,83.9,1.2852,12000,1.1542,12000,100.0,442000,100.0,228000,480000,0.0689,36000,0.2372,36000,1.4084,12000,2.5657600000000005,96000,37.2,2025-11-21_09-33,,
R_AK_3DBall_2166,3DBall,2166,12.0,ppo,500000,94,17784,0.0006071976789302,3.0,227,40.9,83.8,1.6344,12000,1.1428,12000,100.0,442000,100.0,168000,480000,0.0824,24000,0.469,24000,1.3999,12000,2.5657600000000005,60000,22.7,2025-11-21_09-33,,
R_AK_3DBall_2167,3DBall,2167,12.0,ppo,500000,189,35543,0.0002273177441067,3.0,245,45.1,83.9,1.2509,12000,1.1309,12000,98.4769,442000,100.0,276000,480000,0.0572,36000,0.1753,36000,1.4145,12000,2.5657600000000005,120000,55.1,2025-11-21_09-33,,
R_AK_3DBall_2168,3DBall,2168,12.0,ppo,500000,103,19380,4.328495481705952e-05,3.0,220,27.0,83.7,1.2031,12000,1.1444,12000,70.7124,442000,84.35,468000,480000,0.0792,24000,0.3719,24000,1.4167,12000,2.5657600000000005,192000,82.4,2025-11-21_09-33,,
R_AK_3DBall_2169,3DBall,2169,12.0,ppo,500000,67,12579,0.0005465993137829,3.0,253,44.1,83.8,3.8655,12000,1.2748,12000,98.5739,442000,100.0,108000,480000,0.0978,24000,0.9191,24000,1.3833,12000,2.5657600000000005,48000,19.0,2025-11-21_09-33,,
R_AK_3DBall_2170,3DBall,2170,12.0,ppo,500000,180,33797,0.000633472916735,3.0,253,42.6,83.9,1.2361,12000,1.0811,12000,96.7585,442000,100.0,300000,480000,0.0597,36000,0.1691,36000,1.4093,12000,2.5657600000000005,108000,50.6,2025-11-21_09-33,,
R_AK_3DBall_2171,3DBall,2171,12.0,ppo,500000,37,7059,0.0007070081115114,3.0,277,45.2,83.6,27.1119,12000,1.5219,12000,98.6831,442000,100.0,168000,480000,0.131,12000,0.8317,12000,1.3574,12000,2.5657600000000005,36000,13.9,2025-11-21_09-33,,
R_AK_3DBall_2172,3DBall,2172,12.0,ppo,500000,119,22453,0.0005117670903477,3.0,213,27.4,83.8,1.3752,12000,1.1529,12000,100.0,442000,100.0,216000,480000,0.0743,24000,0.2795,24000,1.4142,12000,2.5657600000000005,84000,31.9,2025-11-21_09-33,,
R_AK_3DBall_2173,3DBall,2173,12.0,ppo,500000,127,23959,0.0002016142196896,3.0,247,43.6,84.0,1.4431,12000,1.1163,12000,100.0,442000,100.0,228000,480000,0.0704,24000,0.2583,24000,1.408,12000,2.5657600000000005,84000,37.0,2025-11-21_09-33,,
R_AK_3DBall_2174,3DBall,2174,12.0,ppo,500000,172,32308,0.0008924167395008,3.0,231,39.2,83.0,1.2992,12000,1.1259,12000,98.1055,442000,100.0,276000,480000,0.0611,36000,0.1811,36000,1.4112,12000,2.5657600000000005,96000,40.4,2025-11-21_09-33,,
R_AK_3DBall_2175,3DBall,2175,12.0,ppo,500000,140,26402,0.0006819482583149,3.0,232,39.4,82.7,1.3239,12000,1.115,12000,100.0,442000,100.0,216000,480000,0.0667,36000,0.2527,36000,1.4081,12000,2.5657600000000005,84000,34.8,2025-11-21_09-33,,
R_AK_3DBall_2176,3DBall,2176,12.0,ppo,500000,156,29433,0.0007956395359548,3.0,251,41.8,83.0,1.2587,12000,1.1185,12000,96.9677,442000,100.0,228000,480000,0.0653,36000,0.167,36000,1.4111,12000,2.5657600000000005,96000,43.9,2025-11-21_09-33,,
R_AK_3DBall_2177,3DBall,2177,12.0,ppo,500000,42,7876,0.0002493127618609,3.0,272,46.1,83.2,20.0127,12000,1.6321,12000,99.95,442000,100.0,96000,480000,0.1251,12000,1.1558,12000,1.379,12000,2.5657600000000005,36000,13.6,2025-11-21_09-33,,
R_AK_3DBall_2178,3DBall,2178,12.0,ppo,500000,95,17829,0.0008293266048383,3.0,234,40.4,82.8,1.6451,12000,1.2046,12000,100.0,442000,100.0,192000,480000,0.0822,24000,0.477,24000,1.404,12000,2.5657600000000005,60000,23.4,2025-11-21_09-33,,
R_AK_3DBall_2179,3DBall,2179,12.0,ppo,500000,58,10949,0.0005059178124043,3.0,260,46.4,83.1,5.5757,12000,1.3023,12000,100.0,442000,100.0,180000,480000,0.1058,12000,0.9241,12000,1.3705,12000,2.5657600000000005,48000,19.5,2025-11-21_09-33,,
R_AK_3DBall_2180,3DBall,2180,12.0,ppo,500000,65,12290,0.0004405489910274,3.0,282,49.1,83.2,3.2922,12000,1.2041,12000,100.0,442000,100.0,120000,480000,0.0993,24000,0.9119,24000,1.3775,12000,2.5657600000000005,48000,21.2,2025-11-21_09-33,,
R_AK_3DBall_2181,3DBall,2181,12.0,ppo,500000,186,34998,7.377993547386481e-05,3.0,264,45.2,83.3,1.2559,12000,1.1213,12000,99.3083,442000,100.0,324000,480000,0.059,36000,0.2128,36000,1.4166,12000,2.5657600000000005,120000,59.4,2025-11-21_09-33,,
R_AK_3DBall_2182,3DBall,2182,12.0,ppo,500000,183,34407,0.0007010896543104,3.0,257,45.7,83.4,1.264,12000,1.1492,12000,98.7369,442000,100.0,288000,480000,0.0595,36000,0.1809,36000,1.4083,12000,2.5657600000000005,96000,45.0,2025-11-21_09-33,,
R_AK_3DBall_2183,3DBall,2183,12.0,ppo,500000,69,12938,0.0003382948955831,3.0,247,42.8,83.5,2.6057,12000,1.2358,12000,100.0,442000,100.0,132000,480000,0.0984,24000,0.9193,24000,1.3944,12000,2.5657600000000005,48000,18.5,2025-11-21_09-33,,
R_AK_3DBall_2184,3DBall,2184,12.0,ppo,500000,128,24186,0.0002079033630912,3.0,234,38.7,83.6,1.2978,12000,1.0826,12000,100.0,442000,100.0,240000,480000,0.0722,36000,0.258,36000,1.4129,12000,2.5657600000000005,84000,35.1,2025-11-21_09-33,,
R_AK_3DBall_2185,3DBall,2185,12.0,ppo,500000,42,7959,0.0005410778727008,3.0,266,44.1,83.2,13.496,12000,1.3933,12000,100.0,442000,100.0,132000,480000,0.1233,12000,1.2171,12000,1.3648,12000,2.5657600000000005,36000,13.3,2025-11-21_09-33,,
R_AK_3DBall_2186,3DBall,2186,12.0,ppo,500000,164,30871,0.0008639816187252,3.0,228,37.3,82.7,1.3121,12000,1.1868,12000,99.0108,442000,100.0,240000,480000,0.0641,36000,0.1873,36000,1.4118,12000,2.5657600000000005,108000,45.6,2025-11-21_09-33,,
R_AK_3DBall_2187,3DBall,2187,12.0,ppo,500000,107,20069,0.0003426733853084,3.0,214,27.0,83.2,1.3409,12000,1.1752,12000,100.0,442000,100.0,192000,480000,0.0779,24000,0.2902,24000,1.4204,12000,2.5657600000000005,84000,32.1,2025-11-21_09-33,,
R_AK_3DBall_2188,3DBall,2188,12.0,ppo,500000,152,28619,7.776816430570614e-05,3.0,256,45.1,83.0,1.3236,12000,1.1373,12000,100.0,442000,100.0,276000,480000,0.0654,36000,0.1936,36000,1.4164,12000,2.5657600000000005,96000,44.8,2025-11-21_09-33,,
R_AK_3DBall_2189,3DBall,2189,12.0,ppo,500000,59,11184,0.0002973350534187,3.0,222,29.9,82.9,1.8494,12000,1.1917,12000,100.0,442000,100.0,132000,480000,0.1035,12000,0.3958,12000,1.4062,12000,2.5657600000000005,60000,22.2,2025-11-21_09-33,,
R_AK_3DBall_2190,3DBall,2190,12.0,ppo,500000,177,33320,0.0005664227045876,3.0,219,36.5,82.7,1.2024,12000,1.1191,12000,99.0108,442000,100.0,324000,480000,0.0592,36000,0.1667,36000,1.418,12000,2.5657600000000005,108000,43.8,2025-11-21_09-33,,
R_AK_3DBall_2191,3DBall,2191,12.0,ppo,500000,176,33145,0.0005383599829499,3.0,231,37.1,83.0,1.1828,12000,1.1073,12000,100.0,442000,100.0,288000,480000,0.0632,36000,0.1682,36000,1.4165,12000,2.5657600000000005,108000,46.1,2025-11-21_09-33,,
R_AK_3DBall_2192,3DBall,2192,12.0,ppo,500000,169,31723,0.0004988193437362,3.0,240,39.7,82.9,1.2025,12000,1.0831,12000,98.58,442000,100.0,288000,480000,0.0634,36000,0.149,36000,1.4143,12000,2.5657600000000005,108000,48.0,2025-11-21_09-33,,
R_AK_3DBall_2193,3DBall,2193,12.0,ppo,500000,53,10085,0.00020532843733,3.0,292,45.0,82.8,5.0479,12000,1.2969,12000,100.0,442000,100.0,192000,480000,0.1108,12000,0.8883,12000,1.3982,12000,2.5657600000000005,36000,14.6,2025-11-21_09-33,,
R_AK_3DBall_2194,3DBall,2194,12.0,ppo,500000,131,24716,6.786695263541327e-05,3.0,266,44.4,83.1,1.4335,12000,1.1474,12000,100.0,442000,100.0,228000,480000,0.0691,36000,0.3255,36000,1.4145,12000,2.5657600000000005,84000,39.9,2025-11-21_09-33,,
R_AK_3DBall_2195,3DBall,2195,12.0,ppo,500000,181,33939,0.0008419685409612,3.0,231,41.0,83.2,1.2107,12000,1.1154,12000,98.6457,442000,100.0,252000,480000,0.06,36000,0.1659,36000,1.4184,12000,2.5657600000000005,108000,46.2,2025-11-21_09-33,,
R_AK_3DBall_2196,3DBall,2196,12.0,ppo,500000,63,11878,0.0001289211580682,3.0,253,44.3,82.9,1.9499,12000,1.1949,12000,100.0,442000,100.0,156000,480000,0.1021,12000,0.4879,12000,1.4083,12000,2.5657600000000005,60000,25.3,2025-11-21_09-33,,
R_AK_3DBall_2197,3DBall,2197,12.0,ppo,500000,96,18021,0.0001515773648528,3.0,238,39.5,83.0,1.5486,12000,1.2462,12000,100.0,442000,100.0,192000,480000,0.0823,24000,0.2951,24000,1.413,12000,2.5657600000000005,84000,35.7,2025-11-21_09-33,,
R_AK_3DBall_2198,3DBall,2198,12.0,ppo,500000,37,7012,0.0004702067195905,3.0,285,46.6,83.0,13.4359,12000,1.4575,12000,100.0,442000,100.0,156000,480000,0.1333,12000,1.3736,12000,1.3584,12000,2.5657600000000005,36000,14.3,2025-11-21_09-33,,
R_AK_3DBall_2199,3DBall,2199,12.0,ppo,500000,166,31193,0.0006481679043201,3.0,233,38.7,83.4,1.2111,12000,1.11,12000,100.0,442000,100.0,252000,480000,0.0639,36000,0.1661,36000,1.4157,12000,2.5657600000000005,108000,46.6,2025-11-21_09-33,,
R_AK_3DBall_2200,3DBall,2200,12.0,ppo,500000,66,12463,0.0001907292513757,3.0,220,26.9,83.0,1.6647,12000,1.1644,12000,100.0,442000,100.0,132000,480000,0.0994,24000,0.3913,24000,1.4074,12000,2.5657600000000005,60000,22.0,2025-11-21_09-33,,
R_AK_3DBall_2201,3DBall,2201,12.0,ppo,500000,79,14879,0.0007257767294934,3.0,238,40.3,82.9,2.1701,12000,1.2324,12000,97.1814,442000,100.0,132000,480000,0.0885,24000,0.5637,24000,1.4043,12000,2.5657600000000005,60000,23.8,2025-11-21_09-33,,
R_AK_3DBall_2202,3DBall,2202,12.0,ppo,500000,77,14582,0.0001019592577126,3.0,275,43.8,83.3,1.8093,12000,1.1389,12000,98.4017,442000,100.0,168000,480000,0.0932,24000,0.3726,24000,1.4075,12000,2.5657600000000005,60000,27.5,2025-11-21_09-33,,
R_AK_3DBall_2203,3DBall,2203,12.0,ppo,500000,33,6300,0.0006398229701975,3.0,238,28.4,82.9,8.9553,12000,1.287,12000,100.0,442000,100.0,84000,480000,0.1356,12000,1.0304,12000,1.352,12000,2.5657600000000005,36000,11.9,2025-11-21_09-33,,
R_AK_3DBall_2204,3DBall,2204,12.0,ppo,500000,155,29101,4.90122362854653e-05,3.0,256,42.8,82.6,1.2637,12000,1.1405,12000,100.0,442000,100.0,276000,480000,0.0657,36000,0.2037,36000,1.4177,12000,2.5657600000000005,108000,51.2,2025-11-21_09-33,,
R_AK_3DBall_2205,3DBall,2205,12.0,ppo,500000,103,19327,0.0007151705698544,3.0,237,39.5,83.0,1.5586,12000,1.2491,12000,100.0,442000,100.0,156000,480000,0.0787,24000,0.2435,24000,1.4001,12000,2.5657600000000005,72000,29.6,2025-11-21_09-33,,
R_AK_3DBall_2206,3DBall,2206,12.0,ppo,500000,121,22821,0.0005024872483985,3.0,262,42.4,83.3,1.4338,12000,1.1323,12000,98.9769,442000,100.0,204000,480000,0.0744,24000,0.267,24000,1.4032,12000,2.5657600000000005,84000,39.3,2025-11-21_09-33,,
R_AK_3DBall_2207,3DBall,2207,12.0,ppo,500000,188,35277,0.0002740306755548,3.0,238,39.1,83.0,1.2418,12000,1.1227,12000,99.6133,442000,100.0,288000,480000,0.0578,36000,0.1841,36000,1.416,12000,2.5657600000000005,120000,53.5,2025-11-21_09-33,,
R_AK_3DBall_2208,3DBall,2208,12.0,ppo,500000,86,16260,0.0001816216295337,3.0,216,28.7,83.5,1.359,12000,1.1849,12000,100.0,442000,100.0,252000,480000,0.0865,24000,0.352,24000,1.4142,12000,2.5657600000000005,96000,37.8,2025-11-21_09-33,,
R_AK_3DBall_2209,3DBall,2209,12.0,ppo,500000,129,24216,0.0006550700573992,3.0,230,41.3,83.5,1.4368,12000,1.1413,12000,96.1644,442000,100.0,204000,480000,0.0718,36000,0.2509,36000,1.409,12000,2.5657600000000005,84000,34.5,2025-11-21_09-33,,
R_AK_3DBall_2210,3DBall,2210,12.0,ppo,500000,129,24223,0.000508202092383,3.0,215,29.0,83.3,1.2527,12000,1.1242,12000,100.0,442000,100.0,240000,480000,0.0696,36000,0.262,36000,1.4095,12000,2.5657600000000005,108000,43.0,2025-11-21_09-33,,
R_AK_3DBall_2211,3DBall,2211,12.0,ppo,500000,48,9051,0.0008018506721135,3.0,272,46.0,83.2,10.0148,12000,1.3245,12000,93.98,442000,100.0,84000,480000,0.1147,12000,0.9061,12000,1.3776,12000,2.5657600000000005,36000,13.6,2025-11-21_09-33,,
R_AK_3DBall_2212,3DBall,2212,12.0,ppo,500000,61,11619,0.0001841318985738,3.0,220,26.7,83.0,1.612,12000,1.1219,12000,100.0,442000,100.0,156000,480000,0.1046,12000,0.3752,12000,1.4072,12000,2.5657600000000005,60000,22.0,2025-11-21_09-33,,
R_AK_3DBall_2213,3DBall,2213,12.0,ppo,500000,128,24024,0.0001168358715727,3.0,214,26.9,82.9,1.2334,12000,1.1201,12000,100.0,442000,100.0,288000,480000,0.0693,36000,0.2985,36000,1.4156,12000,2.5657600000000005,120000,48.1,2025-11-21_09-33,,
R_AK_3DBall_2214,3DBall,2214,12.0,ppo,500000,75,14227,0.0004469316399792,3.0,254,44.4,83.3,2.3758,12000,1.2046,12000,99.3017,442000,100.0,144000,480000,0.0942,24000,0.8714,24000,1.3858,12000,2.5657600000000005,48000,19.0,2025-11-21_09-33,,
R_AK_3DBall_2215,3DBall,2215,12.0,ppo,500000,138,26041,0.0005064621364616,3.0,235,38.0,83.2,1.3093,12000,1.1203,12000,100.0,442000,100.0,216000,480000,0.0689,36000,0.2595,36000,1.4077,12000,2.5657600000000005,96000,41.1,2025-11-21_09-33,,
R_AK_3DBall_2216,3DBall,2216,12.0,ppo,500000,156,29403,0.0008428468041169,3.0,230,38.9,83.2,1.3992,12000,1.1914,12000,98.94,442000,100.0,276000,480000,0.0634,36000,0.1994,36000,1.404,12000,2.5657600000000005,72000,28.7,2025-11-21_09-33,,
R_AK_3DBall_2217,3DBall,2217,12.0,ppo,500000,125,23570,0.0006090179438792,3.0,211,27.1,82.8,1.3333,12000,1.1001,12000,100.0,442000,100.0,228000,480000,0.0733,24000,0.2272,24000,1.408,12000,2.5657600000000005,84000,31.6,2025-11-21_09-33,,
R_AK_3DBall_2218,3DBall,2218,12.0,ppo,500000,103,19353,0.0003201525116807,3.0,215,28.1,83.1,1.4476,12000,1.1972,12000,100.0,442000,100.0,204000,480000,0.0801,24000,0.2994,24000,1.4128,12000,2.5657600000000005,72000,26.9,2025-11-21_09-33,,
R_AK_3DBall_2219,3DBall,2219,12.0,ppo,500000,121,22844,0.0006508001071971,3.0,214,29.5,82.9,1.2522,12000,1.131,12000,100.0,442000,100.0,240000,480000,0.0717,24000,0.2412,24000,1.4183,12000,2.5657600000000005,96000,37.4,2025-11-21_09-33,,
R_AK_3DBall_2220,3DBall,2220,12.0,ppo,500000,60,11396,0.0007128822090359,3.0,222,26.9,83.1,2.7373,12000,1.2111,12000,100.0,442000,100.0,132000,480000,0.1045,12000,0.6623,12000,1.4015,12000,2.5657600000000005,48000,16.6,2025-11-21_09-33,,
R_AK_3DBall_2221,3DBall,2221,12.0,ppo,500000,70,13160,0.0001367296718447,3.0,221,26.7,82.4,1.3163,12000,1.1047,12000,100.0,442000,100.0,180000,480000,0.0947,24000,0.3597,24000,1.413,12000,2.5657600000000005,84000,33.1,2025-11-21_09-33,,
R_AK_3DBall_2222,3DBall,2222,12.0,ppo,500000,74,13965,9.963540264670796e-05,3.0,263,44.6,83.3,2.2227,12000,1.2177,12000,100.0,442000,100.0,132000,480000,0.0939,24000,0.8342,24000,1.4133,12000,2.5657600000000005,60000,26.3,2025-11-21_09-33,,
R_AK_3DBall_2223,3DBall,2223,12.0,ppo,500000,63,11955,0.0002428908336372,3.0,250,42.9,83.2,2.3533,12000,1.169,12000,100.0,442000,100.0,132000,480000,0.1,12000,0.5889,12000,1.4019,12000,2.5657600000000005,48000,18.7,2025-11-21_09-33,,
R_AK_3DBall_2224,3DBall,2224,12.0,ppo,500000,138,25997,0.0008409436340157,3.0,215,30.9,83.9,1.2897,12000,1.1898,12000,100.0,442000,100.0,228000,480000,0.0672,36000,0.2476,36000,1.418,12000,2.5657600000000005,96000,37.6,2025-11-21_09-33,,
R_AK_3DBall_2225,3DBall,2225,12.0,ppo,500000,64,12106,0.0001498803620875,3.0,225,34.7,84.4,1.2407,12000,1.1412,12000,100.0,442000,100.0,204000,480000,0.1012,24000,0.3482,24000,1.4105,12000,2.5657600000000005,108000,45.0,2025-11-21_09-33,,
R_AK_3DBall_2226,3DBall,2226,12.0,ppo,500000,40,7502,4.49377818442038e-05,3.0,269,48.5,83.8,2.5813,12000,1.2279,12000,100.0,442000,100.0,120000,480000,0.1276,12000,0.6459,12000,1.414,12000,2.5657600000000005,48000,20.2,2025-11-21_09-33,,
R_AK_3DBall_2227,3DBall,2227,12.0,ppo,500000,147,27707,0.0003929239413307,3.0,213,31.6,83.8,1.2034,12000,1.0927,12000,100.0,442000,100.0,288000,480000,0.0678,36000,0.2429,36000,1.4128,12000,2.5657600000000005,120000,47.9,2025-11-21_09-33,,
R_AK_3DBall_2228,3DBall,2228,12.0,ppo,500000,158,29715,0.0005580982530036,3.0,260,44.3,83.8,1.3068,12000,1.1477,12000,100.0,442000,100.0,252000,480000,0.0649,36000,0.1758,36000,1.4106,12000,2.5657600000000005,72000,32.5,2025-11-21_09-33,,
R_AK_3DBall_2229,3DBall,2229,12.0,ppo,500000,119,22323,0.0001791965433492,3.0,233,42.3,84.0,1.2518,12000,1.1067,12000,98.48,442000,100.0,216000,480000,0.0728,24000,0.2156,24000,1.4166,12000,2.5657600000000005,96000,40.7,2025-11-21_09-33,,
R_AK_3DBall_2230,3DBall,2230,12.0,ppo,500000,96,18170,0.0008613651931387,3.0,241,43.9,84.2,1.5566,12000,1.1479,12000,100.0,442000,100.0,180000,480000,0.0841,24000,0.2366,24000,1.4128,12000,2.5657600000000005,72000,30.1,2025-11-21_09-33,,
R_AK_3DBall_2231,3DBall,2231,12.0,ppo,500000,171,32129,0.0003941354025507,3.0,271,51.8,83.0,1.2722,12000,1.1207,12000,98.5046,442000,100.0,264000,480000,0.0624,36000,0.164,36000,1.4133,12000,2.5657600000000005,108000,54.2,2025-11-21_09-33,,
R_AK_3DBall_2232,3DBall,2232,12.0,ppo,500000,71,13403,0.0001210194691384,3.0,250,48.0,83.3,1.4775,12000,1.1525,12000,100.0,442000,100.0,168000,480000,0.0947,24000,0.4022,24000,1.4154,12000,2.5657600000000005,84000,37.5,2025-11-21_09-33,,
R_AK_3DBall_2233,3DBall,2233,12.0,ppo,500000,181,33937,0.000724369917461,3.0,233,39.4,83.0,1.2219,12000,1.1064,12000,98.8683,442000,100.0,264000,480000,0.0604,36000,0.151,36000,1.4077,12000,2.5657600000000005,120000,52.4,2025-11-21_09-33,,
R_AK_3DBall_2234,3DBall,2234,12.0,ppo,500000,141,26509,0.0006643152324434,3.0,242,42.4,82.3,1.3699,12000,1.1052,12000,98.5092,442000,100.0,204000,480000,0.0703,36000,0.311,36000,1.4043,12000,2.5657600000000005,84000,36.3,2025-11-21_09-33,,
R_AK_3DBall_2235,3DBall,2235,12.0,ppo,500000,175,32827,0.0006176365432966,3.0,212,27.4,82.5,1.1984,12000,1.0989,12000,100.0,442000,100.0,288000,480000,0.0614,36000,0.2196,36000,1.4173,12000,2.5657600000000005,108000,42.4,2025-11-21_09-33,,
R_AK_3DBall_2236,3DBall,2236,12.0,ppo,500000,150,28186,0.0006008428727631,3.0,212,28.4,82.5,1.2533,12000,1.1654,12000,100.0,442000,100.0,276000,480000,0.0644,36000,0.2697,36000,1.4106,12000,2.5657600000000005,108000,42.3,2025-11-21_09-33,,
R_AK_3DBall_2237,3DBall,2237,12.0,ppo,500000,73,13715,0.0002058494097062,3.0,234,42.2,82.2,1.8788,12000,1.2059,12000,98.5754,442000,100.0,132000,480000,0.092,24000,0.5881,24000,1.4101,12000,2.5657600000000005,60000,23.4,2025-11-21_09-33,,
R_AK_3DBall_2238,3DBall,2238,12.0,ppo,500000,172,32383,0.0004667726824267,3.0,269,42.6,82.6,1.2556,12000,1.1687,12000,98.5077,442000,100.0,300000,480000,0.0588,36000,0.1638,36000,1.4155,12000,2.5657600000000005,108000,53.8,2025-11-21_09-33,,
R_AK_3DBall_2239,3DBall,2239,12.0,ppo,500000,43,8090,0.0003610773954886,3.0,266,43.8,82.6,13.3578,12000,1.3719,12000,98.5262,442000,100.0,96000,480000,0.1214,12000,1.0052,12000,1.376,12000,2.5657600000000005,36000,13.3,2025-11-21_09-33,,
R_AK_3DBall_2240,3DBall,2240,12.0,ppo,500000,188,35301,0.000707462001204,3.0,229,37.1,83.2,1.2236,12000,1.1213,12000,100.0,442000,100.0,300000,480000,0.0587,36000,0.1763,36000,1.4124,12000,2.5657600000000005,120000,51.5,2025-11-21_09-33,,
R_AK_3DBall_2241,3DBall,2241,12.0,ppo,500000,159,29831,0.00072400423947,3.0,266,46.8,82.2,1.3487,12000,1.1377,12000,97.1943,442000,100.0,228000,480000,0.0645,36000,0.2194,36000,1.4027,12000,2.5657600000000005,72000,33.2,2025-11-21_09-33,,
R_AK_3DBall_2242,3DBall,2242,12.0,ppo,500000,139,26179,0.0004833753468259,3.0,236,39.0,82.0,1.3481,12000,1.1303,12000,100.0,442000,100.0,252000,480000,0.0665,36000,0.2531,36000,1.4132,12000,2.5657600000000005,96000,41.3,2025-11-21_09-33,,
R_AK_3DBall_2243,3DBall,2243,12.0,ppo,500000,184,34503,7.341099120934507e-05,3.0,223,27.3,82.0,1.1332,12000,1.1178,12000,2.0045,442000,2.0955,468000,480000,0.0575,36000,0.5329,36000,1.4176,12000,2.5657600000000005,Not reached,Not reached,2025-11-21_09-33,,
R_AK_3DBall_2244,3DBall,2244,12.0,ppo,500000,107,20075,0.0004164275671122,3.0,235,39.8,82.5,1.4723,12000,1.1731,12000,100.0,442000,100.0,192000,480000,0.0788,24000,0.2358,24000,1.4143,12000,2.5657600000000005,72000,29.4,2025-11-21_09-33,,
R_AK_3DBall_2245,3DBall,2245,12.0,ppo,500000,130,24553,0.0003101621760868,3.0,245,40.3,82.2,1.5484,12000,1.2105,12000,100.0,442000,100.0,204000,480000,0.0702,36000,0.3111,36000,1.4081,12000,2.5657600000000005,84000,36.7,2025-11-21_09-33,,
R_AK_3DBall_2246,3DBall,2246,12.0,ppo,500000,37,6942,0.0001162449220978,3.0,317,45.8,82.1,17.2087,12000,1.5997,12000,99.7233,442000,100.0,72000,480000,0.131,12000,1.328,12000,1.3899,12000,2.5657600000000005,36000,15.8,2025-11-21_09-33,,
R_AK_3DBall_2247,3DBall,2247,12.0,ppo,500000,63,11914,0.0005412082718938,3.0,320,51.7,84.4,2.8571,12000,1.2078,12000,100.0,442000,100.0,132000,480000,0.1001,12000,0.7892,12000,1.373,12000,2.5657600000000005,48000,24.0,2025-11-21_09-33,,
R_AK_3DBall_2248,3DBall,2248,12.0,ppo,500000,152,28589,7.13894353020465e-05,3.0,247,42.1,83.5,1.2257,12000,1.1824,12000,100.0,442000,100.0,336000,480000,0.0628,36000,0.35,36000,1.419,12000,2.5657600000000005,132000,61.7,2025-11-21_09-33,,
R_AK_3DBall_2249,3DBall,2249,12.0,ppo,500000,159,29918,0.0004028018906385,3.0,255,44.8,83.7,1.1514,12000,1.0948,12000,100.0,442000,100.0,240000,480000,0.0649,36000,0.1637,36000,1.4188,12000,2.5657600000000005,108000,51.0,2025-11-21_09-33,,
R_AK_3DBall_2250,3DBall,2250,12.0,ppo,500000,75,14124,0.0005663518105335,3.0,270,45.9,83.5,1.9104,12000,1.1588,12000,97.4686,442000,100.0,144000,480000,0.091,24000,0.6707,24000,1.3885,12000,2.5657600000000005,60000,27.0,2025-11-21_09-33,,
R_AK_3DBall_2251,3DBall,2251,12.0,ppo,500000,128,24079,0.0008702483260871,3.0,251,42.7,83.4,1.3989,12000,1.0959,12000,100.0,442000,100.0,180000,480000,0.0724,36000,0.2686,36000,1.4158,12000,2.5657600000000005,84000,37.6,2025-11-21_09-33,,
R_AK_3DBall_2252,3DBall,2252,12.0,ppo,500000,103,19468,0.0003965248088707,3.0,220,32.0,83.5,1.3523,12000,1.0801,12000,100.0,442000,100.0,180000,480000,0.0769,24000,0.2249,24000,1.407,12000,2.5657600000000005,72000,27.5,2025-11-21_09-33,,
R_AK_3DBall_2253,3DBall,2253,12.0,ppo,500000,164,30891,0.000437957471431,3.0,288,47.6,83.4,1.2933,12000,1.1449,12000,100.0,442000,100.0,312000,480000,0.0603,36000,0.1682,36000,1.4139,12000,2.5657600000000005,96000,50.4,2025-11-21_09-33,,
R_AK_3DBall_2254,3DBall,2254,12.0,ppo,500000,115,21636,0.0008904312830875,3.0,296,50.0,83.5,1.6746,12000,1.1334,12000,100.0,442000,100.0,144000,480000,0.0744,24000,0.3635,24000,1.3914,12000,2.5657600000000005,60000,29.6,2025-11-21_09-33,,
R_AK_3DBall_2255,3DBall,2255,12.0,ppo,500000,52,9874,0.0003797957949875,3.0,307,52.1,82.9,7.3965,12000,1.3292,12000,95.4185,442000,100.0,144000,480000,0.1107,12000,0.8535,12000,1.3833,12000,2.5657600000000005,36000,15.4,2025-11-21_09-33,,
R_AK_3DBall_2256,3DBall,2256,12.0,ppo,500000,135,25461,0.0007694734223986,3.0,266,46.2,83.4,1.6223,12000,1.2188,12000,97.5954,442000,100.0,216000,480000,0.0697,36000,0.4025,36000,1.4022,12000,2.5657600000000005,72000,33.2,2025-11-21_09-33,,
R_AK_3DBall_2257,3DBall,2257,12.0,ppo,500000,60,11314,0.0002104032738993,3.0,278,47.4,83.2,2.7447,12000,1.2094,12000,99.905,442000,100.0,108000,480000,0.106,12000,0.624,12000,1.4044,12000,2.5657600000000005,48000,20.9,2025-11-21_09-33,,
R_AK_3DBall_2258,3DBall,2258,12.0,ppo,500000,112,21020,0.0008879661633656,3.0,219,32.2,83.4,1.5575,12000,1.2066,12000,100.0,442000,100.0,168000,480000,0.075,24000,0.2825,24000,1.4083,12000,2.5657600000000005,72000,27.4,2025-11-21_09-33,,
R_AK_3DBall_2259,3DBall,2259,12.0,ppo,500000,58,11020,0.0001944631699462,3.0,318,49.9,83.3,4.4362,12000,1.3773,12000,98.4846,442000,100.0,144000,480000,0.109,12000,0.8935,12000,1.3963,12000,2.5657600000000005,48000,23.9,2025-11-21_09-33,,
R_AK_3DBall_2260,3DBall,2260,12.0,ppo,500000,172,32409,0.0006083006811456,3.0,261,44.3,83.7,1.2183,12000,1.0967,12000,100.0,442000,100.0,288000,480000,0.0612,36000,0.1611,36000,1.417,12000,2.5657600000000005,108000,52.2,2025-11-21_09-33,,
R_AK_3DBall_2261,3DBall,2261,12.0,ppo,500000,157,29441,0.0006892770133058,3.0,285,47.2,83.3,1.3087,12000,1.164,12000,99.4317,442000,100.0,228000,480000,0.0642,36000,0.1697,36000,1.4059,12000,2.5657600000000005,72000,35.6,2025-11-21_09-33,,
R_AK_3DBall_2262,3DBall,2262,12.0,ppo,500000,50,9411,0.0002268737706201,3.0,298,50.1,82.6,5.08,12000,1.3576,12000,100.0,442000,100.0,132000,480000,0.1136,12000,1.0062,12000,1.3895,12000,2.5657600000000005,36000,14.9,2025-11-21_09-33,,
R_AK_3DBall_2263,3DBall,2263,12.0,ppo,500000,72,13574,0.0007904038363383,3.0,225,32.2,82.4,2.1851,12000,1.182,12000,100.0,442000,100.0,156000,480000,0.0948,24000,0.7944,24000,1.3843,12000,2.5657600000000005,60000,22.5,2025-11-21_09-33,,
R_AK_3DBall_2264,3DBall,2264,12.0,ppo,500000,39,7393,0.0004969358999128,3.0,313,51.3,83.5,18.1843,12000,1.64,12000,95.6514,442000,100.0,96000,480000,0.1266,12000,1.237,12000,1.3804,12000,2.5657600000000005,36000,15.7,2025-11-21_09-33,,
R_AK_3DBall_2265,3DBall,2265,12.0,ppo,500000,36,6794,0.0003555935358768,3.0,306,49.8,83.4,15.1604,12000,1.5432,12000,100.0,442000,100.0,84000,480000,0.1322,12000,1.1721,12000,1.3816,12000,2.5657600000000005,36000,15.3,2025-11-21_09-33,,
R_AK_3DBall_2266,3DBall,2266,12.0,ppo,500000,156,29344,0.0001628633493801,3.0,290,47.8,84.0,1.2682,12000,1.1384,12000,95.5203,442000,100.0,276000,480000,0.0681,36000,0.1782,36000,1.4163,12000,2.5657600000000005,96000,50.8,2025-11-21_09-33,,
R_AK_3DBall_2267,3DBall,2267,12.0,ppo,500000,146,27514,4.958683297110998e-05,3.0,271,48.3,84.0,1.2864,12000,1.1445,12000,100.0,442000,100.0,312000,480000,0.066,36000,0.3037,36000,1.4182,12000,2.5657600000000005,96000,47.4,2025-11-21_09-33,,
R_AK_3DBall_2268,3DBall,2268,12.0,ppo,500000,64,12025,0.0004318033098356,3.0,330,52.4,82.8,3.8197,12000,1.1759,12000,100.0,442000,100.0,180000,480000,0.0997,24000,0.9099,24000,1.3862,12000,2.5657600000000005,48000,24.8,2025-11-21_09-33,,
R_AK_3DBall_2269,3DBall,2269,12.0,ppo,500000,140,26295,0.0008100562153883,3.0,236,38.9,81.7,1.4314,12000,1.1684,12000,100.0,442000,100.0,264000,480000,0.0675,36000,0.3124,36000,1.4066,12000,2.5657600000000005,84000,35.5,2025-11-21_09-33,,
R_AK_3DBall_2270,3DBall,2270,12.0,ppo,500000,79,14835,0.0003611747498694,3.0,278,44.0,81.8,2.2384,12000,1.1646,12000,100.0,442000,100.0,144000,480000,0.0885,24000,0.5269,24000,1.3975,12000,2.5657600000000005,48000,20.9,2025-11-21_09-33,,
R_AK_3DBall_2271,3DBall,2271,12.0,ppo,500000,125,23471,0.0005584988791248,3.0,266,46.3,84.1,1.4683,12000,1.1229,12000,98.5062,442000,100.0,168000,480000,0.0726,24000,0.2895,24000,1.4034,12000,2.5657600000000005,84000,39.9,2025-11-21_09-33,,
R_AK_3DBall_2272,3DBall,2272,12.0,ppo,500000,37,7007,0.0007287497879564,3.0,238,31.5,83.7,14.7796,12000,1.4727,12000,98.4954,442000,100.0,96000,480000,0.1315,12000,1.2832,12000,1.3801,12000,2.5657600000000005,36000,11.9,2025-11-21_09-33,,
R_AK_3DBall_2273,3DBall,2273,12.0,ppo,500000,174,32685,0.0005368664538865,3.0,218,30.6,82.8,1.1726,12000,1.1859,12000,95.8172,442000,100.0,324000,480000,0.059,36000,0.326,36000,1.413,12000,2.5657600000000005,144000,59.9,2025-11-21_09-33,,
R_AK_3DBall_2274,3DBall,2274,12.0,ppo,500000,142,26731,0.000114520883432,3.0,268,43.6,82.1,1.3281,12000,1.0965,12000,99.6517,442000,100.0,276000,480000,0.0685,36000,0.2724,36000,1.4141,12000,2.5657600000000005,96000,46.8,2025-11-21_09-33,,
R_AK_3DBall_2275,3DBall,2275,12.0,ppo,500000,61,11502,0.0005471949337303,3.0,219,26.7,81.4,2.2488,12000,1.1629,12000,100.0,442000,100.0,120000,480000,0.1023,12000,0.4936,12000,1.3883,12000,2.5657600000000005,48000,16.4,2025-11-21_09-33,,
R_AK_3DBall_2276,3DBall,2276,12.0,ppo,500000,172,32368,0.0006706933840517,3.0,256,44.7,81.5,1.2142,12000,1.0846,12000,98.5154,442000,100.0,276000,480000,0.0631,36000,0.18,36000,1.4077,12000,2.5657600000000005,108000,51.2,2025-11-21_09-33,,
R_AK_3DBall_2277,3DBall,2277,12.0,ppo,500000,150,28144,0.0003924887850942,3.0,213,28.4,82.1,1.1967,12000,1.0874,12000,100.0,442000,100.0,312000,480000,0.0641,36000,0.2629,36000,1.416,12000,2.5657600000000005,120000,47.9,2025-11-21_09-33,,
R_AK_3DBall_2278,3DBall,2278,12.0,ppo,500000,82,15480,0.00025157396092,3.0,235,40.5,81.9,1.7266,12000,1.2621,12000,100.0,442000,100.0,168000,480000,0.088,24000,0.3836,24000,1.4062,12000,2.5657600000000005,60000,23.5,2025-11-21_09-33,,
R_AK_3DBall_2279,3DBall,2279,12.0,ppo,500000,46,8693,0.000521973701391,3.0,225,26.4,81.8,6.8981,12000,1.3681,12000,100.0,442000,100.0,96000,480000,0.1169,12000,1.1344,12000,1.3941,12000,2.5657600000000005,36000,11.2,2025-11-21_09-33,,
R_AK_3DBall_2280,3DBall,2280,12.0,ppo,500000,119,22355,0.0007194759948891,3.0,235,40.6,82.2,1.4658,12000,1.1226,12000,100.0,442000,100.0,192000,480000,0.0736,24000,0.293,24000,1.4062,12000,2.5657600000000005,72000,29.3,2025-11-21_09-33,,
R_AK_3DBall_2281,3DBall,2281,12.0,ppo,500000,135,25469,0.0006576397280827,3.0,267,46.6,82.3,1.488,12000,1.1491,12000,100.0,442000,100.0,216000,480000,0.0677,36000,0.3661,36000,1.4076,12000,2.5657600000000005,72000,33.4,2025-11-21_09-33,,
R_AK_3DBall_2282,3DBall,2282,12.0,ppo,500000,150,28297,0.0003860639852624,3.0,231,38.8,82.2,1.2463,12000,1.1499,12000,100.0,442000,100.0,252000,480000,0.0664,36000,0.2005,36000,1.4186,12000,2.5657600000000005,96000,40.4,2025-11-21_09-33,,
R_AK_3DBall_2283,3DBall,2283,12.0,ppo,500000,72,13571,0.0008687033743798,3.0,253,43.8,81.8,2.163,12000,1.2158,12000,98.2648,442000,100.0,156000,480000,0.0948,24000,0.7755,24000,1.3934,12000,2.5657600000000005,60000,25.3,2025-11-21_09-33,,
R_AK_3DBall_2284,3DBall,2284,12.0,ppo,500000,106,20021,0.0007490499340054,3.0,213,26.8,81.9,1.4807,12000,1.165,12000,100.0,442000,100.0,180000,480000,0.0762,24000,0.2601,24000,1.4048,12000,2.5657600000000005,72000,26.6,2025-11-21_09-33,,
R_AK_3DBall_2285,3DBall,2285,12.0,ppo,500000,137,25800,0.0006134485000555,3.0,221,38.1,81.8,1.4152,12000,1.134,12000,100.0,442000,100.0,228000,480000,0.0698,36000,0.3178,36000,1.4067,12000,2.5657600000000005,84000,33.1,2025-11-21_09-33,,
R_AK_3DBall_2286,3DBall,2286,12.0,ppo,500000,99,18668,4.676114555087069e-05,3.0,251,42.6,82.4,1.3868,12000,1.1344,12000,98.4877,442000,100.0,228000,480000,0.0804,24000,0.2535,24000,1.4177,12000,2.5657600000000005,84000,37.6,2025-11-21_09-33,,
R_AK_3DBall_2287,3DBall,2287,12.0,ppo,500000,54,10282,0.0003805965829444,3.0,222,26.4,82.4,2.025,12000,1.1706,12000,100.0,442000,100.0,156000,480000,0.1088,12000,0.3985,12000,1.4083,12000,2.5657600000000005,60000,22.2,2025-11-21_09-33,,
R_AK_3DBall_2288,3DBall,2288,12.0,ppo,500000,127,23933,3.9282991780528994e-05,3.0,221,36.5,82.3,1.2325,12000,1.1625,12000,99.2817,442000,100.0,444000,480000,0.0693,24000,0.3742,24000,1.4177,12000,2.5657600000000005,156000,66.2,2025-11-21_09-33,,
R_AK_3DBall_2289,3DBall,2289,12.0,ppo,500000,170,31981,0.0001274622555552,3.0,244,39.4,82.3,1.1737,12000,1.0832,12000,100.0,442000,100.0,324000,480000,0.0611,36000,0.1675,36000,1.4186,12000,2.5657600000000005,108000,48.8,2025-11-21_09-33,,
R_AK_3DBall_2290,3DBall,2290,12.0,ppo,500000,145,27308,0.0008852292173052,3.0,214,28.5,81.9,1.2988,12000,1.1741,12000,100.0,442000,100.0,240000,480000,0.068,36000,0.2524,36000,1.4121,12000,2.5657600000000005,96000,37.4,2025-11-21_09-33,,
R_AK_3DBall_2291,3DBall,2291,12.0,ppo,500000,101,19059,0.0005673584079307,3.0,213,26.5,81.4,1.5221,12000,1.2014,12000,100.0,442000,100.0,204000,480000,0.0794,24000,0.246,24000,1.4116,12000,2.5657600000000005,72000,26.6,2025-11-21_09-33,,
R_AK_3DBall_2292,3DBall,2292,12.0,ppo,500000,132,24830,9.003598662420214e-05,3.0,223,41.1,81.8,1.2777,12000,1.1334,12000,100.0,442000,100.0,264000,480000,0.0689,36000,0.2646,36000,1.4189,12000,2.5657600000000005,108000,44.6,2025-11-21_09-33,,
R_AK_3DBall_2293,3DBall,2293,12.0,ppo,500000,36,6882,0.0007565344047382,3.0,233,27.8,82.2,9.2235,12000,1.3475,12000,98.6108,442000,100.0,96000,480000,0.1328,12000,1.2639,12000,1.3693,12000,2.5657600000000005,36000,11.7,2025-11-21_09-33,,
R_AK_3DBall_2294,3DBall,2294,12.0,ppo,500000,41,7736,0.00038969044482,3.0,298,47.4,82.9,15.0541,12000,1.5463,12000,96.7176,442000,100.0,132000,480000,0.1235,12000,1.1851,12000,1.3621,12000,2.5657600000000005,36000,14.9,2025-11-21_09-33,,
R_AK_3DBall_2295,3DBall,2295,12.0,ppo,500000,171,32078,0.0008229615975854,3.0,237,39.6,82.4,1.2047,12000,1.0736,12000,98.3269,442000,100.0,300000,480000,0.0627,36000,0.1571,36000,1.4143,12000,2.5657600000000005,108000,47.4,2025-11-21_09-33,,
R_AK_3DBall_2296,3DBall,2296,12.0,ppo,500000,115,21665,0.0008898528900939,3.0,235,43.1,83.2,1.4404,12000,1.1073,12000,98.5123,442000,100.0,168000,480000,0.0754,24000,0.2448,24000,1.4134,12000,2.5657600000000005,72000,29.4,2025-11-21_09-33,,
R_AK_3DBall_2297,3DBall,2297,12.0,ppo,500000,127,23982,0.0001046090736335,3.0,214,28.4,83.3,1.1764,12000,1.0877,12000,100.0,442000,100.0,324000,480000,0.0717,36000,0.2797,36000,1.4132,12000,2.5657600000000005,132000,53.4,2025-11-21_09-33,,
R_AK_3DBall_2298,3DBall,2298,12.0,ppo,500000,177,33326,0.000718393776871,3.0,218,37.5,82.9,1.2677,12000,1.1635,12000,98.4969,442000,100.0,276000,480000,0.0608,36000,0.1799,36000,1.4123,12000,2.5657600000000005,108000,43.5,2025-11-21_09-33,,
R_AK_3DBall_2299,3DBall,2299,12.0,ppo,500000,120,22560,0.0003428000983607,3.0,264,45.7,83.6,1.562,12000,1.1771,12000,100.0,442000,100.0,192000,480000,0.0751,24000,0.3238,24000,1.412,12000,2.5657600000000005,72000,33.0,2025-11-21_09-33,,
R_AK_3DBall_2300,3DBall,2300,12.0,ppo,500000,32,6159,0.0003933175862116,3.0,321,49.3,83.6,26.915,12000,1.7919,12000,98.5492,442000,100.0,144000,480000,0.1425,12000,0.9711,12000,1.3449,12000,2.5657600000000005,36000,16.1,2025-11-21_09-33,,
R_AK_3DBall_2301,3DBall,2301,12.0,ppo,500000,51,9748,0.0006324211532186,3.0,254,43.5,83.4,4.66,12000,1.3347,12000,94.2066,442000,100.0,108000,480000,0.1112,12000,0.8042,12000,1.3748,12000,2.5657600000000005,48000,19.1,2025-11-21_09-33,,
R_AK_3DBall_2302,3DBall,2302,12.0,ppo,500000,133,24999,0.0008000718463291,3.0,211,27.5,83.7,1.3171,12000,1.1118,12000,100.0,442000,100.0,228000,480000,0.0711,36000,0.2595,36000,1.4163,12000,2.5657600000000005,84000,31.6,2025-11-21_09-33,,
R_AK_3DBall_2303,3DBall,2303,12.0,ppo,500000,167,31323,0.000586571970875,3.0,221,38.3,84.2,1.2679,12000,1.1445,12000,97.8471,442000,100.0,264000,480000,0.0628,36000,0.1856,36000,1.4167,12000,2.5657600000000005,96000,38.6,2025-11-21_09-33,,
R_AK_3DBall_2304,3DBall,2304,12.0,ppo,500000,176,33083,0.000878684082483,3.0,236,43.4,84.6,1.308,12000,1.1662,12000,95.4985,442000,100.0,312000,480000,0.0617,36000,0.1716,36000,1.4107,12000,2.5657600000000005,108000,47.3,2025-11-21_09-33,,
R_AK_3DBall_2305,3DBall,2305,12.0,ppo,500000,165,31058,0.0005496897347374,3.0,212,27.7,84.2,1.1891,12000,1.1482,12000,100.0,442000,100.0,300000,480000,0.0627,36000,0.2156,36000,1.4156,12000,2.5657600000000005,120000,47.6,2025-11-21_09-33,,
R_AK_3DBall_2306,3DBall,2306,12.0,ppo,500000,159,29968,0.0002441354513837,3.0,211,28.4,84.3,1.1581,12000,1.1011,12000,100.0,442000,100.0,348000,480000,0.0619,36000,0.225,36000,1.4167,12000,2.5657600000000005,132000,52.7,2025-11-21_09-33,,
R_AK_3DBall_2307,3DBall,2307,12.0,ppo,500000,42,7890,0.0003710290397349,3.0,240,40.7,84.1,8.2628,12000,1.3544,12000,98.4769,442000,100.0,96000,480000,0.1239,12000,1.203,12000,1.3819,12000,2.5657600000000005,36000,12.0,2025-11-21_09-33,,
R_AK_3DBall_2308,3DBall,2308,12.0,ppo,500000,143,26840,0.000765236987096,3.0,240,41.6,84.5,1.5091,12000,1.1899,12000,90.9368,442000,100.0,180000,480000,0.0673,36000,0.417,36000,1.4033,12000,2.5657600000000005,72000,30.0,2025-11-21_09-33,,
R_AK_3DBall_2309,3DBall,2309,12.0,ppo,500000,166,31234,0.0006085766358022,3.0,211,25.5,84.3,1.2464,12000,1.1359,12000,100.0,442000,100.0,300000,480000,0.0604,36000,0.2326,36000,1.4208,12000,2.5657600000000005,108000,42.1,2025-11-21_09-33,,
R_AK_3DBall_2310,3DBall,2310,12.0,ppo,500000,104,19575,0.0001247437044513,3.0,247,42.3,84.0,1.5315,12000,1.1788,12000,100.0,442000,100.0,192000,480000,0.0768,24000,0.2583,24000,1.4156,12000,2.5657600000000005,72000,30.9,2025-11-21_09-33,,
R_AK_3DBall_2311,3DBall,2311,12.0,ppo,500000,98,18383,0.0005720206149923,3.0,226,39.2,83.7,1.7262,12000,1.2118,12000,97.2057,442000,100.0,240000,480000,0.0803,24000,0.2876,24000,1.4034,12000,2.5657600000000005,60000,22.6,2025-11-21_09-33,,
R_AK_3DBall_2312,3DBall,2312,12.0,ppo,500000,189,35538,0.0006139294845435,3.0,223,39.6,83.7,1.236,12000,1.0948,12000,98.48,442000,100.0,276000,480000,0.0605,36000,0.1732,36000,1.415,12000,2.5657600000000005,120000,50.1,2025-11-21_09-33,,
R_AK_3DBall_2313,3DBall,2313,12.0,ppo,500000,161,30283,0.0006561389770543,3.0,214,25.8,83.1,1.2526,12000,1.1284,12000,100.0,442000,100.0,276000,480000,0.0648,36000,0.1989,36000,1.4145,12000,2.5657600000000005,108000,42.7,2025-11-21_09-33,,
R_AK_3DBall_2314,3DBall,2314,12.0,ppo,500000,130,24395,0.0002646738556388,3.0,215,25.9,83.2,1.2371,12000,1.1386,12000,100.0,442000,100.0,276000,480000,0.0688,36000,0.2534,36000,1.4183,12000,2.5657600000000005,108000,43.0,2025-11-21_09-33,,
R_AK_3DBall_2315,3DBall,2315,12.0,ppo,500000,112,21088,0.0002680634193869,3.0,245,42.8,83.4,1.5068,12000,1.1569,12000,98.5646,442000,100.0,228000,480000,0.0767,24000,0.2851,24000,1.4105,12000,2.5657600000000005,72000,30.6,2025-11-21_09-33,,
R_AK_3DBall_2316,3DBall,2316,12.0,ppo,500000,167,31326,0.0008974853391121,3.0,239,41.1,83.4,1.254,12000,1.1448,12000,98.8092,442000,100.0,276000,480000,0.0646,36000,0.1725,36000,1.412,12000,2.5657600000000005,96000,41.8,2025-11-21_09-33,,
R_AK_3DBall_2317,3DBall,2317,12.0,ppo,500000,155,29074,0.0003311492961843,3.0,211,29.4,83.9,1.2065,12000,1.0992,12000,99.115,442000,100.0,288000,480000,0.0647,36000,0.2086,36000,1.4188,12000,2.5657600000000005,108000,42.2,2025-11-21_09-33,,
R_AK_3DBall_2318,3DBall,2318,12.0,ppo,500000,137,25689,0.0001419798669469,3.0,244,44.3,83.8,1.4116,12000,1.1659,12000,98.5031,442000,100.0,264000,480000,0.0688,36000,0.3029,36000,1.4171,12000,2.5657600000000005,84000,36.6,2025-11-21_09-33,,
R_AK_3DBall_2319,3DBall,2319,12.0,ppo,500000,82,15510,0.0008849099328638,3.0,257,48.2,83.8,2.2096,12000,1.152,12000,99.535,442000,100.0,108000,480000,0.0885,24000,0.5221,24000,1.387,12000,2.5657600000000005,48000,19.3,2025-11-21_09-33,,
R_AK_3DBall_2320,3DBall,2320,12.0,ppo,500000,48,9174,0.0004894247989946,3.0,256,46.9,83.4,10.3387,12000,1.3428,12000,98.705,442000,100.0,108000,480000,0.1152,12000,1.0383,12000,1.3694,12000,2.5657600000000005,36000,12.8,2025-11-21_09-33,,
R_AK_3DBall_2321,3DBall,2321,12.0,ppo,500000,158,29803,0.0004905111907708,3.0,224,37.2,83.0,1.2593,12000,1.1178,12000,100.0,442000,100.0,252000,480000,0.0635,36000,0.1892,36000,1.417,12000,2.5657600000000005,96000,39.2,2025-11-21_09-33,,
R_AK_3DBall_2322,3DBall,2322,12.0,ppo,500000,36,6832,0.0003131458641929,3.0,262,47.1,83.4,23.9186,12000,1.6006,12000,98.4739,442000,100.0,108000,480000,0.1355,12000,1.3135,12000,1.3817,12000,2.5657600000000005,36000,13.1,2025-11-21_09-33,,
R_AK_3DBall_2323,3DBall,2323,12.0,ppo,500000,187,35126,0.0005031033125135,3.0,218,36.5,83.2,1.2416,12000,1.0877,12000,98.4969,442000,100.0,300000,480000,0.0603,36000,0.1836,36000,1.4139,12000,2.5657600000000005,120000,49.0,2025-11-21_09-33,,
R_AK_3DBall_2324,3DBall,2324,12.0,ppo,500000,104,19606,0.0006853765927953,3.0,215,28.4,83.6,1.3173,12000,1.138,12000,100.0,442000,100.0,180000,480000,0.0793,24000,0.2295,24000,1.4043,12000,2.5657600000000005,84000,32.2,2025-11-21_09-33,,
R_AK_3DBall_2325,3DBall,2325,12.0,ppo,500000,78,14800,0.0002742817893243,3.0,234,42.9,83.6,1.8939,12000,1.1816,12000,100.0,442000,100.0,156000,480000,0.0904,24000,0.4369,24000,1.398,12000,2.5657600000000005,60000,23.4,2025-11-21_09-33,,
R_AK_3DBall_2326,3DBall,2326,12.0,ppo,500000,175,32934,0.0001381644562665,3.0,221,38.0,84.7,1.2304,12000,1.1463,12000,97.0662,442000,100.0,384000,480000,0.0599,36000,0.213,36000,1.4172,12000,2.5657600000000005,108000,44.2,2025-11-21_09-33,,
R_AK_3DBall_2327,3DBall,2327,12.0,ppo,500000,182,34158,0.0002443476382319,3.0,224,40.2,84.6,1.3018,12000,1.1509,12000,100.0,442000,100.0,252000,480000,0.0599,36000,0.2012,36000,1.4147,12000,2.5657600000000005,108000,44.7,2025-11-21_09-33,,
R_AK_3DBall_2328,3DBall,2328,12.0,ppo,500000,150,28294,3.86776023213681e-05,3.0,232,44.6,84.4,1.2017,12000,1.093,12000,100.0,442000,100.0,300000,480000,0.0672,36000,0.2209,36000,1.4183,12000,2.5657600000000005,120000,52.1,2025-11-21_09-33,,
R_AK_3DBall_2329,3DBall,2329,12.0,ppo,500000,162,30390,0.0006969983662362,3.0,254,44.7,84.1,1.274,12000,1.1377,12000,100.0,442000,100.0,324000,480000,0.0643,36000,0.1694,36000,1.4116,12000,2.5657600000000005,72000,31.7,2025-11-21_09-33,,
R_AK_3DBall_2330,3DBall,2330,12.0,ppo,500000,188,35355,0.0004997250145006,3.0,221,37.9,84.1,1.2763,12000,1.1317,12000,99.825,442000,100.0,300000,480000,0.0585,36000,0.2037,36000,1.4105,12000,2.5657600000000005,120000,49.7,2025-11-21_09-33,,
R_AK_3DBall_2331,3DBall,2331,12.0,ppo,500000,131,24670,0.0003287721456953,3.0,232,39.7,84.0,1.3627,12000,1.0924,12000,100.0,442000,100.0,240000,480000,0.0707,36000,0.2527,36000,1.4137,12000,2.5657600000000005,84000,34.8,2025-11-21_09-33,,
R_AK_3DBall_2332,3DBall,2332,12.0,ppo,500000,78,14677,0.0002072309881298,3.0,236,42.1,84.2,1.8059,12000,1.1581,12000,100.0,442000,100.0,156000,480000,0.0914,24000,0.3726,24000,1.4053,12000,2.5657600000000005,60000,23.6,2025-11-21_09-33,,
R_AK_3DBall_2333,3DBall,2333,12.0,ppo,500000,142,26761,0.000257278218335,3.0,214,27.1,84.2,1.1499,12000,1.1066,12000,100.0,442000,100.0,336000,480000,0.0665,36000,0.3401,36000,1.4149,12000,2.5657600000000005,144000,58.8,2025-11-21_09-33,,
R_AK_3DBall_2334,3DBall,2334,12.0,ppo,500000,74,14022,0.000412325613071,3.0,256,47.0,84.4,3.4024,12000,1.3295,12000,99.8483,442000,100.0,156000,480000,0.0917,24000,1.1055,24000,1.3754,12000,2.5657600000000005,48000,19.2,2025-11-21_09-33,,
R_AK_3DBall_2335,3DBall,2335,12.0,ppo,500000,97,18359,0.0001690890666107,3.0,236,46.1,84.4,1.6174,12000,1.1585,12000,100.0,442000,100.0,180000,480000,0.0807,24000,0.2674,24000,1.4127,12000,2.5657600000000005,72000,29.5,2025-11-21_09-33,,
R_AK_3DBall_2336,3DBall,2336,12.0,ppo,500000,133,24977,0.000493141491463,3.0,225,44.8,84.3,1.4009,12000,1.148,12000,97.7939,442000,100.0,204000,480000,0.0689,36000,0.265,36000,1.4095,12000,2.5657600000000005,84000,33.7,2025-11-21_09-33,,
R_AK_3DBall_2337,3DBall,2337,12.0,ppo,500000,72,13541,0.0006171845893206,3.0,248,43.1,83.9,2.811,12000,1.2013,12000,100.0,442000,100.0,180000,480000,0.0972,24000,1.0318,24000,1.3792,12000,2.5657600000000005,48000,18.6,2025-11-21_09-33,,
R_AK_3DBall_2338,3DBall,2338,12.0,ppo,500000,102,19235,0.0007600641572179,3.0,229,40.5,84.0,1.6634,12000,1.2209,12000,96.9759,442000,100.0,180000,480000,0.0781,24000,0.3177,24000,1.393,12000,2.5657600000000005,72000,28.6,2025-11-21_09-33,,
R_AK_3DBall_2339,3DBall,2339,12.0,ppo,500000,78,14733,0.000542304506617,3.0,231,41.1,83.8,1.8908,12000,1.2546,12000,97.9877,442000,100.0,132000,480000,0.0895,24000,0.3922,24000,1.3996,12000,2.5657600000000005,60000,23.1,2025-11-21_09-33,,
R_AK_3DBall_2340,3DBall,2340,12.0,ppo,500000,80,15099,0.0006567247370088,3.0,216,27.3,83.2,1.9519,12000,1.3051,12000,100.0,442000,100.0,180000,480000,0.0898,24000,0.4387,24000,1.4065,12000,2.5657600000000005,60000,21.6,2025-11-21_09-33,,
R_AK_3DBall_2341,3DBall,2341,12.0,ppo,500000,83,15707,8.438999123902009e-05,3.0,229,40.4,82.9,1.516,12000,1.1271,12000,100.0,442000,100.0,156000,480000,0.0885,24000,0.3295,24000,1.4178,12000,2.5657600000000005,72000,28.6,2025-11-21_09-33,,
R_AK_3DBall_2342,3DBall,2342,12.0,ppo,500000,86,16164,0.0001329789486236,3.0,250,44.1,83.5,1.8097,12000,1.2042,12000,98.4939,442000,100.0,168000,480000,0.0884,24000,0.4228,24000,1.4106,12000,2.5657600000000005,60000,25.0,2025-11-21_09-33,,
R_AK_3DBall_2343,3DBall,2343,12.0,ppo,500000,168,31516,0.0003986687269981,3.0,221,39.0,83.0,1.2075,12000,1.0718,12000,100.0,442000,100.0,276000,480000,0.0628,36000,0.1708,36000,1.4167,12000,2.5657600000000005,108000,44.2,2025-11-21_09-33,,
R_AK_3DBall_2344,3DBall,2344,12.0,ppo,500000,158,29681,0.0004372291879993,3.0,242,43.6,83.1,1.329,12000,1.1883,12000,96.7708,442000,100.0,324000,480000,0.0651,36000,0.1827,36000,1.4181,12000,2.5657600000000005,96000,42.3,2025-11-21_09-33,,
R_AK_3DBall_2345,3DBall,2345,12.0,ppo,500000,184,34636,7.402737415364043e-05,3.0,223,37.0,82.6,1.1755,12000,1.1259,12000,99.0569,442000,100.0,372000,480000,0.0593,36000,0.2291,36000,1.4177,12000,2.5657600000000005,144000,61.3,2025-11-21_09-33,,
R_AK_3DBall_2346,3DBall,2346,12.0,ppo,500000,120,22584,0.0006334399628706,3.0,248,42.7,82.4,1.4329,12000,1.0625,12000,95.4825,442000,100.0,192000,480000,0.0754,24000,0.2658,24000,1.4034,12000,2.5657600000000005,84000,37.2,2025-11-21_09-33,,
R_AK_3DBall_2347,3DBall,2347,12.0,ppo,500000,151,28436,0.0002296054607617,3.0,213,26.7,82.4,1.129,12000,1.0781,12000,100.0,442000,100.0,372000,480000,0.0651,36000,0.3937,36000,1.4176,12000,2.5657600000000005,156000,63.8,2025-11-21_09-33,,
R_AK_3DBall_2348,3DBall,2348,12.0,ppo,500000,54,10184,0.0008132221915936,3.0,240,43.9,82.9,6.224,12000,1.3279,12000,95.7554,442000,100.0,168000,480000,0.1087,12000,0.9365,12000,1.3567,12000,2.5657600000000005,36000,12.0,2025-11-21_09-33,,
R_AK_3DBall_2349,3DBall,2349,12.0,ppo,500000,145,27369,0.0005327244580999,3.0,216,38.2,83.0,1.2923,12000,1.0894,12000,100.0,442000,100.0,240000,480000,0.0672,36000,0.2726,36000,1.4107,12000,2.5657600000000005,96000,37.8,2025-11-21_09-33,,
R_AK_3DBall_2350,3DBall,2350,12.0,ppo,500000,32,6126,0.0007468464308279,3.0,302,50.5,83.0,22.1552,12000,1.9301,12000,98.1585,442000,100.0,300000,480000,0.1398,12000,1.1118,12000,1.3351,12000,2.5657600000000005,24000,7.6,2025-11-21_09-33,,
R_AK_3DBall_2351,3DBall,2351,12.0,ppo,500000,150,28302,6.220353589468255e-05,3.0,222,37.2,82.6,1.1665,12000,1.1378,12000,98.0587,442000,100.0,384000,480000,0.0661,36000,0.3268,36000,1.4169,12000,2.5657600000000005,156000,66.5,2025-11-21_09-33,,
R_AK_3DBall_2352,3DBall,2352,12.0,ppo,500000,190,35646,0.0006922327107721,3.0,229,40.0,82.8,1.303,12000,1.1412,12000,96.9457,442000,100.0,288000,480000,0.0573,36000,0.1918,36000,1.4105,12000,2.5657600000000005,84000,34.3,2025-11-21_09-33,,
R_AK_3DBall_2353,3DBall,2353,12.0,ppo,500000,177,33192,0.0008386040593472,3.0,246,43.2,82.9,1.3002,12000,1.1533,12000,98.3681,442000,100.0,336000,480000,0.0619,36000,0.1775,36000,1.41,12000,2.5657600000000005,84000,36.9,2025-11-21_09-33,,
R_AK_3DBall_2354,3DBall,2354,12.0,ppo,500000,138,25907,0.0006066104940717,3.0,221,38.0,82.9,1.3038,12000,1.1338,12000,100.0,442000,100.0,216000,480000,0.0697,36000,0.233,36000,1.413,12000,2.5657600000000005,96000,38.6,2025-11-21_09-33,,
R_AK_3DBall_2355,3DBall,2355,12.0,ppo,500000,46,8688,0.0002525795350055,3.0,257,44.8,82.8,9.6376,12000,1.4276,12000,100.0,442000,100.0,144000,480000,0.1153,12000,1.2505,12000,1.3872,12000,2.5657600000000005,36000,12.9,2025-11-21_09-33,,
R_AK_3DBall_2356,3DBall,2356,12.0,ppo,500000,171,32078,0.0004735912370491,3.0,221,37.4,82.8,1.2155,12000,1.112,12000,98.9433,442000,100.0,276000,480000,0.0599,36000,0.1664,36000,1.4163,12000,2.5657600000000005,108000,44.1,2025-11-21_09-33,,
R_AK_3DBall_2357,3DBall,2357,12.0,ppo,500000,42,7973,0.0005345273953166,3.0,256,45.1,83.2,15.1411,12000,1.4335,12000,100.0,442000,100.0,84000,480000,0.1238,12000,1.1668,12000,1.3876,12000,2.5657600000000005,36000,12.8,2025-11-21_09-33,,
R_AK_3DBall_2358,3DBall,2358,12.0,ppo,500000,97,18289,0.0003381969177261,3.0,241,44.1,83.4,1.6906,12000,1.1387,12000,97.9159,442000,100.0,192000,480000,0.0796,24000,0.2297,24000,1.4037,12000,2.5657600000000005,60000,24.1,2025-11-21_09-33,,
R_AK_3DBall_2359,3DBall,2359,12.0,ppo,500000,172,32433,0.0007202786975017,3.0,225,40.8,83.6,1.2496,12000,1.1455,12000,97.2872,442000,100.0,288000,480000,0.0615,36000,0.1742,36000,1.4115,12000,2.5657600000000005,108000,45.0,2025-11-21_09-33,,
R_AK_3DBall_2360,3DBall,2360,12.0,ppo,500000,99,18735,0.0006961827470658,3.0,227,40.0,83.0,1.9108,12000,1.2959,12000,100.0,442000,100.0,168000,480000,0.082,24000,0.354,24000,1.3953,12000,2.5657600000000005,60000,22.7,2025-11-21_09-33,,
R_AK_3DBall_2361,3DBall,2361,12.0,ppo,500000,178,33499,0.0008094188901991,3.0,245,43.2,83.5,1.296,12000,1.118,12000,98.4846,442000,100.0,252000,480000,0.0599,36000,0.1896,36000,1.4118,12000,2.5657600000000005,84000,36.7,2025-11-21_09-33,,
R_AK_3DBall_2362,3DBall,2362,12.0,ppo,500000,146,27416,0.0007505890405792,3.0,211,27.4,83.5,1.2765,12000,1.1489,12000,100.0,442000,100.0,240000,480000,0.0663,36000,0.2721,36000,1.4179,12000,2.5657600000000005,96000,36.9,2025-11-21_09-33,,
R_AK_3DBall_2363,3DBall,2363,12.0,ppo,500000,115,21671,0.0005979984701977,3.0,221,38.9,83.6,1.3201,12000,1.1009,12000,98.4754,442000,100.0,192000,480000,0.0764,24000,0.2195,24000,1.4077,12000,2.5657600000000005,84000,33.1,2025-11-21_09-33,,
R_AK_3DBall_2364,3DBall,2364,12.0,ppo,500000,179,33737,0.0006354365098826,3.0,224,39.9,83.3,1.3139,12000,1.1772,12000,98.2509,442000,100.0,276000,480000,0.0601,36000,0.1894,36000,1.4132,12000,2.5657600000000005,84000,33.6,2025-11-21_09-33,,
R_AK_3DBall_2365,3DBall,2365,12.0,ppo,500000,141,26439,0.000462513252879,3.0,224,43.0,83.7,1.3338,12000,1.0849,12000,100.0,442000,100.0,228000,480000,0.0671,36000,0.2511,36000,1.4129,12000,2.5657600000000005,84000,33.6,2025-11-21_09-33,,
R_AK_3DBall_2366,3DBall,2366,12.0,ppo,500000,139,26074,0.0002647593118685,3.0,244,45.3,83.7,1.4222,12000,1.1754,12000,98.5046,442000,100.0,300000,480000,0.0705,36000,0.3027,36000,1.4107,12000,2.5657600000000005,84000,36.6,2025-11-21_09-33,,
R_AK_3DBall_2367,3DBall,2367,12.0,ppo,500000,54,10151,0.0005661897399102,3.0,221,29.4,83.1,2.3102,12000,1.1916,12000,98.4222,442000,100.0,108000,480000,0.1089,12000,0.402,12000,1.4122,12000,2.5657600000000005,60000,22.1,2025-11-21_09-33,,
R_AK_3DBall_2368,3DBall,2368,12.0,ppo,500000,37,7115,0.0003329550991985,3.0,251,44.0,83.0,18.0689,12000,1.4563,12000,100.0,442000,100.0,96000,480000,0.1317,12000,1.2157,12000,1.3818,12000,2.5657600000000005,36000,12.6,2025-11-21_09-33,,
R_AK_3DBall_2369,3DBall,2369,12.0,ppo,500000,151,28404,0.0004055016928323,3.0,220,37.6,82.8,1.1829,12000,1.0956,12000,100.0,442000,100.0,300000,480000,0.0655,36000,0.1621,36000,1.4127,12000,2.5657600000000005,96000,38.5,2025-11-21_09-33,,
R_AK_3DBall_2370,3DBall,2370,12.0,ppo,500000,51,9655,0.0004453773772851,3.0,242,44.2,83.1,6.4275,12000,1.3049,12000,98.5077,442000,100.0,192000,480000,0.1138,12000,0.7799,12000,1.3725,12000,2.5657600000000005,36000,12.1,2025-11-21_09-33,,
R_AK_3DBall_2371,3DBall,2371,12.0,ppo,500000,65,12304,0.0006004054419071,3.0,220,27.1,82.7,1.8521,12000,1.1326,12000,100.0,442000,100.0,120000,480000,0.0971,24000,0.4895,24000,1.3881,12000,2.5657600000000005,60000,22.0,2025-11-21_09-33,,
R_AK_3DBall_2372,3DBall,2372,12.0,ppo,500000,103,19373,0.0008792691099341,3.0,213,26.9,82.3,1.5659,12000,1.2271,12000,99.0217,442000,100.0,192000,480000,0.0759,24000,0.307,24000,1.408,12000,2.5657600000000005,72000,26.6,2025-11-21_09-33,,
R_AK_3DBall_2373,3DBall,2373,12.0,ppo,500000,169,31813,0.0001520016136862,3.0,212,27.6,82.8,1.2183,12000,1.1731,12000,100.0,442000,100.0,372000,480000,0.0594,36000,0.3378,36000,1.4161,12000,2.5657600000000005,144000,58.2,2025-11-21_09-33,,
R_AK_3DBall_2374,3DBall,2374,12.0,ppo,500000,41,7770,0.0005806349110064,3.0,246,47.6,83.1,17.3617,12000,1.5099,12000,95.4696,442000,100.0,84000,480000,0.126,12000,1.0849,12000,1.3596,12000,2.5657600000000005,36000,12.3,2025-11-21_09-33,,
R_AK_3DBall_2375,3DBall,2375,12.0,ppo,500000,177,33285,0.0007402177791973,3.0,218,37.6,83.4,1.2175,12000,1.1423,12000,100.0,442000,100.0,288000,480000,0.062,36000,0.1495,36000,1.4112,12000,2.5657600000000005,108000,43.5,2025-11-21_09-33,,
R_AK_3DBall_2376,3DBall,2376,12.0,ppo,500000,144,27137,0.0003350672475272,3.0,214,26.7,82.8,1.2242,12000,1.185,12000,99.9517,442000,100.0,276000,480000,0.0654,36000,0.2943,36000,1.4159,12000,2.5657600000000005,120000,48.1,2025-11-21_09-33,,
R_AK_3DBall_2377,3DBall,2377,12.0,ppo,500000,46,8763,5.199682896443426e-05,3.0,245,45.5,83.4,3.0063,12000,1.2478,12000,100.0,442000,100.0,108000,480000,0.1164,12000,0.8109,12000,1.4149,12000,2.5657600000000005,48000,18.4,2025-11-21_09-33,,
R_AK_3DBall_2378,3DBall,2378,12.0,ppo,500000,76,14390,0.0007368816339409,3.0,216,26.4,83.0,1.6528,12000,1.181,12000,100.0,442000,100.0,168000,480000,0.0915,24000,0.3318,24000,1.4117,12000,2.5657600000000005,72000,27.0,2025-11-21_09-33,,
R_AK_3DBall_2379,3DBall,2379,12.0,ppo,500000,38,7247,0.0008374651924554,3.0,230,26.0,83.4,9.5702,12000,1.3702,12000,100.0,442000,100.0,120000,480000,0.1285,12000,1.0701,12000,1.3707,12000,2.5657600000000005,36000,11.5,2025-11-21_09-33,,
R_AK_3DBall_2380,3DBall,2380,12.0,ppo,500000,47,8931,0.0007774313096043,3.0,274,46.7,83.7,24.6521,12000,1.6978,12000,96.6296,442000,100.0,168000,480000,0.1168,12000,0.8435,12000,1.3575,12000,2.5657600000000005,36000,13.7,2025-11-21_09-33,,
R_AK_3DBall_2381,3DBall,2381,12.0,ppo,500000,102,19302,0.0004052329558535,3.0,234,45.1,83.8,1.6647,12000,1.2088,12000,98.4486,442000,100.0,180000,480000,0.0798,24000,0.2984,24000,1.4024,12000,2.5657600000000005,72000,29.2,2025-11-21_09-33,,
R_AK_3DBall_2382,3DBall,2382,12.0,ppo,500000,166,31142,0.000128381679988,3.0,218,28.0,83.3,1.1649,12000,1.1622,12000,34.1953,442000,41.9857,492000,480000,0.0633,36000,0.4433,36000,1.4171,12000,2.5657600000000005,252000,108.9,2025-11-21_09-33,,
R_AK_3DBall_2383,3DBall,2383,12.0,ppo,500000,151,28404,0.0004971695080559,3.0,211,27.1,83.0,1.2823,12000,1.1461,12000,100.0,442000,100.0,252000,480000,0.0654,36000,0.2124,36000,1.4139,12000,2.5657600000000005,96000,36.9,2025-11-21_09-33,,
R_AK_3DBall_2384,3DBall,2384,12.0,ppo,500000,147,27723,0.0003057019228814,3.0,223,40.6,83.2,1.4364,12000,1.2475,12000,96.46,442000,100.0,240000,480000,0.0659,36000,0.3543,36000,1.4105,12000,2.5657600000000005,72000,27.8,2025-11-21_09-33,,
R_AK_3DBall_2385,3DBall,2385,12.0,ppo,500000,139,26240,0.0002587595368308,3.0,213,27.4,83.1,1.2667,12000,1.1559,12000,100.0,442000,100.0,240000,480000,0.0693,36000,0.2724,36000,1.4158,12000,2.5657600000000005,108000,42.5,2025-11-21_09-33,,
R_AK_3DBall_2386,3DBall,2386,12.0,ppo,500000,65,12201,0.0008376420696857,3.0,218,26.4,82.9,2.0267,12000,1.1574,12000,100.0,442000,100.0,144000,480000,0.0989,24000,0.503,24000,1.403,12000,2.5657600000000005,60000,21.8,2025-11-21_09-33,,
R_AK_3DBall_2387,3DBall,2387,12.0,ppo,500000,83,15562,0.0005796106323489,3.0,216,26.6,83.2,1.774,12000,1.1923,12000,100.0,442000,100.0,168000,480000,0.0893,24000,0.4278,24000,1.4125,12000,2.5657600000000005,60000,21.6,2025-11-21_09-33,,
R_AK_3DBall_2388,3DBall,2388,12.0,ppo,500000,186,34906,0.0008855840941596,3.0,212,27.6,82.9,1.2001,12000,1.1248,12000,100.0,442000,100.0,300000,480000,0.0579,36000,0.2081,36000,1.416,12000,2.5657600000000005,120000,47.6,2025-11-21_09-33,,
R_AK_3DBall_2389,3DBall,2389,12.0,ppo,500000,170,32048,8.284541777983729e-05,3.0,220,37.4,83.5,1.1624,12000,1.0716,12000,100.0,442000,100.0,348000,480000,0.0623,36000,0.2195,36000,1.4184,12000,2.5657600000000005,132000,55.0,2025-11-21_09-33,,
R_AK_3DBall_2390,3DBall,2390,12.0,ppo,500000,71,13420,0.0002859415768086,3.0,231,44.3,83.3,1.9901,12000,1.2017,12000,98.9723,442000,100.0,180000,480000,0.0967,24000,0.64,24000,1.4096,12000,2.5657600000000005,60000,23.1,2025-11-21_09-33,,
R_AK_3DBall_2391,3DBall,2391,12.0,ppo,500000,96,18140,0.0002983759858916,3.0,214,28.1,83.5,1.3924,12000,1.1335,12000,100.0,442000,100.0,180000,480000,0.0813,24000,0.2297,24000,1.4133,12000,2.5657600000000005,84000,32.1,2025-11-21_09-33,,
R_AK_3DBall_2392,3DBall,2392,12.0,ppo,500000,184,34602,0.0002004329840699,3.0,239,42.3,83.1,1.2337,12000,1.1107,12000,97.6331,442000,100.0,300000,480000,0.0613,36000,0.1766,36000,1.4161,12000,2.5657600000000005,108000,47.8,2025-11-21_09-33,,
R_AK_3DBall_2393,3DBall,2393,12.0,ppo,500000,55,10457,0.0004743213421397,3.0,221,26.7,83.0,2.506,12000,1.24,12000,100.0,442000,100.0,108000,480000,0.1064,12000,0.4766,12000,1.4038,12000,2.5657600000000005,48000,16.6,2025-11-21_09-33,,
R_AK_3DBall_2394,3DBall,2394,12.0,ppo,500000,190,35801,0.0007094241843102,3.0,215,36.3,83.3,1.165,12000,1.0835,12000,100.0,442000,100.0,300000,480000,0.0565,36000,0.1593,36000,1.4202,12000,2.5657600000000005,120000,48.3,2025-11-21_09-33,,
R_AK_3DBall_2395,3DBall,2395,12.0,ppo,500000,147,27689,6.598352626777892e-05,3.0,225,40.0,83.6,1.2759,12000,1.1388,12000,100.0,442000,100.0,300000,480000,0.0673,36000,0.2639,36000,1.4176,12000,2.5657600000000005,96000,39.3,2025-11-21_09-33,,
R_AK_3DBall_2396,3DBall,2396,12.0,ppo,500000,43,8094,0.0005083232804162,3.0,228,27.0,83.2,3.7283,12000,1.2414,12000,100.0,442000,100.0,108000,480000,0.122,12000,0.7957,12000,1.3884,12000,2.5657600000000005,48000,17.1,2025-11-21_09-33,,
R_AK_3DBall_2397,3DBall,2397,12.0,ppo,500000,38,7152,0.0007277464532201,3.0,255,54.4,84.4,22.3452,12000,1.5131,12000,98.4954,442000,100.0,84000,480000,0.13,12000,1.1295,12000,1.342,12000,2.5657600000000005,36000,12.8,2025-11-21_09-33,,
R_AK_3DBall_2398,3DBall,2398,12.0,ppo,500000,133,24956,5.3497092702818606e-05,3.0,222,38.8,83.9,1.2033,12000,1.1254,12000,98.9262,442000,100.0,360000,480000,0.0675,36000,0.2882,36000,1.4181,12000,2.5657600000000005,132000,55.4,2025-11-21_09-33,,
R_AK_3DBall_2399,3DBall,2399,12.0,ppo,500000,137,25696,0.0001479694978062,3.0,253,45.8,83.5,1.2709,12000,1.0674,12000,98.5754,442000,100.0,228000,480000,0.0677,36000,0.2447,36000,1.4167,12000,2.5657600000000005,84000,37.9,2025-11-21_09-33,,
R_AK_3DBall_2400,3DBall,2400,12.0,ppo,500000,58,11026,0.0007614536596917,3.0,221,26.3,83.0,2.8507,12000,1.281,12000,100.0,442000,100.0,144000,480000,0.1059,12000,0.6788,12000,1.3758,12000,2.5657600000000005,48000,16.6,2025-11-21_09-33,,
R_AK_3DBall_2401,3DBall,2401,12.0,ppo,500000,143,26976,0.0003574065429829,3.0,219,38.1,83.4,1.2701,12000,1.0893,12000,100.0,442000,100.0,288000,480000,0.0676,36000,0.2868,36000,1.413,12000,2.5657600000000005,96000,38.3,2025-11-21_09-33,,
R_AK_3DBall_2402,3DBall,2402,12.0,ppo,500000,49,9195,0.0001873748464858,3.0,240,43.3,83.2,3.1168,12000,1.2266,12000,100.0,442000,100.0,132000,480000,0.1137,12000,0.6805,12000,1.4024,12000,2.5657600000000005,48000,18.0,2025-11-21_09-33,,
R_AK_3DBall_2403,3DBall,2403,12.0,ppo,500000,149,27986,0.0008081312738097,3.0,229,40.3,83.5,1.329,12000,1.1346,12000,96.9877,442000,100.0,216000,480000,0.0654,36000,0.171,36000,1.4098,12000,2.5657600000000005,96000,40.0,2025-11-21_09-33,,
R_AK_3DBall_2404,3DBall,2404,12.0,ppo,500000,119,22399,0.0001736772544659,3.0,247,42.7,83.6,1.4375,12000,1.1726,12000,100.0,442000,100.0,204000,480000,0.0746,24000,0.2467,24000,1.4162,12000,2.5657600000000005,84000,37.0,2025-11-21_09-33,,
R_AK_3DBall_2405,3DBall,2405,12.0,ppo,500000,60,11259,0.0004657212022226,3.0,221,27.0,83.6,2.122,12000,1.1761,12000,96.94,442000,100.0,108000,480000,0.1012,12000,0.4222,12000,1.4026,12000,2.5657600000000005,60000,22.1,2025-11-21_09-33,,
R_AK_3DBall_2406,3DBall,2406,12.0,ppo,500000,72,13598,0.0003003780274473,3.0,222,28.6,83.2,1.4491,12000,1.1057,12000,100.0,442000,100.0,180000,480000,0.0942,24000,0.3614,24000,1.4059,12000,2.5657600000000005,72000,27.7,2025-11-21_09-33,,
R_AK_3DBall_2407,3DBall,2407,12.0,ppo,500000,101,18991,0.0003718859307552,3.0,226,43.4,83.2,1.6869,12000,1.2119,12000,100.0,442000,100.0,216000,480000,0.0821,24000,0.3066,24000,1.4074,12000,2.5657600000000005,72000,28.2,2025-11-21_09-33,,
R_AK_3DBall_2408,3DBall,2408,12.0,ppo,500000,111,20930,0.0007460958417932,3.0,221,38.7,83.1,1.4287,12000,1.1499,12000,100.0,442000,100.0,180000,480000,0.0727,24000,0.2525,24000,1.4063,12000,2.5657600000000005,72000,27.6,2025-11-21_09-33,,
R_AK_3DBall_2409,3DBall,2409,12.0,ppo,500000,46,8709,0.0007695551351266,3.0,297,43.4,83.2,11.3566,12000,1.5332,12000,6.1063,442000,70.1,84000,480000,0.1191,12000,1.042,12000,1.3515,12000,2.5657600000000005,36000,14.9,2025-11-21_09-33,,
R_AK_3DBall_2410,3DBall,2410,12.0,ppo,500000,141,26569,3.704833094424246e-05,3.0,230,40.4,83.4,1.2723,12000,1.1372,12000,100.0,442000,100.0,276000,480000,0.0668,36000,0.2539,36000,1.4183,12000,2.5657600000000005,120000,51.7,2025-11-21_09-33,,
R_AK_3DBall_2411,3DBall,2411,12.0,ppo,500000,68,12880,0.0008205698570517,3.0,234,41.5,83.1,2.9876,12000,1.2171,12000,100.0,442000,100.0,120000,480000,0.097,24000,0.8257,24000,1.3898,12000,2.5657600000000005,48000,17.5,2025-11-21_09-33,,
R_AK_3DBall_2412,3DBall,2412,12.0,ppo,500000,116,21847,0.0008306567158243,3.0,212,27.8,83.4,1.3704,12000,1.1455,12000,100.0,442000,100.0,216000,480000,0.0748,24000,0.2711,24000,1.4127,12000,2.5657600000000005,84000,31.8,2025-11-21_09-33,,
R_AK_3DBall_2413,3DBall,2413,12.0,ppo,500000,84,15769,0.0004286217894845,3.0,238,47.0,83.8,1.8784,12000,1.1971,12000,100.0,442000,100.0,120000,480000,0.0886,24000,0.4442,24000,1.3988,12000,2.5657600000000005,60000,23.8,2025-11-21_09-33,,
R_AK_3DBall_2414,3DBall,2414,12.0,ppo,500000,82,15392,0.000145358590225,3.0,230,41.5,83.1,1.59,12000,1.1964,12000,100.0,442000,100.0,192000,480000,0.0882,24000,0.3513,24000,1.4125,12000,2.5657600000000005,72000,28.8,2025-11-21_09-33,,
R_AK_3DBall_2415,3DBall,2415,12.0,ppo,500000,176,33172,0.0003161108151762,3.0,211,27.8,83.0,1.1953,12000,1.1197,12000,99.75,442000,100.0,324000,480000,0.058,36000,0.2406,36000,1.4165,12000,2.5657600000000005,144000,58.0,2025-11-21_09-33,,
R_AK_3DBall_2416,3DBall,2416,12.0,ppo,500000,79,14907,0.0008133755171059,3.0,216,26.5,83.0,1.9121,12000,1.2097,12000,100.0,442000,100.0,132000,480000,0.0858,24000,0.4019,24000,1.3967,12000,2.5657600000000005,60000,21.6,2025-11-21_09-33,,
R_AK_3DBall_2417,3DBall,2417,12.0,ppo,500000,124,23400,0.0005318924663555,3.0,243,42.8,83.6,1.3324,12000,1.0676,12000,100.0,442000,100.0,204000,480000,0.0723,24000,0.2576,24000,1.4086,12000,2.5657600000000005,84000,36.4,2025-11-21_09-33,,
R_AK_3DBall_2418,3DBall,2418,12.0,ppo,500000,160,30036,0.0005264417109463,3.0,211,26.8,83.3,1.1751,12000,1.108,12000,100.0,442000,100.0,300000,480000,0.0637,36000,0.2493,36000,1.4204,12000,2.5657600000000005,132000,52.7,2025-11-21_09-33,,
R_AK_3DBall_2419,3DBall,2419,12.0,ppo,500000,130,24468,0.000188015150169,3.0,245,43.8,83.4,1.4047,12000,1.1036,12000,99.8617,442000,100.0,204000,480000,0.0723,36000,0.2662,36000,1.4125,12000,2.5657600000000005,84000,36.7,2025-11-21_09-33,,
R_AK_3DBall_2420,3DBall,2420,12.0,ppo,500000,99,18685,0.0008908877860595,3.0,216,27.3,83.6,1.5178,12000,1.1217,12000,100.0,442000,100.0,180000,480000,0.0799,24000,0.2395,24000,1.4114,12000,2.5657600000000005,72000,27.0,2025-11-21_09-33,,
R_AK_3DBall_2421,3DBall,2421,12.0,ppo,500000,164,30899,0.0005721041948728,3.0,214,28.8,83.8,1.1268,12000,1.0724,12000,100.0,442000,100.0,324000,480000,0.0643,36000,0.2027,36000,1.4217,12000,2.5657600000000005,120000,48.1,2025-11-21_09-33,,
R_AK_3DBall_2422,3DBall,2422,12.0,ppo,500000,124,23308,0.0001826081461615,3.0,230,42.2,83.5,1.511,12000,1.1989,12000,99.2323,442000,100.0,228000,480000,0.0705,24000,0.3015,24000,1.4114,12000,2.5657600000000005,84000,34.5,2025-11-21_09-33,,
R_AK_3DBall_2423,3DBall,2423,12.0,ppo,500000,174,32736,0.0008783457815546,3.0,217,40.4,83.4,1.2233,12000,1.1222,12000,100.0,442000,100.0,312000,480000,0.0626,36000,0.1749,36000,1.4137,12000,2.5657600000000005,108000,43.3,2025-11-21_09-33,,
R_AK_3DBall_2424,3DBall,2424,12.0,ppo,500000,111,20919,0.0001957230985119,3.0,249,42.4,83.6,1.5725,12000,1.1643,12000,98.7462,442000,100.0,156000,480000,0.0764,24000,0.2785,24000,1.4084,12000,2.5657600000000005,72000,31.1,2025-11-21_09-33,,
R_AK_3DBall_2425,3DBall,2425,12.0,ppo,500000,107,20194,0.0006905463247561,3.0,226,39.6,83.6,1.4394,12000,1.1174,12000,100.0,442000,100.0,192000,480000,0.0769,24000,0.2332,24000,1.4111,12000,2.5657600000000005,72000,28.2,2025-11-21_09-33,,
R_AK_3DBall_2426,3DBall,2426,12.0,ppo,500000,172,32299,0.0005226243923714,3.0,212,27.6,83.6,1.1675,12000,1.0921,12000,100.0,442000,100.0,312000,480000,0.0611,36000,0.2153,36000,1.4115,12000,2.5657600000000005,120000,47.6,2025-11-21_09-33,,
R_AK_3DBall_2427,3DBall,2427,12.0,ppo,500000,161,30303,0.0002719429948597,3.0,223,39.1,83.7,1.2953,12000,1.1682,12000,98.4877,442000,100.0,264000,480000,0.0654,36000,0.2071,36000,1.4187,12000,2.5657600000000005,96000,39.0,2025-11-21_09-33,,
R_AK_3DBall_2428,3DBall,2428,12.0,ppo,500000,168,31637,0.0002476536926259,3.0,241,43.3,83.9,1.2643,12000,1.087,12000,100.0,442000,100.0,264000,480000,0.0624,36000,0.166,36000,1.4148,12000,2.5657600000000005,108000,48.2,2025-11-21_09-33,,
R_AK_3DBall_2429,3DBall,2429,12.0,ppo,500000,99,18704,0.0006906405986757,3.0,256,52.9,84.4,2.0761,12000,1.2769,12000,100.0,442000,100.0,192000,480000,0.0823,24000,0.3925,24000,1.3924,12000,2.5657600000000005,48000,19.2,2025-11-21_09-33,,
R_AK_3DBall_2430,3DBall,2430,12.0,ppo,500000,36,6860,0.0007944401849507,3.0,330,48.9,84.2,12.7644,12000,1.9094,12000,96.9969,442000,100.0,84000,480000,0.1337,12000,1.5511,12000,1.356,12000,2.5657600000000005,24000,8.2,2025-11-21_09-33,,
R_AK_3DBall_2431,3DBall,2431,12.0,ppo,500000,157,29497,0.0004433302609215,3.0,247,43.1,84.1,1.3207,12000,1.1217,12000,100.0,442000,100.0,300000,480000,0.0632,36000,0.1835,36000,1.4114,12000,2.5657600000000005,72000,30.9,2025-11-21_09-33,,
R_AK_3DBall_2432,3DBall,2432,12.0,ppo,500000,180,33880,0.0002481188146913,3.0,221,37.7,84.3,1.172,12000,1.1478,12000,100.0,442000,100.0,324000,480000,0.0593,36000,0.2061,36000,1.4168,12000,2.5657600000000005,120000,49.7,2025-11-21_09-33,,
R_AK_3DBall_2433,3DBall,2433,12.0,ppo,500000,54,10138,0.0001215387549163,3.0,225,27.2,84.3,1.2046,12000,1.1291,12000,100.0,442000,100.0,204000,480000,0.1069,12000,0.4042,12000,1.4156,12000,2.5657600000000005,108000,45.0,2025-11-21_09-33,,
R_AK_3DBall_2434,3DBall,2434,12.0,ppo,500000,159,29825,0.0007276253298747,3.0,219,38.9,84.1,1.296,12000,1.1461,12000,98.5062,442000,100.0,252000,480000,0.0633,36000,0.19,36000,1.4182,12000,2.5657600000000005,96000,38.3,2025-11-21_09-33,,
R_AK_3DBall_2435,3DBall,2435,12.0,ppo,500000,43,8123,0.0006251114816407,3.0,228,26.4,82.9,6.4798,12000,1.2989,12000,98.5446,442000,100.0,96000,480000,0.1204,12000,1.0018,12000,1.3782,12000,2.5657600000000005,36000,11.4,2025-11-21_09-33,,
R_AK_3DBall_2436,3DBall,2436,12.0,ppo,500000,175,32853,0.0008705662677613,3.0,214,33.3,84.5,1.2241,12000,1.1292,12000,100.0,442000,100.0,276000,480000,0.0596,36000,0.1927,36000,1.417,12000,2.5657600000000005,108000,42.7,2025-11-21_09-33,,
R_AK_3DBall_2437,3DBall,2437,12.0,ppo,500000,107,20157,0.0002952818857044,3.0,217,33.6,83.7,1.2199,12000,1.1189,12000,100.0,442000,100.0,228000,480000,0.0792,24000,0.3166,24000,1.4144,12000,2.5657600000000005,96000,38.0,2025-11-21_09-33,,
R_AK_3DBall_2438,3DBall,2438,12.0,ppo,500000,43,8074,0.0004840085034848,3.0,267,50.9,83.4,15.4758,12000,1.5013,12000,99.6,442000,100.0,96000,480000,0.1208,12000,1.1888,12000,1.3733,12000,2.5657600000000005,36000,13.4,2025-11-21_09-33,,
R_AK_3DBall_2439,3DBall,2439,12.0,ppo,500000,40,7608,0.0001072215623858,3.0,265,49.3,83.4,2.995,12000,1.1958,12000,100.0,442000,100.0,120000,480000,0.1267,12000,0.7542,12000,1.4073,12000,2.5657600000000005,48000,19.9,2025-11-21_09-33,,
R_AK_3DBall_2440,3DBall,2440,12.0,ppo,500000,123,23166,7.575797641620891e-05,3.0,232,43.4,83.9,1.2256,12000,1.1165,12000,100.0,442000,100.0,288000,480000,0.0714,24000,0.2605,24000,1.417,12000,2.5657600000000005,108000,46.4,2025-11-21_09-33,,
R_AK_3DBall_2441,3DBall,2441,12.0,ppo,500000,84,15750,0.0001792906793996,3.0,244,46.0,83.8,1.6657,12000,1.165,12000,98.8708,442000,100.0,156000,480000,0.0883,24000,0.3308,24000,1.4166,12000,2.5657600000000005,60000,24.4,2025-11-21_09-33,,
R_AK_3DBall_2442,3DBall,2442,12.0,ppo,500000,112,21041,0.0001596028554787,3.0,240,45.8,83.7,1.3358,12000,1.097,12000,100.0,442000,100.0,180000,480000,0.0785,24000,0.232,24000,1.414,12000,2.5657600000000005,84000,36.0,2025-11-21_09-33,,
R_AK_3DBall_2443,3DBall,2443,12.0,ppo,500000,137,25732,0.000522938309255,3.0,217,38.2,84.0,1.3365,12000,1.2227,12000,100.0,442000,100.0,228000,480000,0.0674,36000,0.2929,36000,1.4151,12000,2.5657600000000005,96000,37.9,2025-11-21_09-33,,
R_AK_3DBall_2444,3DBall,2444,12.0,ppo,500000,67,12576,0.0004950657173679,3.0,222,37.6,83.9,2.0873,12000,1.2062,12000,97.1886,442000,100.0,156000,480000,0.0963,24000,0.5663,24000,1.4045,12000,2.5657600000000005,60000,22.2,2025-11-21_09-33,,
R_AK_3DBall_2445,3DBall,2445,12.0,ppo,500000,37,6986,0.0006871536969176,3.0,329,54.6,83.8,23.9781,12000,1.5191,12000,98.4985,442000,100.0,132000,480000,0.1296,12000,0.9508,12000,1.3418,12000,2.5657600000000005,36000,16.5,2025-11-21_09-33,,
R_AK_3DBall_2446,3DBall,2446,12.0,ppo,500000,95,17997,0.0008836870804738,3.0,216,33.1,83.9,1.5539,12000,1.1779,12000,98.65,442000,100.0,168000,480000,0.0849,24000,0.2574,24000,1.4127,12000,2.5657600000000005,72000,27.0,2025-11-21_09-33,,
R_AK_3DBall_2447,3DBall,2447,12.0,ppo,500000,167,31399,0.0008105780011302,3.0,231,44.5,84.0,1.2584,12000,1.1213,12000,98.7831,442000,100.0,240000,480000,0.0632,36000,0.1538,36000,1.4096,12000,2.5657600000000005,108000,46.2,2025-11-21_09-33,,
R_AK_3DBall_2448,3DBall,2448,12.0,ppo,500000,78,14731,8.14982351603076e-05,3.0,220,33.4,84.3,1.2846,12000,1.1494,12000,100.0,442000,100.0,228000,480000,0.0928,24000,0.3498,24000,1.412,12000,2.5657600000000005,96000,38.5,2025-11-21_09-33,,
R_AK_3DBall_2449,3DBall,2449,12.0,ppo,500000,82,15457,0.0001852251574726,3.0,239,46.3,84.0,1.693,12000,1.1723,12000,100.0,442000,100.0,180000,480000,0.0876,24000,0.3688,24000,1.4138,12000,2.5657600000000005,60000,23.9,2025-11-21_09-33,,
R_AK_3DBall_2450,3DBall,2450,12.0,ppo,500000,118,22140,0.0005478850207008,3.0,241,45.0,84.0,1.5398,12000,1.2202,12000,98.5046,442000,100.0,180000,480000,0.0743,24000,0.2689,24000,1.4071,12000,2.5657600000000005,72000,30.1,2025-11-21_09-33,,
R_AK_3DBall_2451,3DBall,2451,12.0,ppo,500000,169,31828,0.0008079326070225,3.0,213,34.0,84.2,1.1802,12000,1.1199,12000,100.0,442000,100.0,300000,480000,0.061,36000,0.2107,36000,1.4162,12000,2.5657600000000005,108000,42.6,2025-11-21_09-33,,
R_AK_3DBall_2452,3DBall,2452,12.0,ppo,500000,33,6219,0.0006747781358872,3.0,240,34.1,83.7,10.0641,12000,1.2488,12000,99.025,442000,100.0,108000,480000,0.1401,12000,0.9829,12000,1.3676,12000,2.5657600000000005,36000,12.0,2025-11-21_09-33,,
R_AK_3DBall_2453,3DBall,2453,12.0,ppo,500000,127,23938,0.0001776903438793,3.0,215,34.9,84.1,1.1674,12000,1.0734,12000,100.0,442000,100.0,300000,480000,0.071,24000,0.2684,24000,1.4138,12000,2.5657600000000005,132000,53.7,2025-11-21_09-33,,
R_AK_3DBall_2454,3DBall,2454,12.0,ppo,500000,95,17915,0.0001888803257288,3.0,242,47.0,84.0,1.7806,12000,1.2207,12000,100.0,442000,100.0,156000,480000,0.0825,24000,0.5278,24000,1.4037,12000,2.5657600000000005,60000,24.2,2025-11-21_09-33,,
R_AK_3DBall_2455,3DBall,2455,12.0,ppo,500000,45,8508,0.0002714415605649,3.0,273,49.7,83.9,7.6787,12000,1.3045,12000,98.4939,442000,100.0,132000,480000,0.1172,12000,1.1142,12000,1.3763,12000,2.5657600000000005,36000,13.7,2025-11-21_09-33,,
R_AK_3DBall_2456,3DBall,2456,12.0,ppo,500000,170,31953,0.0003084193542431,3.0,238,44.6,83.9,1.3117,12000,1.1743,12000,99.5733,442000,100.0,336000,480000,0.0616,36000,0.2124,36000,1.4107,12000,2.5657600000000005,108000,47.6,2025-11-21_09-33,,
R_AK_3DBall_2457,3DBall,2457,12.0,ppo,500000,67,12633,0.0001820929070742,3.0,244,46.0,83.9,1.7145,12000,1.1333,12000,100.0,442000,100.0,132000,480000,0.0964,24000,0.4227,24000,1.4109,12000,2.5657600000000005,60000,24.4,2025-11-21_09-33,,
R_AK_3DBall_2458,3DBall,2458,12.0,ppo,500000,114,21410,0.0002760627943407,3.0,246,47.7,83.9,1.5017,12000,1.1646,12000,96.5558,442000,100.0,168000,480000,0.0766,24000,0.2579,24000,1.4121,12000,2.5657600000000005,72000,30.7,2025-11-21_09-33,,
R_AK_3DBall_2459,3DBall,2459,12.0,ppo,500000,83,15633,0.0003879476648901,3.0,254,51.4,83.4,1.971,12000,1.2191,12000,100.0,442000,100.0,132000,480000,0.086,24000,0.4544,24000,1.4039,12000,2.5657600000000005,60000,25.4,2025-11-21_09-33,,
R_AK_3DBall_2460,3DBall,2460,12.0,ppo,500000,169,31756,0.0002403936692071,3.0,234,47.2,83.8,1.1633,12000,1.0991,12000,100.0,442000,100.0,300000,480000,0.062,36000,0.1793,36000,1.4152,12000,2.5657600000000005,108000,46.8,2025-11-21_09-33,,
R_AK_3DBall_2461,3DBall,2461,12.0,ppo,500000,73,13694,0.00073580668532,3.0,218,32.4,83.6,1.9013,12000,1.2842,12000,100.0,442000,100.0,132000,480000,0.0953,24000,0.6056,24000,1.3977,12000,2.5657600000000005,60000,21.8,2025-11-21_09-33,,
R_AK_3DBall_2462,3DBall,2462,12.0,ppo,500000,42,7940,0.0005940018348563,3.0,250,48.7,83.5,12.9412,12000,1.3283,12000,100.0,442000,100.0,84000,480000,0.122,12000,0.9863,12000,1.3715,12000,2.5657600000000005,36000,12.5,2025-11-21_09-33,,
R_AK_3DBall_2463,3DBall,2463,12.0,ppo,500000,141,26446,0.0006389475833467,3.0,214,32.3,83.4,1.3164,12000,1.1749,12000,96.022,442000,100.0,240000,480000,0.067,36000,0.2727,36000,1.4152,12000,2.5657600000000005,96000,37.4,2025-11-21_09-33,,
R_AK_3DBall_2464,3DBall,2464,12.0,ppo,500000,181,34041,0.0006192466635233,3.0,224,43.2,83.6,1.2092,12000,1.0955,12000,100.0,442000,100.0,300000,480000,0.0609,36000,0.1636,36000,1.4134,12000,2.5657600000000005,108000,44.8,2025-11-21_09-33,,
R_AK_3DBall_2465,3DBall,2465,12.0,ppo,500000,91,17096,8.652374314319183e-05,3.0,247,45.7,84.0,1.4785,12000,1.1683,12000,100.0,442000,100.0,192000,480000,0.0838,24000,0.3352,24000,1.4142,12000,2.5657600000000005,72000,30.9,2025-11-21_09-33,,
R_AK_3DBall_2466,3DBall,2466,12.0,ppo,500000,153,28873,0.0006745743906597,3.0,214,32.2,83.8,1.1923,12000,1.0995,12000,100.0,442000,100.0,276000,480000,0.0647,36000,0.2133,36000,1.4088,12000,2.5657600000000005,120000,48.1,2025-11-21_09-33,,
R_AK_3DBall_2467,3DBall,2467,12.0,ppo,500000,83,15691,0.0005811787536821,3.0,271,51.3,83.5,2.6782,12000,1.2935,12000,100.0,442000,100.0,132000,480000,0.0866,24000,0.7974,24000,1.376,12000,2.5657600000000005,48000,20.3,2025-11-21_09-33,,
R_AK_3DBall_2468,3DBall,2468,12.0,ppo,500000,114,21517,0.0002910963117778,3.0,234,43.8,83.0,1.3286,12000,1.1442,12000,100.0,442000,100.0,240000,480000,0.0743,24000,0.2263,24000,1.4142,12000,2.5657600000000005,84000,35.1,2025-11-21_09-33,,
R_AK_3DBall_2469,3DBall,2469,12.0,ppo,500000,155,29240,6.45803011018218e-05,3.0,228,40.7,83.4,1.1299,12000,1.0942,12000,96.7583,442000,100.0,408000,480000,0.0668,36000,0.353,36000,1.4186,12000,2.5657600000000005,156000,68.3,2025-11-21_09-33,,
R_AK_3DBall_2470,3DBall,2470,12.0,ppo,500000,172,32371,0.0003044788032746,3.0,234,45.6,83.4,1.2319,12000,1.1278,12000,100.0,442000,100.0,240000,480000,0.0608,36000,0.1797,36000,1.4129,12000,2.5657600000000005,108000,46.8,2025-11-21_09-33,,
R_AK_3DBall_2471,3DBall,2471,12.0,ppo,500000,121,22855,0.0004364083575641,3.0,243,45.6,83.3,1.4624,12000,1.115,12000,100.0,442000,100.0,180000,480000,0.0732,24000,0.2786,24000,1.4005,12000,2.5657600000000005,72000,30.4,2025-11-21_09-33,,
R_AK_3DBall_2472,3DBall,2472,12.0,ppo,500000,41,7753,0.0004668860577097,3.0,267,49.5,83.3,15.5332,12000,1.4683,12000,96.1246,442000,100.0,84000,480000,0.1237,12000,1.2898,12000,1.3736,12000,2.5657600000000005,36000,13.4,2025-11-21_09-33,,
R_AK_3DBall_2473,3DBall,2473,12.0,ppo,500000,177,33219,0.0002852746998942,3.0,226,41.9,83.6,1.2033,12000,1.1298,12000,100.0,442000,100.0,288000,480000,0.0597,36000,0.2095,36000,1.4137,12000,2.5657600000000005,120000,50.8,2025-11-21_09-33,,
R_AK_3DBall_2474,3DBall,2474,12.0,ppo,500000,126,23737,0.0002052098767696,3.0,246,49.7,83.6,1.5545,12000,1.1978,12000,100.0,442000,100.0,204000,480000,0.0753,24000,0.3034,24000,1.4094,12000,2.5657600000000005,84000,36.9,2025-11-21_09-33,,
R_AK_3DBall_2475,3DBall,2475,12.0,ppo,500000,185,34694,0.000715079059167,3.0,231,42.4,82.9,1.3242,12000,1.194,12000,100.0,442000,100.0,264000,480000,0.0607,36000,0.1937,36000,1.4123,12000,2.5657600000000005,108000,46.2,2025-11-21_09-33,,
R_AK_3DBall_2476,3DBall,2476,12.0,ppo,500000,177,33228,0.0008825719045079,3.0,210,35.6,82.9,1.2868,12000,1.2112,12000,99.44,442000,100.0,276000,480000,0.0611,36000,0.2049,36000,1.4148,12000,2.5657600000000005,108000,42.0,2025-11-21_09-33,,
R_AK_3DBall_2477,3DBall,2477,12.0,ppo,500000,124,23383,7.747749568175991e-05,3.0,259,48.6,83.3,1.2967,12000,1.097,12000,97.6508,442000,100.0,216000,480000,0.0732,24000,0.223,24000,1.4168,12000,2.5657600000000005,84000,38.9,2025-11-21_09-33,,
R_AK_3DBall_2478,3DBall,2478,12.0,ppo,500000,177,33313,0.0006285656975956,3.0,231,42.5,83.1,1.2626,12000,1.1747,12000,92.6276,442000,100.0,324000,480000,0.0594,36000,0.1694,36000,1.4139,12000,2.5657600000000005,108000,46.2,2025-11-21_09-33,,
R_AK_3DBall_2479,3DBall,2479,12.0,ppo,500000,68,12889,0.0001145454275183,3.0,242,45.4,83.1,1.6307,12000,1.1686,12000,100.0,442000,100.0,144000,480000,0.0961,24000,0.3959,24000,1.4119,12000,2.5657600000000005,72000,30.2,2025-11-21_09-33,,
R_AK_3DBall_2480,3DBall,2480,12.0,ppo,500000,120,22605,0.0006251094243823,3.0,215,32.5,83.0,1.3935,12000,1.1131,12000,100.0,442000,100.0,192000,480000,0.0745,24000,0.2462,24000,1.4168,12000,2.5657600000000005,84000,32.2,2025-11-21_09-33,,
R_AK_3DBall_2481,3DBall,2481,12.0,ppo,500000,126,23704,0.0004271361250021,3.0,232,45.1,83.0,1.59,12000,1.2142,12000,100.0,442000,100.0,216000,480000,0.0694,24000,0.346,24000,1.4098,12000,2.5657600000000005,84000,34.8,2025-11-21_09-33,,
R_AK_3DBall_2482,3DBall,2482,12.0,ppo,500000,136,25535,0.0005098031802715,3.0,237,44.9,83.0,1.3349,12000,1.1091,12000,100.0,442000,100.0,264000,480000,0.069,36000,0.2491,36000,1.4113,12000,2.5657600000000005,84000,35.5,2025-11-21_09-33,,
R_AK_3DBall_2483,3DBall,2483,12.0,ppo,500000,124,23290,0.000642468184445,3.0,237,48.0,83.4,1.6352,12000,1.158,12000,100.0,442000,100.0,192000,480000,0.0737,24000,0.3469,24000,1.3946,12000,2.5657600000000005,60000,23.7,2025-11-21_09-33,,
R_AK_3DBall_2484,3DBall,2484,12.0,ppo,500000,40,7577,5.628560763727482e-05,3.0,262,47.8,83.1,1.8324,12000,1.1858,12000,100.0,442000,100.0,120000,480000,0.1287,12000,0.5331,12000,1.4138,12000,2.5657600000000005,60000,26.2,2025-11-21_09-33,,
R_AK_3DBall_2485,3DBall,2485,12.0,ppo,500000,57,10771,0.0007444456975991,3.0,223,33.0,83.2,3.232,12000,1.2874,12000,100.0,442000,100.0,144000,480000,0.1055,12000,0.7262,12000,1.3742,12000,2.5657600000000005,48000,16.7,2025-11-21_09-33,,
R_AK_3DBall_2486,3DBall,2486,12.0,ppo,500000,112,21166,0.0005406810403078,3.0,254,48.4,83.4,1.4992,12000,1.1538,12000,100.0,442000,100.0,204000,480000,0.0772,24000,0.2652,24000,1.4046,12000,2.5657600000000005,72000,31.7,2025-11-21_09-33,,
R_AK_3DBall_2487,3DBall,2487,12.0,ppo,500000,61,11448,0.000557448609599,3.0,251,47.1,83.2,3.0723,12000,1.2202,12000,100.0,442000,100.0,108000,480000,0.1027,12000,0.7596,12000,1.367,12000,2.5657600000000005,48000,18.8,2025-11-21_09-33,,
R_AK_3DBall_2488,3DBall,2488,12.0,ppo,500000,114,21490,0.0005283238389876,3.0,215,33.7,83.5,1.2815,12000,1.141,12000,100.0,442000,100.0,216000,480000,0.0758,24000,0.241,24000,1.4063,12000,2.5657600000000005,96000,37.6,2025-11-21_09-33,,
R_AK_3DBall_2489,3DBall,2489,12.0,ppo,500000,136,25572,0.0007156766188891,3.0,254,51.5,84.0,1.4028,12000,1.1745,12000,99.7883,442000,100.0,276000,480000,0.0704,36000,0.2732,36000,1.4102,12000,2.5657600000000005,84000,38.1,2025-11-21_09-33,,
R_AK_3DBall_2490,3DBall,2490,12.0,ppo,500000,40,7553,0.0008508233014198,3.0,342,47.0,83.1,13.4613,12000,1.4268,12000,0.0978,442000,92.6231,84000,480000,0.1293,12000,1.0111,12000,1.3441,12000,2.5657600000000005,36000,17.1,2025-11-21_09-33,,
R_AK_3DBall_2491,3DBall,2491,12.0,ppo,500000,76,14301,0.000836458951957,3.0,244,46.6,83.3,2.4947,12000,1.261,12000,97.0,442000,100.0,132000,480000,0.0923,24000,0.9449,24000,1.3809,12000,2.5657600000000005,48000,18.3,2025-11-21_09-33,,
R_AK_3DBall_2492,3DBall,2492,12.0,ppo,500000,35,6720,0.0003682012671476,3.0,319,51.7,83.4,29.2641,12000,1.9657,12000,97.5153,442000,100.0,132000,480000,0.1359,12000,1.1163,12000,1.3608,12000,2.5657600000000005,36000,15.9,2025-11-21_09-33,,
R_AK_3DBall_2493,3DBall,2493,12.0,ppo,500000,89,16816,7.222768057835257e-05,3.0,250,46.9,83.3,1.5465,12000,1.1442,12000,100.0,442000,100.0,204000,480000,0.0865,24000,0.3711,24000,1.4161,12000,2.5657600000000005,72000,31.2,2025-11-21_09-33,,
R_AK_3DBall_2494,3DBall,2494,12.0,ppo,500000,127,23897,0.0001268426005745,3.0,228,42.2,83.3,1.2247,12000,1.1103,12000,100.0,442000,100.0,264000,480000,0.0721,24000,0.2883,24000,1.4208,12000,2.5657600000000005,108000,45.6,2025-11-21_09-33,,
R_AK_3DBall_2495,3DBall,2495,12.0,ppo,500000,104,19555,9.77961476296405e-05,3.0,220,33.3,83.6,1.196,12000,1.1339,12000,100.0,442000,100.0,336000,480000,0.0788,24000,0.3648,24000,1.4157,12000,2.5657600000000005,132000,54.9,2025-11-21_09-33,,
R_AK_3DBall_2496,3DBall,2496,12.0,ppo,500000,65,12263,5.440959252229104e-05,3.0,243,47.9,83.4,1.925,12000,1.2353,12000,100.0,442000,100.0,156000,480000,0.1002,24000,0.5461,24000,1.4156,12000,2.5657600000000005,60000,24.3,2025-11-21_09-33,,
R_AK_3DBall_2497,3DBall,2497,12.0,ppo,500000,100,18821,0.0001076410789874,3.0,249,45.8,82.9,1.4668,12000,1.1926,12000,100.0,442000,100.0,192000,480000,0.0775,24000,0.296,24000,1.4183,12000,2.5657600000000005,72000,31.1,2025-11-21_09-33,,
R_AK_3DBall_2498,3DBall,2498,12.0,ppo,500000,159,29822,0.000722783597871,3.0,234,45.3,83.7,1.2278,12000,1.1031,12000,100.0,442000,100.0,300000,480000,0.0638,36000,0.1615,36000,1.4128,12000,2.5657600000000005,96000,40.9,2025-11-21_09-33,,
R_AK_3DBall_2499,3DBall,2499,12.0,ppo,500000,34,6426,0.0003144206225058,3.0,324,54.3,83.6,23.1705,12000,1.6176,12000,100.0,442000,100.0,132000,480000,0.135,12000,0.9126,12000,1.3645,12000,2.5657600000000005,36000,16.2,2025-11-21_09-33,,
R_AK_3DBall_2500,3DBall,2500,12.0,ppo,500000,130,24443,0.0008618624955302,3.0,236,44.0,83.5,1.5,12000,1.2163,12000,98.4831,442000,100.0,192000,480000,0.0709,36000,0.2908,36000,1.405,12000,2.5657600000000005,84000,35.4,2025-11-21_09-33,,
R_AK_3DBall_2501,3DBall,2501,12.0,ppo,500000,175,32901,0.0007353503849045,3.0,214,28.0,85.0,1.205,12000,1.1701,12000,99.8017,442000,100.0,312000,480000,0.0593,36000,0.2311,36000,1.4192,12000,2.5657600000000005,120000,48.3,2025-11-21_09-33,,
R_AK_3DBall_2502,3DBall,2502,12.0,ppo,500000,99,18630,0.0004151065706449,3.0,221,39.1,84.8,1.5581,12000,1.141,12000,98.1099,442000,100.0,180000,480000,0.0773,24000,0.2548,24000,1.4029,12000,2.5657600000000005,72000,27.6,2025-11-21_09-33,,
R_AK_3DBall_2503,3DBall,2503,12.0,ppo,500000,77,14468,0.0005417250053504,3.0,229,41.9,84.8,2.3785,12000,1.2034,12000,98.4903,442000,100.0,168000,480000,0.0911,24000,0.5364,24000,1.3836,12000,2.5657600000000005,48000,17.2,2025-11-21_09-33,,
R_AK_3DBall_2504,3DBall,2504,12.0,ppo,500000,159,29815,0.0006320633204448,3.0,237,41.4,84.5,1.2787,12000,1.1074,12000,100.0,442000,100.0,240000,480000,0.0639,36000,0.1617,36000,1.412,12000,2.5657600000000005,96000,41.5,2025-11-21_09-33,,
R_AK_3DBall_2505,3DBall,2505,12.0,ppo,500000,143,26903,0.0001775753262285,3.0,223,42.1,83.8,1.3313,12000,1.0837,12000,100.0,442000,100.0,228000,480000,0.0678,36000,0.259,36000,1.4133,12000,2.5657600000000005,96000,39.0,2025-11-21_09-33,,
R_AK_3DBall_2506,3DBall,2506,12.0,ppo,500000,111,20894,0.0005701995254493,3.0,215,28.1,83.8,1.2773,12000,1.093,12000,100.0,442000,100.0,204000,480000,0.0745,24000,0.2855,24000,1.4188,12000,2.5657600000000005,96000,37.6,2025-11-21_09-33,,
R_AK_3DBall_2507,3DBall,2507,12.0,ppo,500000,169,31864,0.0002533006310968,3.0,232,43.5,82.1,1.2096,12000,1.0996,12000,99.3917,442000,100.0,300000,480000,0.0625,36000,0.1716,36000,1.415,12000,2.5657600000000005,108000,46.4,2025-11-21_09-33,,
R_AK_3DBall_2508,3DBall,2508,12.0,ppo,500000,153,28842,6.484436193423839e-05,3.0,221,31.2,82.6,1.1274,12000,1.0971,12000,43.8516,442000,61.1421,492000,480000,0.0653,36000,0.4052,36000,1.4161,12000,2.5657600000000005,240000,104.8,2025-11-21_09-33,,
R_AK_3DBall_2509,3DBall,2509,12.0,ppo,500000,105,19712,3.714788071268449e-05,3.0,225,40.8,82.0,1.3358,12000,1.1323,12000,100.0,442000,100.0,228000,480000,0.0772,24000,0.3579,24000,1.4175,12000,2.5657600000000005,96000,39.3,2025-11-21_09-33,,
R_AK_3DBall_2510,3DBall,2510,12.0,ppo,500000,141,26577,0.0002019560287681,3.0,227,47.4,85.3,1.2572,12000,1.096,12000,100.0,442000,100.0,264000,480000,0.0682,36000,0.2335,36000,1.4141,12000,2.5657600000000005,96000,39.7,2025-11-21_09-33,,
R_AK_3DBall_2511,3DBall,2511,12.0,ppo,500000,40,7604,0.0004365043654325,3.0,232,31.9,85.1,2.6775,12000,1.1823,12000,100.0,442000,100.0,132000,480000,0.1259,12000,0.5731,12000,1.3717,12000,2.5657600000000005,48000,17.4,2025-11-21_09-33,,
R_AK_3DBall_2512,3DBall,2512,12.0,ppo,500000,41,7832,0.000889617082899,3.0,305,51.4,84.7,9.6501,12000,1.3801,12000,67.3147,442000,79.94,456000,480000,0.1242,12000,1.3108,12000,1.3361,12000,2.5657600000000005,36000,15.3,2025-11-21_09-33,,
R_AK_3DBall_2513,3DBall,2513,12.0,ppo,500000,128,24092,0.0002872808703999,3.0,234,45.4,84.4,1.3395,12000,1.1362,12000,100.0,442000,100.0,192000,480000,0.0707,36000,0.2459,36000,1.4156,12000,2.5657600000000005,84000,35.1,2025-11-21_09-33,,
R_AK_3DBall_2514,3DBall,2514,12.0,ppo,500000,123,23208,0.0007859301154096,3.0,239,47.6,84.8,1.5176,12000,1.067,12000,100.0,442000,100.0,264000,480000,0.0745,24000,0.2944,24000,1.3963,12000,2.5657600000000005,84000,35.8,2025-11-21_09-33,,
R_AK_3DBall_2515,3DBall,2515,12.0,ppo,500000,137,25764,0.0004465971254862,3.0,225,43.4,84.7,1.2775,12000,1.1125,12000,100.0,442000,100.0,252000,480000,0.0688,36000,0.2291,36000,1.4118,12000,2.5657600000000005,96000,39.3,2025-11-21_09-33,,
R_AK_3DBall_2516,3DBall,2516,12.0,ppo,500000,32,6115,0.0008648308898889,3.0,285,50.6,84.9,18.4644,12000,2.1889,12000,97.9385,442000,100.0,168000,480000,0.143,12000,1.2877,12000,1.3333,12000,2.5657600000000005,24000,7.1,2025-11-21_09-33,,
R_AK_3DBall_2517,3DBall,2517,12.0,ppo,500000,67,12682,0.0008554599246992,3.0,221,32.3,85.0,1.8402,12000,1.1011,12000,98.5016,442000,100.0,132000,480000,0.0962,24000,0.5258,24000,1.4024,12000,2.5657600000000005,60000,22.1,2025-11-21_09-33,,
R_AK_3DBall_2518,3DBall,2518,12.0,ppo,500000,129,24276,0.0006526172703378,3.0,215,32.3,85.1,1.2194,12000,1.0948,12000,100.0,442000,100.0,264000,480000,0.0703,36000,0.2141,36000,1.4156,12000,2.5657600000000005,108000,43.0,2025-11-21_09-33,,
R_AK_3DBall_2519,3DBall,2519,12.0,ppo,500000,107,20096,0.0008799244654622,3.0,216,33.2,85.0,1.4495,12000,1.1561,12000,100.0,442000,100.0,156000,480000,0.0772,24000,0.2746,24000,1.3984,12000,2.5657600000000005,72000,27.0,2025-11-21_09-33,,
R_AK_3DBall_2520,3DBall,2520,12.0,ppo,500000,97,18275,0.000523090234217,3.0,216,34.6,84.6,1.546,12000,1.1853,12000,100.0,442000,100.0,180000,480000,0.0811,24000,0.2756,24000,1.4083,12000,2.5657600000000005,72000,27.0,2025-11-21_09-33,,
R_AK_3DBall_2521,3DBall,2521,12.0,ppo,500000,111,20987,0.0002289347255457,3.0,226,44.3,84.8,1.2432,12000,1.0762,12000,100.0,442000,100.0,228000,480000,0.0744,24000,0.2755,24000,1.4156,12000,2.5657600000000005,96000,39.5,2025-11-21_09-33,,
R_AK_3DBall_2522,3DBall,2522,12.0,ppo,500000,141,26600,5.5753132546634e-05,3.0,229,44.9,85.0,1.184,12000,1.0918,12000,100.0,442000,100.0,300000,480000,0.0659,36000,0.2762,36000,1.4194,12000,2.5657600000000005,120000,51.5,2025-11-21_09-33,,
R_AK_3DBall_2523,3DBall,2523,12.0,ppo,500000,144,27169,0.0001838148530181,3.0,230,44.6,85.1,1.3087,12000,1.1618,12000,100.0,442000,100.0,264000,480000,0.068,36000,0.2805,36000,1.4146,12000,2.5657600000000005,96000,40.2,2025-11-21_09-33,,
R_AK_3DBall_2524,3DBall,2524,12.0,ppo,500000,52,9866,6.829360133178191e-05,3.0,291,52.2,84.9,3.8544,12000,1.2997,12000,97.5472,442000,100.0,108000,480000,0.111,12000,0.7726,12000,1.406,12000,2.5657600000000005,48000,21.8,2025-11-21_09-33,,
R_AK_3DBall_2525,3DBall,2525,12.0,ppo,500000,181,34111,4.8625013669368856e-05,3.0,225,38.3,84.9,1.1243,12000,1.1009,12000,65.0716,442000,78.76,432000,480000,0.059,36000,0.3096,36000,1.4186,12000,2.5657600000000005,216000,95.5,2025-11-21_09-33,,
R_AK_3DBall_2526,3DBall,2526,12.0,ppo,500000,101,19070,0.0002025401720788,3.0,233,45.0,85.0,1.4283,12000,1.1218,12000,100.0,442000,100.0,192000,480000,0.0795,24000,0.2386,24000,1.4143,12000,2.5657600000000005,72000,29.1,2025-11-21_09-33,,
R_AK_3DBall_2527,3DBall,2527,12.0,ppo,500000,146,27432,0.0008515016538806,3.0,229,43.9,84.7,1.3508,12000,1.1271,12000,100.0,442000,100.0,228000,480000,0.0665,36000,0.2761,36000,1.4121,12000,2.5657600000000005,96000,40.0,2025-11-21_09-33,,
R_AK_3DBall_2528,3DBall,2528,12.0,ppo,500000,122,23058,0.000661805999342,3.0,231,44.1,84.8,1.311,12000,1.0826,12000,98.5108,442000,100.0,204000,480000,0.0702,24000,0.2127,24000,1.4055,12000,2.5657600000000005,84000,34.6,2025-11-21_09-33,,
R_AK_3DBall_2529,3DBall,2529,12.0,ppo,500000,47,8855,0.0008527688539902,3.0,228,32.7,84.9,7.0074,12000,1.3934,12000,98.0695,442000,100.0,96000,480000,0.119,12000,1.1625,12000,1.3653,12000,2.5657600000000005,36000,11.4,2025-11-21_09-33,,
R_AK_3DBall_2530,3DBall,2530,12.0,ppo,500000,37,7097,0.000316065133323,3.0,235,32.6,85.1,9.9925,12000,1.3567,12000,100.0,442000,100.0,96000,480000,0.1295,12000,1.2067,12000,1.3778,12000,2.5657600000000005,36000,11.7,2025-11-21_09-33,,
R_AK_3DBall_2531,3DBall,2531,12.0,ppo,500000,185,34768,0.0001165091005316,3.0,250,50.2,85.2,1.2121,12000,1.1002,12000,94.2497,442000,100.0,336000,480000,0.058,36000,0.1798,36000,1.4174,12000,2.5657600000000005,120000,56.2,2025-11-21_09-33,,
R_AK_3DBall_2532,3DBall,2532,12.0,ppo,500000,72,13531,5.438349259790714e-05,3.0,252,47.6,84.4,1.8726,12000,1.2265,12000,100.0,442000,100.0,144000,480000,0.0954,24000,0.553,24000,1.4151,12000,2.5657600000000005,60000,25.2,2025-11-21_09-33,,
R_AK_3DBall_2533,3DBall,2533,12.0,ppo,500000,142,26757,0.0005760058905559,3.0,237,45.3,84.3,1.3061,12000,1.0883,12000,98.5062,442000,100.0,204000,480000,0.0672,36000,0.2725,36000,1.4111,12000,2.5657600000000005,84000,35.5,2025-11-21_09-33,,
R_AK_3DBall_2534,3DBall,2534,12.0,ppo,500000,96,18176,0.0008380502293853,3.0,238,45.7,84.3,1.6741,12000,1.1688,12000,97.84,442000,100.0,132000,480000,0.0818,24000,0.2299,24000,1.3908,12000,2.5657600000000005,60000,23.8,2025-11-21_09-33,,
R_AK_3DBall_2535,3DBall,2535,12.0,ppo,500000,123,23092,0.0006875386791696,3.0,216,35.1,84.5,1.252,12000,1.0912,12000,100.0,442000,100.0,228000,480000,0.0711,24000,0.2175,24000,1.4139,12000,2.5657600000000005,96000,37.8,2025-11-21_09-33,,
R_AK_3DBall_2536,3DBall,2536,12.0,ppo,500000,87,16433,7.346013492774299e-05,3.0,227,34.3,85.0,1.181,12000,1.1997,12000,44.2549,442000,54.8524,468000,480000,0.0854,24000,0.5301,24000,1.4147,12000,2.5657600000000005,252000,113.4,2025-11-21_09-33,,
R_AK_3DBall_2537,3DBall,2537,12.0,ppo,500000,179,33642,0.0005172866094953,3.0,214,32.8,84.8,1.2423,12000,1.1748,12000,100.0,442000,100.0,300000,480000,0.06,36000,0.2189,36000,1.4164,12000,2.5657600000000005,120000,48.1,2025-11-21_09-33,,
R_AK_3DBall_2538,3DBall,2538,12.0,ppo,500000,32,6141,0.0004928222498746,3.0,270,52.2,84.8,24.752,12000,2.1136,12000,100.0,442000,100.0,84000,480000,0.1391,12000,1.1951,12000,1.346,12000,2.5657600000000005,24000,6.8,2025-11-21_09-33,,
R_AK_3DBall_2539,3DBall,2539,12.0,ppo,500000,126,23745,0.0002029449287051,3.0,217,36.0,84.6,1.3221,12000,1.1466,12000,100.0,442000,100.0,252000,480000,0.0709,24000,0.3058,24000,1.4158,12000,2.5657600000000005,108000,43.4,2025-11-21_09-33,,
R_AK_3DBall_2540,3DBall,2540,12.0,ppo,500000,59,11161,0.0006803578522158,3.0,223,33.0,84.6,2.9214,12000,1.2487,12000,98.9923,442000,100.0,108000,480000,0.1035,12000,0.7116,12000,1.4023,12000,2.5657600000000005,48000,16.7,2025-11-21_09-33,,
R_AK_3DBall_2541,3DBall,2541,12.0,ppo,500000,87,16314,0.0006840689178406,3.0,232,45.1,84.5,1.704,12000,1.1049,12000,98.3567,442000,100.0,132000,480000,0.0866,24000,0.4065,24000,1.3931,12000,2.5657600000000005,60000,23.2,2025-11-21_09-33,,
R_AK_3DBall_2542,3DBall,2542,12.0,ppo,500000,118,22157,0.0007906108878554,3.0,214,32.3,84.6,1.2681,12000,1.1292,12000,100.0,442000,100.0,228000,480000,0.073,24000,0.2119,24000,1.4213,12000,2.5657600000000005,84000,32.1,2025-11-21_09-33,,
R_AK_3DBall_2543,3DBall,2543,12.0,ppo,500000,113,21215,0.0002984501278321,3.0,218,34.2,84.2,1.1722,12000,1.0667,12000,100.0,442000,100.0,252000,480000,0.0737,24000,0.2807,24000,1.4115,12000,2.5657600000000005,120000,49.0,2025-11-21_09-33,,
R_AK_3DBall_2544,3DBall,2544,12.0,ppo,500000,149,28031,0.0007462200002404,3.0,239,47.7,84.1,1.3335,12000,1.1275,12000,99.2662,442000,100.0,276000,480000,0.0662,36000,0.1725,36000,1.4094,12000,2.5657600000000005,96000,41.8,2025-11-21_09-33,,
R_AK_3DBall_2545,3DBall,2545,12.0,ppo,500000,36,6894,0.0004212200290733,3.0,272,49.3,83.7,17.9084,12000,1.5839,12000,100.0,442000,100.0,84000,480000,0.1291,12000,1.3943,12000,1.3844,12000,2.5657600000000005,36000,13.6,2025-11-21_09-33,,
R_AK_3DBall_2546,3DBall,2546,12.0,ppo,500000,107,20113,0.0008008140777543,3.0,215,33.3,84.4,1.6146,12000,1.2342,12000,100.0,442000,100.0,180000,480000,0.0766,24000,0.3002,24000,1.3973,12000,2.5657600000000005,72000,26.8,2025-11-21_09-33,,
R_AK_3DBall_2547,3DBall,2547,12.0,ppo,500000,67,12705,0.0005804874150247,3.0,291,46.3,84.1,2.141,12000,1.1869,12000,99.1383,442000,100.0,132000,480000,0.098,24000,0.6289,24000,1.3929,12000,2.5657600000000005,60000,29.1,2025-11-21_09-33,,
R_AK_3DBall_2548,3DBall,2548,12.0,ppo,500000,35,6644,0.0004652070639085,3.0,376,49.2,84.3,27.5426,12000,1.6747,12000,99.1567,442000,100.0,96000,480000,0.1356,12000,1.0685,12000,1.3567,12000,2.5657600000000005,36000,18.8,2025-11-21_09-33,,
R_AK_3DBall_2549,3DBall,2549,12.0,ppo,500000,185,34779,0.0001628593351499,3.0,22378,53.8,82.4,1.2285,12000,1.0902,12000,98.836,442000,100.0,300000,480000,0.0603,36000,0.1877,36000,1.4165,12000,2.5657600000000005,120000,5035.1,2025-11-21_09-33,,
R_AK_3DBall_2550,3DBall,2550,12.0,ppo,500000,142,26727,0.0003777860255017,3.0,278,42.3,79.2,1.2989,12000,1.1182,12000,100.0,442000,100.0,240000,480000,0.067,36000,0.2673,36000,1.4143,12000,2.5657600000000005,96000,48.6,2025-11-21_09-33,,
R_AK_3DBall_2551,3DBall,2551,12.0,ppo,500000,163,30632,0.0004149381976142,3.0,250,38.2,80.2,1.3189,12000,1.152,12000,97.0019,442000,100.0,228000,480000,0.064,36000,0.1865,36000,1.4128,12000,2.5657600000000005,84000,37.5,2025-11-21_09-33,,
R_AK_3DBall_2552,3DBall,2552,12.0,ppo,500000,136,25510,0.0007791284284388,3.0,218,36.6,80.2,1.4427,12000,1.1108,12000,98.3717,442000,100.0,204000,480000,0.0708,36000,0.3171,36000,1.4045,12000,2.5657600000000005,84000,32.7,2025-11-21_09-33,,
R_AK_3DBall_2553,3DBall,2553,12.0,ppo,500000,91,17085,0.0006041850015441,3.0,248,48.5,80.5,1.7272,12000,1.1641,12000,99.6139,442000,100.0,180000,480000,0.0858,24000,0.4814,24000,1.4062,12000,2.5657600000000005,60000,24.8,2025-11-21_09-33,,
R_AK_3DBall_2554,3DBall,2554,12.0,ppo,500000,154,28890,4.574284718948022e-05,3.0,222,37.9,80.1,1.2774,12000,1.1841,12000,100.0,442000,100.0,348000,480000,0.0651,36000,0.3015,36000,1.4192,12000,2.5657600000000005,120000,49.9,2025-11-21_09-33,,
R_AK_3DBall_2555,3DBall,2555,12.0,ppo,500000,98,18548,0.0002691403896417,3.0,214,25.3,79.5,1.367,12000,1.1862,12000,100.0,442000,100.0,216000,480000,0.0805,24000,0.2713,24000,1.4195,12000,2.5657600000000005,84000,32.1,2025-11-21_09-33,,
R_AK_3DBall_2556,3DBall,2556,12.0,ppo,500000,146,27458,0.0003844068249589,3.0,212,25.0,79.4,1.2075,12000,1.1247,12000,100.0,442000,100.0,276000,480000,0.0652,36000,0.2477,36000,1.4194,12000,2.5657600000000005,120000,47.6,2025-11-21_09-33,,
R_AK_3DBall_2557,3DBall,2557,12.0,ppo,500000,108,20300,0.0001941131603557,3.0,225,47.3,80.9,1.4101,12000,1.1691,12000,100.0,442000,100.0,216000,480000,0.0765,24000,0.2621,24000,1.4146,12000,2.5657600000000005,72000,28.1,2025-11-21_09-33,,
R_AK_3DBall_2558,3DBall,2558,12.0,ppo,500000,173,32486,7.932891920030707e-05,3.0,227,38.6,82.0,1.2159,12000,1.1532,12000,100.0,442000,100.0,360000,480000,0.0602,36000,0.249,36000,1.4163,12000,2.5657600000000005,144000,62.3,2025-11-21_09-33,,
R_AK_3DBall_2559,3DBall,2559,12.0,ppo,500000,100,18911,0.000765870381118,3.0,217,25.8,81.5,1.4214,12000,1.1684,12000,100.0,442000,100.0,216000,480000,0.0835,24000,0.2774,24000,1.4121,12000,2.5657600000000005,72000,27.1,2025-11-21_09-33,,
R_AK_3DBall_2560,3DBall,2560,12.0,ppo,500000,188,35402,0.0006070306980832,3.0,215,33.2,84.8,1.2291,12000,1.1324,12000,100.0,442000,100.0,300000,480000,0.0596,36000,0.206,36000,1.4164,12000,2.5657600000000005,120000,48.3,2025-11-21_09-33,,
R_AK_3DBall_2561,3DBall,2561,12.0,ppo,500000,62,11807,0.0003697642578401,3.0,223,30.4,84.4,1.9463,12000,1.1886,12000,100.0,442000,100.0,144000,480000,0.1009,12000,0.4363,12000,1.3945,12000,2.5657600000000005,60000,22.3,2025-11-21_09-33,,
R_AK_3DBall_2562,3DBall,2562,12.0,ppo,500000,187,35152,0.0001292413638492,3.0,252,49.6,85.2,1.2302,12000,1.1494,12000,96.6451,442000,100.0,300000,480000,0.0598,36000,0.1873,36000,1.4189,12000,2.5657600000000005,120000,56.7,2025-11-21_09-33,,
R_AK_3DBall_2563,3DBall,2563,12.0,ppo,500000,51,9641,0.0004718979714184,3.0,227,30.0,84.7,2.5076,12000,1.2302,12000,100.0,442000,100.0,120000,480000,0.111,12000,0.5503,12000,1.4044,12000,2.5657600000000005,48000,17.0,2025-11-21_09-33,,
R_AK_3DBall_2564,3DBall,2564,12.0,ppo,500000,95,17821,0.0007333993971622,3.0,239,46.2,84.7,1.7874,12000,1.1732,12000,100.0,442000,100.0,156000,480000,0.0846,24000,0.492,24000,1.3916,12000,2.5657600000000005,60000,23.9,2025-11-21_09-33,,
R_AK_3DBall_2565,3DBall,2565,12.0,ppo,500000,45,8618,0.0005023742157307,3.0,230,32.7,85.0,2.7818,12000,1.1485,12000,100.0,442000,100.0,132000,480000,0.1178,12000,0.5688,12000,1.3947,12000,2.5657600000000005,48000,17.2,2025-11-21_09-33,,
R_AK_3DBall_2566,3DBall,2566,12.0,ppo,500000,118,22202,0.000898506792771,3.0,242,46.1,84.6,1.2815,12000,1.059,12000,100.0,442000,100.0,252000,480000,0.073,24000,0.1867,24000,1.4114,12000,2.5657600000000005,84000,36.3,2025-11-21_09-33,,
R_AK_3DBall_2567,3DBall,2567,12.0,ppo,500000,156,29374,0.0001935206906799,3.0,264,46.1,84.1,1.2626,12000,1.1233,12000,97.7351,442000,100.0,240000,480000,0.0634,36000,0.1768,36000,1.4136,12000,2.5657600000000005,96000,46.2,2025-11-21_09-33,,
R_AK_3DBall_2568,3DBall,2568,12.0,ppo,500000,87,16372,0.000779585738445,3.0,248,44.3,84.2,2.2303,12000,1.2156,12000,100.0,442000,100.0,180000,480000,0.0859,24000,0.6715,24000,1.3881,12000,2.5657600000000005,60000,24.8,2025-11-21_09-33,,
R_AK_3DBall_2569,3DBall,2569,12.0,ppo,500000,73,13720,0.0003242045757753,3.0,223,37.8,84.4,1.527,12000,1.1699,12000,100.0,442000,100.0,156000,480000,0.0963,24000,0.4176,24000,1.4039,12000,2.5657600000000005,72000,27.9,2025-11-21_09-33,,
R_AK_3DBall_2570,3DBall,2570,12.0,ppo,500000,148,27782,0.000407056186146,3.0,251,46.0,84.4,1.2635,12000,1.12,12000,99.7617,442000,100.0,240000,480000,0.0646,36000,0.2385,36000,1.4103,12000,2.5657600000000005,96000,43.9,2025-11-21_09-33,,
R_AK_3DBall_2571,3DBall,2571,12.0,ppo,500000,44,8301,0.0001354034612166,3.0,276,49.3,84.2,4.7112,12000,1.2888,12000,100.0,442000,100.0,108000,480000,0.1171,12000,0.9119,12000,1.4013,12000,2.5657600000000005,48000,20.7,2025-11-21_09-33,,
R_AK_3DBall_2572,3DBall,2572,12.0,ppo,500000,32,6069,0.0008892019699683,3.0,284,52.1,84.2,25.6218,12000,1.669,12000,100.0,442000,100.0,108000,480000,0.1439,12000,1.1672,12000,1.3354,12000,2.5657600000000005,36000,14.2,2025-11-21_09-33,,
R_AK_3DBall_2573,3DBall,2573,12.0,ppo,500000,127,23845,0.000333506132434,3.0,277,49.7,84.0,1.5159,12000,1.1993,12000,100.0,442000,100.0,204000,480000,0.0741,24000,0.2852,24000,1.4113,12000,2.5657600000000005,84000,41.6,2025-11-21_09-33,,
R_AK_3DBall_2574,3DBall,2574,12.0,ppo,500000,72,13516,0.0008609219582769,3.0,221,34.9,84.2,2.1096,12000,1.1893,12000,100.0,442000,100.0,168000,480000,0.0931,24000,0.6868,24000,1.401,12000,2.5657600000000005,60000,22.1,2025-11-21_09-33,,
R_AK_3DBall_2575,3DBall,2575,12.0,ppo,500000,132,24840,0.0003727777780052,3.0,271,48.3,84.4,1.4077,12000,1.1357,12000,100.0,442000,100.0,216000,480000,0.0677,36000,0.2477,36000,1.4111,12000,2.5657600000000005,84000,40.7,2025-11-21_09-33,,
R_AK_3DBall_2576,3DBall,2576,12.0,ppo,500000,55,10392,0.0001956890874578,3.0,270,51.6,84.3,3.2553,12000,1.3063,12000,98.5077,442000,100.0,120000,480000,0.1082,12000,0.5811,12000,1.4034,12000,2.5657600000000005,48000,20.3,2025-11-21_09-33,,
R_AK_3DBall_2577,3DBall,2577,12.0,ppo,500000,113,21197,0.0004292655657585,3.0,217,33.2,84.5,1.3025,12000,1.1707,12000,100.0,442000,100.0,228000,480000,0.0742,24000,0.2676,24000,1.4033,12000,2.5657600000000005,96000,37.9,2025-11-21_09-33,,
R_AK_3DBall_2578,3DBall,2578,12.0,ppo,500000,67,12705,0.0004504912715919,3.0,268,49.0,84.4,3.0621,12000,1.2209,12000,97.5723,442000,100.0,168000,480000,0.0979,24000,0.939,24000,1.3839,12000,2.5657600000000005,48000,20.1,2025-11-21_09-33,,
R_AK_3DBall_2579,3DBall,2579,12.0,ppo,500000,93,17605,0.0001698226647193,3.0,217,33.4,84.7,1.3311,12000,1.1511,12000,100.0,442000,100.0,180000,480000,0.0826,24000,0.328,24000,1.4081,12000,2.5657600000000005,84000,32.5,2025-11-21_09-33,,
R_AK_3DBall_2580,3DBall,2580,12.0,ppo,500000,88,16612,0.0002360367082877,3.0,253,48.0,84.2,1.5909,12000,1.1807,12000,100.0,442000,100.0,156000,480000,0.082,24000,0.3458,24000,1.4128,12000,2.5657600000000005,72000,31.6,2025-11-21_09-33,,
R_AK_3DBall_2581,3DBall,2581,12.0,ppo,500000,131,24565,0.0003105863792629,3.0,219,36.7,84.5,1.3319,12000,1.1381,12000,100.0,442000,100.0,252000,480000,0.0701,36000,0.2857,36000,1.4163,12000,2.5657600000000005,96000,38.3,2025-11-21_09-33,,
R_AK_3DBall_2582,3DBall,2582,12.0,ppo,500000,139,26126,0.0002397040073036,3.0,251,42.3,84.8,1.3537,12000,1.1068,12000,99.335,442000,100.0,252000,480000,0.0694,36000,0.2592,36000,1.4126,12000,2.5657600000000005,84000,37.6,2025-11-21_09-33,,
R_AK_3DBall_2583,3DBall,2583,12.0,ppo,500000,127,23888,0.0007661828493708,3.0,227,39.1,84.8,1.3232,12000,1.0612,12000,100.0,442000,100.0,228000,480000,0.0697,24000,0.2305,24000,1.4114,12000,2.5657600000000005,84000,34.0,2025-11-21_09-33,,
R_AK_3DBall_2584,3DBall,2584,12.0,ppo,500000,114,21426,0.0006146010572941,3.0,260,47.1,85.0,1.5663,12000,1.206,12000,97.1814,442000,100.0,216000,480000,0.0766,24000,0.2872,24000,1.4093,12000,2.5657600000000005,72000,32.5,2025-11-21_09-33,,
R_AK_3DBall_2585,3DBall,2585,12.0,ppo,500000,110,20687,0.0001449934668862,3.0,230,41.2,84.8,1.2924,12000,1.1299,12000,100.0,442000,100.0,204000,480000,0.075,24000,0.2171,24000,1.4159,12000,2.5657600000000005,84000,34.5,2025-11-21_09-33,,
R_AK_3DBall_2586,3DBall,2586,12.0,ppo,500000,140,26346,6.261735600791438e-05,3.0,219,27.2,84.3,1.1135,12000,1.0815,12000,74.9304,442000,89.4539,492000,480000,0.068,36000,0.3398,36000,1.4166,12000,2.5657600000000005,216000,93.0,2025-11-21_09-33,,
R_AK_3DBall_2587,3DBall,2587,12.0,ppo,500000,54,10172,0.000108340587052,3.0,241,45.9,84.2,2.4163,12000,1.209,12000,98.7954,442000,100.0,120000,480000,0.111,12000,0.4749,12000,1.4133,12000,2.5657600000000005,48000,18.1,2025-11-21_09-33,,
R_AK_3DBall_2588,3DBall,2588,12.0,ppo,500000,115,21651,0.0003051765148033,3.0,226,42.1,84.4,1.3369,12000,1.0893,12000,100.0,442000,100.0,240000,480000,0.0746,24000,0.2191,24000,1.4155,12000,2.5657600000000005,84000,33.9,2025-11-21_09-33,,
R_AK_3DBall_2589,3DBall,2589,12.0,ppo,500000,145,27347,0.0006719020942517,3.0,223,38.2,84.3,1.2845,12000,1.1024,12000,100.0,442000,100.0,240000,480000,0.0651,36000,0.2489,36000,1.4127,12000,2.5657600000000005,96000,39.0,2025-11-21_09-33,,
R_AK_3DBall_2590,3DBall,2590,12.0,ppo,500000,76,14306,0.0003238531741342,3.0,233,41.1,84.1,1.8129,12000,1.2126,12000,100.0,442000,100.0,156000,480000,0.0924,24000,0.6176,24000,1.4053,12000,2.5657600000000005,60000,23.3,2025-11-21_09-33,,
R_AK_3DBall_2591,3DBall,2591,12.0,ppo,500000,114,21402,0.0002928040631685,3.0,213,28.0,84.4,1.2235,12000,1.1115,12000,100.0,442000,100.0,228000,480000,0.0734,24000,0.2975,24000,1.4086,12000,2.5657600000000005,120000,47.9,2025-11-21_09-33,,
R_AK_3DBall_2592,3DBall,2592,12.0,ppo,500000,44,8380,0.0007424315027255,3.0,229,26.9,84.1,4.1259,12000,1.295,12000,100.0,442000,100.0,96000,480000,0.121,12000,0.8066,12000,1.3772,12000,2.5657600000000005,48000,17.2,2025-11-21_09-33,,
R_AK_3DBall_2593,3DBall,2593,12.0,ppo,500000,71,13313,0.0005738530119001,3.0,217,27.1,84.2,1.9795,12000,1.2208,12000,100.0,442000,100.0,132000,480000,0.0943,24000,0.592,24000,1.4013,12000,2.5657600000000005,60000,21.7,2025-11-21_09-33,,
R_AK_3DBall_2594,3DBall,2594,12.0,ppo,500000,38,7128,0.0007081627145247,3.0,249,45.0,84.5,18.9976,12000,1.4981,12000,100.0,442000,100.0,156000,480000,0.1299,12000,1.2859,12000,1.3668,12000,2.5657600000000005,36000,12.5,2025-11-21_09-33,,
R_AK_3DBall_2595,3DBall,2595,12.0,ppo,500000,42,7948,0.0003057601601031,3.0,251,46.2,84.4,15.688,12000,1.4716,12000,100.0,442000,100.0,96000,480000,0.1237,12000,1.0646,12000,1.3888,12000,2.5657600000000005,36000,12.6,2025-11-21_09-33,,
R_AK_3DBall_2596,3DBall,2596,12.0,ppo,500000,107,20109,0.0008914891217331,3.0,230,40.8,84.3,1.5795,12000,1.1508,12000,100.0,442000,100.0,192000,480000,0.0766,24000,0.2884,24000,1.3982,12000,2.5657600000000005,72000,28.7,2025-11-21_09-33,,
R_AK_3DBall_2597,3DBall,2597,12.0,ppo,500000,34,6555,0.000438971744136,3.0,303,46.9,84.1,18.562,12000,1.9279,12000,86.9047,442000,100.0,180000,480000,0.1371,12000,1.0905,12000,1.3437,12000,2.5657600000000005,36000,15.2,2025-11-21_09-33,,
R_AK_3DBall_2598,3DBall,2598,12.0,ppo,500000,63,11938,0.0002573765017008,3.0,222,29.4,84.6,1.8813,12000,1.1914,12000,100.0,442000,100.0,144000,480000,0.1014,12000,0.4982,12000,1.4157,12000,2.5657600000000005,60000,22.2,2025-11-21_09-33,,
R_AK_3DBall_2599,3DBall,2599,12.0,ppo,500000,81,15299,0.0004180885396771,3.0,230,44.9,84.4,1.5768,12000,1.1455,12000,100.0,442000,100.0,144000,480000,0.0846,24000,0.3005,24000,1.4104,12000,2.5657600000000005,72000,28.7,2025-11-21_09-33,,
R_AK_3DBall_2600,3DBall,2600,12.0,ppo,500000,156,29303,0.0006857748298402,3.0,226,41.0,84.5,1.259,12000,1.1004,12000,100.0,442000,100.0,252000,480000,0.0668,36000,0.1505,36000,1.4099,12000,2.5657600000000005,96000,39.5,2025-11-21_09-33,,
R_AK_3DBall_2601,3DBall,2601,12.0,ppo,500000,99,18571,0.0003931019843242,3.0,250,44.0,84.3,2.0024,12000,1.2136,12000,100.0,442000,100.0,204000,480000,0.0819,24000,0.3913,24000,1.3882,12000,2.5657600000000005,48000,18.8,2025-11-21_09-33,,
R_AK_3DBall_2602,3DBall,2602,12.0,ppo,500000,165,31050,0.0002110973450839,3.0,217,38.8,84.9,1.182,12000,1.1348,12000,98.4785,442000,100.0,336000,480000,0.0617,36000,0.2798,36000,1.4177,12000,2.5657600000000005,132000,54.2,2025-11-21_09-33,,
R_AK_3DBall_2603,3DBall,2603,12.0,ppo,500000,144,27088,0.0001430523845259,3.0,219,34.6,84.3,1.1653,12000,1.095,12000,98.995,442000,100.0,396000,480000,0.0677,36000,0.3517,36000,1.4152,12000,2.5657600000000005,156000,65.6,2025-11-21_09-33,,
R_AK_3DBall_2604,3DBall,2604,12.0,ppo,500000,94,17700,0.0006444487514344,3.0,246,47.8,84.2,1.8782,12000,1.1903,12000,100.0,442000,100.0,144000,480000,0.0835,24000,0.6154,24000,1.401,12000,2.5657600000000005,60000,24.6,2025-11-21_09-33,,
R_AK_3DBall_2605,3DBall,2605,12.0,ppo,500000,48,9085,0.0007834621350953,3.0,227,32.3,84.2,4.4109,12000,1.2231,12000,100.0,442000,100.0,108000,480000,0.1129,12000,0.9225,12000,1.3925,12000,2.5657600000000005,48000,17.0,2025-11-21_09-33,,
R_AK_3DBall_2606,3DBall,2606,12.0,ppo,500000,139,26183,0.0007352890211209,3.0,215,34.1,85.4,1.2676,12000,1.1095,12000,100.0,442000,100.0,228000,480000,0.0694,36000,0.248,36000,1.4091,12000,2.5657600000000005,96000,37.6,2025-11-21_09-33,,
R_AK_3DBall_2607,3DBall,2607,12.0,ppo,500000,134,25130,0.0005318626356657,3.0,215,33.1,85.3,1.342,12000,1.1196,12000,98.48,442000,100.0,216000,480000,0.0675,36000,0.2775,36000,1.4113,12000,2.5657600000000005,96000,37.6,2025-11-21_09-33,,
R_AK_3DBall_2608,3DBall,2608,12.0,ppo,500000,117,22044,0.0002781098497261,3.0,230,44.9,84.9,1.4216,12000,1.1428,12000,98.9583,442000,100.0,192000,480000,0.0764,24000,0.2608,24000,1.4169,12000,2.5657600000000005,84000,34.5,2025-11-21_09-33,,
R_AK_3DBall_2609,3DBall,2609,12.0,ppo,500000,136,25653,0.0007604150465483,3.0,216,35.4,84.6,1.3854,12000,1.1531,12000,98.4892,442000,100.0,228000,480000,0.0719,36000,0.2977,36000,1.4131,12000,2.5657600000000005,84000,32.4,2025-11-21_09-33,,
R_AK_3DBall_2610,3DBall,2610,12.0,ppo,500000,34,6396,0.0007080301712182,3.0,334,46.5,83.5,19.3364,12000,1.5629,12000,0.3157,442000,89.9539,84000,480000,0.1387,12000,1.005,12000,1.3554,12000,2.5657600000000005,36000,16.7,2025-11-21_09-33,,
R_AK_3DBall_2611,3DBall,2611,12.0,ppo,500000,67,12572,0.0003192075544555,3.0,222,33.0,83.3,1.8812,12000,1.1812,12000,100.0,442000,100.0,144000,480000,0.098,24000,0.5098,24000,1.4153,12000,2.5657600000000005,60000,22.2,2025-11-21_09-33,,
R_AK_3DBall_2612,3DBall,2612,12.0,ppo,500000,59,11198,0.0005738101348333,3.0,243,48.9,83.3,2.9938,12000,1.2272,12000,100.0,442000,100.0,120000,480000,0.1051,12000,0.6659,12000,1.3926,12000,2.5657600000000005,48000,18.2,2025-11-21_09-33,,
R_AK_3DBall_2613,3DBall,2613,12.0,ppo,500000,127,23984,0.0004522268134516,3.0,236,43.7,83.6,1.4086,12000,1.1642,12000,98.4954,442000,100.0,180000,480000,0.0728,36000,0.28,36000,1.4148,12000,2.5657600000000005,84000,35.4,2025-11-21_09-33,,
R_AK_3DBall_2614,3DBall,2614,12.0,ppo,500000,151,28439,0.0006653555103318,3.0,247,49.9,84.2,1.3818,12000,1.1389,12000,97.8129,442000,100.0,228000,480000,0.0641,36000,0.1924,36000,1.411,12000,2.5657600000000005,72000,30.9,2025-11-21_09-33,,
R_AK_3DBall_2615,3DBall,2615,12.0,ppo,500000,142,26653,0.0003205162470493,3.0,241,45.6,83.9,1.3628,12000,1.1371,12000,98.9881,442000,100.0,252000,480000,0.0659,36000,0.2546,36000,1.409,12000,2.5657600000000005,96000,42.2,2025-11-21_09-33,,
R_AK_3DBall_2616,3DBall,2616,12.0,ppo,500000,100,18814,0.000468279662962,3.0,250,47.7,84.0,1.7078,12000,1.1547,12000,100.0,442000,100.0,192000,480000,0.0814,24000,0.2936,24000,1.406,12000,2.5657600000000005,60000,25.0,2025-11-21_09-33,,
R_AK_3DBall_2617,3DBall,2617,12.0,ppo,500000,170,31877,0.0006984200854828,3.0,239,45.5,84.2,1.2181,12000,1.0914,12000,100.0,442000,100.0,252000,480000,0.0613,36000,0.1556,36000,1.4142,12000,2.5657600000000005,108000,47.8,2025-11-21_09-33,,
R_AK_3DBall_2618,3DBall,2618,12.0,ppo,500000,186,34988,0.0004475284793145,3.0,215,38.7,84.1,1.1886,12000,1.1235,12000,98.4862,442000,100.0,360000,480000,0.0594,36000,0.2464,36000,1.4191,12000,2.5657600000000005,120000,48.3,2025-11-21_09-33,,
R_AK_3DBall_2619,3DBall,2619,12.0,ppo,500000,73,13731,0.0003288931693297,3.0,221,33.8,84.0,1.5581,12000,1.1508,12000,100.0,442000,100.0,156000,480000,0.0934,24000,0.3862,24000,1.4082,12000,2.5657600000000005,72000,27.6,2025-11-21_09-33,,
R_AK_3DBall_2620,3DBall,2620,12.0,ppo,500000,58,10976,3.7535447217927925e-05,3.0,244,48.0,84.2,1.4756,12000,1.2188,12000,100.0,442000,100.0,228000,480000,0.1022,12000,0.417,12000,1.4163,12000,2.5657600000000005,84000,36.6,2025-11-21_09-33,,
R_AK_3DBall_2621,3DBall,2621,12.0,ppo,500000,119,22339,0.0006437590177206,3.0,215,33.4,84.4,1.3678,12000,1.1849,12000,98.4831,442000,100.0,192000,480000,0.0731,24000,0.2368,24000,1.4087,12000,2.5657600000000005,84000,32.2,2025-11-21_09-33,,
R_AK_3DBall_2622,3DBall,2622,12.0,ppo,500000,113,21264,0.0008478532584479,3.0,237,47.4,84.6,1.6439,12000,1.1775,12000,97.43,442000,100.0,216000,480000,0.0751,24000,0.3311,24000,1.3945,12000,2.5657600000000005,60000,23.7,2025-11-21_09-33,,
R_AK_3DBall_2623,3DBall,2623,12.0,ppo,500000,154,29060,0.0003119280442765,3.0,213,33.0,84.6,1.191,12000,1.1012,12000,100.0,442000,100.0,288000,480000,0.0644,36000,0.2291,36000,1.4145,12000,2.5657600000000005,108000,42.6,2025-11-21_09-33,,
R_AK_3DBall_2624,3DBall,2624,12.0,ppo,500000,182,34166,0.0001376359912429,3.0,226,42.5,84.7,1.2097,12000,1.1677,12000,99.9317,442000,100.0,324000,480000,0.0579,36000,0.2443,36000,1.4182,12000,2.5657600000000005,120000,50.8,2025-11-21_09-33,,
R_AK_3DBall_2625,3DBall,2625,12.0,ppo,500000,174,32654,0.0005373031002007,3.0,228,44.5,84.8,1.2146,12000,1.0902,12000,100.0,442000,100.0,240000,480000,0.0601,36000,0.1724,36000,1.4132,12000,2.5657600000000005,108000,45.6,2025-11-21_09-33,,
R_AK_3DBall_2626,3DBall,2626,12.0,ppo,500000,42,7905,0.0004013204980163,3.0,233,34.4,83.9,6.3773,12000,1.1803,12000,100.0,442000,100.0,96000,480000,0.1235,12000,1.0069,12000,1.3831,12000,2.5657600000000005,48000,17.5,2025-11-21_09-33,,
R_AK_3DBall_2627,3DBall,2627,12.0,ppo,500000,111,20860,0.0004708376653287,3.0,232,45.0,83.8,1.3678,12000,1.146,12000,99.8517,442000,100.0,180000,480000,0.0772,24000,0.2181,24000,1.4103,12000,2.5657600000000005,72000,29.0,2025-11-21_09-33,,
R_AK_3DBall_2628,3DBall,2628,12.0,ppo,500000,93,17488,0.0003566763195076,3.0,216,32.9,84.0,1.3827,12000,1.2194,12000,100.0,442000,100.0,216000,480000,0.0833,24000,0.3453,24000,1.4074,12000,2.5657600000000005,96000,37.8,2025-11-21_09-33,,
R_AK_3DBall_2629,3DBall,2629,12.0,ppo,500000,185,34816,0.000344191258659,3.0,226,44.7,84.8,1.2329,12000,1.1254,12000,100.0,442000,100.0,300000,480000,0.0598,36000,0.1849,36000,1.4177,12000,2.5657600000000005,120000,50.8,2025-11-21_09-33,,
R_AK_3DBall_2630,3DBall,2630,12.0,ppo,500000,190,35681,0.0006771268783424,3.0,242,49.0,84.8,1.3096,12000,1.1768,12000,100.0,442000,100.0,336000,480000,0.0589,36000,0.1938,36000,1.4127,12000,2.5657600000000005,84000,36.3,2025-11-21_09-33,,
R_AK_3DBall_2631,3DBall,2631,12.0,ppo,500000,167,31405,0.0002315362796995,3.0,215,33.1,84.8,1.1418,12000,1.12,12000,98.5092,442000,100.0,420000,480000,0.062,36000,0.4108,36000,1.4134,12000,2.5657600000000005,168000,69.8,2025-11-21_09-33,,
R_AK_3DBall_2632,3DBall,2632,12.0,ppo,500000,93,17489,0.0001661146616451,3.0,240,47.7,84.5,1.8474,12000,1.2252,12000,98.5877,442000,100.0,168000,480000,0.0833,24000,0.488,24000,1.4089,12000,2.5657600000000005,60000,24.0,2025-11-21_09-33,,
R_AK_3DBall_2633,3DBall,2633,12.0,ppo,500000,72,13587,0.0008793573071949,3.0,261,49.5,84.6,2.6704,12000,1.2059,12000,100.0,442000,100.0,180000,480000,0.0968,24000,0.8922,24000,1.3849,12000,2.5657600000000005,48000,19.6,2025-11-21_09-33,,
R_AK_3DBall_2634,3DBall,2634,12.0,ppo,500000,74,14020,0.0001904202232774,3.0,222,32.7,84.0,1.3342,12000,1.2007,12000,100.0,442000,100.0,192000,480000,0.092,24000,0.3796,24000,1.4088,12000,2.5657600000000005,96000,38.8,2025-11-21_09-33,,
R_AK_3DBall_2635,3DBall,2635,12.0,ppo,500000,113,21312,0.0004169140654692,3.0,238,47.7,83.9,1.4359,12000,1.1306,12000,99.0017,442000,100.0,228000,480000,0.0785,24000,0.2321,24000,1.4075,12000,2.5657600000000005,72000,29.7,2025-11-21_09-33,,
R_AK_3DBall_2636,3DBall,2636,12.0,ppo,500000,87,16328,0.0005044904302607,3.0,243,45.1,84.1,1.8674,12000,1.1837,12000,98.5092,442000,100.0,144000,480000,0.0847,24000,0.4787,24000,1.4096,12000,2.5657600000000005,60000,24.3,2025-11-21_09-33,,
R_AK_3DBall_2637,3DBall,2637,12.0,ppo,500000,187,35125,0.0002154351427139,3.0,239,45.0,84.2,1.3055,12000,1.1723,12000,98.13,442000,100.0,288000,480000,0.0581,36000,0.207,36000,1.4141,12000,2.5657600000000005,108000,47.8,2025-11-21_09-33,,
R_AK_3DBall_2638,3DBall,2638,12.0,ppo,500000,171,32227,4.3715300418814754e-05,3.0,241,45.2,84.5,1.2688,12000,1.1669,12000,99.3339,442000,100.0,336000,480000,0.0612,36000,0.2758,36000,1.4181,12000,2.5657600000000005,120000,54.2,2025-11-21_09-33,,
R_AK_3DBall_2639,3DBall,2639,12.0,ppo,500000,174,32642,0.0008689057802925,3.0,213,33.3,84.3,1.2369,12000,1.1324,12000,100.0,442000,100.0,276000,480000,0.0594,36000,0.1858,36000,1.4142,12000,2.5657600000000005,108000,42.5,2025-11-21_09-33,,
R_AK_3DBall_2640,3DBall,2640,12.0,ppo,500000,93,17599,7.767658355494472e-05,3.0,221,33.1,84.4,1.1845,12000,1.1444,12000,100.0,442000,100.0,312000,480000,0.0852,24000,0.3233,24000,1.4165,12000,2.5657600000000005,132000,55.2,2025-11-21_09-33,,
R_AK_3DBall_2641,3DBall,2641,12.0,ppo,500000,130,24439,0.0004891893320735,3.0,230,46.6,84.4,1.4709,12000,1.0984,12000,100.0,442000,100.0,252000,480000,0.0707,36000,0.2861,36000,1.4108,12000,2.5657600000000005,84000,34.5,2025-11-21_09-33,,
R_AK_3DBall_2642,3DBall,2642,12.0,ppo,500000,147,27587,0.000769971691539,3.0,252,49.4,84.7,1.3594,12000,1.1315,12000,100.0,442000,100.0,180000,480000,0.0656,36000,0.3459,36000,1.4069,12000,2.5657600000000005,72000,31.5,2025-11-21_09-33,,
R_AK_3DBall_2643,3DBall,2643,12.0,ppo,500000,182,34190,0.0002607390945252,3.0,232,44.8,84.6,1.2006,12000,1.1146,12000,98.9354,442000,100.0,300000,480000,0.06,36000,0.1849,36000,1.4192,12000,2.5657600000000005,120000,52.2,2025-11-21_09-33,,
R_AK_3DBall_2644,3DBall,2644,12.0,ppo,500000,38,7187,0.0001745344678723,3.0,233,34.7,84.5,1.9575,12000,1.1876,12000,100.0,442000,100.0,120000,480000,0.1311,12000,0.528,12000,1.3986,12000,2.5657600000000005,60000,23.3,2025-11-21_09-33,,
R_AK_3DBall_2645,3DBall,2645,12.0,ppo,500000,156,29392,0.0002068215993281,3.0,228,48.9,85.2,1.2144,12000,1.1016,12000,98.5231,442000,100.0,288000,480000,0.0617,36000,0.1892,36000,1.4185,12000,2.5657600000000005,108000,45.5,2025-11-21_09-33,,
R_AK_3DBall_2646,3DBall,2646,12.0,ppo,500000,45,8483,0.0001137507218731,3.0,264,49.2,84.9,3.6692,12000,1.3206,12000,100.0,442000,100.0,108000,480000,0.1208,12000,0.838,12000,1.4053,12000,2.5657600000000005,48000,19.8,2025-11-21_09-33,,
R_AK_3DBall_2647,3DBall,2647,12.0,ppo,500000,150,28197,0.0001721863304943,3.0,217,33.3,84.7,1.1648,12000,1.1291,12000,100.0,442000,100.0,432000,480000,0.0653,36000,0.4018,36000,1.4153,12000,2.5657600000000005,168000,70.5,2025-11-21_09-33,,
R_AK_3DBall_2648,3DBall,2648,12.0,ppo,500000,136,25679,0.0002943623668212,3.0,215,32.9,84.5,1.2133,12000,1.1326,12000,98.4877,442000,100.0,300000,480000,0.0669,36000,0.3009,36000,1.4172,12000,2.5657600000000005,120000,48.3,2025-11-21_09-33,,
R_AK_3DBall_2649,3DBall,2649,12.0,ppo,500000,176,33105,0.000494343851532,3.0,214,36.7,84.5,1.1737,12000,1.0902,12000,100.0,442000,100.0,324000,480000,0.0607,36000,0.2105,36000,1.4171,12000,2.5657600000000005,120000,48.1,2025-11-21_09-33,,
R_AK_3DBall_2650,3DBall,2650,12.0,ppo,500000,188,35314,0.0008092872466863,3.0,232,48.7,84.5,1.2931,12000,1.1257,12000,98.5092,442000,100.0,228000,480000,0.0608,36000,0.1965,36000,1.4078,12000,2.5657600000000005,84000,34.8,2025-11-21_09-33,,
R_AK_3DBall_2651,3DBall,2651,12.0,ppo,500000,175,32827,0.0006055485990784,3.0,215,33.5,84.7,1.1754,12000,1.1045,12000,98.3667,442000,100.0,276000,480000,0.0614,36000,0.1878,36000,1.418,12000,2.5657600000000005,108000,43.0,2025-11-21_09-33,,
R_AK_3DBall_2652,3DBall,2652,12.0,ppo,500000,120,22631,0.0007573665587131,3.0,214,33.0,84.4,1.3717,12000,1.1054,12000,100.0,442000,100.0,228000,480000,0.0721,24000,0.2366,24000,1.4045,12000,2.5657600000000005,84000,32.1,2025-11-21_09-33,,
R_AK_3DBall_2653,3DBall,2653,12.0,ppo,500000,151,28374,0.0004954494089895,3.0,214,33.1,84.6,1.3263,12000,1.1595,12000,100.0,442000,100.0,252000,480000,0.0653,36000,0.2229,36000,1.4129,12000,2.5657600000000005,96000,37.4,2025-11-21_09-33,,
R_AK_3DBall_2654,3DBall,2654,12.0,ppo,500000,191,35877,0.0002621868816596,3.0,224,42.7,84.7,1.2609,12000,1.1825,12000,100.0,442000,100.0,312000,480000,0.059,36000,0.1891,36000,1.4157,12000,2.5657600000000005,120000,50.4,2025-11-21_09-33,,
R_AK_3DBall_2655,3DBall,2655,12.0,ppo,500000,143,26929,0.0004737557057688,3.0,213,33.1,84.8,1.2774,12000,1.1526,12000,100.0,442000,100.0,264000,480000,0.0639,36000,0.3092,36000,1.4126,12000,2.5657600000000005,120000,47.9,2025-11-21_09-33,,
R_AK_3DBall_2656,3DBall,2656,12.0,ppo,500000,72,13560,0.0007844904694817,3.0,220,34.5,84.9,1.699,12000,1.1239,12000,100.0,442000,100.0,120000,480000,0.0944,24000,0.5072,24000,1.395,12000,2.5657600000000005,60000,22.0,2025-11-21_09-33,,
R_AK_3DBall_2657,3DBall,2657,12.0,ppo,500000,76,14436,0.0003126257108671,3.0,232,46.8,84.0,1.9999,12000,1.2291,12000,98.5185,442000,100.0,132000,480000,0.0917,24000,0.4094,24000,1.4089,12000,2.5657600000000005,60000,23.2,2025-11-21_09-33,,
R_AK_3DBall_2658,3DBall,2658,12.0,ppo,500000,116,21838,0.0008177717689444,3.0,213,35.4,83.7,1.3345,12000,1.1106,12000,100.0,442000,100.0,228000,480000,0.0736,24000,0.2276,24000,1.4153,12000,2.5657600000000005,84000,31.9,2025-11-21_09-33,,
R_AK_3DBall_2659,3DBall,2659,12.0,ppo,500000,38,7219,0.0008585445594085,3.0,269,51.0,83.8,22.9059,12000,1.7745,12000,94.4692,442000,100.0,120000,480000,0.1283,12000,1.0866,12000,1.3405,12000,2.5657600000000005,36000,13.5,2025-11-21_09-33,,
R_AK_3DBall_2660,3DBall,2660,12.0,ppo,500000,44,8323,0.0008973552791514,3.0,228,32.0,83.9,4.561,12000,1.2566,12000,100.0,442000,100.0,120000,480000,0.118,12000,0.888,12000,1.382,12000,2.5657600000000005,48000,17.1,2025-11-21_09-33,,
R_AK_3DBall_2661,3DBall,2661,12.0,ppo,500000,187,35119,0.0007589082249021,3.0,250,51.1,84.3,1.2553,12000,1.1172,12000,98.5169,442000,100.0,324000,480000,0.0584,36000,0.1681,36000,1.4111,12000,2.5657600000000005,108000,50.0,2025-11-21_09-33,,
R_AK_3DBall_2662,3DBall,2662,12.0,ppo,500000,80,15080,0.0003846902379312,3.0,244,47.9,84.1,2.2853,12000,1.2608,12000,98.7785,442000,100.0,120000,480000,0.089,24000,0.542,24000,1.3916,12000,2.5657600000000005,60000,24.4,2025-11-21_09-33,,
R_AK_3DBall_2663,3DBall,2663,12.0,ppo,500000,89,16699,0.0004112517416155,3.0,216,32.7,84.1,1.5472,12000,1.1222,12000,100.0,442000,100.0,168000,480000,0.0831,24000,0.3236,24000,1.413,12000,2.5657600000000005,72000,27.0,2025-11-21_09-33,,
R_AK_3DBall_2664,3DBall,2664,12.0,ppo,500000,76,14340,0.0008612010783877,3.0,219,33.7,84.3,1.7426,12000,1.1612,12000,100.0,442000,100.0,144000,480000,0.0925,24000,0.6267,24000,1.3891,12000,2.5657600000000005,60000,21.9,2025-11-21_09-33,,
R_AK_3DBall_2665,3DBall,2665,12.0,ppo,500000,60,11429,5.606532693938161e-05,3.0,254,51.7,83.8,2.2274,12000,1.2454,12000,100.0,442000,100.0,144000,480000,0.1052,12000,0.5559,12000,1.4154,12000,2.5657600000000005,48000,19.1,2025-11-21_09-33,,
R_AK_3DBall_2666,3DBall,2666,12.0,ppo,500000,83,15732,0.0003374743986859,3.0,219,33.1,83.6,1.5137,12000,1.1366,12000,100.0,442000,100.0,156000,480000,0.0873,24000,0.3365,24000,1.4135,12000,2.5657600000000005,72000,27.3,2025-11-21_09-33,,
R_AK_3DBall_2667,3DBall,2667,12.0,ppo,500000,71,13478,0.0003477536633078,3.0,265,49.2,83.7,2.6638,12000,1.1594,12000,100.0,442000,100.0,144000,480000,0.0957,24000,0.9191,24000,1.4013,12000,2.5657600000000005,48000,19.9,2025-11-21_09-33,,
R_AK_3DBall_2668,3DBall,2668,12.0,ppo,500000,126,23760,0.0005150143326208,3.0,215,37.4,84.1,1.2208,12000,1.0677,12000,100.0,442000,100.0,288000,480000,0.0737,24000,0.27,24000,1.4107,12000,2.5657600000000005,108000,42.9,2025-11-21_09-33,,
R_AK_3DBall_2669,3DBall,2669,12.0,ppo,500000,156,29321,0.0004150332877971,3.0,247,48.2,84.5,1.3421,12000,1.187,12000,100.0,442000,100.0,288000,480000,0.0631,36000,0.182,36000,1.4101,12000,2.5657600000000005,72000,30.9,2025-11-21_09-33,,
R_AK_3DBall_2670,3DBall,2670,12.0,ppo,500000,173,32441,0.0007653795800904,3.0,214,32.3,84.3,1.1933,12000,1.1154,12000,100.0,442000,100.0,276000,480000,0.0618,36000,0.1847,36000,1.4152,12000,2.5657600000000005,108000,42.7,2025-11-21_09-33,,
R_AK_3DBall_2671,3DBall,2671,12.0,ppo,500000,64,12015,0.0008900806145801,3.0,221,34.4,84.0,2.4943,12000,1.1903,12000,95.6624,442000,100.0,120000,480000,0.1008,24000,0.6838,24000,1.3829,12000,2.5657600000000005,48000,16.6,2025-11-21_09-33,,
R_AK_3DBall_2672,3DBall,2672,12.0,ppo,500000,148,27876,0.0007992429180702,3.0,249,49.8,84.3,1.4575,12000,1.1313,12000,98.5016,442000,100.0,216000,480000,0.068,36000,0.3635,36000,1.402,12000,2.5657600000000005,72000,31.1,2025-11-21_09-33,,
R_AK_3DBall_2673,3DBall,2673,12.0,ppo,500000,135,25491,0.0004179895200912,3.0,269,49.5,83.8,1.468,12000,1.1211,12000,99.6333,442000,100.0,228000,480000,0.0689,36000,0.3267,36000,1.4051,12000,2.5657600000000005,84000,40.3,2025-11-21_09-33,,
R_AK_3DBall_2674,3DBall,2674,12.0,ppo,500000,83,15585,0.0004764837140586,3.0,216,34.7,83.7,1.7994,12000,1.2681,12000,100.0,442000,100.0,168000,480000,0.0888,24000,0.5007,24000,1.3962,12000,2.5657600000000005,60000,21.6,2025-11-21_09-33,,
R_AK_3DBall_2675,3DBall,2675,12.0,ppo,500000,165,31046,0.0002017875235557,3.0,215,33.9,84.1,1.1604,12000,1.1381,12000,100.0,442000,100.0,444000,480000,0.0635,36000,0.3355,36000,1.4162,12000,2.5657600000000005,168000,69.8,2025-11-21_09-33,,
R_AK_3DBall_2676,3DBall,2676,12.0,ppo,500000,67,12592,0.0001079603279174,3.0,240,51.1,84.2,1.5301,12000,1.1401,12000,100.0,442000,100.0,144000,480000,0.096,24000,0.3594,24000,1.4132,12000,2.5657600000000005,72000,30.0,2025-11-21_09-33,,
R_AK_3DBall_2677,3DBall,2677,12.0,ppo,500000,36,6915,0.0004687778385275,3.0,331,47.1,84.9,18.3364,12000,1.7128,12000,0.1438,442000,100.0,108000,480000,0.1356,12000,1.3175,12000,1.3624,12000,2.5657600000000005,36000,16.5,2025-11-21_09-33,,
R_AK_3DBall_2678,3DBall,2678,12.0,ppo,500000,88,16627,0.0004524357185463,3.0,242,47.2,84.4,1.8571,12000,1.1926,12000,98.7317,442000,100.0,144000,480000,0.0873,24000,0.4869,24000,1.3982,12000,2.5657600000000005,60000,24.2,2025-11-21_09-33,,
R_AK_3DBall_2679,3DBall,2679,12.0,ppo,500000,77,14537,0.0006116217539606,3.0,253,49.1,84.6,2.2074,12000,1.1674,12000,98.5046,442000,100.0,156000,480000,0.0921,24000,0.5258,24000,1.3837,12000,2.5657600000000005,60000,25.3,2025-11-21_09-33,,
R_AK_3DBall_2680,3DBall,2680,12.0,ppo,500000,57,10694,0.0002311598864982,3.0,226,34.8,84.4,1.8693,12000,1.1406,12000,100.0,442000,100.0,132000,480000,0.1045,12000,0.3771,12000,1.402,12000,2.5657600000000005,60000,22.6,2025-11-21_09-33,,
R_AK_3DBall_2681,3DBall,2681,12.0,ppo,500000,133,25042,0.0004875566451141,3.0,225,46.4,84.6,1.4301,12000,1.1702,12000,98.6846,442000,100.0,192000,480000,0.0688,36000,0.3103,36000,1.4129,12000,2.5657600000000005,84000,33.7,2025-11-21_09-33,,
R_AK_3DBall_2682,3DBall,2682,12.0,ppo,500000,58,10946,0.0002390007732128,3.0,287,51.6,85.0,4.4103,12000,1.3613,12000,98.5523,442000,100.0,108000,480000,0.1035,12000,0.922,12000,1.3797,12000,2.5657600000000005,36000,14.4,2025-11-21_09-33,,
R_AK_3DBall_2683,3DBall,2683,12.0,ppo,500000,153,28746,0.0001518528004523,3.0,218,33.6,85.1,1.159,12000,1.1435,12000,92.8444,442000,100.0,432000,480000,0.0628,36000,0.5019,36000,1.4178,12000,2.5657600000000005,180000,76.2,2025-11-21_09-33,,
R_AK_3DBall_2684,3DBall,2684,12.0,ppo,500000,89,16848,0.0007415341244155,3.0,235,46.8,84.6,1.7849,12000,1.1255,12000,100.0,442000,100.0,144000,480000,0.0874,24000,0.4831,24000,1.4015,12000,2.5657600000000005,60000,23.5,2025-11-21_09-33,,
R_AK_3DBall_2685,3DBall,2685,12.0,ppo,500000,36,6836,0.0007308342755637,3.0,283,50.5,84.6,22.7653,12000,1.7188,12000,95.2361,442000,100.0,132000,480000,0.1294,12000,1.1068,12000,1.353,12000,2.5657600000000005,36000,14.2,2025-11-21_09-33,,
R_AK_3DBall_2686,3DBall,2686,12.0,ppo,500000,117,22080,0.00083673259022,3.0,233,44.0,84.9,1.3918,12000,1.116,12000,98.7354,442000,100.0,192000,480000,0.0746,24000,0.2311,24000,1.4018,12000,2.5657600000000005,84000,34.9,2025-11-21_09-33,,
R_AK_3DBall_2687,3DBall,2687,12.0,ppo,500000,55,10471,0.0005412594327483,3.0,226,34.9,84.5,1.9375,12000,1.1208,12000,100.0,442000,100.0,108000,480000,0.1084,12000,0.3586,12000,1.3958,12000,2.5657600000000005,60000,22.6,2025-11-21_09-33,,
R_AK_3DBall_2688,3DBall,2688,12.0,ppo,500000,127,23819,0.0004741638613895,3.0,213,35.3,84.6,1.2227,12000,1.0955,12000,100.0,442000,100.0,252000,480000,0.0701,24000,0.222,24000,1.417,12000,2.5657600000000005,96000,37.2,2025-11-21_09-33,,
R_AK_3DBall_2689,3DBall,2689,12.0,ppo,500000,164,30868,0.0003500068093711,3.0,227,44.8,84.8,1.2147,12000,1.1147,12000,100.0,442000,100.0,264000,480000,0.062,36000,0.1698,36000,1.4164,12000,2.5657600000000005,108000,45.4,2025-11-21_09-33,,
R_AK_3DBall_2690,3DBall,2690,12.0,ppo,500000,70,13189,0.000816454231429,3.0,238,48.5,84.9,3.0501,12000,1.2744,12000,100.0,442000,100.0,144000,480000,0.0955,24000,1.0296,24000,1.3945,12000,2.5657600000000005,48000,17.8,2025-11-21_09-33,,
R_AK_3DBall_2691,3DBall,2691,12.0,ppo,500000,110,20732,0.0004049400278563,3.0,217,37.3,84.8,1.3081,12000,1.1247,12000,100.0,442000,100.0,204000,480000,0.0762,24000,0.243,24000,1.4069,12000,2.5657600000000005,84000,32.5,2025-11-21_09-33,,
R_AK_3DBall_2692,3DBall,2692,12.0,ppo,500000,113,21322,0.0008267082613299,3.0,214,32.9,84.5,1.3914,12000,1.0982,12000,100.0,442000,100.0,168000,480000,0.0769,24000,0.2412,24000,1.409,12000,2.5657600000000005,84000,32.1,2025-11-21_09-33,,
R_AK_3DBall_2693,3DBall,2693,12.0,ppo,500000,65,12280,0.0008221395432584,3.0,220,32.3,84.2,2.4049,12000,1.1786,12000,100.0,442000,100.0,156000,480000,0.0973,24000,0.7004,24000,1.3902,12000,2.5657600000000005,48000,16.5,2025-11-21_09-33,,
R_AK_3DBall_2694,3DBall,2694,12.0,ppo,500000,125,23514,0.0008416718330584,3.0,213,33.3,84.3,1.3232,12000,1.1573,12000,96.5262,442000,100.0,180000,480000,0.0724,24000,0.2392,24000,1.4073,12000,2.5657600000000005,84000,31.9,2025-11-21_09-33,,
R_AK_3DBall_2695,3DBall,2695,12.0,ppo,500000,38,7225,0.000228843010714,3.0,258,52.0,84.4,7.2622,12000,1.3307,12000,100.0,442000,100.0,108000,480000,0.1316,12000,1.1126,12000,1.3955,12000,2.5657600000000005,36000,12.9,2025-11-21_09-33,,
R_AK_3DBall_2696,3DBall,2696,12.0,ppo,500000,80,15106,5.042067908716269e-05,3.0,238,45.9,83.9,1.3367,12000,1.2272,12000,100.0,442000,100.0,216000,480000,0.0879,24000,0.375,24000,1.4157,12000,2.5657600000000005,96000,41.6,2025-11-21_09-33,,
R_AK_3DBall_2697,3DBall,2697,12.0,ppo,500000,124,23378,0.0008337612985944,3.0,239,46.3,84.1,1.5282,12000,1.0818,12000,98.4723,442000,100.0,276000,480000,0.0722,24000,0.3261,24000,1.396,12000,2.5657600000000005,60000,23.9,2025-11-21_09-33,,
R_AK_3DBall_2698,3DBall,2698,12.0,ppo,500000,137,25829,0.0001578625769392,3.0,228,42.8,84.2,1.2346,12000,1.1135,12000,100.0,442000,100.0,288000,480000,0.0701,36000,0.2642,36000,1.4168,12000,2.5657600000000005,108000,45.6,2025-11-21_09-33,,
R_AK_3DBall_2699,3DBall,2699,12.0,ppo,500000,72,13503,0.0008347687419273,3.0,219,32.4,83.8,1.7584,12000,1.195,12000,100.0,442000,100.0,144000,480000,0.0975,24000,0.4766,24000,1.4119,12000,2.5657600000000005,60000,21.9,2025-11-21_09-33,,
R_AK_3DBall_2700,3DBall,2700,12.0,ppo,500000,67,12734,0.0005732848874434,3.0,238,48.3,84.4,2.8614,12000,1.2879,12000,100.0,442000,100.0,144000,480000,0.0982,24000,0.8871,24000,1.3866,12000,2.5657600000000005,48000,17.8,2025-11-21_09-33,,
R_AK_3DBall_2701,3DBall,2701,12.0,ppo,500000,152,28665,0.0002922067786987,3.0,213,32.9,84.4,1.2513,12000,1.1941,12000,100.0,442000,100.0,312000,480000,0.0653,36000,0.3045,36000,1.414,12000,2.5657600000000005,132000,53.2,2025-11-21_09-33,,
R_AP_3DBall_1000,3DBall,1000,12.0,ppo,500000,149,27985,0.0003884591157969,3.0,480,70.5,87.6,1.3476,12000,1.1162,12000,98.2246,442000,100.0,216000,480000,0.0673,36000,0.1904,36000,1.4097,12000,2.5657600000000005,96000,84.0,2025-11-21_09-33,,
R_AP_3DBall_1001,3DBall,1001,12.0,ppo,500000,64,12019,0.0002615698477179,3.0,517,64.0,88.5,1.4342,12000,1.1926,12000,100.0,442000,100.0,156000,480000,0.0986,24000,0.3373,24000,1.4115,12000,2.5657600000000005,72000,64.6,2025-11-21_09-33,,
R_AP_3DBall_1002,3DBall,1002,12.0,ppo,500000,48,9127,0.0006928457184906,3.0,721,69.2,86.5,8.5139,12000,1.4337,12000,98.4816,442000,100.0,180000,480000,0.1191,12000,0.9666,12000,1.3715,12000,2.5657600000000005,36000,36.1,2025-11-21_09-33,,
R_AP_3DBall_1003,3DBall,1003,12.0,ppo,500000,183,34390,0.0005533200927548,3.0,435,66.8,88.1,1.2532,12000,1.1512,12000,97.2643,442000,100.0,336000,480000,0.0614,36000,0.1904,36000,1.4132,12000,2.5657600000000005,108000,87.0,2025-11-21_09-33,,
R_AP_3DBall_1004,3DBall,1004,12.0,ppo,500000,125,23456,5.630416041036285e-05,3.0,491,66.2,89.2,1.3384,12000,1.1283,12000,100.0,442000,100.0,276000,480000,0.071,24000,0.2616,24000,1.4174,12000,2.5657600000000005,84000,73.6,2025-11-21_09-33,,
R_AP_3DBall_1005,3DBall,1005,12.0,ppo,500000,145,27196,0.0002906705736218,3.0,444,63.9,90.2,1.2128,12000,1.1063,12000,98.5708,442000,100.0,240000,480000,0.0678,36000,0.2309,36000,1.4194,12000,2.5657600000000005,96000,77.8,2025-11-21_09-33,,
R_AP_3DBall_1006,3DBall,1006,12.0,ppo,500000,61,11450,0.0002320574239988,3.0,615,65.7,86.2,4.0137,12000,1.1614,12000,100.0,442000,100.0,96000,480000,0.102,12000,0.8125,12000,1.3938,12000,2.5657600000000005,48000,46.1,2025-11-21_09-33,,
R_AP_3DBall_1007,3DBall,1007,12.0,ppo,500000,91,17140,0.0001939441176162,3.0,488,66.0,86.9,1.6989,12000,1.1653,12000,97.0677,442000,100.0,180000,480000,0.0851,24000,0.4799,24000,1.4069,12000,2.5657600000000005,60000,48.8,2025-11-21_09-33,,
R_AP_3DBall_1008,3DBall,1008,12.0,ppo,500000,101,19068,0.0004093762505073,3.0,450,65.8,89.1,1.5499,12000,1.1878,12000,100.0,442000,100.0,156000,480000,0.0815,24000,0.2555,24000,1.4064,12000,2.5657600000000005,72000,56.2,2025-11-21_09-33,,
R_AP_3DBall_1009,3DBall,1009,12.0,ppo,500000,146,27457,0.0003550181834734,3.0,449,66.5,87.4,1.3109,12000,1.1396,12000,98.3867,442000,100.0,228000,480000,0.0669,36000,0.2672,36000,1.4153,12000,2.5657600000000005,96000,78.6,2025-11-21_09-33,,
R_AP_3DBall_1010,3DBall,1010,12.0,ppo,500000,133,25047,0.0006689784131919,3.0,452,65.8,88.0,1.5247,12000,1.1989,12000,97.7323,442000,100.0,216000,480000,0.0689,36000,0.3597,36000,1.4025,12000,2.5657600000000005,84000,67.8,2025-11-21_09-33,,
R_AP_3DBall_1011,3DBall,1011,12.0,ppo,500000,72,13643,0.0005981780297027,3.0,605,67.4,88.3,3.1444,12000,1.2503,12000,95.7262,442000,100.0,120000,480000,0.0958,24000,1.0271,24000,1.3723,12000,2.5657600000000005,48000,45.4,2025-11-21_09-33,,
R_AP_3DBall_1012,3DBall,1012,12.0,ppo,500000,38,7165,0.0007096914244523,3.0,578,65.5,84.8,9.9217,12000,1.348,12000,100.0,442000,100.0,96000,480000,0.1335,12000,1.3524,12000,1.3678,12000,2.5657600000000005,36000,28.9,2025-11-21_09-33,,
R_AP_3DBall_1013,3DBall,1013,12.0,ppo,500000,140,26290,0.0006387366518369,3.0,512,65.9,85.0,1.4262,12000,1.1474,12000,96.9677,442000,100.0,276000,480000,0.0673,36000,0.3515,36000,1.4023,12000,2.5657600000000005,72000,64.0,2025-11-21_09-33,,
R_AP_3DBall_1014,3DBall,1014,12.0,ppo,500000,108,20297,9.457823297765372e-05,3.0,471,65.6,89.5,1.4379,12000,1.1481,12000,98.7539,442000,100.0,216000,480000,0.0755,24000,0.2635,24000,1.4163,12000,2.5657600000000005,72000,58.9,2025-11-21_09-33,,
R_AP_3DBall_1015,3DBall,1015,12.0,ppo,500000,123,23218,0.0001150933108566,3.0,443,65.6,89.5,1.3375,12000,1.1531,12000,98.4908,442000,100.0,228000,480000,0.0724,24000,0.2781,24000,1.4159,12000,2.5657600000000005,84000,66.5,2025-11-21_09-33,,
R_AP_3DBall_1016,3DBall,1016,12.0,ppo,500000,157,29519,0.0007133271679049,3.0,505,65.0,86.7,1.2846,12000,1.1115,12000,100.0,442000,100.0,240000,480000,0.0649,36000,0.1624,36000,1.4094,12000,2.5657600000000005,96000,88.3,2025-11-21_09-33,,
R_AP_3DBall_1017,3DBall,1017,12.0,ppo,500000,59,11089,0.0008749083919048,3.0,470,56.9,85.4,4.0045,12000,1.3185,12000,100.0,442000,100.0,108000,480000,0.1049,12000,0.9853,12000,1.3743,12000,2.5657600000000005,48000,35.3,2025-11-21_09-33,,
R_AP_3DBall_1018,3DBall,1018,12.0,ppo,500000,168,31520,0.0003578385826269,3.0,404,54.0,86.8,1.1844,12000,1.1437,12000,100.0,442000,100.0,300000,480000,0.0612,36000,0.307,36000,1.4185,12000,2.5657600000000005,132000,101.0,2025-11-21_09-33,,
R_AP_3DBall_1019,3DBall,1019,12.0,ppo,500000,165,31094,0.0004799262095894,3.0,414,61.4,87.0,1.2465,12000,1.1406,12000,99.0083,442000,100.0,288000,480000,0.0645,36000,0.1906,36000,1.4132,12000,2.5657600000000005,108000,82.8,2025-11-21_09-33,,
R_AP_3DBall_1020,3DBall,1020,12.0,ppo,500000,52,9878,7.471209277855806e-05,3.0,515,65.3,87.0,2.5379,12000,1.299,12000,100.0,442000,100.0,144000,480000,0.1094,12000,0.6168,12000,1.4155,12000,2.5657600000000005,48000,38.6,2025-11-21_09-33,,
R_AP_3DBall_1021,3DBall,1021,12.0,ppo,500000,149,27978,0.000141867264183,3.0,448,67.0,87.3,1.4292,12000,1.2277,12000,99.2683,442000,100.0,264000,480000,0.0688,36000,0.2372,36000,1.4148,12000,2.5657600000000005,96000,78.4,2025-11-21_09-33,,
R_AP_3DBall_1022,3DBall,1022,12.0,ppo,500000,82,15415,0.0004102346771174,3.0,570,65.2,88.3,2.0512,12000,1.1914,12000,100.0,442000,100.0,252000,480000,0.089,24000,0.5582,24000,1.3976,12000,2.5657600000000005,60000,57.0,2025-11-21_09-33,,
R_AP_3DBall_1023,3DBall,1023,12.0,ppo,500000,174,32684,0.0008912942976228,3.0,426,65.8,88.5,1.2521,12000,1.1499,12000,98.4785,442000,100.0,240000,480000,0.058,36000,0.175,36000,1.4148,12000,2.5657600000000005,96000,74.5,2025-11-21_09-33,,
R_AP_3DBall_1024,3DBall,1024,12.0,ppo,500000,120,22625,0.000832181476865,3.0,417,54.7,86.8,1.2974,12000,1.1485,12000,100.0,442000,100.0,216000,480000,0.0728,24000,0.2412,24000,1.4113,12000,2.5657600000000005,84000,62.6,2025-11-21_09-33,,
R_AP_3DBall_1025,3DBall,1025,12.0,ppo,500000,169,31845,0.0003655184153123,3.0,404,55.8,86.5,1.2192,12000,1.1656,12000,100.0,442000,100.0,300000,480000,0.0593,36000,0.285,36000,1.4215,12000,2.5657600000000005,132000,100.9,2025-11-21_09-33,,
R_AP_3DBall_1026,3DBall,1026,12.0,ppo,500000,69,12973,0.0006313878280319,3.0,603,65.8,86.7,2.7936,12000,1.2314,12000,99.6417,442000,100.0,168000,480000,0.0971,24000,0.9284,24000,1.3738,12000,2.5657600000000005,48000,45.2,2025-11-21_09-33,,
R_AP_3DBall_1027,3DBall,1027,12.0,ppo,500000,70,13220,0.0001611064490734,3.0,459,57.1,87.7,1.4397,12000,1.1388,12000,100.0,442000,100.0,168000,480000,0.0955,24000,0.3677,24000,1.4187,12000,2.5657600000000005,72000,57.4,2025-11-21_09-33,,
R_AP_3DBall_1028,3DBall,1028,12.0,ppo,500000,112,21093,0.0002122896200452,3.0,425,54.4,87.0,1.1957,12000,1.1516,12000,100.0,442000,100.0,276000,480000,0.0764,24000,0.3504,24000,1.4195,12000,2.5657600000000005,120000,95.5,2025-11-21_09-33,,
R_AP_3DBall_1029,3DBall,1029,12.0,ppo,500000,184,34569,7.352958780129564e-05,3.0,509,65.8,88.9,1.2635,12000,1.1162,12000,100.0,442000,100.0,360000,480000,0.0571,36000,0.1953,36000,1.4164,12000,2.5657600000000005,120000,114.5,2025-11-21_09-33,,
R_AP_3DBall_1030,3DBall,1030,12.0,ppo,500000,185,34777,0.0002207183961895,3.0,502,64.8,87.6,1.2446,12000,1.1231,12000,100.0,442000,100.0,264000,480000,0.0603,36000,0.1791,36000,1.4183,12000,2.5657600000000005,108000,100.3,2025-11-21_09-33,,
R_AP_3DBall_1031,3DBall,1031,12.0,ppo,500000,136,25503,7.545097761370756e-05,3.0,422,56.0,87.6,1.197,12000,1.1657,12000,99.6967,442000,100.0,384000,480000,0.0684,36000,0.3742,36000,1.4191,12000,2.5657600000000005,156000,126.5,2025-11-21_09-33,,
R_AP_3DBall_1032,3DBall,1032,12.0,ppo,500000,55,10335,0.0007722171889054,3.0,476,56.7,84.3,2.9009,12000,1.2429,12000,100.0,442000,100.0,120000,480000,0.1094,12000,0.6144,12000,1.4063,12000,2.5657600000000005,48000,35.7,2025-11-21_09-33,,
R_AP_3DBall_1033,3DBall,1033,12.0,ppo,500000,85,16061,0.0007632299227501,3.0,487,65.3,88.4,1.9793,12000,1.1806,12000,97.0185,442000,100.0,180000,480000,0.09,24000,0.5126,24000,1.395,12000,2.5657600000000005,60000,48.7,2025-11-21_09-33,,
R_AP_3DBall_1034,3DBall,1034,12.0,ppo,500000,181,34049,0.0005224771770837,3.0,409,57.1,88.2,1.169,12000,1.0635,12000,99.1646,442000,100.0,324000,480000,0.0616,36000,0.2024,36000,1.4184,12000,2.5657600000000005,120000,92.0,2025-11-21_09-33,,
R_AP_3DBall_1035,3DBall,1035,12.0,ppo,500000,57,10842,0.0001846588718991,3.0,484,59.4,86.7,2.5903,12000,1.2389,12000,100.0,442000,100.0,144000,480000,0.1069,12000,0.5684,12000,1.4082,12000,2.5657600000000005,48000,36.3,2025-11-21_09-33,,
R_AP_3DBall_1036,3DBall,1036,12.0,ppo,500000,54,10273,0.0001767218460959,3.0,634,65.2,85.7,3.8128,12000,1.2785,12000,98.4908,442000,100.0,120000,480000,0.1089,12000,0.7042,12000,1.3929,12000,2.5657600000000005,48000,47.5,2025-11-21_09-33,,
R_AP_3DBall_1037,3DBall,1037,12.0,ppo,500000,104,19648,6.654890002324747e-05,3.0,452,59.5,84.9,1.1548,12000,1.1031,12000,97.4601,442000,100.0,348000,480000,0.0753,24000,0.384,24000,1.4142,12000,2.5657600000000005,156000,135.7,2025-11-21_09-33,,
R_AP_3DBall_1038,3DBall,1038,12.0,ppo,500000,99,18568,0.0005118975970282,3.0,506,72.8,87.0,1.7022,12000,1.1388,12000,100.0,442000,100.0,180000,480000,0.0798,24000,0.2743,24000,1.405,12000,2.5657600000000005,60000,50.6,2025-11-21_09-33,,
R_AP_3DBall_1039,3DBall,1039,12.0,ppo,500000,145,27223,0.0008704249262046,3.0,411,56.9,87.4,1.3435,12000,1.1412,12000,97.2887,442000,100.0,228000,480000,0.0665,36000,0.3025,36000,1.4096,12000,2.5657600000000005,96000,72.0,2025-11-21_09-33,,
R_AP_3DBall_1040,3DBall,1040,12.0,ppo,500000,151,28369,0.0002175733633558,3.0,432,65.4,87.9,1.2462,12000,1.0976,12000,99.4667,442000,100.0,276000,480000,0.0688,36000,0.1903,36000,1.4162,12000,2.5657600000000005,96000,75.6,2025-11-21_09-33,,
R_AP_3DBall_1041,3DBall,1041,12.0,ppo,500000,174,32647,0.0008941155975703,3.0,431,66.5,88.4,1.2693,12000,1.1336,12000,97.6369,442000,100.0,324000,480000,0.0611,36000,0.1704,36000,1.4139,12000,2.5657600000000005,108000,86.2,2025-11-21_09-33,,
R_AP_3DBall_1042,3DBall,1042,12.0,ppo,500000,164,30925,0.0005987812405044,3.0,413,57.6,87.5,1.2728,12000,1.1677,12000,100.0,442000,100.0,276000,480000,0.0609,36000,0.2173,36000,1.4129,12000,2.5657600000000005,108000,82.7,2025-11-21_09-33,,
R_AP_3DBall_1043,3DBall,1043,12.0,ppo,500000,146,27452,0.0006746796361571,3.0,445,66.8,87.5,1.4453,12000,1.1959,12000,100.0,442000,100.0,204000,480000,0.0657,36000,0.3949,36000,1.4072,12000,2.5657600000000005,72000,55.7,2025-11-21_09-33,,
R_AP_3DBall_1044,3DBall,1044,12.0,ppo,500000,81,15262,0.0002650412562864,3.0,446,59.4,88.0,1.6867,12000,1.2019,12000,98.4785,442000,100.0,168000,480000,0.0889,24000,0.3645,24000,1.4125,12000,2.5657600000000005,60000,44.6,2025-11-21_09-33,,
R_AP_3DBall_1045,3DBall,1045,12.0,ppo,500000,86,16296,0.0003183210453391,3.0,457,65.3,87.0,1.8243,12000,1.2023,12000,100.0,442000,100.0,144000,480000,0.0862,24000,0.4604,24000,1.4055,12000,2.5657600000000005,60000,45.7,2025-11-21_09-33,,
R_AP_3DBall_1046,3DBall,1046,12.0,ppo,500000,81,15374,0.0005086183207471,3.0,567,65.3,87.6,2.3303,12000,1.2262,12000,100.0,442000,100.0,156000,480000,0.0888,24000,0.6299,24000,1.3924,12000,2.5657600000000005,60000,56.7,2025-11-21_09-33,,
R_AP_3DBall_1047,3DBall,1047,12.0,ppo,500000,67,12714,0.0005803218362886,3.0,481,65.2,86.6,2.9021,12000,1.2018,12000,100.0,442000,100.0,192000,480000,0.0981,24000,0.8636,24000,1.387,12000,2.5657600000000005,48000,36.1,2025-11-21_09-33,,
R_AP_3DBall_1048,3DBall,1048,12.0,ppo,500000,98,18553,0.0004740112403459,3.0,474,65.6,88.0,1.6485,12000,1.2001,12000,98.4831,442000,100.0,168000,480000,0.0817,24000,0.2547,24000,1.3959,12000,2.5657600000000005,72000,59.2,2025-11-21_09-33,,
R_AP_3DBall_1049,3DBall,1049,12.0,ppo,500000,105,19714,0.0006656299577567,3.0,538,65.8,86.9,1.5478,12000,1.1914,12000,97.9492,442000,100.0,240000,480000,0.0777,24000,0.2857,24000,1.4006,12000,2.5657600000000005,72000,67.2,2025-11-21_09-33,,
R_AP_3DBall_1050,3DBall,1050,12.0,ppo,500000,45,8564,0.000136130152989,3.0,536,65.2,87.5,3.4219,12000,1.2415,12000,99.1308,442000,100.0,108000,480000,0.1212,12000,0.6399,12000,1.3947,12000,2.5657600000000005,48000,40.2,2025-11-21_09-33,,
R_AP_3DBall_1051,3DBall,1051,12.0,ppo,500000,50,9377,0.000151355058478,3.0,492,57.7,88.2,1.7579,12000,1.2247,12000,100.0,442000,100.0,132000,480000,0.111,12000,0.4129,12000,1.4073,12000,2.5657600000000005,60000,49.2,2025-11-21_09-33,,
R_AP_3DBall_1052,3DBall,1052,12.0,ppo,500000,102,19221,0.0006929459930805,3.0,471,65.8,87.2,1.6929,12000,1.1347,12000,98.5785,442000,100.0,192000,480000,0.0783,24000,0.2902,24000,1.3999,12000,2.5657600000000005,60000,47.1,2025-11-21_09-33,,
R_AP_3DBall_1053,3DBall,1053,12.0,ppo,500000,134,25205,0.0002893893925795,3.0,518,65.7,87.9,1.383,12000,1.0652,12000,97.3492,442000,100.0,216000,480000,0.0706,36000,0.2761,36000,1.4109,12000,2.5657600000000005,84000,77.7,2025-11-21_09-33,,
R_AP_3DBall_1054,3DBall,1054,12.0,ppo,500000,150,28224,0.0008067688706864,3.0,525,67.8,86.4,1.343,12000,1.1033,12000,100.0,442000,100.0,240000,480000,0.0675,36000,0.1895,36000,1.4018,12000,2.5657600000000005,72000,65.7,2025-11-21_09-33,,
R_AP_3DBall_1055,3DBall,1055,12.0,ppo,500000,53,10113,0.0003310406172619,3.0,651,63.6,87.2,5.1803,12000,1.4232,12000,100.0,442000,100.0,108000,480000,0.1094,12000,0.9175,12000,1.3869,12000,2.5657600000000005,36000,32.6,2025-11-21_09-33,,
R_AP_3DBall_1056,3DBall,1056,12.0,ppo,500000,161,30215,0.0007684073882527,3.0,410,55.8,87.3,1.1841,12000,1.1126,12000,100.0,442000,100.0,264000,480000,0.0638,36000,0.2076,36000,1.418,12000,2.5657600000000005,108000,82.0,2025-11-21_09-33,,
R_AP_3DBall_1057,3DBall,1057,12.0,ppo,500000,155,29228,0.0002788184539357,3.0,427,66.3,87.9,1.2658,12000,1.1524,12000,98.4739,442000,100.0,264000,480000,0.0658,36000,0.1909,36000,1.4128,12000,2.5657600000000005,96000,74.7,2025-11-21_09-33,,
R_AP_3DBall_1058,3DBall,1058,12.0,ppo,500000,185,34758,0.0004858401082522,3.0,442,66.1,88.2,1.3354,12000,1.1576,12000,97.2769,442000,100.0,264000,480000,0.0602,36000,0.2001,36000,1.4133,12000,2.5657600000000005,84000,66.3,2025-11-21_09-33,,
R_AP_3DBall_1059,3DBall,1059,12.0,ppo,500000,129,24350,0.0004479101940442,3.0,419,56.1,87.6,1.2589,12000,1.1233,12000,100.0,442000,100.0,204000,480000,0.0715,36000,0.2808,36000,1.4148,12000,2.5657600000000005,108000,83.8,2025-11-21_09-33,,
R_AP_3DBall_1060,3DBall,1060,12.0,ppo,500000,170,31962,0.0003245668038518,3.0,415,60.7,87.1,1.1402,12000,1.0676,12000,100.0,442000,100.0,276000,480000,0.0613,36000,0.1797,36000,1.4187,12000,2.5657600000000005,108000,83.0,2025-11-21_09-33,,
R_AP_3DBall_1061,3DBall,1061,12.0,ppo,500000,83,15743,0.0005203973744396,3.0,560,64.2,87.3,2.5018,12000,1.2612,12000,99.375,442000,100.0,288000,480000,0.0869,24000,0.655,24000,1.3901,12000,2.5657600000000005,60000,56.0,2025-11-21_09-33,,
R_AP_3DBall_1062,3DBall,1062,12.0,ppo,500000,174,32761,0.0008388342634257,3.0,414,60.2,86.3,1.2701,12000,1.1366,12000,100.0,442000,100.0,252000,480000,0.0596,36000,0.1834,36000,1.4095,12000,2.5657600000000005,108000,82.8,2025-11-21_09-33,,
R_AP_3DBall_1063,3DBall,1063,12.0,ppo,500000,191,35826,8.983152008127568e-05,3.0,423,66.0,84.4,1.2535,12000,1.1578,12000,97.3462,442000,100.0,360000,480000,0.0578,36000,0.2699,36000,1.4182,12000,2.5657600000000005,120000,95.1,2025-11-21_09-33,,
R_AP_3DBall_1064,3DBall,1064,12.0,ppo,500000,78,14683,0.000247856302049,3.0,455,59.6,88.0,1.6243,12000,1.1964,12000,98.4939,442000,100.0,168000,480000,0.0904,24000,0.3153,24000,1.4078,12000,2.5657600000000005,72000,56.8,2025-11-21_09-33,,
R_AP_3DBall_1065,3DBall,1065,12.0,ppo,500000,91,17249,4.833343280545509e-05,3.0,460,56.7,88.2,1.1461,12000,1.13,12000,65.6679,442000,74.9438,492000,480000,0.0834,24000,0.3549,24000,1.4163,12000,2.5657600000000005,216000,195.5,2025-11-21_09-33,,
R_AP_3DBall_1066,3DBall,1066,12.0,ppo,500000,156,29402,0.0003103359509764,3.0,425,65.8,87.1,1.2702,12000,1.1036,12000,100.0,442000,100.0,288000,480000,0.066,36000,0.1956,36000,1.4164,12000,2.5657600000000005,96000,74.3,2025-11-21_09-33,,
R_AP_3DBall_1067,3DBall,1067,12.0,ppo,500000,55,10454,0.0007042354636458,3.0,504,65.3,87.8,3.8733,12000,1.2737,12000,100.0,442000,100.0,144000,480000,0.1058,12000,0.8125,12000,1.3769,12000,2.5657600000000005,48000,37.8,2025-11-21_09-33,,
R_AP_3DBall_1068,3DBall,1068,12.0,ppo,500000,138,25998,0.0008933830292978,3.0,410,54.8,88.3,1.2755,12000,1.1449,12000,100.0,442000,100.0,252000,480000,0.0688,36000,0.241,36000,1.4201,12000,2.5657600000000005,96000,71.7,2025-11-21_09-33,,
R_AP_3DBall_1069,3DBall,1069,12.0,ppo,500000,108,20263,0.0005228543934469,3.0,445,65.5,88.5,1.5531,12000,1.1655,12000,98.4723,442000,100.0,168000,480000,0.0796,24000,0.2729,24000,1.412,12000,2.5657600000000005,72000,55.6,2025-11-21_09-33,,
R_AP_3DBall_1070,3DBall,1070,12.0,ppo,500000,156,29275,0.0004239568079647,3.0,441,70.1,85.4,1.2432,12000,1.1134,12000,98.4908,442000,100.0,252000,480000,0.0645,36000,0.1719,36000,1.4185,12000,2.5657600000000005,96000,77.2,2025-11-21_09-33,,
R_AP_3DBall_1071,3DBall,1071,12.0,ppo,500000,72,13591,0.0008285762818149,3.0,497,65.2,86.2,2.6352,12000,1.1193,12000,98.9442,442000,100.0,144000,480000,0.0953,24000,1.0131,24000,1.3806,12000,2.5657600000000005,48000,37.3,2025-11-21_09-33,,
R_AP_3DBall_1072,3DBall,1072,12.0,ppo,500000,56,10664,0.0001244033239911,3.0,484,57.0,88.2,1.2789,12000,1.1402,12000,100.0,442000,100.0,228000,480000,0.107,12000,0.3774,12000,1.4144,12000,2.5657600000000005,96000,84.6,2025-11-21_09-33,,
R_AP_3DBall_1073,3DBall,1073,12.0,ppo,500000,113,21351,0.0001373622497126,3.0,470,67.0,88.3,1.4394,12000,1.1575,12000,100.0,442000,100.0,192000,480000,0.0743,24000,0.2607,24000,1.4134,12000,2.5657600000000005,84000,70.5,2025-11-21_09-33,,
R_AP_3DBall_1074,3DBall,1074,12.0,ppo,500000,46,8779,0.0001790323569073,3.0,504,57.4,88.0,1.5765,12000,1.1503,12000,100.0,442000,100.0,156000,480000,0.1172,12000,0.3679,12000,1.416,12000,2.5657600000000005,72000,63.1,2025-11-21_09-33,,
R_AP_3DBall_1075,3DBall,1075,12.0,ppo,500000,94,17659,0.0007008611951921,3.0,453,66.1,89.7,1.9482,12000,1.2225,12000,97.9216,442000,100.0,204000,480000,0.0833,24000,0.5721,24000,1.3951,12000,2.5657600000000005,60000,45.3,2025-11-21_09-33,,
R_AP_3DBall_1076,3DBall,1076,12.0,ppo,500000,49,9196,0.0003083616788489,3.0,652,64.7,87.8,16.5342,12000,1.5158,12000,98.4892,442000,100.0,120000,480000,0.1154,12000,0.7974,12000,1.3795,12000,2.5657600000000005,36000,32.6,2025-11-21_09-33,,
R_AP_3DBall_1077,3DBall,1077,12.0,ppo,500000,55,10317,0.0007436168615878,3.0,635,64.4,87.9,5.4664,12000,1.2491,12000,98.4939,442000,100.0,156000,480000,0.1102,12000,0.8549,12000,1.364,12000,2.5657600000000005,48000,47.6,2025-11-21_09-33,,
R_AP_3DBall_1078,3DBall,1078,12.0,ppo,500000,98,18549,0.0006461910790937,3.0,433,58.9,88.4,1.5643,12000,1.1263,12000,100.0,442000,100.0,168000,480000,0.0819,24000,0.2316,24000,1.4065,12000,2.5657600000000005,72000,54.1,2025-11-21_09-33,,
R_AP_3DBall_1079,3DBall,1079,12.0,ppo,500000,98,18452,3.325601074022121e-05,3.0,460,66.1,86.8,1.4116,12000,1.183,12000,100.0,442000,100.0,228000,480000,0.0807,24000,0.3376,24000,1.4176,12000,2.5657600000000005,96000,80.5,2025-11-21_09-33,,
R_AP_3DBall_1080,3DBall,1080,12.0,ppo,500000,167,31377,0.0003189185568296,3.0,443,66.6,88.8,1.3666,12000,1.2191,12000,98.7616,442000,100.0,252000,480000,0.0629,36000,0.1903,36000,1.4111,12000,2.5657600000000005,108000,88.6,2025-11-21_09-33,,
R_AP_3DBall_1081,3DBall,1081,12.0,ppo,500000,166,31143,9.378718167441596e-05,3.0,445,66.4,87.0,1.1867,12000,1.1136,12000,99.835,442000,100.0,276000,480000,0.0619,36000,0.1899,36000,1.4176,12000,2.5657600000000005,108000,89.1,2025-11-21_09-33,,
R_AP_3DBall_1082,3DBall,1082,12.0,ppo,500000,112,21058,0.0007392426955012,3.0,422,55.6,88.6,1.3151,12000,1.1394,12000,100.0,442000,100.0,204000,480000,0.0762,24000,0.2371,24000,1.4132,12000,2.5657600000000005,84000,63.3,2025-11-21_09-33,,
R_AP_3DBall_1083,3DBall,1083,12.0,ppo,500000,38,7220,0.0006634007524249,3.0,557,65.0,88.9,24.9661,12000,1.6494,12000,89.5343,442000,100.0,108000,480000,0.1301,12000,0.8351,12000,1.3631,12000,2.5657600000000005,36000,27.9,2025-11-21_09-33,,
R_AP_3DBall_1084,3DBall,1084,12.0,ppo,500000,158,29695,0.0006715842251451,3.0,428,66.5,89.2,1.2586,12000,1.1433,12000,97.0908,442000,100.0,228000,480000,0.0613,36000,0.1695,36000,1.4131,12000,2.5657600000000005,96000,74.9,2025-11-21_09-33,,
R_AP_3DBall_1085,3DBall,1085,12.0,ppo,500000,165,30998,0.0005482776453889,3.0,407,54.1,88.7,1.2245,12000,1.1651,12000,100.0,442000,100.0,300000,480000,0.061,36000,0.2393,36000,1.4165,12000,2.5657600000000005,108000,81.3,2025-11-21_09-33,,
R_AP_3DBall_1086,3DBall,1086,12.0,ppo,500000,118,22173,0.0006935461323711,3.0,441,65.9,88.4,1.4179,12000,1.1167,12000,98.3831,442000,100.0,240000,480000,0.0754,24000,0.2341,24000,1.416,12000,2.5657600000000005,84000,66.1,2025-11-21_09-33,,
R_AP_3DBall_1087,3DBall,1087,12.0,ppo,500000,172,32285,0.0008669719153598,3.0,409,56.9,88.4,1.2326,12000,1.156,12000,100.0,442000,100.0,276000,480000,0.0619,36000,0.1854,36000,1.4152,12000,2.5657600000000005,108000,81.8,2025-11-21_09-33,,
R_AP_3DBall_1088,3DBall,1088,12.0,ppo,500000,45,8594,0.0004960332106645,3.0,569,65.7,88.7,9.191,12000,1.4624,12000,98.4862,442000,100.0,132000,480000,0.1212,12000,1.2246,12000,1.3801,12000,2.5657600000000005,36000,28.4,2025-11-21_09-33,,
R_AP_3DBall_1089,3DBall,1089,12.0,ppo,500000,99,18749,0.0002128645200165,3.0,514,72.3,88.4,1.4579,12000,1.136,12000,98.4754,442000,100.0,168000,480000,0.0805,24000,0.2164,24000,1.4131,12000,2.5657600000000005,72000,64.3,2025-11-21_09-33,,
R_AP_3DBall_1090,3DBall,1090,12.0,ppo,500000,173,32455,0.0006143218616313,3.0,418,62.5,89.2,1.2539,12000,1.1497,12000,100.0,442000,100.0,276000,480000,0.0637,36000,0.1706,36000,1.4138,12000,2.5657600000000005,108000,83.6,2025-11-21_09-33,,
R_AP_3DBall_1091,3DBall,1091,12.0,ppo,500000,191,35973,0.000581141272621,3.0,400,55.9,87.0,1.1892,12000,1.1158,12000,100.0,442000,100.0,324000,480000,0.0556,36000,0.2217,36000,1.4171,12000,2.5657600000000005,132000,100.1,2025-11-21_09-33,,
R_AP_3DBall_1092,3DBall,1092,12.0,ppo,500000,66,12398,0.0002446133809074,3.0,482,65.4,88.1,2.2791,12000,1.1896,12000,100.0,442000,100.0,144000,480000,0.0993,24000,0.6303,24000,1.4028,12000,2.5657600000000005,60000,48.2,2025-11-21_09-33,,
R_AP_3DBall_1093,3DBall,1093,12.0,ppo,500000,145,27220,0.0007217326455916,3.0,515,65.5,88.0,1.4553,12000,1.1267,12000,98.5108,442000,100.0,204000,480000,0.0666,36000,0.3677,36000,1.4065,12000,2.5657600000000005,72000,64.4,2025-11-21_09-33,,
R_AP_3DBall_1094,3DBall,1094,12.0,ppo,500000,137,25796,0.0007343159712933,3.0,417,56.6,89.6,1.2266,12000,1.0989,12000,99.565,442000,100.0,240000,480000,0.0652,36000,0.216,36000,1.4132,12000,2.5657600000000005,96000,73.0,2025-11-21_09-33,,
R_AP_3DBall_1095,3DBall,1095,12.0,ppo,500000,134,25143,0.0005315065107612,3.0,433,65.7,89.3,1.471,12000,1.1292,12000,100.0,442000,100.0,192000,480000,0.0696,36000,0.3445,36000,1.4059,12000,2.5657600000000005,84000,64.9,2025-11-21_09-33,,
R_AP_3DBall_1096,3DBall,1096,12.0,ppo,500000,124,23383,0.0006818075944685,3.0,442,66.7,89.0,1.4525,12000,1.1401,12000,99.2877,442000,100.0,156000,480000,0.0704,24000,0.2677,24000,1.4075,12000,2.5657600000000005,84000,66.3,2025-11-21_09-33,,
R_AP_3DBall_1097,3DBall,1097,12.0,ppo,500000,166,31283,3.4344242474251535e-05,3.0,503,65.4,87.6,1.2525,12000,1.1278,12000,100.0,442000,100.0,324000,480000,0.0634,36000,0.206,36000,1.4172,12000,2.5657600000000005,108000,100.6,2025-11-21_09-33,,
R_AP_3DBall_1098,3DBall,1098,12.0,ppo,500000,36,6901,0.0006403562843581,3.0,550,58.9,90.6,22.3492,12000,1.5594,12000,100.0,442000,100.0,108000,480000,0.1306,12000,1.2245,12000,1.3546,12000,2.5657600000000005,36000,27.5,2025-11-21_09-33,,
R_AP_3DBall_1099,3DBall,1099,12.0,ppo,500000,42,8032,0.0002997050005059,3.0,515,57.5,87.5,2.3242,12000,1.1322,12000,100.0,442000,100.0,108000,480000,0.1232,12000,0.4748,12000,1.3917,12000,2.5657600000000005,60000,51.5,2025-11-21_09-33,,
R_AP_3DBall_1100,3DBall,1100,12.0,ppo,500000,183,34481,0.0006137200308131,3.0,494,64.8,89.0,1.1862,12000,1.1064,12000,96.3976,442000,100.0,276000,480000,0.0591,36000,0.1497,36000,1.4173,12000,2.5657600000000005,108000,98.9,2025-11-21_09-33,,
R_AP_3DBall_1101,3DBall,1101,12.0,ppo,500000,42,7942,0.000211113385529,3.0,517,58.1,88.0,3.0866,12000,1.1999,12000,100.0,442000,100.0,120000,480000,0.1221,12000,0.789,12000,1.3952,12000,2.5657600000000005,48000,38.8,2025-11-21_09-33,,
R_AP_3DBall_1102,3DBall,1102,12.0,ppo,500000,169,31852,0.0002372109610624,3.0,436,64.5,88.6,1.2246,12000,1.1075,12000,100.0,442000,100.0,324000,480000,0.061,36000,0.2173,36000,1.4166,12000,2.5657600000000005,108000,87.2,2025-11-21_09-33,,
R_AP_3DBall_1103,3DBall,1103,12.0,ppo,500000,101,18949,0.0004617050621388,3.0,460,63.7,86.3,1.5583,12000,1.2049,12000,98.4831,442000,100.0,180000,480000,0.0805,24000,0.2492,24000,1.4061,12000,2.5657600000000005,72000,57.5,2025-11-21_09-33,,
R_AP_3DBall_1104,3DBall,1104,12.0,ppo,500000,150,28193,0.0006311764194841,3.0,585,61.1,87.7,1.265,12000,1.1375,12000,100.0,442000,100.0,252000,480000,0.066,36000,0.19,36000,1.4174,12000,2.5657600000000005,96000,102.5,2025-11-21_09-33,,
R_AP_3DBall_1105,3DBall,1105,12.0,ppo,500000,161,30333,0.0001463949917726,3.0,448,58.9,89.8,1.1557,12000,1.1237,12000,86.9473,442000,97.8334,492000,480000,0.0634,36000,0.4032,36000,1.4168,12000,2.5657600000000005,192000,168.0,2025-11-21_09-33,,
R_AP_3DBall_1106,3DBall,1106,12.0,ppo,500000,101,18959,0.0004422726499343,3.0,480,66.6,85.2,1.7731,12000,1.1493,12000,100.0,442000,100.0,168000,480000,0.0821,24000,0.3343,24000,1.4008,12000,2.5657600000000005,60000,48.0,2025-11-21_09-33,,
R_AP_3DBall_1107,3DBall,1107,12.0,ppo,500000,147,27747,0.0008834188355049,3.0,519,66.9,88.4,1.3422,12000,1.1068,12000,100.0,442000,100.0,192000,480000,0.0693,36000,0.2816,36000,1.4073,12000,2.5657600000000005,96000,90.9,2025-11-21_09-33,,
R_AP_3DBall_1108,3DBall,1108,12.0,ppo,500000,111,20964,0.0006484928038766,3.0,451,66.7,89.5,1.6844,12000,1.139,12000,99.0967,442000,100.0,180000,480000,0.0775,24000,0.3544,24000,1.3971,12000,2.5657600000000005,60000,45.1,2025-11-21_09-33,,
R_AP_3DBall_1109,3DBall,1109,12.0,ppo,500000,154,28888,0.0008827613251556,3.0,456,66.3,88.1,1.3863,12000,1.1593,12000,100.0,442000,100.0,228000,480000,0.0661,36000,0.1868,36000,1.4072,12000,2.5657600000000005,72000,57.0,2025-11-21_09-33,,
R_AP_3DBall_1110,3DBall,1110,12.0,ppo,500000,187,35083,0.0002944043008265,3.0,425,62.9,89.3,1.2431,12000,1.1604,12000,100.0,442000,100.0,336000,480000,0.0607,36000,0.2075,36000,1.4181,12000,2.5657600000000005,120000,95.6,2025-11-21_09-33,,
R_AP_3DBall_1111,3DBall,1111,12.0,ppo,500000,76,14408,0.0008690988689938,3.0,481,66.7,89.0,2.4162,12000,1.2304,12000,100.0,442000,100.0,252000,480000,0.0948,24000,0.5119,24000,1.3852,12000,2.5657600000000005,48000,36.0,2025-11-21_09-33,,
R_AP_3DBall_1112,3DBall,1112,12.0,ppo,500000,48,9043,0.0002711361800949,3.0,667,65.3,88.5,13.7336,12000,1.3842,12000,98.5139,442000,100.0,120000,480000,0.1131,12000,0.9142,12000,1.3817,12000,2.5657600000000005,36000,33.4,2025-11-21_09-33,,
R_AP_3DBall_1113,3DBall,1113,12.0,ppo,500000,102,19130,0.0001104736652259,3.0,439,55.0,88.3,1.1581,12000,1.1136,12000,98.4969,442000,100.0,300000,480000,0.0805,24000,0.4273,24000,1.4151,12000,2.5657600000000005,156000,131.7,2025-11-21_09-33,,
R_AP_3DBall_1114,3DBall,1114,12.0,ppo,500000,44,8297,0.0002883252806986,3.0,530,58.8,89.1,2.1534,12000,1.1866,12000,100.0,442000,100.0,132000,480000,0.1187,12000,0.5356,12000,1.4076,12000,2.5657600000000005,60000,53.0,2025-11-21_09-33,,
R_AP_3DBall_1115,3DBall,1115,12.0,ppo,500000,122,22939,0.0008322519804988,3.0,431,59.2,88.1,1.4298,12000,1.1915,12000,98.92,442000,100.0,216000,480000,0.0719,24000,0.2458,24000,1.4095,12000,2.5657600000000005,84000,64.6,2025-11-21_09-33,,
R_AP_3DBall_1116,3DBall,1116,12.0,ppo,500000,63,11929,0.0003908734860527,3.0,478,59.9,89.5,2.1756,12000,1.2009,12000,100.0,442000,100.0,144000,480000,0.1019,12000,0.5473,12000,1.4016,12000,2.5657600000000005,60000,47.8,2025-11-21_09-33,,
R_AP_3DBall_1117,3DBall,1117,12.0,ppo,500000,45,8504,0.0002528261700298,3.0,509,58.0,88.2,3.0487,12000,1.2414,12000,100.0,442000,100.0,108000,480000,0.1207,12000,0.7566,12000,1.3932,12000,2.5657600000000005,48000,38.2,2025-11-21_09-33,,
R_AP_3DBall_1118,3DBall,1118,12.0,ppo,500000,73,13767,0.0007128236025323,3.0,586,65.1,87.3,2.4185,12000,1.1737,12000,100.0,442000,100.0,168000,480000,0.094,24000,0.9042,24000,1.3759,12000,2.5657600000000005,48000,44.0,2025-11-21_09-33,,
R_AP_3DBall_1119,3DBall,1119,12.0,ppo,500000,147,27639,0.0005370618325404,3.0,436,66.8,87.2,1.2182,12000,1.0921,12000,100.0,442000,100.0,252000,480000,0.0663,36000,0.2081,36000,1.4102,12000,2.5657600000000005,96000,76.3,2025-11-21_09-33,,
R_AP_3DBall_1120,3DBall,1120,12.0,ppo,500000,128,24068,0.0005879093306959,3.0,443,66.4,87.9,1.3051,12000,1.1337,12000,100.0,442000,100.0,216000,480000,0.0692,36000,0.2128,36000,1.4127,12000,2.5657600000000005,84000,66.5,2025-11-21_09-33,,
R_AP_3DBall_1121,3DBall,1121,12.0,ppo,500000,76,14432,0.0004358006851323,3.0,499,65.4,87.7,2.3309,12000,1.2156,12000,98.8539,442000,100.0,144000,480000,0.0935,24000,0.5095,24000,1.3924,12000,2.5657600000000005,48000,37.4,2025-11-21_09-33,,
R_AP_3DBall_1122,3DBall,1122,12.0,ppo,500000,155,29088,0.000270107814024,3.0,514,66.0,87.1,1.277,12000,1.1064,12000,97.6316,442000,100.0,240000,480000,0.0669,36000,0.1762,36000,1.4145,12000,2.5657600000000005,96000,90.0,2025-11-21_09-33,,
R_AP_3DBall_1123,3DBall,1123,12.0,ppo,500000,153,28744,0.0007301335690285,3.0,520,66.2,88.4,1.4214,12000,1.1312,12000,100.0,442000,100.0,336000,480000,0.0669,36000,0.2095,36000,1.4085,12000,2.5657600000000005,72000,65.1,2025-11-21_09-33,,
R_AP_3DBall_1124,3DBall,1124,12.0,ppo,500000,184,34635,4.578943440575785e-05,3.0,445,67.2,88.6,1.2242,12000,1.1497,12000,96.7292,442000,100.0,420000,480000,0.0603,36000,0.2982,36000,1.4191,12000,2.5657600000000005,144000,122.3,2025-11-21_09-33,,
R_AP_3DBall_1125,3DBall,1125,12.0,ppo,500000,159,29836,0.0007246173370882,3.0,411,55.1,88.8,1.1336,12000,1.0911,12000,100.0,442000,100.0,288000,480000,0.0654,36000,0.1985,36000,1.4203,12000,2.5657600000000005,132000,102.7,2025-11-21_09-33,,
R_AP_3DBall_1126,3DBall,1126,12.0,ppo,500000,176,33019,0.0008435365861506,3.0,407,60.4,88.4,1.2622,12000,1.1852,12000,97.3977,442000,100.0,252000,480000,0.0593,36000,0.2006,36000,1.4162,12000,2.5657600000000005,108000,81.5,2025-11-21_09-33,,
R_AP_3DBall_1127,3DBall,1127,12.0,ppo,500000,92,17372,6.892099854834034e-05,3.0,462,58.5,89.6,1.2247,12000,1.1632,12000,100.0,442000,100.0,276000,480000,0.0826,24000,0.358,24000,1.4149,12000,2.5657600000000005,132000,115.5,2025-11-21_09-33,,
R_AP_3DBall_1129,3DBall,1129,12.0,ppo,500000,90,17008,0.0006075646441349,3.0,489,63.4,87.2,2.0002,12000,1.1458,12000,97.1262,442000,100.0,168000,480000,0.0853,24000,0.5877,24000,1.3931,12000,2.5657600000000005,60000,48.9,2025-11-21_09-33,,
R_AP_3DBall_1130,3DBall,1130,12.0,ppo,500000,154,28924,0.000504933770754,3.0,408,57.4,86.3,1.2945,12000,1.1291,12000,100.0,442000,100.0,252000,480000,0.0648,36000,0.1858,36000,1.4101,12000,2.5657600000000005,96000,71.3,2025-11-21_09-33,,
R_AP_3DBall_1131,3DBall,1131,12.0,ppo,500000,58,10897,0.0004051674465986,3.0,508,61.9,87.1,6.4021,12000,1.3852,12000,99.125,442000,100.0,108000,480000,0.1028,12000,1.0444,12000,1.3703,12000,2.5657600000000005,36000,25.4,2025-11-21_09-33,,
R_AP_3DBall_1132,3DBall,1132,12.0,ppo,500000,170,31954,3.980272650920342e-05,3.0,434,62.8,89.7,1.2126,12000,1.1429,12000,95.42,442000,100.0,360000,480000,0.0603,36000,0.2558,36000,1.4191,12000,2.5657600000000005,144000,119.3,2025-11-21_09-33,,
R_AP_3DBall_1133,3DBall,1133,12.0,ppo,500000,50,9540,0.0004161622275301,3.0,482,53.6,88.6,2.0687,12000,1.2146,12000,100.0,442000,100.0,132000,480000,0.1121,12000,0.4796,12000,1.3927,12000,2.5657600000000005,60000,48.2,2025-11-21_09-33,,
R_AP_3DBall_1134,3DBall,1134,12.0,ppo,500000,146,27502,0.0008194901092012,3.0,442,65.4,89.5,1.4366,12000,1.155,12000,100.0,442000,100.0,192000,480000,0.066,36000,0.3768,36000,1.4044,12000,2.5657600000000005,72000,55.2,2025-11-21_09-33,,
R_AP_3DBall_1135,3DBall,1135,12.0,ppo,500000,147,27654,0.0001955773547432,3.0,418,63.1,93.5,1.3778,12000,1.1853,12000,100.0,442000,100.0,264000,480000,0.0671,36000,0.2844,36000,1.4141,12000,2.5657600000000005,96000,73.1,2025-11-21_09-33,,
R_AP_3DBall_1136,3DBall,1136,12.0,ppo,500000,157,29624,0.0002682591597035,3.0,427,62.1,90.1,1.2705,12000,1.1303,12000,100.0,442000,100.0,216000,480000,0.063,36000,0.1817,36000,1.4133,12000,2.5657600000000005,96000,74.7,2025-11-21_09-33,,
R_AP_3DBall_1137,3DBall,1137,12.0,ppo,500000,168,31531,0.0002380540268821,3.0,483,61.5,88.9,1.2277,12000,1.1163,12000,97.1743,442000,100.0,264000,480000,0.0631,36000,0.1604,36000,1.4164,12000,2.5657600000000005,108000,96.5,2025-11-21_09-33,,
R_AP_3DBall_1138,3DBall,1138,12.0,ppo,500000,172,32416,0.0005463170176577,3.0,395,52.2,88.9,1.2109,12000,1.124,12000,100.0,442000,100.0,300000,480000,0.0576,36000,0.2232,36000,1.4175,12000,2.5657600000000005,108000,79.1,2025-11-21_09-33,,
R_AP_3DBall_1139,3DBall,1139,12.0,ppo,500000,119,22392,0.0004856339706242,3.0,406,50.8,90.8,1.196,12000,1.1082,12000,100.0,442000,100.0,264000,480000,0.0731,24000,0.2526,24000,1.4165,12000,2.5657600000000005,108000,81.3,2025-11-21_09-33,,
R_AP_3DBall_1140,3DBall,1140,12.0,ppo,500000,85,16005,0.0006230451718957,3.0,447,61.6,87.6,2.0958,12000,1.2254,12000,96.6031,442000,100.0,204000,480000,0.0857,24000,0.5152,24000,1.3966,12000,2.5657600000000005,60000,44.7,2025-11-21_09-33,,
R_AP_3DBall_1141,3DBall,1141,12.0,ppo,500000,174,32638,0.0005279364058054,3.0,398,56.9,87.9,1.2205,12000,1.1222,12000,100.0,442000,100.0,288000,480000,0.06,36000,0.1785,36000,1.4117,12000,2.5657600000000005,108000,79.7,2025-11-21_09-33,,
R_AP_3DBall_1142,3DBall,1142,12.0,ppo,500000,58,10940,7.263151801528133e-05,3.0,599,61.3,88.0,2.7694,12000,1.2309,12000,98.5062,442000,100.0,120000,480000,0.1044,12000,0.6041,12000,1.4093,12000,2.5657600000000005,48000,45.0,2025-11-21_09-33,,
R_AP_3DBall_1143,3DBall,1143,12.0,ppo,500000,37,7081,5.5989172213210125e-05,3.0,535,56.1,88.8,2.0118,12000,1.1844,12000,100.0,442000,100.0,108000,480000,0.1323,12000,0.5632,12000,1.4132,12000,2.5657600000000005,60000,53.5,2025-11-21_09-33,,
R_AP_3DBall_1144,3DBall,1144,12.0,ppo,500000,151,28431,0.0005325689357317,3.0,413,57.1,88.0,1.2237,12000,1.1272,12000,100.0,442000,100.0,240000,480000,0.0662,36000,0.2234,36000,1.4134,12000,2.5657600000000005,96000,72.2,2025-11-21_09-33,,
R_AP_3DBall_1145,3DBall,1145,12.0,ppo,500000,189,35481,0.000488581257988,3.0,389,52.1,90.7,1.1918,12000,1.1292,12000,100.0,442000,100.0,300000,480000,0.0595,36000,0.2142,36000,1.419,12000,2.5657600000000005,120000,87.5,2025-11-21_09-33,,
R_AP_3DBall_1146,3DBall,1146,12.0,ppo,500000,104,19644,0.0007355710240797,3.0,423,55.8,89.5,1.555,12000,1.1851,12000,100.0,442000,100.0,168000,480000,0.0826,24000,0.2685,24000,1.4077,12000,2.5657600000000005,72000,52.8,2025-11-21_09-33,,
R_AP_3DBall_1147,3DBall,1147,12.0,ppo,500000,49,9267,0.0006834409086638,3.0,506,62.0,89.8,8.725,12000,1.2863,12000,98.5416,442000,100.0,108000,480000,0.1147,12000,1.0067,12000,1.3877,12000,2.5657600000000005,36000,25.3,2025-11-21_09-33,,
R_AP_3DBall_1148,3DBall,1148,12.0,ppo,500000,104,19684,0.0003167521539565,3.0,421,55.4,88.3,1.5081,12000,1.2134,12000,99.1323,442000,100.0,192000,480000,0.0778,24000,0.2704,24000,1.4083,12000,2.5657600000000005,72000,52.6,2025-11-21_09-33,,
R_AP_3DBall_1149,3DBall,1149,12.0,ppo,500000,62,11729,0.0003254434121825,3.0,579,60.9,88.2,4.0924,12000,1.2219,12000,99.4881,442000,100.0,132000,480000,0.1016,12000,0.9504,12000,1.3927,12000,2.5657600000000005,48000,43.5,2025-11-21_09-33,,
R_AP_3DBall_1150,3DBall,1150,12.0,ppo,500000,142,26758,0.0008414159858446,3.0,403,52.0,89.1,1.1716,12000,1.0653,12000,100.0,442000,100.0,228000,480000,0.0679,36000,0.2159,36000,1.4135,12000,2.5657600000000005,96000,70.6,2025-11-21_09-33,,
R_AP_3DBall_1151,3DBall,1151,12.0,ppo,500000,56,10635,0.000848769368124,3.0,673,61.6,90.9,6.2199,12000,1.4299,12000,4.5975,442000,86.7929,84000,480000,0.1059,12000,0.9942,12000,1.3528,12000,2.5657600000000005,36000,33.6,2025-11-21_09-33,,
R_AP_3DBall_1152,3DBall,1152,12.0,ppo,500000,54,10298,0.0005911121190736,3.0,477,55.1,89.5,3.5656,12000,1.2542,12000,99.36,442000,100.0,132000,480000,0.1074,12000,0.6502,12000,1.4062,12000,2.5657600000000005,48000,35.8,2025-11-21_09-33,,
R_AP_3DBall_1153,3DBall,1153,12.0,ppo,500000,70,13235,0.0004331918140957,3.0,449,53.2,88.6,1.5395,12000,1.2238,12000,100.0,442000,100.0,144000,480000,0.0955,24000,0.4017,24000,1.402,12000,2.5657600000000005,72000,56.2,2025-11-21_09-33,,
R_AP_3DBall_1154,3DBall,1154,12.0,ppo,500000,88,16552,6.422387701352021e-05,3.0,439,49.9,88.1,1.2239,12000,1.1768,12000,73.8941,442000,79.4267,456000,480000,0.0855,24000,0.472,24000,1.4154,12000,2.5657600000000005,192000,164.5,2025-11-21_09-33,,
R_AP_3DBall_1155,3DBall,1155,12.0,ppo,500000,187,35134,0.0007758778512095,3.0,399,57.3,89.2,1.2823,12000,1.1487,12000,100.0,442000,100.0,312000,480000,0.0607,36000,0.1827,36000,1.4154,12000,2.5657600000000005,120000,89.8,2025-11-21_09-33,,
R_AP_3DBall_1156,3DBall,1156,12.0,ppo,500000,148,27894,0.000618778495447,3.0,397,50.8,88.6,1.1633,12000,1.0638,12000,100.0,442000,100.0,276000,480000,0.0646,36000,0.2276,36000,1.4109,12000,2.5657600000000005,120000,89.4,2025-11-21_09-33,,
R_AP_3DBall_1157,3DBall,1157,12.0,ppo,500000,60,11269,0.0007700398609769,3.0,458,53.0,88.5,2.2797,12000,1.2342,12000,100.0,442000,100.0,156000,480000,0.1008,12000,0.5084,12000,1.3889,12000,2.5657600000000005,48000,34.4,2025-11-21_09-33,,
R_AP_3DBall_1158,3DBall,1158,12.0,ppo,500000,156,29358,0.0007151250854814,3.0,395,50.6,90.8,1.1593,12000,1.0816,12000,98.4831,442000,100.0,276000,480000,0.0656,36000,0.2048,36000,1.4153,12000,2.5657600000000005,108000,79.0,2025-11-21_09-33,,
R_AP_3DBall_1159,3DBall,1159,12.0,ppo,500000,149,28033,0.0006129200938515,3.0,434,62.7,89.0,1.2477,12000,1.1011,12000,98.4923,442000,100.0,324000,480000,0.0663,36000,0.16,36000,1.4109,12000,2.5657600000000005,96000,76.0,2025-11-21_09-33,,
R_AP_3DBall_1160,3DBall,1160,12.0,ppo,500000,155,29065,0.0006761417569565,3.0,481,61.9,87.9,1.2845,12000,1.1297,12000,98.4831,442000,100.0,264000,480000,0.0663,36000,0.1708,36000,1.4092,12000,2.5657600000000005,96000,84.2,2025-11-21_09-33,,
R_AP_3DBall_1161,3DBall,1161,12.0,ppo,500000,146,27460,0.0008615314322983,3.0,401,55.6,89.3,1.3307,12000,1.1202,12000,100.0,442000,100.0,240000,480000,0.0652,36000,0.2639,36000,1.4036,12000,2.5657600000000005,96000,70.2,2025-11-21_09-33,,
R_AP_3DBall_1162,3DBall,1162,12.0,ppo,500000,98,18388,0.0004763919842922,3.0,423,56.0,88.8,1.382,12000,1.091,12000,100.0,442000,100.0,180000,480000,0.0794,24000,0.2013,24000,1.4046,12000,2.5657600000000005,72000,52.8,2025-11-21_09-33,,
R_AP_3DBall_1163,3DBall,1163,12.0,ppo,500000,172,32418,0.0005078395733639,3.0,398,50.2,89.0,1.0949,12000,1.0159,12000,100.0,442000,100.0,324000,480000,0.0649,36000,0.2148,36000,1.4154,12000,2.5657600000000005,144000,109.6,2025-11-21_09-33,,
R_AP_3DBall_1164,3DBall,1164,12.0,ppo,500000,79,14974,0.0007037224236082,3.0,471,61.9,87.2,2.4546,12000,1.2398,12000,95.9477,442000,100.0,120000,480000,0.0907,24000,0.6492,24000,1.3826,12000,2.5657600000000005,48000,35.4,2025-11-21_09-33,,
R_AP_3DBall_1165,3DBall,1165,12.0,ppo,500000,134,25305,0.0003235371397988,3.0,437,61.8,88.1,1.2703,12000,1.0766,12000,100.0,442000,100.0,252000,480000,0.07,36000,0.2438,36000,1.4135,12000,2.5657600000000005,84000,65.5,2025-11-21_09-33,,
R_AP_3DBall_1166,3DBall,1166,12.0,ppo,500000,51,9681,0.0007140573844581,3.0,675,61.6,89.4,13.7654,12000,1.414,12000,24.5391,442000,98.55,96000,480000,0.112,12000,0.8123,12000,1.3797,12000,2.5657600000000005,36000,33.7,2025-11-21_09-33,,
R_AP_3DBall_1167,3DBall,1167,12.0,ppo,500000,149,27961,0.000442448577242,3.0,403,57.2,88.7,1.28,12000,1.1115,12000,100.0,442000,100.0,264000,480000,0.0651,36000,0.2392,36000,1.4147,12000,2.5657600000000005,96000,70.6,2025-11-21_09-33,,
R_AP_3DBall_1168,3DBall,1168,12.0,ppo,500000,149,28110,0.0007255812911784,3.0,417,62.6,88.8,1.3539,12000,1.1777,12000,98.5631,442000,100.0,216000,480000,0.0667,36000,0.1766,36000,1.4091,12000,2.5657600000000005,96000,72.9,2025-11-21_09-33,,
R_AP_3DBall_1169,3DBall,1169,12.0,ppo,500000,90,16988,0.0007232124020691,3.0,423,51.7,89.8,1.4392,12000,1.1139,12000,96.4,442000,100.0,168000,480000,0.0853,24000,0.3335,24000,1.4066,12000,2.5657600000000005,72000,52.9,2025-11-21_09-33,,
R_AP_3DBall_1170,3DBall,1170,12.0,ppo,500000,34,6385,0.0008952704278638,3.0,646,61.3,88.7,17.8229,12000,1.6196,12000,30.294,442000,100.0,96000,480000,0.1376,12000,1.1302,12000,1.3379,12000,2.5657600000000005,36000,32.3,2025-11-21_09-33,,
R_AP_3DBall_1171,3DBall,1171,12.0,ppo,500000,36,6856,0.0001307833808192,3.0,530,54.1,88.5,3.7708,12000,1.3339,12000,100.0,442000,100.0,120000,480000,0.1319,12000,0.9023,12000,1.4011,12000,2.5657600000000005,48000,39.8,2025-11-21_09-33,,
R_AP_3DBall_1172,3DBall,1172,12.0,ppo,500000,163,30646,0.0003224496595198,3.0,402,50.2,90.0,1.152,12000,1.0942,12000,100.0,442000,100.0,324000,480000,0.0607,36000,0.368,36000,1.4142,12000,2.5657600000000005,144000,110.6,2025-11-21_09-33,,
R_AP_3DBall_1173,3DBall,1173,12.0,ppo,500000,93,17598,0.0003983801563794,3.0,420,53.5,88.8,1.5722,12000,1.2253,12000,100.0,442000,100.0,180000,480000,0.083,24000,0.3711,24000,1.4045,12000,2.5657600000000005,72000,52.4,2025-11-21_09-33,,
R_AP_3DBall_1174,3DBall,1174,12.0,ppo,500000,84,15764,0.0007712538281932,3.0,480,63.3,90.2,2.2963,12000,1.1876,12000,99.9033,442000,100.0,180000,480000,0.0877,24000,0.6553,24000,1.3926,12000,2.5657600000000005,60000,48.0,2025-11-21_09-33,,
R_AP_3DBall_1175,3DBall,1175,12.0,ppo,500000,60,11313,0.000877916842411,3.0,487,62.6,89.6,3.6135,12000,1.2319,12000,100.0,442000,100.0,120000,480000,0.1044,12000,0.7877,12000,1.3763,12000,2.5657600000000005,48000,36.6,2025-11-21_09-33,,
R_AP_3DBall_1176,3DBall,1176,12.0,ppo,500000,101,19077,0.0008540496470057,3.0,519,61.1,89.9,1.6821,12000,1.1947,12000,99.5308,442000,100.0,156000,480000,0.0785,24000,0.2744,24000,1.3989,12000,2.5657600000000005,60000,51.9,2025-11-21_09-33,,
R_AP_3DBall_1177,3DBall,1177,12.0,ppo,500000,63,11977,0.0006994993081991,3.0,585,60.9,88.8,5.0527,12000,1.3206,12000,97.0585,442000,100.0,156000,480000,0.0997,12000,0.7601,12000,1.3796,12000,2.5657600000000005,48000,43.8,2025-11-21_09-33,,
R_AP_3DBall_1178,3DBall,1178,12.0,ppo,500000,65,12339,0.0005441775544755,3.0,549,68.5,87.6,3.8207,12000,1.3245,12000,100.0,442000,100.0,168000,480000,0.0985,24000,0.9907,24000,1.3935,12000,2.5657600000000005,48000,41.2,2025-11-21_09-33,,
R_AP_3DBall_1179,3DBall,1179,12.0,ppo,500000,62,11787,0.0007982389369107,3.0,466,56.8,87.1,3.1137,12000,1.2402,12000,98.4754,442000,100.0,108000,480000,0.102,12000,0.8045,12000,1.3933,12000,2.5657600000000005,48000,34.9,2025-11-21_09-33,,
R_AP_3DBall_1180,3DBall,1180,12.0,ppo,500000,65,12342,0.0001494930454195,3.0,474,62.8,86.7,2.1612,12000,1.2078,12000,100.0,442000,100.0,144000,480000,0.0995,24000,0.5964,24000,1.4099,12000,2.5657600000000005,48000,35.5,2025-11-21_09-33,,
R_AP_3DBall_1181,3DBall,1181,12.0,ppo,500000,132,24813,0.0003213345673068,3.0,495,61.8,88.0,1.4228,12000,1.0775,12000,100.0,442000,100.0,228000,480000,0.0726,36000,0.2852,36000,1.4077,12000,2.5657600000000005,84000,74.2,2025-11-21_09-33,,
R_AP_3DBall_1182,3DBall,1182,12.0,ppo,500000,172,32424,0.0006607587125374,3.0,399,52.6,88.3,1.2246,12000,1.1187,12000,100.0,442000,100.0,312000,480000,0.0591,36000,0.1956,36000,1.4139,12000,2.5657600000000005,108000,79.7,2025-11-21_09-33,,
R_AP_3DBall_1183,3DBall,1183,12.0,ppo,500000,56,10614,0.0007402061495473,3.0,606,60.8,87.9,4.5814,12000,1.2862,12000,100.0,442000,100.0,252000,480000,0.1067,12000,0.8217,12000,1.3525,12000,2.5657600000000005,48000,45.5,2025-11-21_09-33,,
R_AP_3DBall_1184,3DBall,1184,12.0,ppo,500000,66,12407,0.0002570435041151,3.0,455,53.8,87.7,1.5215,12000,1.1447,12000,100.0,442000,100.0,168000,480000,0.0974,24000,0.4163,24000,1.4124,12000,2.5657600000000005,72000,56.9,2025-11-21_09-33,,
R_AP_3DBall_1185,3DBall,1185,12.0,ppo,500000,136,25681,0.0006610346092088,3.0,410,56.3,89.7,1.4127,12000,1.1246,12000,100.0,442000,100.0,204000,480000,0.0696,36000,0.3001,36000,1.4131,12000,2.5657600000000005,84000,61.4,2025-11-21_09-33,,
R_AP_3DBall_1186,3DBall,1186,12.0,ppo,500000,164,30855,0.0006484633709986,3.0,490,61.5,88.8,1.2169,12000,1.0744,12000,100.0,442000,100.0,312000,480000,0.0641,36000,0.1583,36000,1.412,12000,2.5657600000000005,96000,85.8,2025-11-21_09-33,,
R_AP_3DBall_1187,3DBall,1187,12.0,ppo,500000,86,16168,0.0005815832465205,3.0,449,62.2,88.9,2.1099,12000,1.244,12000,98.5569,442000,100.0,144000,480000,0.0877,24000,0.5479,24000,1.3866,12000,2.5657600000000005,60000,44.9,2025-11-21_09-33,,
R_AP_3DBall_1188,3DBall,1188,12.0,ppo,500000,49,9307,0.0006990053484109,3.0,535,61.5,89.0,9.2536,12000,1.402,12000,92.5085,442000,100.0,144000,480000,0.1147,12000,1.0857,12000,1.3509,12000,2.5657600000000005,36000,26.8,2025-11-21_09-33,,
R_AP_3DBall_1189,3DBall,1189,12.0,ppo,500000,161,30277,0.0001345395617312,3.0,406,51.8,90.0,1.1551,12000,1.1205,12000,96.5908,442000,100.0,396000,480000,0.063,36000,0.3212,36000,1.4195,12000,2.5657600000000005,156000,121.9,2025-11-21_09-33,,
R_AP_3DBall_1190,3DBall,1190,12.0,ppo,500000,75,14111,0.000575013181561,3.0,436,52.8,88.1,1.683,12000,1.1865,12000,100.0,442000,100.0,132000,480000,0.0937,24000,0.5112,24000,1.3986,12000,2.5657600000000005,60000,43.6,2025-11-21_09-33,,
R_AP_3DBall_1191,3DBall,1191,12.0,ppo,500000,106,19889,0.0003133899217417,3.0,419,55.9,88.0,1.4049,12000,1.1609,12000,100.0,442000,100.0,180000,480000,0.0792,24000,0.2509,24000,1.4139,12000,2.5657600000000005,72000,52.4,2025-11-21_09-33,,
R_AP_3DBall_1192,3DBall,1192,12.0,ppo,500000,166,31261,0.0001035567614488,3.0,406,48.0,87.6,1.1739,12000,1.1415,12000,43.4044,442000,48.456,468000,480000,0.0624,36000,0.3751,36000,1.4159,12000,2.5657600000000005,204000,162.5,2025-11-21_09-33,,
R_AP_3DBall_1193,3DBall,1193,12.0,ppo,500000,104,19613,0.0002404258468043,3.0,524,62.0,89.9,1.5736,12000,1.1786,12000,100.0,442000,100.0,192000,480000,0.0761,24000,0.26,24000,1.4075,12000,2.5657600000000005,72000,65.5,2025-11-21_09-33,,
R_AP_3DBall_1194,3DBall,1194,12.0,ppo,500000,176,33114,0.0001613106169359,3.0,415,62.9,88.4,1.1945,12000,1.1017,12000,99.385,442000,100.0,324000,480000,0.0618,36000,0.1967,36000,1.4181,12000,2.5657600000000005,120000,93.4,2025-11-21_09-33,,
R_AP_3DBall_1195,3DBall,1195,12.0,ppo,500000,79,14855,0.000597959484803,3.0,552,61.0,88.3,2.4324,12000,1.2498,12000,98.4862,442000,100.0,120000,480000,0.0893,24000,0.6593,24000,1.3748,12000,2.5657600000000005,48000,41.4,2025-11-21_09-33,,
R_AP_3DBall_1196,3DBall,1196,12.0,ppo,500000,176,33070,0.0008482283652967,3.0,392,56.9,87.9,1.2776,12000,1.1754,12000,97.8822,442000,100.0,324000,480000,0.0595,36000,0.1754,36000,1.4141,12000,2.5657600000000005,108000,78.3,2025-11-21_09-33,,
R_AP_3DBall_1197,3DBall,1197,12.0,ppo,500000,144,27138,0.0007937056810724,3.0,418,61.8,88.0,1.3743,12000,1.1231,12000,100.0,442000,100.0,228000,480000,0.0666,36000,0.3266,36000,1.407,12000,2.5657600000000005,84000,62.6,2025-11-21_09-33,,
R_AP_3DBall_1198,3DBall,1198,12.0,ppo,500000,42,7959,0.0002279610792442,3.0,516,54.9,86.8,5.3666,12000,1.3386,12000,100.0,442000,100.0,96000,480000,0.121,12000,1.1304,12000,1.3853,12000,2.5657600000000005,36000,25.8,2025-11-21_09-33,,
R_AP_3DBall_1199,3DBall,1199,12.0,ppo,500000,34,6474,0.0003520633281354,3.0,545,53.8,87.2,5.9424,12000,1.2198,12000,100.0,442000,100.0,108000,480000,0.138,12000,1.1296,12000,1.3716,12000,2.5657600000000005,48000,40.9,2025-11-21_09-33,,
R_AP_3DBall_1200,3DBall,1200,12.0,ppo,500000,97,18342,0.0002914911838219,3.0,423,52.1,87.9,1.2765,12000,1.1724,12000,100.0,442000,100.0,204000,480000,0.0818,24000,0.3277,24000,1.411,12000,2.5657600000000005,96000,74.0,2025-11-21_09-33,,
R_AP_3DBall_1201,3DBall,1201,12.0,ppo,500000,103,19421,0.000441291775025,3.0,421,55.0,90.6,1.5277,12000,1.1984,12000,100.0,442000,100.0,168000,480000,0.0761,24000,0.2485,24000,1.4091,12000,2.5657600000000005,72000,52.6,2025-11-21_09-33,,
R_AP_3DBall_1202,3DBall,1202,12.0,ppo,500000,74,14038,0.000766083923815,3.0,495,64.8,88.7,3.512,12000,1.3208,12000,100.0,442000,100.0,204000,480000,0.0935,24000,1.0585,24000,1.3753,12000,2.5657600000000005,48000,37.1,2025-11-21_09-33,,
R_AP_3DBall_1203,3DBall,1203,12.0,ppo,500000,172,32270,0.0007939860559582,3.0,406,51.5,87.8,1.2037,12000,1.118,12000,99.2523,442000,100.0,324000,480000,0.0612,36000,0.2099,36000,1.4219,12000,2.5657600000000005,108000,81.3,2025-11-21_09-33,,
R_AP_3DBall_1204,3DBall,1204,12.0,ppo,500000,169,31747,0.0004094040527085,3.0,397,50.0,87.6,1.193,12000,1.1354,12000,100.0,442000,100.0,336000,480000,0.0614,36000,0.3159,36000,1.4143,12000,2.5657600000000005,144000,109.2,2025-11-21_09-33,,
R_AP_3DBall_1205,3DBall,1205,12.0,ppo,500000,58,10898,0.0005229546877001,3.0,465,54.7,89.6,3.0785,12000,1.3201,12000,100.0,442000,100.0,144000,480000,0.1052,12000,0.6886,12000,1.38,12000,2.5657600000000005,48000,34.9,2025-11-21_09-33,,
R_AP_3DBall_1206,3DBall,1206,12.0,ppo,500000,137,25706,8.839769148679885e-05,3.0,415,52.1,87.7,1.1411,12000,1.0902,12000,98.8616,442000,100.0,384000,480000,0.0665,36000,0.3329,36000,1.4173,12000,2.5657600000000005,168000,134.8,2025-11-21_09-33,,
R_AP_3DBall_1207,3DBall,1207,12.0,ppo,500000,94,17738,0.0004079578246702,3.0,420,52.1,87.7,1.3477,12000,1.1485,12000,100.0,442000,100.0,168000,480000,0.0832,24000,0.3339,24000,1.4105,12000,2.5657600000000005,84000,62.9,2025-11-21_09-33,,
R_AP_3DBall_1208,3DBall,1208,12.0,ppo,500000,105,19693,0.0006679616604162,3.0,412,52.2,88.0,1.4049,12000,1.1817,12000,98.5077,442000,100.0,168000,480000,0.0811,24000,0.2494,24000,1.4072,12000,2.5657600000000005,72000,51.5,2025-11-21_09-33,,
R_AP_3DBall_1209,3DBall,1209,12.0,ppo,500000,173,32441,0.0007946425206887,3.0,434,62.6,87.5,1.2132,12000,1.125,12000,100.0,442000,100.0,300000,480000,0.0624,36000,0.1419,36000,1.415,12000,2.5657600000000005,108000,86.7,2025-11-21_09-33,,
R_AP_3DBall_1210,3DBall,1210,12.0,ppo,500000,83,15672,5.142549114764501e-05,3.0,454,61.8,87.8,1.4484,12000,1.1578,12000,100.0,442000,100.0,180000,480000,0.0867,24000,0.3609,24000,1.4181,12000,2.5657600000000005,84000,68.2,2025-11-21_09-33,,
R_AP_3DBall_1211,3DBall,1211,12.0,ppo,500000,144,27056,0.0008751660238549,3.0,401,50.8,88.6,1.2733,12000,1.1098,12000,100.0,442000,100.0,240000,480000,0.0685,36000,0.2809,36000,1.4222,12000,2.5657600000000005,96000,70.1,2025-11-21_09-33,,
R_AP_3DBall_1212,3DBall,1212,12.0,ppo,500000,158,29669,0.000289537615285,3.0,412,62.0,87.4,1.1607,12000,1.1018,12000,100.0,442000,100.0,276000,480000,0.0652,36000,0.1692,36000,1.416,12000,2.5657600000000005,108000,82.3,2025-11-21_09-33,,
R_AP_3DBall_1213,3DBall,1213,12.0,ppo,500000,114,21504,0.0007810302690466,3.0,445,62.0,87.1,1.4756,12000,1.1495,12000,98.6446,442000,100.0,180000,480000,0.0753,24000,0.2802,24000,1.4129,12000,2.5657600000000005,72000,55.6,2025-11-21_09-33,,
R_AP_3DBall_1214,3DBall,1214,12.0,ppo,500000,189,35489,0.0001623858522957,3.0,421,62.2,87.7,1.215,12000,1.1228,12000,100.0,442000,100.0,372000,480000,0.0587,36000,0.1734,36000,1.4145,12000,2.5657600000000005,120000,94.6,2025-11-21_09-33,,
R_AP_3DBall_1215,3DBall,1215,12.0,ppo,500000,189,35520,0.0003845911194645,3.0,386,51.4,87.7,1.2135,12000,1.1442,12000,100.0,442000,100.0,336000,480000,0.062,36000,0.2331,36000,1.4133,12000,2.5657600000000005,120000,86.9,2025-11-21_09-33,,
R_AP_3DBall_1216,3DBall,1216,12.0,ppo,500000,92,17280,0.000459764121039,3.0,580,72.4,89.5,1.9822,12000,1.2434,12000,100.0,442000,100.0,168000,480000,0.0854,24000,0.5962,24000,1.3977,12000,2.5657600000000005,60000,58.0,2025-11-21_09-33,,
R_AP_3DBall_1217,3DBall,1217,12.0,ppo,500000,124,23414,0.0005197026924116,3.0,423,63.0,87.8,1.4187,12000,1.0953,12000,98.92,442000,100.0,312000,480000,0.0736,24000,0.2662,24000,1.4094,12000,2.5657600000000005,84000,63.4,2025-11-21_09-33,,
R_AP_3DBall_1218,3DBall,1218,12.0,ppo,500000,80,15033,0.0001962366918557,3.0,431,51.4,87.5,1.2599,12000,1.1514,12000,100.0,442000,100.0,192000,480000,0.0868,24000,0.2868,24000,1.4097,12000,2.5657600000000005,96000,75.4,2025-11-21_09-33,,
R_AP_3DBall_1219,3DBall,1219,12.0,ppo,500000,77,14531,0.0003670744809726,3.0,451,61.4,87.2,2.3137,12000,1.2511,12000,96.9677,442000,100.0,132000,480000,0.0926,24000,0.5752,24000,1.3964,12000,2.5657600000000005,48000,33.8,2025-11-21_09-33,,
R_AP_3DBall_1220,3DBall,1220,12.0,ppo,500000,155,29122,0.0002640969586239,3.0,399,49.9,87.4,1.1937,12000,1.1409,12000,100.0,442000,100.0,336000,480000,0.0629,36000,0.3647,36000,1.4116,12000,2.5657600000000005,132000,99.8,2025-11-21_09-33,,
R_AP_3DBall_1221,3DBall,1221,12.0,ppo,500000,156,29429,0.0005048102672515,3.0,406,53.8,86.6,1.1853,12000,1.1126,12000,100.0,442000,100.0,288000,480000,0.0643,36000,0.2647,36000,1.421,12000,2.5657600000000005,120000,91.4,2025-11-21_09-33,,
R_AP_3DBall_1222,3DBall,1222,12.0,ppo,500000,186,34984,0.0002791383286886,3.0,400,48.5,86.8,1.1729,12000,1.1375,12000,94.7194,442000,100.0,456000,480000,0.0604,36000,0.3759,36000,1.4188,12000,2.5657600000000005,180000,140.1,2025-11-21_09-33,,
R_AP_3DBall_1223,3DBall,1223,12.0,ppo,500000,33,6286,0.0002026910255974,3.0,542,53.6,86.1,2.2815,12000,1.1872,12000,100.0,442000,100.0,108000,480000,0.1397,12000,0.6655,12000,1.3998,12000,2.5657600000000005,60000,54.2,2025-11-21_09-33,,
R_AP_3DBall_1224,3DBall,1224,12.0,ppo,500000,40,7667,0.0006699137544893,3.0,517,55.2,86.9,15.9472,12000,1.4364,12000,97.2572,442000,100.0,132000,480000,0.1267,12000,1.1183,12000,1.3763,12000,2.5657600000000005,36000,25.8,2025-11-21_09-33,,
R_AP_3DBall_1225,3DBall,1225,12.0,ppo,500000,149,28098,0.0006513493970584,3.0,399,52.6,87.4,1.2891,12000,1.1455,12000,100.0,442000,100.0,264000,480000,0.0649,36000,0.2162,36000,1.4111,12000,2.5657600000000005,96000,69.9,2025-11-21_09-33,,
R_AP_3DBall_1226,3DBall,1226,12.0,ppo,500000,134,25243,0.0001255277193016,3.0,499,62.2,88.8,1.4068,12000,1.1573,12000,100.0,442000,100.0,192000,480000,0.0708,36000,0.2803,36000,1.4175,12000,2.5657600000000005,84000,74.8,2025-11-21_09-33,,
R_AP_3DBall_1227,3DBall,1227,12.0,ppo,500000,138,25901,0.000149575624196,3.0,438,61.8,89.3,1.3989,12000,1.1507,12000,98.4831,442000,100.0,228000,480000,0.0696,36000,0.2802,36000,1.4136,12000,2.5657600000000005,84000,65.6,2025-11-21_09-33,,
R_AP_3DBall_1228,3DBall,1228,12.0,ppo,500000,92,17348,0.0004769981336673,3.0,435,62.1,88.0,2.0008,12000,1.2227,12000,100.0,442000,100.0,156000,480000,0.0838,24000,0.6277,24000,1.4046,12000,2.5657600000000005,60000,43.5,2025-11-21_09-33,,
R_AP_3DBall_1229,3DBall,1229,12.0,ppo,500000,179,33684,0.0001553288108835,3.0,423,62.0,87.4,1.2609,12000,1.1698,12000,98.7283,442000,100.0,264000,480000,0.0604,36000,0.2001,36000,1.4162,12000,2.5657600000000005,108000,84.6,2025-11-21_09-33,,
R_AP_3DBall_1230,3DBall,1230,12.0,ppo,500000,164,30902,0.0007022510208135,3.0,397,52.1,89.1,1.1614,12000,1.0829,12000,100.0,442000,100.0,240000,480000,0.064,36000,0.1863,36000,1.41,12000,2.5657600000000005,108000,79.5,2025-11-21_09-33,,
R_AP_3DBall_1231,3DBall,1231,12.0,ppo,500000,191,35984,0.0002766916069865,3.0,469,61.1,88.0,1.1927,12000,1.1363,12000,96.3231,442000,100.0,312000,480000,0.0585,36000,0.1665,36000,1.4194,12000,2.5657600000000005,120000,105.6,2025-11-21_09-33,,
R_AP_3DBall_1232,3DBall,1232,12.0,ppo,500000,129,24319,0.000558720076682,3.0,439,62.4,88.1,1.4774,12000,1.1225,12000,96.9303,442000,100.0,180000,480000,0.0726,36000,0.2987,36000,1.4064,12000,2.5657600000000005,84000,65.8,2025-11-21_09-33,,
R_AP_3DBall_1233,3DBall,1233,12.0,ppo,500000,69,12938,0.0008428040960156,3.0,490,61.9,87.6,3.3072,12000,1.326,12000,98.7554,442000,100.0,144000,480000,0.0986,24000,0.9166,24000,1.3726,12000,2.5657600000000005,48000,36.7,2025-11-21_09-33,,
R_AP_3DBall_1234,3DBall,1234,12.0,ppo,500000,95,17964,0.0004708843903721,3.0,441,62.4,88.9,1.5905,12000,1.1459,12000,100.0,442000,100.0,180000,480000,0.0827,24000,0.4413,24000,1.4134,12000,2.5657600000000005,60000,44.1,2025-11-21_09-33,,
R_AP_3DBall_1235,3DBall,1235,12.0,ppo,500000,129,24334,0.0007799550435184,3.0,423,61.6,88.6,1.3329,12000,1.0706,12000,97.4231,442000,100.0,228000,480000,0.0691,36000,0.2536,36000,1.409,12000,2.5657600000000005,84000,63.4,2025-11-21_09-33,,
R_AP_3DBall_1236,3DBall,1236,12.0,ppo,500000,165,31067,0.0001627361182525,3.0,402,57.5,87.5,1.145,12000,1.0996,12000,100.0,442000,100.0,336000,480000,0.0605,36000,0.211,36000,1.4197,12000,2.5657600000000005,132000,100.4,2025-11-21_09-33,,
R_AP_3DBall_1237,3DBall,1237,12.0,ppo,500000,71,13330,0.0001385674108922,3.0,490,61.8,87.4,2.0251,12000,1.2229,12000,98.5323,442000,100.0,156000,480000,0.0956,24000,0.6796,24000,1.4121,12000,2.5657600000000005,60000,49.0,2025-11-21_09-33,,
R_AP_3DBall_1238,3DBall,1238,12.0,ppo,500000,54,10274,0.0002657471626883,3.0,496,61.4,89.1,3.113,12000,1.2249,12000,100.0,442000,100.0,96000,480000,0.1109,12000,0.5461,12000,1.3929,12000,2.5657600000000005,48000,37.2,2025-11-21_09-33,,
R_AP_3DBall_1239,3DBall,1239,12.0,ppo,500000,90,16906,0.0006545496858363,3.0,423,54.4,88.1,1.9467,12000,1.2328,12000,100.0,442000,100.0,132000,480000,0.0812,24000,0.5274,24000,1.401,12000,2.5657600000000005,60000,42.3,2025-11-21_09-33,,
R_AP_3DBall_1240,3DBall,1240,12.0,ppo,500000,135,25319,0.0004668252339707,3.0,401,52.7,88.1,1.2179,12000,1.0736,12000,99.4569,442000,100.0,264000,480000,0.069,36000,0.2125,36000,1.4103,12000,2.5657600000000005,108000,80.1,2025-11-21_09-33,,
R_AP_3DBall_1241,3DBall,1241,12.0,ppo,500000,103,19471,0.0006916965613299,3.0,435,62.3,88.2,1.6319,12000,1.249,12000,100.0,442000,100.0,180000,480000,0.0804,24000,0.2897,24000,1.4019,12000,2.5657600000000005,72000,54.4,2025-11-21_09-33,,
R_AP_3DBall_1242,3DBall,1242,12.0,ppo,500000,151,28464,0.0007451199936228,3.0,418,62.3,89.5,1.2359,12000,1.0891,12000,100.0,442000,100.0,240000,480000,0.0663,36000,0.1379,36000,1.4083,12000,2.5657600000000005,96000,73.1,2025-11-21_09-33,,
R_AP_3DBall_1243,3DBall,1243,12.0,ppo,500000,98,18389,3.259428426279248e-05,3.0,437,58.0,87.3,1.1824,12000,1.136,12000,98.5001,442000,100.0,360000,480000,0.079,24000,0.3886,24000,1.4172,12000,2.5657600000000005,144000,120.1,2025-11-21_09-33,,
R_AP_3DBall_1244,3DBall,1244,12.0,ppo,500000,85,15989,0.0008050010085569,3.0,429,55.1,87.2,2.0548,12000,1.2086,12000,100.0,442000,100.0,156000,480000,0.0866,24000,0.5286,24000,1.3943,12000,2.5657600000000005,60000,42.9,2025-11-21_09-33,,
R_AP_3DBall_1245,3DBall,1245,12.0,ppo,500000,76,14353,0.0001273820038443,3.0,547,61.0,87.5,1.8768,12000,1.1697,12000,100.0,442000,100.0,180000,480000,0.0941,24000,0.7094,24000,1.4119,12000,2.5657600000000005,60000,54.7,2025-11-21_09-33,,
R_AP_3DBall_1246,3DBall,1246,12.0,ppo,500000,159,29865,0.0005329791456944,3.0,398,55.9,87.9,1.2624,12000,1.1577,12000,100.0,442000,100.0,240000,480000,0.0625,36000,0.1992,36000,1.4192,12000,2.5657600000000005,96000,69.6,2025-11-21_09-33,,
R_AP_3DBall_1247,3DBall,1247,12.0,ppo,500000,50,9443,0.0002802148418647,3.0,488,57.1,87.7,1.8621,12000,1.1631,12000,100.0,442000,100.0,144000,480000,0.111,12000,0.4486,12000,1.4082,12000,2.5657600000000005,60000,48.8,2025-11-21_09-33,,
R_AP_3DBall_1248,3DBall,1248,12.0,ppo,500000,186,34977,0.0004804583185837,3.0,426,62.2,87.5,1.3298,12000,1.1523,12000,98.52,442000,100.0,276000,480000,0.059,36000,0.177,36000,1.4068,12000,2.5657600000000005,84000,63.9,2025-11-21_09-33,,
R_AP_3DBall_1249,3DBall,1249,12.0,ppo,500000,168,31537,0.0005565071149449,3.0,394,50.6,87.3,1.1903,12000,1.1128,12000,98.5846,442000,100.0,324000,480000,0.0609,36000,0.2519,36000,1.413,12000,2.5657600000000005,132000,98.6,2025-11-21_09-33,,
R_AP_3DBall_1250,3DBall,1250,12.0,ppo,500000,189,35447,0.0006153071161265,3.0,385,51.5,88.5,1.2348,12000,1.1824,12000,98.8783,442000,100.0,300000,480000,0.0587,36000,0.2634,36000,1.4149,12000,2.5657600000000005,120000,86.6,2025-11-21_09-33,,
R_AP_3DBall_1251,3DBall,1251,12.0,ppo,500000,34,6472,0.0003113934769932,3.0,601,61.6,88.9,28.2707,12000,1.931,12000,99.7883,442000,100.0,84000,480000,0.1374,12000,1.0868,12000,1.3734,12000,2.5657600000000005,36000,30.0,2025-11-21_09-33,,
R_AP_3DBall_1252,3DBall,1252,12.0,ppo,500000,74,13907,0.0008375957593236,3.0,479,61.6,88.2,3.0789,12000,1.2905,12000,100.0,442000,100.0,180000,480000,0.0937,24000,0.9823,24000,1.3757,12000,2.5657600000000005,48000,35.9,2025-11-21_09-33,,
R_AP_3DBall_1253,3DBall,1253,12.0,ppo,500000,50,9380,0.0003027640117451,3.0,479,53.3,88.3,1.4263,12000,1.1064,12000,100.0,442000,100.0,144000,480000,0.1128,12000,0.3358,12000,1.402,12000,2.5657600000000005,72000,59.9,2025-11-21_09-33,,
R_AP_3DBall_1254,3DBall,1254,12.0,ppo,500000,177,33293,0.0001622006535882,3.0,397,51.8,88.8,1.1823,12000,1.1491,12000,100.0,442000,100.0,396000,480000,0.0616,36000,0.343,36000,1.4158,12000,2.5657600000000005,156000,119.2,2025-11-21_09-33,,
R_AP_3DBall_1255,3DBall,1255,12.0,ppo,500000,110,20779,0.000511324180092,3.0,406,52.1,90.2,1.2699,12000,1.1405,12000,100.0,442000,100.0,216000,480000,0.076,24000,0.2719,24000,1.4124,12000,2.5657600000000005,96000,71.1,2025-11-21_09-33,,
R_AP_3DBall_1256,3DBall,1256,12.0,ppo,500000,55,10340,0.0004662592102963,3.0,513,61.5,88.3,5.0303,12000,1.2399,12000,98.5477,442000,100.0,96000,480000,0.1074,12000,0.8408,12000,1.3781,12000,2.5657600000000005,48000,38.5,2025-11-21_09-33,,
R_AP_3DBall_1257,3DBall,1257,12.0,ppo,500000,167,31375,0.0004845119885362,3.0,481,62.1,88.2,1.264,12000,1.0799,12000,100.0,442000,100.0,240000,480000,0.0638,36000,0.1689,36000,1.4096,12000,2.5657600000000005,108000,96.1,2025-11-21_09-33,,
R_AP_3DBall_1258,3DBall,1258,12.0,ppo,500000,185,34780,0.0007254861909486,3.0,431,62.4,88.6,1.1837,12000,1.066,12000,98.9216,442000,100.0,300000,480000,0.0583,36000,0.1546,36000,1.4109,12000,2.5657600000000005,108000,86.1,2025-11-21_09-33,,
R_AP_3DBall_1259,3DBall,1259,12.0,ppo,500000,62,11697,0.0002181909820877,3.0,453,53.2,87.5,1.806,12000,1.2133,12000,100.0,442000,100.0,156000,480000,0.1018,12000,0.4112,12000,1.4024,12000,2.5657600000000005,60000,45.3,2025-11-21_09-33,,
R_AP_3DBall_1260,3DBall,1260,12.0,ppo,500000,159,29839,0.0007029217126054,3.0,414,62.7,87.6,1.2904,12000,1.1243,12000,95.9893,442000,100.0,264000,480000,0.0637,36000,0.1872,36000,1.4104,12000,2.5657600000000005,96000,72.4,2025-11-21_09-33,,
R_AP_3DBall_1261,3DBall,1261,12.0,ppo,500000,124,23291,6.0613101867130064e-05,3.0,422,52.4,87.7,1.1071,12000,1.0406,12000,84.0503,442000,92.5,456000,480000,0.069,24000,0.3161,24000,1.4159,12000,2.5657600000000005,180000,147.8,2025-11-21_09-33,,
R_AP_3DBall_1262,3DBall,1262,12.0,ppo,500000,48,9094,0.0007538187380528,3.0,633,60.3,87.4,7.3443,12000,1.4915,12000,100.0,442000,100.0,216000,480000,0.116,12000,1.0764,12000,1.3776,12000,2.5657600000000005,36000,31.7,2025-11-21_09-33,,
R_AP_3DBall_1263,3DBall,1263,12.0,ppo,500000,181,34057,0.0003132657248409,3.0,426,61.9,90.3,1.212,12000,1.1201,12000,97.9109,442000,100.0,264000,480000,0.0603,36000,0.1804,36000,1.4172,12000,2.5657600000000005,108000,85.1,2025-11-21_09-33,,
R_AP_3DBall_1264,3DBall,1264,12.0,ppo,500000,40,7546,0.0006700608157441,3.0,510,53.7,88.9,11.9173,12000,1.474,12000,98.4969,442000,100.0,108000,480000,0.1265,12000,1.2469,12000,1.3697,12000,2.5657600000000005,36000,25.5,2025-11-21_09-33,,
R_AP_3DBall_1265,3DBall,1265,12.0,ppo,500000,86,16231,0.0003530045081568,3.0,426,52.3,89.8,1.3894,12000,1.164,12000,100.0,442000,100.0,216000,480000,0.0883,24000,0.4006,24000,1.4152,12000,2.5657600000000005,84000,63.9,2025-11-21_09-33,,
R_AP_3DBall_1266,3DBall,1266,12.0,ppo,500000,136,25659,0.0001790612415934,3.0,413,56.2,88.7,1.3196,12000,1.1741,12000,96.3292,442000,100.0,240000,480000,0.069,36000,0.3124,36000,1.4185,12000,2.5657600000000005,96000,72.2,2025-11-21_09-33,,
R_AP_3DBall_1267,3DBall,1267,12.0,ppo,500000,163,30613,8.33010058951193e-05,3.0,435,62.4,88.8,1.2847,12000,1.1468,12000,100.0,442000,100.0,312000,480000,0.0605,36000,0.2108,36000,1.4181,12000,2.5657600000000005,108000,87.0,2025-11-21_09-33,,
R_AP_3DBall_1268,3DBall,1268,12.0,ppo,500000,63,11898,0.0005474009863877,3.0,458,55.7,89.7,2.9107,12000,1.2015,12000,95.7473,442000,100.0,120000,480000,0.1021,12000,0.7403,12000,1.395,12000,2.5657600000000005,48000,34.4,2025-11-21_09-33,,
R_AP_3DBall_1269,3DBall,1269,12.0,ppo,500000,77,14447,0.0007803096096205,3.0,479,62.0,88.5,3.4992,12000,1.3311,12000,97.8077,442000,100.0,156000,480000,0.0917,24000,0.8601,24000,1.3813,12000,2.5657600000000005,48000,35.9,2025-11-21_09-33,,
R_AP_3DBall_1270,3DBall,1270,12.0,ppo,500000,40,7578,0.0007861148649069,3.0,542,61.5,87.3,19.3146,12000,1.6568,12000,98.9283,442000,100.0,156000,480000,0.1288,12000,1.1835,12000,1.3637,12000,2.5657600000000005,36000,27.1,2025-11-21_09-33,,
R_AP_3DBall_1271,3DBall,1271,12.0,ppo,500000,189,35611,0.0006575809985136,3.0,396,57.3,87.8,1.2079,12000,1.1302,12000,99.885,442000,100.0,288000,480000,0.0576,36000,0.1998,36000,1.4202,12000,2.5657600000000005,120000,89.2,2025-11-21_09-33,,
R_AP_3DBall_1272,3DBall,1272,12.0,ppo,500000,102,19249,0.0008318541998021,3.0,415,53.4,87.2,1.4904,12000,1.1384,12000,98.5262,442000,100.0,180000,480000,0.0812,24000,0.2424,24000,1.4048,12000,2.5657600000000005,72000,51.9,2025-11-21_09-33,,
R_AP_3DBall_1273,3DBall,1273,12.0,ppo,500000,64,12179,0.0006005556945572,3.0,596,63.2,87.6,3.6746,12000,1.2616,12000,98.4954,442000,100.0,180000,480000,0.1031,24000,0.9325,24000,1.367,12000,2.5657600000000005,48000,44.7,2025-11-21_09-33,,
R_AP_3DBall_1274,3DBall,1274,12.0,ppo,500000,168,31542,0.0003421019272749,3.0,443,62.2,89.7,1.2955,12000,1.1485,12000,100.0,442000,100.0,288000,480000,0.0617,36000,0.1845,36000,1.4174,12000,2.5657600000000005,108000,88.7,2025-11-21_09-33,,
R_AP_3DBall_1275,3DBall,1275,12.0,ppo,500000,78,14631,0.0006187481985182,3.0,446,56.5,90.1,1.9258,12000,1.2054,12000,98.4985,442000,100.0,156000,480000,0.0906,24000,0.3892,24000,1.4041,12000,2.5657600000000005,60000,44.6,2025-11-21_09-33,,
R_AP_3DBall_1276,3DBall,1276,12.0,ppo,500000,72,13620,0.0003559062048367,3.0,558,61.4,90.0,2.6922,12000,1.2462,12000,96.401,442000,100.0,240000,480000,0.0926,24000,0.9907,24000,1.3816,12000,2.5657600000000005,48000,41.9,2025-11-21_09-33,,
R_AP_3DBall_1277,3DBall,1277,12.0,ppo,500000,92,17331,0.0004642365772162,3.0,465,62.0,91.0,1.7179,12000,1.1353,12000,100.0,442000,100.0,204000,480000,0.0851,24000,0.407,24000,1.399,12000,2.5657600000000005,60000,46.5,2025-11-21_09-33,,
R_AP_3DBall_1278,3DBall,1278,12.0,ppo,500000,77,14481,0.0008691206692874,3.0,547,61.1,89.1,2.137,12000,1.2126,12000,98.6723,442000,100.0,264000,480000,0.0913,24000,0.4914,24000,1.389,12000,2.5657600000000005,60000,54.7,2025-11-21_09-33,,
R_AP_3DBall_1279,3DBall,1279,12.0,ppo,500000,158,29637,0.0001552653191408,3.0,407,49.5,89.6,1.1698,12000,1.1274,12000,92.3897,442000,100.0,480000,480000,0.0624,36000,0.4942,36000,1.4148,12000,2.5657600000000005,192000,152.8,2025-11-21_09-33,,
R_AP_3DBall_1280,3DBall,1280,12.0,ppo,500000,109,20558,0.0002247075320248,3.0,470,65.0,89.3,1.4844,12000,1.1615,12000,97.2029,442000,100.0,168000,480000,0.077,24000,0.2651,24000,1.4129,12000,2.5657600000000005,72000,58.7,2025-11-21_09-33,,
R_AP_3DBall_1281,3DBall,1281,12.0,ppo,500000,130,24508,0.0008414561974732,3.0,430,62.5,87.6,1.4207,12000,1.1194,12000,98.7739,442000,100.0,204000,480000,0.0709,36000,0.2747,36000,1.4055,12000,2.5657600000000005,84000,64.5,2025-11-21_09-33,,
R_AP_3DBall_1282,3DBall,1282,12.0,ppo,500000,94,17689,0.0008089653634139,3.0,420,52.1,88.3,1.5891,12000,1.2305,12000,99.1517,442000,100.0,204000,480000,0.0792,24000,0.3907,24000,1.4073,12000,2.5657600000000005,72000,52.4,2025-11-21_09-33,,
R_AP_3DBall_1283,3DBall,1283,12.0,ppo,500000,155,29135,6.415062144824857e-05,3.0,424,53.5,89.3,1.1192,12000,1.0943,12000,71.8045,442000,79.9933,492000,480000,0.0627,36000,0.3618,36000,1.4162,12000,2.5657600000000005,204000,169.5,2025-11-21_09-33,,
R_AP_3DBall_1284,3DBall,1284,12.0,ppo,500000,129,24299,0.0005747864170292,3.0,414,56.9,88.9,1.4007,12000,1.1291,12000,100.0,442000,100.0,216000,480000,0.0701,36000,0.2572,36000,1.4138,12000,2.5657600000000005,84000,62.1,2025-11-21_09-33,,
R_AP_3DBall_1285,3DBall,1285,12.0,ppo,500000,100,18777,0.0008402227635824,3.0,418,52.3,88.7,1.3812,12000,1.1294,12000,100.0,442000,100.0,180000,480000,0.0803,24000,0.2096,24000,1.4099,12000,2.5657600000000005,72000,52.2,2025-11-21_09-33,,
R_AP_3DBall_1286,3DBall,1286,12.0,ppo,500000,116,21844,0.0004713562522588,3.0,418,57.7,89.3,1.485,12000,1.1545,12000,100.0,442000,100.0,240000,480000,0.0736,24000,0.2995,24000,1.4106,12000,2.5657600000000005,72000,52.2,2025-11-21_09-33,,
R_AP_3DBall_1287,3DBall,1287,12.0,ppo,500000,89,16810,6.670326737572025e-05,3.0,456,52.3,89.9,1.1361,12000,1.1374,12000,42.5995,442000,56.9762,444000,480000,0.083,24000,0.4008,24000,1.4142,12000,2.5657600000000005,228000,205.3,2025-11-21_09-33,,
R_AP_3DBall_1288,3DBall,1288,12.0,ppo,500000,186,34951,0.0001980678683003,3.0,423,63.6,89.7,1.2078,12000,1.0924,12000,100.0,442000,100.0,336000,480000,0.0606,36000,0.1912,36000,1.414,12000,2.5657600000000005,120000,95.2,2025-11-21_09-33,,
R_AP_3DBall_1289,3DBall,1289,12.0,ppo,500000,116,21830,0.000628400493494,3.0,524,63.3,89.9,1.404,12000,1.0869,12000,100.0,442000,100.0,300000,480000,0.0749,24000,0.2565,24000,1.4013,12000,2.5657600000000005,72000,65.4,2025-11-21_09-33,,
R_AP_3DBall_1290,3DBall,1290,12.0,ppo,500000,102,19197,0.0004142553306833,3.0,425,52.8,85.3,1.2133,12000,1.1439,12000,100.0,442000,100.0,216000,480000,0.082,24000,0.2905,24000,1.4071,12000,2.5657600000000005,108000,85.0,2025-11-21_09-33,,
R_AP_3DBall_1291,3DBall,1291,12.0,ppo,500000,168,31655,0.0005152894183105,3.0,397,56.7,84.6,1.2539,12000,1.145,12000,100.0,442000,100.0,300000,480000,0.0603,36000,0.21,36000,1.4154,12000,2.5657600000000005,108000,79.5,2025-11-21_09-33,,
R_AP_3DBall_1292,3DBall,1292,12.0,ppo,500000,172,32426,0.0001619249355142,3.0,405,48.8,85.3,1.1457,12000,1.1136,12000,92.6204,442000,95.3833,468000,480000,0.0588,36000,0.4432,36000,1.4167,12000,2.5657600000000005,204000,161.8,2025-11-21_09-33,,
R_AP_3DBall_1293,3DBall,1293,12.0,ppo,500000,68,12859,0.000781284290799,3.0,445,54.4,85.4,2.8307,12000,1.1614,12000,97.0077,442000,100.0,144000,480000,0.0999,24000,0.8995,24000,1.392,12000,2.5657600000000005,48000,33.4,2025-11-21_09-33,,
R_AP_3DBall_1294,3DBall,1294,12.0,ppo,500000,103,19349,0.0004699591259654,3.0,455,62.2,86.2,1.6526,12000,1.1722,12000,96.9877,442000,100.0,180000,480000,0.0809,24000,0.2865,24000,1.3984,12000,2.5657600000000005,72000,56.9,2025-11-21_09-33,,
R_AP_3DBall_1295,3DBall,1295,12.0,ppo,500000,152,28502,0.000734853709894,3.0,407,57.3,89.2,1.3002,12000,1.1575,12000,100.0,442000,100.0,276000,480000,0.0668,36000,0.1793,36000,1.4126,12000,2.5657600000000005,96000,71.2,2025-11-21_09-33,,
R_AP_3DBall_1296,3DBall,1296,12.0,ppo,500000,60,11400,0.0001400248662813,3.0,490,62.5,86.8,2.0477,12000,1.1803,12000,100.0,442000,100.0,132000,480000,0.1047,12000,0.5577,12000,1.4127,12000,2.5657600000000005,60000,49.0,2025-11-21_09-33,,
R_AP_3DBall_1297,3DBall,1297,12.0,ppo,500000,178,33435,0.0002317616169159,3.0,488,62.2,87.7,1.2626,12000,1.1566,12000,96.7222,442000,100.0,360000,480000,0.0591,36000,0.1734,36000,1.4151,12000,2.5657600000000005,108000,97.5,2025-11-21_09-33,,
R_AP_3DBall_1298,3DBall,1298,12.0,ppo,500000,148,27916,0.0007249333710814,3.0,400,52.4,88.1,1.2737,12000,1.1136,12000,100.0,442000,100.0,216000,480000,0.0649,36000,0.2979,36000,1.4123,12000,2.5657600000000005,96000,69.9,2025-11-21_09-33,,
R_AP_3DBall_1299,3DBall,1299,12.0,ppo,500000,99,18603,0.0004256946269862,3.0,531,62.3,88.7,1.8481,12000,1.2512,12000,98.4846,442000,100.0,252000,480000,0.0801,24000,0.3026,24000,1.3978,12000,2.5657600000000005,60000,53.1,2025-11-21_09-33,,
R_AP_3DBall_1300,3DBall,1300,12.0,ppo,500000,120,22598,0.0005801175617807,3.0,509,62.4,88.5,1.6482,12000,1.1283,12000,96.596,442000,100.0,192000,480000,0.0733,24000,0.3377,24000,1.3956,12000,2.5657600000000005,60000,50.9,2025-11-21_09-33,,
R_AP_3DBall_1301,3DBall,1301,12.0,ppo,500000,174,32766,0.0007477859625171,3.0,517,74.7,88.7,1.2683,12000,1.072,12000,100.0,442000,100.0,252000,480000,0.0634,36000,0.177,36000,1.4056,12000,2.5657600000000005,84000,77.5,2025-11-21_09-33,,
R_AP_3DBall_1302,3DBall,1302,12.0,ppo,500000,70,13165,0.0005660649148349,3.0,451,54.0,88.1,2.079,12000,1.1908,12000,98.4954,442000,100.0,144000,480000,0.0969,24000,0.6446,24000,1.391,12000,2.5657600000000005,60000,45.1,2025-11-21_09-33,,
R_AP_3DBall_1303,3DBall,1303,12.0,ppo,500000,94,17688,0.0002204451044313,3.0,460,62.6,87.5,1.7745,12000,1.2038,12000,97.1939,442000,100.0,132000,480000,0.0818,24000,0.498,24000,1.4069,12000,2.5657600000000005,60000,46.0,2025-11-21_09-33,,
R_AP_3DBall_1304,3DBall,1304,12.0,ppo,500000,61,11579,0.0006322481657403,3.0,464,56.0,89.9,3.7063,12000,1.2959,12000,100.0,442000,100.0,168000,480000,0.1039,12000,0.8805,12000,1.3859,12000,2.5657600000000005,48000,34.8,2025-11-21_09-33,,
R_AP_3DBall_1305,3DBall,1305,12.0,ppo,500000,121,22762,0.0002172889060616,3.0,509,61.8,90.1,1.4811,12000,1.1501,12000,97.9508,442000,100.0,228000,480000,0.0739,24000,0.28,24000,1.4085,12000,2.5657600000000005,84000,76.4,2025-11-21_09-33,,
R_AP_3DBall_1306,3DBall,1306,12.0,ppo,500000,73,13783,0.0005701692658739,3.0,447,55.3,89.1,2.2661,12000,1.1821,12000,100.0,442000,100.0,120000,480000,0.0964,24000,0.8546,24000,1.3825,12000,2.5657600000000005,48000,33.5,2025-11-21_09-33,,
R_AP_3DBall_1307,3DBall,1307,12.0,ppo,500000,88,16569,0.0004527809885082,3.0,464,62.1,87.8,2.3139,12000,1.2199,12000,98.4739,442000,100.0,168000,480000,0.0841,24000,0.709,24000,1.3959,12000,2.5657600000000005,60000,46.4,2025-11-21_09-33,,
R_AP_3DBall_1308,3DBall,1308,12.0,ppo,500000,124,23330,0.0003484923706129,3.0,521,62.1,90.0,1.4559,12000,1.1455,12000,94.2306,442000,100.0,168000,480000,0.0724,24000,0.2743,24000,1.4072,12000,2.5657600000000005,72000,65.1,2025-11-21_09-33,,
R_AP_3DBall_1309,3DBall,1309,12.0,ppo,500000,85,15998,0.0005051588730657,3.0,431,53.5,90.1,1.5916,12000,1.1273,12000,100.0,442000,100.0,168000,480000,0.0858,24000,0.3867,24000,1.4064,12000,2.5657600000000005,60000,43.1,2025-11-21_09-33,,
R_AP_3DBall_1310,3DBall,1310,12.0,ppo,500000,91,17140,0.000669173119965,3.0,421,52.4,89.8,1.5494,12000,1.1946,12000,100.0,442000,100.0,192000,480000,0.083,24000,0.3611,24000,1.4093,12000,2.5657600000000005,72000,52.6,2025-11-21_09-33,,
R_AP_3DBall_1311,3DBall,1311,12.0,ppo,500000,138,25975,0.00040531297374,3.0,402,51.9,87.8,1.2987,12000,1.1514,12000,100.0,442000,100.0,240000,480000,0.0696,36000,0.285,36000,1.4175,12000,2.5657600000000005,96000,70.4,2025-11-21_09-33,,
R_AP_3DBall_1312,3DBall,1312,12.0,ppo,500000,72,13675,0.0002480982190589,3.0,440,53.7,88.8,1.477,12000,1.1812,12000,100.0,442000,100.0,156000,480000,0.0938,24000,0.3392,24000,1.4072,12000,2.5657600000000005,72000,54.9,2025-11-21_09-33,,
R_AP_3DBall_1313,3DBall,1313,12.0,ppo,500000,145,27265,0.0005455884321357,3.0,421,62.0,89.6,1.2824,12000,1.103,12000,97.9281,442000,100.0,252000,480000,0.0684,36000,0.2544,36000,1.4133,12000,2.5657600000000005,96000,73.7,2025-11-21_09-33,,
R_AP_3DBall_1314,3DBall,1314,12.0,ppo,500000,43,8225,0.0008139782944094,3.0,508,54.7,90.0,13.7576,12000,1.3643,12000,99.5333,442000,100.0,144000,480000,0.1205,12000,1.1641,12000,1.3703,12000,2.5657600000000005,36000,25.4,2025-11-21_09-33,,
R_AP_3DBall_1315,3DBall,1315,12.0,ppo,500000,95,17999,0.000592015373975,3.0,417,53.0,88.7,1.7623,12000,1.2099,12000,100.0,442000,100.0,180000,480000,0.0845,24000,0.3218,24000,1.3929,12000,2.5657600000000005,60000,41.7,2025-11-21_09-33,,
R_AP_3DBall_1316,3DBall,1316,12.0,ppo,500000,114,21466,0.0008342025487533,3.0,450,63.0,89.7,1.6975,12000,1.1825,12000,100.0,442000,100.0,192000,480000,0.0755,24000,0.357,24000,1.4004,12000,2.5657600000000005,60000,45.0,2025-11-21_09-33,,
R_AP_3DBall_1317,3DBall,1317,12.0,ppo,500000,63,11976,0.0005326172926392,3.0,480,62.2,89.0,3.4141,12000,1.2623,12000,100.0,442000,100.0,156000,480000,0.1004,12000,0.8568,12000,1.3976,12000,2.5657600000000005,48000,36.0,2025-11-21_09-33,,
R_AP_3DBall_1318,3DBall,1318,12.0,ppo,500000,90,16958,0.0004682872644227,3.0,425,53.0,89.7,1.6245,12000,1.26,12000,100.0,442000,100.0,168000,480000,0.0838,24000,0.3609,24000,1.4103,12000,2.5657600000000005,72000,53.1,2025-11-21_09-33,,
R_AP_3DBall_1319,3DBall,1319,12.0,ppo,500000,155,29193,0.0002688863767867,3.0,411,62.5,90.9,1.2763,12000,1.1429,12000,100.0,442000,100.0,264000,480000,0.0651,36000,0.2033,36000,1.4174,12000,2.5657600000000005,96000,71.8,2025-11-21_09-33,,
R_AP_3DBall_1320,3DBall,1320,12.0,ppo,500000,45,8467,0.0002288730231414,3.0,653,61.2,90.5,9.5833,12000,1.3397,12000,94.6587,442000,100.0,132000,480000,0.119,12000,1.2214,12000,1.3851,12000,2.5657600000000005,36000,32.6,2025-11-21_09-33,,
R_AP_3DBall_1321,3DBall,1321,12.0,ppo,500000,177,33215,0.0003831757996286,3.0,459,74.9,89.7,1.2842,12000,1.1333,12000,99.8617,442000,100.0,300000,480000,0.0613,36000,0.2031,36000,1.4156,12000,2.5657600000000005,108000,91.7,2025-11-21_09-33,,
R_AP_3DBall_1322,3DBall,1322,12.0,ppo,500000,80,15049,0.0001599073356969,3.0,451,61.8,88.9,1.8465,12000,1.2316,12000,98.4831,442000,100.0,180000,480000,0.0896,24000,0.4402,24000,1.4118,12000,2.5657600000000005,60000,45.1,2025-11-21_09-33,,
R_AP_3DBall_1323,3DBall,1323,12.0,ppo,500000,91,17207,0.0006894155469799,3.0,468,62.1,88.6,1.7317,12000,1.133,12000,100.0,442000,100.0,228000,480000,0.0848,24000,0.4201,24000,1.3959,12000,2.5657600000000005,60000,46.8,2025-11-21_09-33,,
R_AP_3DBall_1324,3DBall,1324,12.0,ppo,500000,125,23489,0.0008308695799641,3.0,400,51.4,89.7,1.3174,12000,1.1485,12000,100.0,442000,100.0,204000,480000,0.0704,24000,0.2651,24000,1.4161,12000,2.5657600000000005,84000,60.1,2025-11-21_09-33,,
R_AP_3DBall_1325,3DBall,1325,12.0,ppo,500000,128,24055,0.0007310240298242,3.0,422,62.6,89.4,1.5802,12000,1.1419,12000,100.0,442000,100.0,180000,480000,0.073,36000,0.3426,36000,1.4004,12000,2.5657600000000005,60000,42.2,2025-11-21_09-33,,
R_AP_3DBall_1326,3DBall,1326,12.0,ppo,500000,180,33888,0.0004100721181845,3.0,413,62.9,89.9,1.1993,12000,1.0953,12000,100.0,442000,100.0,288000,480000,0.0593,36000,0.1635,36000,1.4144,12000,2.5657600000000005,108000,82.6,2025-11-21_09-33,,
R_AP_3DBall_1327,3DBall,1327,12.0,ppo,500000,85,16040,0.000744377340855,3.0,541,61.1,90.5,1.8666,12000,1.1701,12000,99.9283,442000,100.0,264000,480000,0.0883,24000,0.4422,24000,1.3879,12000,2.5657600000000005,60000,54.1,2025-11-21_09-33,,
R_AP_3DBall_1328,3DBall,1328,12.0,ppo,500000,109,20622,0.0004199081164719,3.0,415,55.2,90.5,1.3867,12000,1.1319,12000,98.5816,442000,100.0,204000,480000,0.0763,24000,0.258,24000,1.4068,12000,2.5657600000000005,72000,51.9,2025-11-21_09-33,,
R_AP_3DBall_1329,3DBall,1329,12.0,ppo,500000,189,35561,0.0004024814435814,3.0,391,52.3,89.2,1.2133,12000,1.1739,12000,100.0,442000,100.0,372000,480000,0.0579,36000,0.2743,36000,1.4192,12000,2.5657600000000005,120000,88.1,2025-11-21_09-33,,
R_AP_3DBall_1330,3DBall,1330,12.0,ppo,500000,112,21009,0.0005978012901119,3.0,430,62.2,89.1,1.5436,12000,1.1661,12000,100.0,442000,100.0,168000,480000,0.075,24000,0.2695,24000,1.4066,12000,2.5657600000000005,72000,53.7,2025-11-21_09-33,,
R_AP_3DBall_1331,3DBall,1331,12.0,ppo,500000,48,9020,0.0002322858495099,3.0,485,54.8,87.3,4.2387,12000,1.3519,12000,100.0,442000,100.0,132000,480000,0.1152,12000,0.9248,12000,1.404,12000,2.5657600000000005,48000,36.4,2025-11-21_09-33,,
R_AP_3DBall_1332,3DBall,1332,12.0,ppo,500000,105,19750,7.187508021560305e-05,3.0,443,62.9,88.7,1.3266,12000,1.1483,12000,100.0,442000,100.0,216000,480000,0.0753,24000,0.3018,24000,1.4198,12000,2.5657600000000005,96000,77.6,2025-11-21_09-33,,
R_AP_3DBall_1333,3DBall,1333,12.0,ppo,500000,33,6320,0.0001374826581758,3.0,612,60.7,89.6,20.0175,12000,1.5987,12000,98.3767,442000,100.0,192000,480000,0.1411,12000,1.2605,12000,1.3906,12000,2.5657600000000005,36000,30.6,2025-11-21_09-33,,
R_AP_3DBall_1334,3DBall,1334,12.0,ppo,500000,161,30338,0.000122232678703,3.0,406,49.0,90.0,1.2114,12000,1.1708,12000,78.9691,442000,94.9333,468000,480000,0.0607,36000,0.4293,36000,1.4194,12000,2.5657600000000005,192000,152.4,2025-11-21_09-33,,
R_AP_3DBall_1335,3DBall,1335,12.0,ppo,500000,178,33449,0.0005047427340147,3.0,390,52.5,89.5,1.2079,12000,1.1361,12000,100.0,442000,100.0,336000,480000,0.062,36000,0.2273,36000,1.4154,12000,2.5657600000000005,120000,87.8,2025-11-21_09-33,,
R_AP_3DBall_1336,3DBall,1336,12.0,ppo,500000,136,25683,0.0007079611377222,3.0,503,61.7,89.6,1.4139,12000,1.1662,12000,96.96,442000,100.0,264000,480000,0.0703,36000,0.2696,36000,1.4009,12000,2.5657600000000005,84000,75.5,2025-11-21_09-33,,
R_AP_3DBall_1337,3DBall,1337,12.0,ppo,500000,148,27912,0.0001364928214289,3.0,405,57.1,89.0,1.1736,12000,1.091,12000,100.0,442000,100.0,324000,480000,0.0641,36000,0.2599,36000,1.4185,12000,2.5657600000000005,120000,91.2,2025-11-21_09-33,,
R_AP_3DBall_1338,3DBall,1338,12.0,ppo,500000,153,28839,7.196732279349729e-05,3.0,418,52.3,89.4,1.1716,12000,1.1305,12000,84.7237,442000,97.4584,480000,480000,0.0644,36000,0.4321,36000,1.4165,12000,2.5657600000000005,192000,156.9,2025-11-21_09-33,,
R_AP_3DBall_1339,3DBall,1339,12.0,ppo,500000,135,25341,0.0007368780456179,3.0,399,50.5,88.1,1.2713,12000,1.1153,12000,100.0,442000,100.0,240000,480000,0.0655,36000,0.2556,36000,1.418,12000,2.5657600000000005,96000,69.9,2025-11-21_09-33,,
R_AP_3DBall_1340,3DBall,1340,12.0,ppo,500000,70,13267,0.0008138160338287,3.0,491,62.5,89.0,3.0268,12000,1.2445,12000,97.1857,442000,100.0,156000,480000,0.093,24000,0.8978,24000,1.3818,12000,2.5657600000000005,48000,36.9,2025-11-21_09-33,,
R_AP_3DBall_1341,3DBall,1341,12.0,ppo,500000,117,22118,3.1716643590758594e-05,3.0,457,62.0,90.3,1.2754,12000,1.1003,12000,100.0,442000,100.0,252000,480000,0.0737,24000,0.2901,24000,1.4182,12000,2.5657600000000005,96000,79.9,2025-11-21_09-33,,
R_AP_3DBall_1342,3DBall,1342,12.0,ppo,500000,66,12518,0.0002334637494628,3.0,461,56.9,88.2,1.9791,12000,1.2298,12000,99.97,442000,100.0,132000,480000,0.0992,24000,0.5062,24000,1.3989,12000,2.5657600000000005,60000,46.1,2025-11-21_09-33,,
R_AP_3DBall_1343,3DBall,1343,12.0,ppo,500000,92,17328,0.000303195511518,3.0,534,61.6,85.3,1.8098,12000,1.1622,12000,98.4908,442000,100.0,168000,480000,0.0816,24000,0.4889,24000,1.4057,12000,2.5657600000000005,60000,53.4,2025-11-21_09-33,,
R_AP_3DBall_1344,3DBall,1344,12.0,ppo,500000,130,24508,4.570459125484472e-05,3.0,420,52.2,88.6,1.1924,12000,1.1772,12000,56.0971,442000,62.3,456000,480000,0.0696,36000,0.3969,36000,1.419,12000,2.5657600000000005,180000,147.1,2025-11-21_09-33,,
R_AP_3DBall_1345,3DBall,1345,12.0,ppo,500000,149,27969,0.0004000399651137,3.0,414,62.4,87.7,1.2546,12000,1.0962,12000,100.0,442000,100.0,300000,480000,0.0657,36000,0.2343,36000,1.4147,12000,2.5657600000000005,96000,72.4,2025-11-21_09-33,,
R_AP_3DBall_1346,3DBall,1346,12.0,ppo,500000,164,30925,0.0004654366399586,3.0,432,62.1,88.3,1.3023,12000,1.1532,12000,97.2926,442000,100.0,228000,480000,0.0633,36000,0.1704,36000,1.4134,12000,2.5657600000000005,96000,75.6,2025-11-21_09-33,,
R_AP_3DBall_1347,3DBall,1347,12.0,ppo,500000,162,30486,0.0004543586444717,3.0,397,56.0,87.9,1.2717,12000,1.1615,12000,100.0,442000,100.0,252000,480000,0.0616,36000,0.2036,36000,1.4169,12000,2.5657600000000005,108000,79.5,2025-11-21_09-33,,
R_AP_3DBall_1348,3DBall,1348,12.0,ppo,500000,174,32679,0.0007943789750661,3.0,394,53.2,88.7,1.2298,12000,1.0823,12000,100.0,442000,100.0,300000,480000,0.0608,36000,0.2041,36000,1.4123,12000,2.5657600000000005,108000,78.9,2025-11-21_09-33,,
R_AP_3DBall_1349,3DBall,1349,12.0,ppo,500000,142,26801,0.0007220188597424,3.0,499,62.4,90.8,1.446,12000,1.1349,12000,100.0,442000,100.0,240000,480000,0.0677,36000,0.3356,36000,1.4057,12000,2.5657600000000005,72000,62.4,2025-11-21_09-33,,
R_AP_3DBall_1350,3DBall,1350,12.0,ppo,500000,69,13098,0.0005036178499812,3.0,520,68.1,91.0,2.7388,12000,1.2115,12000,98.5216,442000,100.0,156000,480000,0.0938,24000,0.9172,24000,1.388,12000,2.5657600000000005,48000,39.0,2025-11-21_09-33,,
R_AP_3DBall_1351,3DBall,1351,12.0,ppo,500000,103,19323,0.0008353453504222,3.0,433,62.1,88.7,1.3892,12000,1.1314,12000,100.0,442000,100.0,168000,480000,0.0782,24000,0.2169,24000,1.3984,12000,2.5657600000000005,72000,54.1,2025-11-21_09-33,,
R_AP_3DBall_1352,3DBall,1352,12.0,ppo,500000,163,30671,0.0008547538717711,3.0,493,61.5,90.5,1.3121,12000,1.1421,12000,98.4862,442000,100.0,276000,480000,0.0634,36000,0.1844,36000,1.4091,12000,2.5657600000000005,84000,73.9,2025-11-21_09-33,,
R_AP_3DBall_1353,3DBall,1353,12.0,ppo,500000,181,34026,0.0008775620363442,3.0,425,62.2,89.6,1.2572,12000,1.1241,12000,100.0,442000,100.0,288000,480000,0.0603,36000,0.1603,36000,1.4109,12000,2.5657600000000005,96000,74.4,2025-11-21_09-33,,
R_AP_3DBall_1354,3DBall,1354,12.0,ppo,500000,189,35537,0.0004131841043869,3.0,495,65.9,90.4,1.2173,12000,1.1058,12000,97.3985,442000,100.0,288000,480000,0.0597,36000,0.1587,36000,1.4129,12000,2.5657600000000005,120000,111.3,2025-11-21_09-33,,
R_AP_3DBall_1355,3DBall,1355,12.0,ppo,500000,89,16766,0.0004191437253801,3.0,428,55.7,88.3,1.6354,12000,1.1778,12000,100.0,442000,100.0,168000,480000,0.0844,24000,0.3888,24000,1.4054,12000,2.5657600000000005,72000,53.5,2025-11-21_09-33,,
R_AP_3DBall_1356,3DBall,1356,12.0,ppo,500000,145,27257,0.0003429635253364,3.0,403,50.7,88.2,1.1823,12000,1.1167,12000,100.0,442000,100.0,312000,480000,0.0664,36000,0.3191,36000,1.4175,12000,2.5657600000000005,120000,90.8,2025-11-21_09-33,,
R_AP_3DBall_1357,3DBall,1357,12.0,ppo,500000,184,34543,0.0002487134411592,3.0,397,49.3,90.3,1.1781,12000,1.1212,12000,98.5383,442000,100.0,456000,480000,0.0566,36000,0.3433,36000,1.4185,12000,2.5657600000000005,156000,119.2,2025-11-21_09-33,,
R_AP_3DBall_1358,3DBall,1358,12.0,ppo,500000,111,20952,0.0007155999958302,3.0,511,61.4,90.1,1.617,12000,1.1798,12000,100.0,442000,100.0,216000,480000,0.0777,24000,0.3151,24000,1.4004,12000,2.5657600000000005,72000,63.9,2025-11-21_09-33,,
R_AP_3DBall_1359,3DBall,1359,12.0,ppo,500000,132,24769,0.0006850741644415,3.0,413,62.4,88.1,1.5657,12000,1.223,12000,97.0585,442000,100.0,204000,480000,0.0708,36000,0.3621,36000,1.4106,12000,2.5657600000000005,72000,51.7,2025-11-21_09-33,,
R_AP_3DBall_1360,3DBall,1360,12.0,ppo,500000,35,6571,0.000701015301124,3.0,560,61.8,89.8,25.9487,12000,1.7559,12000,100.0,442000,100.0,108000,480000,0.1356,12000,1.0285,12000,1.3351,12000,2.5657600000000005,36000,28.0,2025-11-21_09-33,,
R_AP_3DBall_1361,3DBall,1361,12.0,ppo,500000,52,9852,0.000518739674836,3.0,618,60.9,90.3,10.2277,12000,1.4331,12000,100.0,442000,100.0,132000,480000,0.1113,12000,0.7826,12000,1.3726,12000,2.5657600000000005,36000,30.9,2025-11-21_09-33,,
R_AP_3DBall_1362,3DBall,1362,12.0,ppo,500000,129,24237,0.0008393479432139,3.0,404,51.4,89.1,1.3822,12000,1.1561,12000,100.0,442000,100.0,228000,480000,0.0678,36000,0.3024,36000,1.4127,12000,2.5657600000000005,84000,60.6,2025-11-21_09-33,,
R_AP_3DBall_1363,3DBall,1363,12.0,ppo,500000,99,18623,0.0003868801493833,3.0,458,62.4,89.3,1.7265,12000,1.2093,12000,100.0,442000,100.0,192000,480000,0.0817,24000,0.2708,24000,1.4043,12000,2.5657600000000005,60000,45.8,2025-11-21_09-33,,
R_AP_3DBall_1364,3DBall,1364,12.0,ppo,500000,108,20329,0.0008417092113845,3.0,429,55.8,92.4,1.5275,12000,1.1896,12000,97.9123,442000,100.0,168000,480000,0.0788,24000,0.2858,24000,1.4093,12000,2.5657600000000005,72000,53.6,2025-11-21_09-33,,
R_AP_3DBall_1365,3DBall,1365,12.0,ppo,500000,51,9654,9.402451536963784e-05,3.0,492,53.6,91.6,1.2282,12000,1.1562,12000,100.0,442000,100.0,228000,480000,0.1137,12000,0.3214,12000,1.4134,12000,2.5657600000000005,108000,98.5,2025-11-21_09-33,,
R_AP_3DBall_1366,3DBall,1366,12.0,ppo,500000,78,14789,6.447073334262591e-05,3.0,459,62.4,84.1,1.4924,12000,1.1606,12000,100.0,442000,100.0,192000,480000,0.0915,24000,0.3182,24000,1.4181,12000,2.5657600000000005,72000,57.4,2025-11-21_09-33,,
R_LN_3DBall_3000,3DBall,3000,12.0,ppo,100000,111,20836,0.0003097440674497,3.0,98,45.7,69.4,1.2931,12000,1.1534,12000,1.8606,46000,2.4667,96000,84000,0.0777,24000,0.2091,24000,1.4152,12000,2.5657600000000005,Not reached,Not reached,2025-11-21_09-33,,
R_LN_3DBall_3001,3DBall,3001,12.0,ppo,100000,158,29795,0.0003019223427468,3.0,101,50.2,69.0,1.1667,12000,1.1301,12000,1.2592,46000,1.3746,96000,84000,0.0627,36000,0.3929,36000,1.4159,12000,2.5657600000000005,Not reached,Not reached,2025-11-21_09-33,,
R_LN_3DBall_3002,3DBall,3002,12.0,ppo,100000,170,31979,0.0006082709525587,3.0,105,48.7,72.9,1.2212,12000,1.128,12000,1.5527,46000,1.8663,96000,84000,0.0584,36000,0.1689,36000,1.4119,12000,2.5657600000000005,Not reached,Not reached,2025-11-21_09-33,,
R_LN_3DBall_3003,3DBall,3003,12.0,ppo,100000,121,22758,6.967541459437272e-05,3.0,104,48.3,68.4,1.1584,12000,1.1222,12000,1.1887,46000,1.2178,60000,84000,0.0728,24000,0.5213,24000,1.4194,12000,2.5657600000000005,Not reached,Not reached,2025-11-21_09-33,,
R_LN_3DBall_3004,3DBall,3004,12.0,ppo,100000,188,35359,0.0008837643771974,3.0,115,50.7,66.5,1.3364,12000,1.1458,12000,1.831,46000,2.2604,96000,84000,0.0594,36000,0.1968,36000,1.4113,12000,2.5657600000000005,Not reached,Not reached,2025-11-21_09-33,,
R_LN_3DBall_3005,3DBall,3005,12.0,ppo,100000,136,25613,0.0001363107718243,3.0,103,51.4,66.4,1.2169,12000,1.1441,12000,1.4594,46000,1.6575,96000,84000,0.0685,36000,0.2659,36000,1.4167,12000,2.5657600000000005,Not reached,Not reached,2025-11-21_09-33,,
R_LN_3DBall_3006,3DBall,3006,12.0,ppo,100000,36,6922,0.0005903631874166,3.0,113,43.6,65.5,19.3367,12000,1.5724,12000,71.7167,46000,90.9462,96000,84000,0.1325,12000,1.3354,12000,1.3585,12000,2.5657600000000005,36000,32.3,2025-11-21_09-33,,
R_LN_3DBall_3007,3DBall,3007,12.0,ppo,100000,63,11889,0.0006815875975526,3.0,107,49.2,65.6,1.6571,12000,1.1363,12000,5.2297,46000,11.0649,96000,84000,0.1001,12000,0.3471,12000,1.3956,12000,2.5657600000000005,60000,61.2,2025-11-21_09-33,,
R_LN_3DBall_3008,3DBall,3008,12.0,ppo,100000,41,7749,0.0006433820683068,3.0,119,48.5,66.5,11.7541,12000,1.5461,12000,59.8281,46000,87.1929,96000,84000,0.1249,12000,1.1366,12000,1.3664,12000,2.5657600000000005,36000,34.1,2025-11-21_09-33,,
R_LN_3DBall_3009,3DBall,3009,12.0,ppo,100000,176,33163,0.0007558952768987,3.0,102,45.6,66.8,1.2114,12000,1.1237,12000,1.4743,46000,1.655,84000,84000,0.0636,36000,0.1915,36000,1.4162,12000,2.5657600000000005,Not reached,Not reached,2025-11-21_09-33,,
R_LN_3DBall_3010,3DBall,3010,12.0,ppo,100000,52,9887,7.778612793410938e-05,3.0,108,43.9,66.5,1.6123,12000,1.2678,12000,3.5452,46000,6.2638,96000,84000,0.1126,12000,0.3778,12000,1.4154,12000,2.5657600000000005,72000,77.2,2025-11-21_09-33,,
R_LN_3DBall_3011,3DBall,3011,12.0,ppo,100000,190,35625,3.56174674458059e-05,3.0,93,43.5,66.6,1.1445,12000,1.1377,12000,1.1711,46000,1.1848,96000,84000,0.0589,36000,0.4622,36000,1.4187,12000,2.5657600000000005,Not reached,Not reached,2025-11-21_09-33,,
R_LN_3DBall_3012,3DBall,3012,12.0,ppo,100000,74,14020,0.000444801212895,3.0,123,47.9,66.2,2.3525,12000,1.242,12000,12.3101,46000,30.2447,96000,84000,0.0913,24000,0.865,24000,1.4003,12000,2.5657600000000005,48000,52.9,2025-11-21_09-33,,
R_LN_3DBall_3013,3DBall,3013,12.0,ppo,100000,56,10635,0.0008190260406897,3.0,118,51.2,66.5,4.0935,12000,1.3209,12000,40.7856,46000,94.5154,96000,84000,0.1068,12000,0.8071,12000,1.3815,12000,2.5657600000000005,48000,50.7,2025-11-21_09-33,,
R_LN_3DBall_3014,3DBall,3014,12.0,ppo,100000,129,24310,0.000505477894866,3.0,108,47.9,66.8,1.3016,12000,1.1014,12000,1.9002,46000,2.4161,84000,84000,0.0715,36000,0.2051,36000,1.4127,12000,2.5657600000000005,Not reached,Not reached,2025-11-21_09-33,,
R_LN_3DBall_3015,3DBall,3015,12.0,ppo,100000,151,28402,0.0006628071762841,3.0,94,43.8,66.5,1.2169,12000,1.1158,12000,1.6354,46000,2.1491,96000,84000,0.065,36000,0.2014,36000,1.4196,12000,2.5657600000000005,Not reached,Not reached,2025-11-21_09-33,,
R_LN_3DBall_3016,3DBall,3016,12.0,ppo,100000,137,25721,0.0002718040947216,3.0,94,43.3,66.6,1.2701,12000,1.1034,12000,1.6394,46000,1.9065,96000,84000,0.0698,36000,0.2385,36000,1.4154,12000,2.5657600000000005,Not reached,Not reached,2025-11-21_09-33,,
R_LN_3DBall_3017,3DBall,3017,12.0,ppo,100000,149,27990,0.0003581229035572,3.0,92,41.9,66.3,1.1554,12000,1.1281,12000,1.2719,46000,1.381,96000,84000,0.0622,36000,0.2975,36000,1.4191,12000,2.5657600000000005,Not reached,Not reached,2025-11-21_09-33,,
R_LN_3DBall_3018,3DBall,3018,12.0,ppo,100000,184,34546,0.0005842777154731,3.0,90,41.8,66.0,1.1471,12000,1.0896,12000,1.3853,46000,1.6136,96000,84000,0.0573,36000,0.209,36000,1.418,12000,2.5657600000000005,Not reached,Not reached,2025-11-21_09-33,,
R_LN_3DBall_3019,3DBall,3019,12.0,ppo,100000,68,12919,0.000329770812606,3.0,99,40.7,66.0,1.902,12000,1.1914,12000,6.8302,46000,15.4056,96000,84000,0.096,24000,0.504,24000,1.4072,12000,2.5657600000000005,60000,56.5,2025-11-21_09-33,,
R_LN_3DBall_3020,3DBall,3020,12.0,ppo,100000,36,6903,0.0008912755004946,3.0,116,42.7,66.6,4.9875,12000,1.3615,12000,50.7779,46000,97.6308,96000,84000,0.1357,12000,0.8747,12000,1.3704,12000,2.5657600000000005,48000,49.8,2025-11-21_09-33,,
R_LN_3DBall_3021,3DBall,3021,12.0,ppo,100000,189,35548,0.0004699756070402,3.0,94,45.2,66.7,1.1418,12000,1.0668,12000,1.3429,46000,1.5751,84000,84000,0.06,36000,0.1558,36000,1.4139,12000,2.5657600000000005,Not reached,Not reached,2025-11-21_09-33,,
R_LN_3DBall_3022,3DBall,3022,12.0,ppo,100000,79,14877,0.000856236851979,3.0,115,48.5,67.6,2.2299,12000,1.2318,12000,11.0711,46000,27.9581,96000,84000,0.0912,24000,0.5439,24000,1.3874,12000,2.5657600000000005,48000,49.4,2025-11-21_09-33,,
R_LN_3DBall_3023,3DBall,3023,12.0,ppo,100000,139,26145,0.0002524789245497,3.0,113,49.9,67.7,1.3563,12000,1.1439,12000,2.0319,46000,2.8228,96000,84000,0.0671,36000,0.2548,36000,1.411,12000,2.5657600000000005,96000,113.2,2025-11-21_09-33,,
R_LN_3DBall_3024,3DBall,3024,12.0,ppo,100000,46,8726,0.0004158337283038,3.0,131,58.1,58.2,3.4786,12000,1.3538,12000,34.6762,46000,85.5072,96000,84000,0.1192,12000,0.7421,12000,1.3954,12000,2.5657600000000005,48000,56.3,2025-11-21_09-33,,
R_LN_3DBall_3025,3DBall,3025,12.0,ppo,100000,95,17999,0.0008729484045509,3.0,99,43.5,60.7,1.5894,12000,1.1974,12000,3.603,46000,6.047,96000,84000,0.0842,24000,0.2223,24000,1.4013,12000,2.5657600000000005,72000,70.7,2025-11-21_09-33,,
R_LN_3DBall_3026,3DBall,3026,12.0,ppo,100000,126,23640,0.0001833004353373,3.0,110,44.1,60.3,1.3286,12000,1.1129,12000,2.0852,46000,2.8065,96000,84000,0.0718,24000,0.2378,24000,1.4121,12000,2.5657600000000005,84000,94.4,2025-11-21_09-33,,
R_LN_3DBall_3027,3DBall,3027,12.0,ppo,100000,178,33480,0.0003945019991863,3.0,97,47.7,60.5,1.1101,12000,1.0777,12000,1.2238,46000,1.3528,84000,84000,0.062,36000,0.3751,36000,1.4196,12000,2.5657600000000005,Not reached,Not reached,2025-11-21_09-33,,
R_LN_3DBall_3028,3DBall,3028,12.0,ppo,100000,58,10882,0.0001772130782916,3.0,106,45.9,60.6,2.0487,12000,1.2546,12000,8.3881,46000,20.2857,96000,84000,0.1071,12000,0.4524,12000,1.4117,12000,2.5657600000000005,60000,60.6,2025-11-21_09-33,,
R_LN_3DBall_3029,3DBall,3029,12.0,ppo,100000,172,32418,0.0004695792027761,3.0,100,45.0,60.5,1.1797,12000,1.1426,12000,1.2743,46000,1.3159,84000,84000,0.0617,36000,0.3138,36000,1.4228,12000,2.5657600000000005,Not reached,Not reached,2025-11-21_09-33,,
R_LN_3DBall_3030,3DBall,3030,12.0,ppo,100000,76,14373,0.0008747948197601,3.0,115,44.9,60.7,1.9661,12000,1.2104,12000,9.6593,46000,23.0082,96000,84000,0.0918,24000,0.4005,24000,1.3992,12000,2.5657600000000005,60000,65.8,2025-11-21_09-33,,
R_LN_3DBall_3031,3DBall,3031,12.0,ppo,100000,117,22003,0.0007441269068909,3.0,98,45.2,60.8,1.2421,12000,1.1081,12000,1.7829,46000,2.4137,96000,84000,0.0725,24000,0.2129,24000,1.4192,12000,2.5657600000000005,Not reached,Not reached,2025-11-21_09-33,,
R_LN_3DBall_3032,3DBall,3032,12.0,ppo,100000,34,6426,0.0008700978863923,3.0,150,50.6,61.3,25.6219,12000,1.6726,12000,74.9234,46000,98.575,96000,84000,0.1378,12000,0.8572,12000,1.35,12000,2.5657600000000005,36000,42.8,2025-11-21_09-33,,
R_LN_3DBall_3033,3DBall,3033,12.0,ppo,100000,110,20714,0.0008117338758964,3.0,102,46.8,61.2,1.5222,12000,1.1857,12000,3.2275,46000,5.8721,96000,84000,0.0792,24000,0.2468,24000,1.4034,12000,2.5657600000000005,72000,72.9,2025-11-21_09-33,,
R_LN_3DBall_3034,3DBall,3034,12.0,ppo,100000,186,35010,0.0005282695740467,3.0,95,44.3,60.9,1.1629,12000,1.1097,12000,1.4379,46000,1.6831,84000,84000,0.0591,36000,0.1488,36000,1.4182,12000,2.5657600000000005,Not reached,Not reached,2025-11-21_09-33,,
R_LN_3DBall_3035,3DBall,3035,12.0,ppo,100000,164,30777,0.000631350598516,3.0,92,39.9,60.7,1.2677,12000,1.1351,12000,1.6891,46000,2.0765,96000,84000,0.064,36000,0.2109,36000,1.4117,12000,2.5657600000000005,Not reached,Not reached,2025-11-21_09-33,,
R_LN_3DBall_3036,3DBall,3036,12.0,ppo,100000,75,14164,0.0002175745311249,3.0,99,41.9,57.1,1.432,12000,1.1969,12000,2.4715,46000,3.4831,96000,84000,0.0897,24000,0.3802,24000,1.4142,12000,2.5657600000000005,84000,84.8,2025-11-21_09-33,,
R_LN_3DBall_3037,3DBall,3037,12.0,ppo,100000,33,6331,0.000653855940465,3.0,135,42.1,57.2,20.2658,12000,1.8211,12000,69.2568,46000,87.4923,72000,84000,0.1369,12000,1.0702,12000,1.3519,12000,2.5657600000000005,36000,38.6,2025-11-21_09-33,,
R_LN_3DBall_3038,3DBall,3038,12.0,ppo,100000,177,33289,0.0006108632229171,3.0,97,40.0,56.9,1.1753,12000,1.0823,12000,1.5258,46000,1.8065,84000,84000,0.062,36000,0.1463,36000,1.4159,12000,2.5657600000000005,Not reached,Not reached,2025-11-21_09-33,,
R_LN_3DBall_3039,3DBall,3039,12.0,ppo,100000,123,23223,0.0006366162824346,3.0,105,41.4,56.0,1.4473,12000,1.1174,12000,2.6365,46000,3.8514,96000,84000,0.0714,24000,0.2642,24000,1.4039,12000,2.5657600000000005,84000,90.1,2025-11-21_09-33,,
R_LN_3DBall_3040,3DBall,3040,12.0,ppo,100000,63,11887,0.000837389249351,3.0,98,41.5,56.1,2.6665,12000,1.2036,12000,19.6394,46000,43.1333,96000,84000,0.1016,12000,0.7029,12000,1.3965,12000,2.5657600000000005,48000,42.0,2025-11-21_09-33,,
R_LN_3DBall_3041,3DBall,3041,12.0,ppo,100000,77,14601,0.0003381945886362,3.0,97,41.8,55.9,2.2416,12000,1.3185,12000,8.1401,46000,15.7347,96000,84000,0.0901,24000,0.5364,24000,1.3984,12000,2.5657600000000005,60000,55.4,2025-11-21_09-33,,
R_LN_3DBall_3042,3DBall,3042,12.0,ppo,100000,32,6153,0.0007793643044886,3.0,143,48.5,56.2,22.1322,12000,1.8281,12000,73.957,46000,92.1572,96000,84000,0.1403,12000,1.1917,12000,1.3413,12000,2.5657600000000005,36000,40.8,2025-11-21_09-33,,
R_LN_3DBall_3043,3DBall,3043,12.0,ppo,100000,162,30403,0.0002918344890698,3.0,92,41.1,56.1,1.1959,12000,1.1555,12000,1.3954,46000,1.5558,84000,84000,0.0642,36000,0.2887,36000,1.4151,12000,2.5657600000000005,Not reached,Not reached,2025-11-21_09-33,,
R_LN_3DBall_3044,3DBall,3044,12.0,ppo,100000,50,9476,0.000815261024545,3.0,106,45.2,56.1,5.2826,12000,1.3546,12000,40.4097,46000,78.1333,96000,84000,0.1117,12000,1.0322,12000,1.3806,12000,2.5657600000000005,36000,30.3,2025-11-21_09-33,,
R_LN_3DBall_3045,3DBall,3045,12.0,ppo,100000,129,24253,0.0006436771790584,3.0,96,43.0,56.2,1.1828,12000,1.1273,12000,1.4233,46000,1.6449,96000,84000,0.0714,36000,0.2292,36000,1.4107,12000,2.5657600000000005,Not reached,Not reached,2025-11-21_09-33,,
R_LN_3DBall_3046,3DBall,3046,12.0,ppo,100000,133,25093,0.0006215019792182,3.0,93,45.1,55.4,1.3864,12000,1.1262,12000,2.2793,46000,3.1211,96000,84000,0.0693,36000,0.2709,36000,1.4121,12000,2.5657600000000005,84000,79.5,2025-11-21_09-33,,
R_LN_3DBall_3047,3DBall,3047,12.0,ppo,100000,181,33976,0.0002851701780465,3.0,90,40.8,55.5,1.2773,12000,1.1907,12000,1.597,46000,1.9285,84000,84000,0.0595,36000,0.1921,36000,1.4163,12000,2.5657600000000005,Not reached,Not reached,2025-11-21_09-33,,
R_LN_3DBall_3048,3DBall,3048,12.0,ppo,100000,60,11423,0.0008477216696047,3.0,98,41.8,55.4,3.9009,12000,1.3146,12000,27.9115,46000,59.5947,96000,84000,0.1028,12000,0.9717,12000,1.3905,12000,2.5657600000000005,48000,42.0,2025-11-21_09-33,,
R_LN_3DBall_3049,3DBall,3049,12.0,ppo,100000,149,27947,0.0007087419856282,3.0,91,41.1,55.5,1.2842,12000,1.159,12000,1.7513,46000,2.3814,96000,84000,0.0665,36000,0.2215,36000,1.4144,12000,2.5657600000000005,Not reached,Not reached,2025-11-21_09-33,,
R_LN_3DBall_3050,3DBall,3050,12.0,ppo,100000,130,24547,0.00042070283575,3.0,97,41.0,55.5,1.3382,12000,1.1074,12000,2.092,46000,2.8497,96000,84000,0.07,36000,0.2508,36000,1.4101,12000,2.5657600000000005,96000,97.0,2025-11-21_09-33,,
R_LN_3DBall_3051,3DBall,3051,12.0,ppo,100000,62,11760,6.868349503126454e-05,3.0,115,41.5,55.2,2.2356,12000,1.2126,12000,11.1405,46000,27.4861,96000,84000,0.1,12000,0.5826,12000,1.412,12000,2.5657600000000005,48000,49.4,2025-11-21_09-33,,
R_LN_3DBall_3052,3DBall,3052,12.0,ppo,100000,107,20216,0.000197144982611,3.0,92,40.3,55.2,1.3813,12000,1.1967,12000,1.9755,46000,2.6357,96000,84000,0.0772,24000,0.2968,24000,1.4166,12000,2.5657600000000005,96000,91.9,2025-11-21_09-33,,
R_LN_3DBall_3053,3DBall,3053,12.0,ppo,100000,108,20385,0.0008204837515197,3.0,101,42.2,55.2,1.5613,12000,1.14,12000,3.3148,46000,5.8011,96000,84000,0.076,24000,0.2838,24000,1.402,12000,2.5657600000000005,72000,72.1,2025-11-21_09-33,,
R_LN_3DBall_3054,3DBall,3054,12.0,ppo,100000,122,22954,0.0007919817532071,3.0,104,40.8,55.4,1.5446,12000,1.1974,12000,2.905,46000,4.0545,96000,84000,0.0736,24000,0.3216,24000,1.4084,12000,2.5657600000000005,72000,74.3,2025-11-21_09-33,,
R_LN_3DBall_3055,3DBall,3055,12.0,ppo,100000,143,26839,0.000579483114102,3.0,89,41.9,55.4,1.2484,12000,1.1793,12000,1.4555,46000,1.6951,96000,84000,0.0668,36000,0.3344,36000,1.418,12000,2.5657600000000005,Not reached,Not reached,2025-11-21_09-33,,
R_LN_3DBall_3056,3DBall,3056,12.0,ppo,100000,179,33604,3.388115008593019e-05,3.0,90,41.5,55.4,1.1502,12000,1.1093,12000,1.2016,46000,1.2248,84000,84000,0.0581,36000,0.4323,36000,1.4179,12000,2.5657600000000005,Not reached,Not reached,2025-11-21_09-33,,
R_LN_3DBall_3057,3DBall,3057,12.0,ppo,100000,167,31436,0.0002802555523721,3.0,104,41.0,55.6,1.2117,12000,1.1049,12000,1.572,46000,1.7954,84000,84000,0.0621,36000,0.157,36000,1.415,12000,2.5657600000000005,Not reached,Not reached,2025-11-21_09-33,,
R_LN_3DBall_3058,3DBall,3058,12.0,ppo,100000,103,19331,0.0004419327614322,3.0,97,40.8,55.4,1.2151,12000,1.132,12000,1.4367,46000,1.5724,96000,84000,0.0788,24000,0.2599,24000,1.4069,12000,2.5657600000000005,Not reached,Not reached,2025-11-21_09-33,,
R_LN_3DBall_3059,3DBall,3059,12.0,ppo,100000,174,32638,0.0003185262048451,3.0,98,39.6,55.6,1.1851,12000,1.1209,12000,1.4641,46000,1.6386,84000,84000,0.0614,36000,0.1642,36000,1.4145,12000,2.5657600000000005,Not reached,Not reached,2025-11-21_09-33,,
R_LN_3DBall_3060,3DBall,3060,12.0,ppo,100000,182,34288,0.0005040620873812,3.0,97,43.1,56.1,1.1648,12000,1.107,12000,1.4482,46000,1.7204,96000,84000,0.0601,36000,0.147,36000,1.419,12000,2.5657600000000005,Not reached,Not reached,2025-11-21_09-33,,
R_LN_3DBall_3061,3DBall,3061,12.0,ppo,100000,72,13630,0.0001227045943119,3.0,102,40.6,56.3,1.8426,12000,1.2189,12000,5.0158,46000,9.682,96000,84000,0.095,24000,0.5143,24000,1.4103,12000,2.5657600000000005,60000,58.3,2025-11-21_09-33,,
R_LN_3DBall_3062,3DBall,3062,12.0,ppo,100000,49,9316,0.0007782959078591,3.0,107,42.2,56.3,6.0185,12000,1.3725,12000,45.6414,46000,94.225,96000,84000,0.1165,12000,1.001,12000,1.3642,12000,2.5657600000000005,36000,30.6,2025-11-21_09-33,,
R_LN_3DBall_3063,3DBall,3063,12.0,ppo,100000,181,33959,0.0003612998727904,3.0,88,41.2,56.0,1.1692,12000,1.1127,12000,1.3863,46000,1.503,96000,84000,0.0607,36000,0.2172,36000,1.4182,12000,2.5657600000000005,Not reached,Not reached,2025-11-21_09-33,,
R_LN_3DBall_3064,3DBall,3064,12.0,ppo,100000,165,31075,0.0001737525936584,3.0,103,41.1,55.8,1.2705,12000,1.1109,12000,1.7103,46000,2.0468,96000,84000,0.0633,36000,0.1927,36000,1.4141,12000,2.5657600000000005,Not reached,Not reached,2025-11-21_09-33,,
R_LN_3DBall_3065,3DBall,3065,12.0,ppo,100000,73,13845,0.0007782760233561,3.0,99,41.5,55.6,2.0053,12000,1.2176,12000,7.5658,46000,16.5059,96000,84000,0.0932,24000,0.5958,24000,1.3995,12000,2.5657600000000005,60000,56.5,2025-11-21_09-33,,
R_LN_3DBall_3066,3DBall,3066,12.0,ppo,100000,162,30537,0.0003828006824018,3.0,93,41.1,56.1,1.1715,12000,1.0837,12000,1.4616,46000,1.7042,96000,84000,0.0649,36000,0.1873,36000,1.4166,12000,2.5657600000000005,Not reached,Not reached,2025-11-21_09-33,,
R_LN_3DBall_3067,3DBall,3067,12.0,ppo,100000,103,19379,7.262376226151708e-05,3.0,100,41.0,55.3,1.4273,12000,1.1788,12000,2.2531,46000,2.975,96000,84000,0.0803,24000,0.2782,24000,1.4169,12000,2.5657600000000005,96000,99.8,2025-11-21_09-33,,
R_LN_3DBall_3068,3DBall,3068,12.0,ppo,100000,41,7689,0.0008025878671516,3.0,110,40.3,55.3,14.8059,12000,1.5101,12000,66.5174,46000,91.9462,84000,84000,0.125,12000,1.1928,12000,1.3619,12000,2.5657600000000005,36000,31.5,2025-11-21_09-33,,
R_LN_3DBall_3069,3DBall,3069,12.0,ppo,100000,166,31133,0.0004874848639189,3.0,93,42.2,55.5,1.1851,12000,1.1305,12000,1.3415,46000,1.4397,84000,84000,0.0639,36000,0.3489,36000,1.4135,12000,2.5657600000000005,Not reached,Not reached,2025-11-21_09-33,,
R_LN_3DBall_3070,3DBall,3070,12.0,ppo,100000,138,26035,6.795300736685107e-05,3.0,100,39.8,55.7,1.2715,12000,1.1559,12000,1.6883,46000,2.0902,96000,84000,0.0667,36000,0.2359,36000,1.4184,12000,2.5657600000000005,Not reached,Not reached,2025-11-21_09-33,,
R_LN_3DBall_3071,3DBall,3071,12.0,ppo,100000,182,34154,0.0001209185009123,3.0,90,42.5,55.6,1.2164,12000,1.1389,12000,1.4582,46000,1.6294,84000,84000,0.0589,36000,0.2196,36000,1.4187,12000,2.5657600000000005,Not reached,Not reached,2025-11-21_09-33,,
R_LN_3DBall_3072,3DBall,3072,12.0,ppo,100000,87,16345,0.0006591024414206,3.0,110,40.2,55.2,1.662,12000,1.1717,12000,5.3312,46000,12.5216,96000,84000,0.0839,24000,0.3536,24000,1.3963,12000,2.5657600000000005,60000,62.9,2025-11-21_09-33,,
R_LN_3DBall_3073,3DBall,3073,12.0,ppo,100000,90,16932,0.0007200643471245,3.0,96,41.4,55.2,1.7063,12000,1.1939,12000,4.4319,46000,8.3352,96000,84000,0.0852,24000,0.3791,24000,1.4003,12000,2.5657600000000005,60000,54.8,2025-11-21_09-33,,
R_LN_3DBall_3074,3DBall,3074,12.0,ppo,100000,170,31993,0.0004443545738018,3.0,97,40.4,55.3,1.2567,12000,1.1207,12000,1.686,46000,2.0039,96000,84000,0.0614,36000,0.1748,36000,1.4176,12000,2.5657600000000005,Not reached,Not reached,2025-11-21_09-33,,
R_LN_3DBall_3075,3DBall,3075,12.0,ppo,100000,46,8763,0.0004177276874986,3.0,122,40.4,55.3,11.4415,12000,1.5643,12000,57.3015,46000,92.5077,96000,84000,0.1203,12000,1.1891,12000,1.369,12000,2.5657600000000005,36000,34.9,2025-11-21_09-33,,
R_LN_3DBall_3076,3DBall,3076,12.0,ppo,100000,60,11293,0.0006823743775882,3.0,99,43.5,55.4,3.1536,12000,1.3093,12000,32.5715,46000,74.7133,96000,84000,0.1019,12000,0.8371,12000,1.3943,12000,2.5657600000000005,48000,42.4,2025-11-21_09-33,,
R_LN_3DBall_3077,3DBall,3077,12.0,ppo,100000,62,11808,0.0004914342469824,3.0,98,40.3,55.3,1.8903,12000,1.1806,12000,7.0441,46000,16.5242,96000,84000,0.1027,12000,0.4463,12000,1.4129,12000,2.5657600000000005,60000,55.9,2025-11-21_09-33,,
R_LN_3DBall_3078,3DBall,3078,12.0,ppo,100000,156,29262,0.0008105617915171,3.0,95,42.7,56.0,1.2988,12000,1.1589,12000,1.8056,46000,2.3057,96000,84000,0.0656,36000,0.1644,36000,1.4125,12000,2.5657600000000005,Not reached,Not reached,2025-11-21_09-33,,
R_LN_3DBall_3079,3DBall,3079,12.0,ppo,100000,180,33782,0.0003239766521905,3.0,89,41.0,56.2,1.165,12000,1.1338,12000,1.204,46000,1.2804,96000,84000,0.0595,36000,0.4144,36000,1.4203,12000,2.5657600000000005,Not reached,Not reached,2025-11-21_09-33,,
R_LN_3DBall_3080,3DBall,3080,12.0,ppo,100000,159,29993,5.257826562859369e-05,3.0,93,41.6,56.0,1.1206,12000,1.1152,12000,1.1476,46000,1.1806,96000,84000,0.064,36000,0.6773,36000,1.4183,12000,2.5657600000000005,Not reached,Not reached,2025-11-21_09-33,,
R_LN_3DBall_3081,3DBall,3081,12.0,ppo,100000,52,9898,7.36773607082113e-05,3.0,105,40.7,54.8,2.0834,12000,1.2861,12000,7.5499,46000,16.7646,96000,84000,0.1119,12000,0.4785,12000,1.415,12000,2.5657600000000005,60000,60.0,2025-11-21_09-33,,
R_LN_3DBall_3082,3DBall,3082,12.0,ppo,100000,69,13011,0.000854519325423,3.0,97,41.0,55.0,2.0698,12000,1.1962,12000,9.8933,46000,21.7096,96000,84000,0.0941,24000,0.6521,24000,1.3995,12000,2.5657600000000005,60000,55.5,2025-11-21_09-33,,
R_LN_3DBall_3083,3DBall,3083,12.0,ppo,100000,53,10114,4.822894123348807e-05,3.0,103,42.0,55.2,1.656,12000,1.2385,12000,3.702,46000,6.2593,96000,84000,0.1099,12000,0.3772,12000,1.4161,12000,2.5657600000000005,72000,73.6,2025-11-21_09-33,,
R_LN_3DBall_3084,3DBall,3084,12.0,ppo,100000,158,29642,0.0001567661465252,3.0,96,39.8,55.3,1.167,12000,1.0898,12000,1.4851,46000,1.7597,96000,84000,0.0656,36000,0.1661,36000,1.4169,12000,2.5657600000000005,Not reached,Not reached,2025-11-21_09-33,,
R_LN_3DBall_3085,3DBall,3085,12.0,ppo,100000,119,22451,0.0008742857674749,3.0,93,41.4,55.6,1.2561,12000,1.1373,12000,1.7056,46000,2.1992,96000,84000,0.0726,24000,0.2441,24000,1.4144,12000,2.5657600000000005,Not reached,Not reached,2025-11-21_09-33,,
R_LN_3DBall_3086,3DBall,3086,12.0,ppo,100000,86,16218,0.0004743030384681,3.0,99,39.7,55.8,1.927,12000,1.2397,12000,5.1264,46000,9.962,96000,84000,0.0854,24000,0.4739,24000,1.3905,12000,2.5657600000000005,60000,56.5,2025-11-21_09-33,,
R_LN_3DBall_3087,3DBall,3087,12.0,ppo,100000,140,26400,0.0001335590422328,3.0,91,42.2,55.8,1.2189,12000,1.1048,12000,1.4685,46000,1.7037,96000,84000,0.0639,36000,0.3041,36000,1.4178,12000,2.5657600000000005,Not reached,Not reached,2025-11-21_09-33,,
R_LN_3DBall_3088,3DBall,3088,12.0,ppo,100000,105,19811,0.0006400248302359,3.0,97,40.6,55.4,1.3887,12000,1.1342,12000,2.6004,46000,4.1833,96000,84000,0.0761,24000,0.1856,24000,1.4139,12000,2.5657600000000005,84000,83.1,2025-11-21_09-33,,
R_LN_3DBall_3089,3DBall,3089,12.0,ppo,100000,94,17650,0.0004175356539303,3.0,106,41.1,55.4,1.623,12000,1.2001,12000,3.746,46000,6.2287,96000,84000,0.0819,24000,0.3802,24000,1.4033,12000,2.5657600000000005,72000,75.7,2025-11-21_09-33,,
R_LN_3DBall_3090,3DBall,3090,12.0,ppo,100000,63,11891,0.0001679992452299,3.0,102,41.2,55.3,1.2186,12000,1.1127,12000,1.4723,46000,1.6273,96000,84000,0.0995,12000,0.3516,12000,1.4074,12000,2.5657600000000005,Not reached,Not reached,2025-11-21_09-33,,
R_LN_3DBall_3091,3DBall,3091,12.0,ppo,100000,136,25639,0.0007691627238564,3.0,99,40.8,55.5,1.3978,12000,1.1233,12000,2.2282,46000,3.1882,96000,84000,0.069,36000,0.2575,36000,1.4033,12000,2.5657600000000005,84000,84.9,2025-11-21_09-33,,
R_LN_3DBall_3092,3DBall,3092,12.0,ppo,100000,125,23573,0.0004924494036672,3.0,94,42.0,61.7,1.3515,12000,1.1251,12000,2.1309,46000,2.8804,96000,84000,0.0748,24000,0.237,24000,1.4099,12000,2.5657600000000005,84000,80.6,2025-11-21_09-33,,
R_LN_3DBall_3093,3DBall,3093,12.0,ppo,100000,143,26827,0.0002107045240434,3.0,101,40.4,62.6,1.2632,12000,1.1098,12000,1.8119,46000,2.4437,96000,84000,0.0676,36000,0.2325,36000,1.4162,12000,2.5657600000000005,Not reached,Not reached,2025-11-21_09-33,,
R_LN_3DBall_3094,3DBall,3094,12.0,ppo,100000,75,14093,0.0002914129797121,3.0,112,41.7,58.1,1.9778,12000,1.2221,12000,8.9849,46000,22.4846,96000,84000,0.0943,24000,0.678,24000,1.4032,12000,2.5657600000000005,60000,64.1,2025-11-21_09-33,,
R_LN_3DBall_3095,3DBall,3095,12.0,ppo,100000,35,6708,0.0007436077662177,3.0,109,40.9,55.9,10.7546,12000,1.506,12000,60.7902,46000,95.1667,96000,84000,0.1359,12000,1.406,12000,1.3784,12000,2.5657600000000005,36000,31.2,2025-11-21_09-33,,
R_LN_3DBall_3096,3DBall,3096,12.0,ppo,100000,34,6528,0.0004128845303028,3.0,108,41.2,55.7,17.6157,12000,1.646,12000,73.0023,46000,97.3417,72000,84000,0.1332,12000,1.2761,12000,1.3758,12000,2.5657600000000005,36000,30.8,2025-11-21_09-33,,
R_LN_3DBall_3097,3DBall,3097,12.0,ppo,100000,43,8196,0.0002125347969287,3.0,123,41.6,55.8,6.8051,12000,1.365,12000,48.2629,46000,97.9385,96000,84000,0.1204,12000,0.9195,12000,1.3961,12000,2.5657600000000005,36000,35.2,2025-11-21_09-33,,
R_LN_3DBall_3098,3DBall,3098,12.0,ppo,100000,128,24067,0.0002414420230061,3.0,97,39.7,55.8,1.3183,12000,1.0904,12000,1.8799,46000,2.3883,96000,84000,0.0711,36000,0.2165,36000,1.4174,12000,2.5657600000000005,Not reached,Not reached,2025-11-21_09-33,,
R_LN_3DBall_3099,3DBall,3099,12.0,ppo,100000,67,12573,0.0002711417094158,3.0,97,43.3,56.3,2.0421,12000,1.2012,12000,7.0972,46000,15.6236,96000,84000,0.0977,24000,0.5163,24000,1.4063,12000,2.5657600000000005,60000,55.4,2025-11-21_09-33,,
R_LN_3DBall_3100,3DBall,3100,12.0,ppo,100000,75,14086,0.0003431111685279,3.0,112,40.2,56.4,2.0803,12000,1.2532,12000,7.9932,46000,16.4456,96000,84000,0.0936,24000,0.7421,24000,1.397,12000,2.5657600000000005,60000,64.1,2025-11-21_09-33,,
R_LN_3DBall_3101,3DBall,3101,12.0,ppo,100000,79,14966,0.0007812447005863,3.0,95,40.6,55.7,1.7907,12000,1.1797,12000,6.5736,46000,12.6894,96000,84000,0.0899,24000,0.3391,24000,1.3977,12000,2.5657600000000005,60000,54.2,2025-11-21_09-33,,
R_LN_3DBall_3102,3DBall,3102,12.0,ppo,100000,126,23689,0.0004299644608964,3.0,94,40.9,55.8,1.2832,12000,1.1298,12000,1.6913,46000,1.9984,96000,84000,0.0709,24000,0.2598,24000,1.4186,12000,2.5657600000000005,Not reached,Not reached,2025-11-21_09-33,,
R_LN_3DBall_3103,3DBall,3103,12.0,ppo,100000,34,6423,0.0002754076661103,3.0,112,39.7,55.7,2.6921,12000,1.244,12000,18.4696,46000,38.4133,96000,84000,0.138,12000,0.8017,12000,1.4029,12000,2.5657600000000005,48000,48.1,2025-11-21_09-33,,
R_LN_3DBall_3104,3DBall,3104,12.0,ppo,100000,52,9765,0.0008180209526064,3.0,107,41.7,55.9,5.4023,12000,1.4075,12000,41.8577,46000,82.4357,96000,84000,0.1116,12000,0.9226,12000,1.3767,12000,2.5657600000000005,36000,30.6,2025-11-21_09-33,,
R_LN_3DBall_3105,3DBall,3105,12.0,ppo,100000,74,13941,0.0004204416050925,3.0,98,40.5,55.9,1.3938,12000,1.1732,12000,2.2718,46000,3.3443,96000,84000,0.0944,24000,0.321,24000,1.4053,12000,2.5657600000000005,84000,84.0,2025-11-21_09-33,,
R_LN_3DBall_3106,3DBall,3106,12.0,ppo,100000,155,29249,0.0007391511795983,3.0,92,41.2,56.0,1.2174,12000,1.1385,12000,1.6728,46000,2.2022,96000,84000,0.0671,36000,0.1517,36000,1.4147,12000,2.5657600000000005,Not reached,Not reached,2025-11-21_09-33,,
R_LN_3DBall_3107,3DBall,3107,12.0,ppo,100000,43,8233,0.0004448842872104,3.0,103,39.9,55.8,2.3331,12000,1.2112,12000,21.3822,46000,61.55,96000,84000,0.1198,12000,0.557,12000,1.3991,12000,2.5657600000000005,48000,44.2,2025-11-21_09-33,,
R_LN_3DBall_3108,3DBall,3108,12.0,ppo,100000,153,28729,0.0005977980485183,3.0,102,40.5,56.1,1.3415,12000,1.1611,12000,1.9985,46000,2.9279,96000,84000,0.0668,36000,0.1813,36000,1.4097,12000,2.5657600000000005,96000,102.0,2025-11-21_09-33,,
R_LN_3DBall_3109,3DBall,3109,12.0,ppo,100000,64,12004,0.0008318620900155,3.0,100,41.8,56.1,2.1691,12000,1.1463,12000,11.6722,46000,25.8524,96000,84000,0.0999,24000,0.584,24000,1.3873,12000,2.5657600000000005,48000,42.9,2025-11-21_09-33,,
R_LN_3DBall_3110,3DBall,3110,12.0,ppo,100000,111,20970,0.0008499772608148,3.0,103,39.9,56.2,1.4823,12000,1.1807,12000,2.7638,46000,4.4433,96000,84000,0.076,24000,0.2688,24000,1.4056,12000,2.5657600000000005,72000,73.5,2025-11-21_09-33,,
R_LN_3DBall_3111,3DBall,3111,12.0,ppo,100000,182,34220,0.0005656910747959,3.0,90,42.6,56.3,1.2047,12000,1.1311,12000,1.586,46000,1.8816,84000,84000,0.0602,36000,0.1624,36000,1.4142,12000,2.5657600000000005,Not reached,Not reached,2025-11-21_09-33,,
R_LN_3DBall_3112,3DBall,3112,12.0,ppo,100000,163,30677,0.0006568477626005,3.0,94,39.9,56.2,1.0963,12000,1.0589,12000,1.2442,46000,1.3392,84000,84000,0.0613,36000,0.2052,36000,1.4157,12000,2.5657600000000005,Not reached,Not reached,2025-11-21_09-33,,
R_LN_3DBall_3113,3DBall,3113,12.0,ppo,100000,33,6341,0.000483382035327,3.0,131,41.4,56.2,23.4329,12000,1.9718,12000,78.4713,46000,100.0,72000,84000,0.1389,12000,1.1024,12000,1.3542,12000,2.5657600000000005,24000,18.7,2025-11-21_09-33,,
R_LN_3DBall_3114,3DBall,3114,12.0,ppo,100000,188,35322,0.0004219877459759,3.0,89,41.6,56.6,1.2447,12000,1.1727,12000,1.515,46000,1.7058,84000,84000,0.0574,36000,0.1876,36000,1.4191,12000,2.5657600000000005,Not reached,Not reached,2025-11-21_09-33,,
R_LN_3DBall_3115,3DBall,3115,12.0,ppo,100000,189,35613,0.0007083614967094,3.0,88,40.9,56.3,1.2198,12000,1.0984,12000,1.4913,46000,1.7157,84000,84000,0.0561,36000,0.1806,36000,1.4135,12000,2.5657600000000005,Not reached,Not reached,2025-11-21_09-33,,
R_LN_3DBall_3116,3DBall,3116,12.0,ppo,100000,96,18148,0.0001515987538951,3.0,107,41.2,56.4,1.5291,12000,1.1918,12000,3.4977,46000,5.6744,96000,84000,0.0813,24000,0.2154,24000,1.4089,12000,2.5657600000000005,72000,76.4,2025-11-21_09-33,,
R_LN_3DBall_3117,3DBall,3117,12.0,ppo,100000,176,33171,0.0001691285978872,3.0,95,40.0,56.3,1.1853,12000,1.1425,12000,1.4277,46000,1.6047,84000,84000,0.0586,36000,0.2121,36000,1.4175,12000,2.5657600000000005,Not reached,Not reached,2025-11-21_09-33,,
R_LN_3DBall_3118,3DBall,3118,12.0,ppo,100000,47,8992,0.0003790550869545,3.0,101,42.6,56.1,4.0545,12000,1.3997,12000,40.2273,46000,91.6214,96000,84000,0.1153,12000,0.8866,12000,1.3917,12000,2.5657600000000005,48000,43.4,2025-11-21_09-33,,
R_LN_3DBall_3119,3DBall,3119,12.0,ppo,100000,146,27391,0.0006832421508134,3.0,93,39.9,56.3,1.3235,12000,1.145,12000,1.9595,46000,2.8507,96000,84000,0.0664,36000,0.2378,36000,1.408,12000,2.5657600000000005,96000,92.9,2025-11-21_09-33,,
R_LN_3DBall_3120,3DBall,3120,12.0,ppo,100000,61,11608,0.0008804744893044,3.0,115,41.6,56.0,3.2064,12000,1.2435,12000,29.6577,46000,76.6313,96000,84000,0.1029,12000,0.8317,12000,1.3871,12000,2.5657600000000005,48000,49.3,2025-11-21_09-33,,
R_LN_3DBall_3121,3DBall,3121,12.0,ppo,100000,100,18824,0.0004914287221895,3.0,95,39.8,55.8,1.3464,12000,1.128,12000,2.2766,46000,3.0127,96000,84000,0.0795,24000,0.2182,24000,1.4115,12000,2.5657600000000005,84000,81.4,2025-11-21_09-33,,
R_LN_3DBall_3122,3DBall,3122,12.0,ppo,100000,171,32248,0.0005397940331318,3.0,104,40.9,56.1,1.2485,12000,1.1601,12000,1.6759,46000,2.0867,96000,84000,0.0631,36000,0.1622,36000,1.4159,12000,2.5657600000000005,Not reached,Not reached,2025-11-21_09-33,,
R_LN_3DBall_3123,3DBall,3123,12.0,ppo,100000,179,33597,0.0005502561916335,3.0,96,42.3,56.7,1.3314,12000,1.2104,12000,1.7896,46000,2.0936,96000,84000,0.0615,36000,0.1762,36000,1.414,12000,2.5657600000000005,Not reached,Not reached,2025-11-21_09-33,,
R_LN_3DBall_3124,3DBall,3124,12.0,ppo,100000,85,16111,0.0003124246461547,3.0,97,40.4,56.6,1.8323,12000,1.2802,12000,4.4614,46000,8.1084,96000,84000,0.0853,24000,0.4389,24000,1.405,12000,2.5657600000000005,60000,55.3,2025-11-21_09-33,,
R_LN_3DBall_3125,3DBall,3125,12.0,ppo,100000,167,31436,0.0001276681529218,3.0,94,41.7,56.8,1.1259,12000,1.1028,12000,1.1886,46000,1.216,84000,84000,0.0632,36000,0.4481,36000,1.4186,12000,2.5657600000000005,Not reached,Not reached,2025-11-21_09-33,,
R_LN_3DBall_3126,3DBall,3126,12.0,ppo,100000,176,33146,0.0001119340147391,3.0,97,40.0,56.3,1.187,12000,1.1441,12000,1.4107,46000,1.568,96000,84000,0.062,36000,0.208,36000,1.4186,12000,2.5657600000000005,Not reached,Not reached,2025-11-21_09-33,,
R_LN_3DBall_3127,3DBall,3127,12.0,ppo,100000,81,15225,0.0003594425846382,3.0,109,41.6,56.0,2.0184,12000,1.1809,12000,9.3117,46000,24.7043,96000,84000,0.0884,24000,0.461,24000,1.4004,12000,2.5657600000000005,60000,62.3,2025-11-21_09-33,,
R_LN_3DBall_3128,3DBall,3128,12.0,ppo,100000,116,21825,0.0001149960218606,3.0,103,40.7,55.8,1.5027,12000,1.2405,12000,2.4677,46000,3.3769,96000,84000,0.0721,24000,0.292,24000,1.412,12000,2.5657600000000005,84000,88.3,2025-11-21_09-33,,
R_LN_3DBall_3129,3DBall,3129,12.0,ppo,100000,136,25628,0.0008107001942513,3.0,93,42.4,55.9,1.3136,12000,1.0998,12000,2.018,46000,2.9583,96000,84000,0.0692,36000,0.2152,36000,1.4102,12000,2.5657600000000005,96000,92.9,2025-11-21_09-33,,
R_LN_3DBall_3130,3DBall,3130,12.0,ppo,100000,185,34848,7.737216190387251e-05,3.0,88,41.7,55.9,1.147,12000,1.1218,12000,1.1639,46000,1.2056,60000,84000,0.0562,36000,0.4756,36000,1.4172,12000,2.5657600000000005,Not reached,Not reached,2025-11-21_09-33,,
R_LN_3DBall_3131,3DBall,3131,12.0,ppo,100000,127,23909,0.0008729748020397,3.0,98,41.0,56.0,1.3417,12000,1.0812,12000,2.1229,46000,2.8788,96000,84000,0.0708,24000,0.2137,24000,1.4098,12000,2.5657600000000005,84000,84.0,2025-11-21_09-33,,
R_LN_3DBall_3132,3DBall,3132,12.0,ppo,100000,131,24593,0.0003371461367282,3.0,96,41.1,56.0,1.1374,12000,1.1015,12000,1.2372,46000,1.3518,96000,84000,0.072,36000,0.3223,36000,1.4171,12000,2.5657600000000005,Not reached,Not reached,2025-11-21_09-33,,
R_LN_3DBall_3133,3DBall,3133,12.0,ppo,100000,70,13128,0.000604719940794,3.0,97,40.3,55.9,1.7982,12000,1.1424,12000,6.1077,46000,12.4311,96000,84000,0.0953,24000,0.4919,24000,1.406,12000,2.5657600000000005,60000,55.3,2025-11-21_09-33,,
R_LN_3DBall_3134,3DBall,3134,12.0,ppo,100000,67,12649,0.0002118249712319,3.0,95,42.0,55.9,1.8594,12000,1.1996,12000,5.0233,46000,9.1602,96000,84000,0.099,24000,0.5007,24000,1.407,12000,2.5657600000000005,60000,54.3,2025-11-21_09-33,,
R_LN_3DBall_3135,3DBall,3135,12.0,ppo,100000,158,29678,0.0006759781887057,3.0,102,40.3,56.2,1.2527,12000,1.1235,12000,1.8276,46000,2.1929,96000,84000,0.0646,36000,0.154,36000,1.4115,12000,2.5657600000000005,Not reached,Not reached,2025-11-21_09-33,,
R_LN_3DBall_3136,3DBall,3136,12.0,ppo,100000,114,21469,0.0002846496565542,3.0,93,42.1,56.1,1.2147,12000,1.1037,12000,1.6072,46000,1.9817,96000,84000,0.0767,24000,0.2417,24000,1.4118,12000,2.5657600000000005,Not reached,Not reached,2025-11-21_09-33,,
R_LN_3DBall_3137,3DBall,3137,12.0,ppo,100000,114,21383,0.0006787059815358,3.0,92,39.9,56.1,1.5294,12000,1.1845,12000,2.8435,46000,4.4249,96000,84000,0.0759,24000,0.2966,24000,1.4071,12000,2.5657600000000005,72000,65.6,2025-11-21_09-33,,
R_LN_3DBall_3138,3DBall,3138,12.0,ppo,100000,190,35773,0.0005262329389803,3.0,88,43.2,56.2,1.2049,12000,1.1501,12000,1.4502,46000,1.6837,96000,84000,0.0577,36000,0.2119,36000,1.4175,12000,2.5657600000000005,Not reached,Not reached,2025-11-21_09-33,,
R_LN_3DBall_3139,3DBall,3139,12.0,ppo,100000,149,27986,0.0006126255604344,3.0,100,40.3,56.3,1.3723,12000,1.1533,12000,2.1948,46000,3.1968,96000,84000,0.0638,36000,0.1835,36000,1.4136,12000,2.5657600000000005,96000,100.1,2025-11-21_09-33,,
R_LN_3DBall_3140,3DBall,3140,12.0,ppo,100000,58,11060,0.0002700116366634,3.0,99,41.6,56.1,2.8049,12000,1.2991,12000,17.6868,46000,47.736,96000,84000,0.1051,12000,0.6247,12000,1.4032,12000,2.5657600000000005,48000,42.4,2025-11-21_09-33,,
R_LN_3DBall_3141,3DBall,3141,12.0,ppo,100000,153,28719,8.588381000437955e-05,3.0,93,42.0,56.3,1.1601,12000,1.0991,12000,1.2838,46000,1.3667,96000,84000,0.0661,36000,0.3757,36000,1.4169,12000,2.5657600000000005,Not reached,Not reached,2025-11-21_09-33,,
R_LN_3DBall_3142,3DBall,3142,12.0,ppo,100000,61,11523,0.0003106781348951,3.0,100,41.8,57.0,1.422,12000,1.1765,12000,2.6294,46000,4.0451,96000,84000,0.1028,12000,0.2959,12000,1.409,12000,2.5657600000000005,84000,85.7,2025-11-21_09-33,,
R_LN_3DBall_3143,3DBall,3143,12.0,ppo,100000,90,17038,0.0001177647201455,3.0,95,41.2,56.7,1.3898,12000,1.1684,12000,2.3507,46000,3.7821,96000,84000,0.0845,24000,0.2985,24000,1.4139,12000,2.5657600000000005,96000,94.9,2025-11-21_09-33,,
R_LN_3DBall_3144,3DBall,3144,12.0,ppo,100000,63,11933,0.0003105172638693,3.0,98,40.9,56.0,1.8429,12000,1.1831,12000,6.5439,46000,13.4598,96000,84000,0.103,12000,0.415,12000,1.4062,12000,2.5657600000000005,60000,56.0,2025-11-21_09-33,,
R_LN_3DBall_3145,3DBall,3145,12.0,ppo,100000,92,17260,0.0001980077947487,3.0,94,42.3,56.0,1.252,12000,1.1684,12000,1.659,46000,2.053,96000,84000,0.0833,24000,0.2976,24000,1.4133,12000,2.5657600000000005,Not reached,Not reached,2025-11-21_09-33,,
R_LN_3DBall_3146,3DBall,3146,12.0,ppo,100000,142,26747,0.0007476438262347,3.0,89,41.2,56.3,1.254,12000,1.1662,12000,1.577,46000,1.8955,96000,84000,0.0677,36000,0.2905,36000,1.4174,12000,2.5657600000000005,Not reached,Not reached,2025-11-21_09-33,,
R_LN_3DBall_3147,3DBall,3147,12.0,ppo,100000,87,16422,0.0002885976647236,3.0,96,42.0,56.2,1.8018,12000,1.2793,12000,4.3662,46000,7.8752,96000,84000,0.0848,24000,0.4396,24000,1.4076,12000,2.5657600000000005,60000,54.8,2025-11-21_09-33,,
R_LN_3DBall_3148,3DBall,3148,12.0,ppo,100000,73,13839,0.0005317881467513,3.0,111,40.4,56.4,2.4054,12000,1.2845,12000,13.6541,46000,36.8645,96000,84000,0.0919,24000,0.9327,24000,1.395,12000,2.5657600000000005,48000,47.7,2025-11-21_09-33,,
R_LN_3DBall_3149,3DBall,3149,12.0,ppo,100000,53,10078,0.0005989137722162,3.0,116,41.6,56.6,6.6114,12000,1.4903,12000,55.547,46000,100.0,96000,84000,0.1108,12000,0.9363,12000,1.3742,12000,2.5657600000000005,36000,33.1,2025-11-21_09-33,,
R_LN_3DBall_3150,3DBall,3150,12.0,ppo,100000,51,9648,0.0001446609205512,3.0,103,41.1,56.3,2.0449,12000,1.2131,12000,7.7354,46000,15.8056,96000,84000,0.1129,12000,0.4203,12000,1.4135,12000,2.5657600000000005,60000,58.8,2025-11-21_09-33,,
R_LN_3DBall_3151,3DBall,3151,12.0,ppo,100000,87,16315,0.0001647437478417,3.0,101,41.9,56.7,1.6497,12000,1.1873,12000,3.6393,46000,6.2896,96000,84000,0.0868,24000,0.3622,24000,1.4099,12000,2.5657600000000005,60000,57.8,2025-11-21_09-33,,
R_LN_3DBall_3152,3DBall,3152,12.0,ppo,100000,187,35142,0.0003128280494068,3.0,88,42.3,56.8,1.2228,12000,1.1263,12000,1.4522,46000,1.6077,84000,84000,0.0593,36000,0.222,36000,1.4179,12000,2.5657600000000005,Not reached,Not reached,2025-11-21_09-33,,
R_LN_3DBall_3153,3DBall,3153,12.0,ppo,100000,65,12230,0.0006112878521078,3.0,98,40.0,56.6,1.8525,12000,1.2035,12000,7.3315,46000,15.8957,96000,84000,0.0999,24000,0.4994,24000,1.3989,12000,2.5657600000000005,60000,56.0,2025-11-21_09-33,,
R_LN_3DBall_3154,3DBall,3154,12.0,ppo,100000,125,23592,0.0002813354783885,3.0,94,41.7,56.8,1.1842,12000,1.1191,12000,1.2856,46000,1.3892,96000,84000,0.0703,24000,0.2793,24000,1.4123,12000,2.5657600000000005,Not reached,Not reached,2025-11-21_09-33,,
R_LN_3DBall_3155,3DBall,3155,12.0,ppo,100000,148,27802,7.548546563550306e-05,3.0,93,40.1,56.9,1.1491,12000,1.0875,12000,1.2993,46000,1.463,96000,84000,0.0639,36000,0.2931,36000,1.4188,12000,2.5657600000000005,Not reached,Not reached,2025-11-21_09-33,,
R_LN_3DBall_3156,3DBall,3156,12.0,ppo,100000,99,18668,0.0002245052802232,3.0,95,42.0,56.9,1.2502,12000,1.2015,12000,1.4369,46000,1.587,96000,84000,0.0775,24000,0.3455,24000,1.409,12000,2.5657600000000005,Not reached,Not reached,2025-11-21_09-33,,
R_LN_3DBall_3157,3DBall,3157,12.0,ppo,100000,184,34646,0.000871974056083,3.0,91,41.7,57.0,1.225,12000,1.1422,12000,1.5548,46000,1.8613,84000,84000,0.0581,36000,0.1653,36000,1.4135,12000,2.5657600000000005,Not reached,Not reached,2025-11-21_09-33,,
R_LN_3DBall_3158,3DBall,3158,12.0,ppo,100000,188,35282,0.0006574710408643,3.0,88,42.4,56.6,1.2165,12000,1.1753,12000,1.5221,46000,1.8124,96000,84000,0.0577,36000,0.1968,36000,1.4151,12000,2.5657600000000005,Not reached,Not reached,2025-11-21_09-33,,
R_LN_3DBall_3159,3DBall,3159,12.0,ppo,100000,91,17140,0.0008313825158514,3.0,104,40.3,56.6,1.7326,12000,1.1618,12000,4.9939,46000,11.5462,96000,84000,0.0826,24000,0.4601,24000,1.3983,12000,2.5657600000000005,60000,59.5,2025-11-21_09-33,,
R_LN_3DBall_3160,3DBall,3160,12.0,ppo,100000,187,35230,0.0002702288829414,3.0,87,42.3,56.6,1.2256,12000,1.1866,12000,1.3237,46000,1.4389,96000,84000,0.0571,36000,0.4059,36000,1.418,12000,2.5657600000000005,Not reached,Not reached,2025-11-21_09-33,,
R_LN_3DBall_3161,3DBall,3161,12.0,ppo,100000,94,17739,0.0008572263606011,3.0,93,40.6,56.6,1.6566,12000,1.2032,12000,4.0586,46000,7.238,96000,84000,0.0835,24000,0.3919,24000,1.4054,12000,2.5657600000000005,60000,53.2,2025-11-21_09-33,,
R_LN_3DBall_3162,3DBall,3162,12.0,ppo,100000,140,26301,0.000176438843035,3.0,91,42.1,56.6,1.2752,12000,1.1788,12000,1.5843,46000,1.8982,96000,84000,0.0685,36000,0.2855,36000,1.416,12000,2.5657600000000005,Not reached,Not reached,2025-11-21_09-33,,
R_LN_3DBall_3163,3DBall,3163,12.0,ppo,100000,119,22418,0.0007620573070643,3.0,105,40.5,56.7,1.4313,12000,1.1391,12000,2.4407,46000,3.423,96000,84000,0.074,24000,0.238,24000,1.4065,12000,2.5657600000000005,84000,90.0,2025-11-21_09-33,,
R_LN_3DBall_3164,3DBall,3164,12.0,ppo,100000,73,13855,0.0005327260121002,3.0,97,41.8,56.7,1.9213,12000,1.2337,12000,6.6801,46000,13.4707,96000,84000,0.0949,24000,0.5406,24000,1.3984,12000,2.5657600000000005,60000,55.4,2025-11-21_09-33,,
R_LN_3DBall_3165,3DBall,3165,12.0,ppo,100000,158,29635,0.0002475247850921,3.0,92,42.0,64.4,1.1734,12000,1.0908,12000,1.3573,46000,1.4974,96000,84000,0.0649,36000,0.304,36000,1.4158,12000,2.5657600000000005,Not reached,Not reached,2025-11-21_09-33,,
R_LN_3DBall_3166,3DBall,3166,12.0,ppo,100000,92,17365,0.0006837769253419,3.0,94,40.8,63.3,1.2523,12000,1.0835,12000,1.8741,46000,2.5532,96000,84000,0.0827,24000,0.2805,24000,1.413,12000,2.5657600000000005,Not reached,Not reached,2025-11-21_09-33,,
R_LN_3DBall_3167,3DBall,3167,12.0,ppo,100000,76,14306,0.0006794472935801,3.0,95,42.8,59.8,1.9497,12000,1.2235,12000,7.4904,46000,16.8485,96000,84000,0.0921,24000,0.6854,24000,1.3886,12000,2.5657600000000005,60000,54.2,2025-11-21_09-33,,
R_LN_3DBall_3168,3DBall,3168,12.0,ppo,100000,109,20472,0.0005361638435031,3.0,93,40.1,57.6,1.1876,12000,1.0969,12000,1.5438,46000,1.942,96000,84000,0.0764,24000,0.203,24000,1.4141,12000,2.5657600000000005,Not reached,Not reached,2025-11-21_09-33,,
R_LN_3DBall_3169,3DBall,3169,12.0,ppo,100000,38,7267,0.0002181263019536,3.0,109,42.4,57.0,3.0789,12000,1.278,12000,28.6499,46000,62.525,96000,84000,0.1282,12000,0.7599,12000,1.4108,12000,2.5657600000000005,48000,46.7,2025-11-21_09-33,,
R_LN_3DBall_3170,3DBall,3170,12.0,ppo,100000,138,26035,0.0007635889943195,3.0,93,40.9,56.5,1.276,12000,1.116,12000,1.8106,46000,2.3869,96000,84000,0.0686,36000,0.2101,36000,1.4127,12000,2.5657600000000005,Not reached,Not reached,2025-11-21_09-33,,
R_LN_3DBall_3171,3DBall,3171,12.0,ppo,100000,56,10507,0.0003155272826868,3.0,105,41.9,56.4,3.7211,12000,1.3113,12000,28.1968,46000,64.0842,96000,84000,0.1094,12000,0.7933,12000,1.3858,12000,2.5657600000000005,48000,45.0,2025-11-21_09-33,,
R_LN_3DBall_3172,3DBall,3172,12.0,ppo,100000,96,18100,0.0007092859707998,3.0,95,41.3,56.3,1.5468,12000,1.1474,12000,3.488,46000,6.1139,96000,84000,0.0823,24000,0.2329,24000,1.4043,12000,2.5657600000000005,72000,67.8,2025-11-21_09-33,,
R_LN_3DBall_3173,3DBall,3173,12.0,ppo,100000,159,29965,0.0002387385170546,3.0,95,40.8,56.2,1.2941,12000,1.1844,12000,1.7293,46000,2.0605,96000,84000,0.0624,36000,0.1969,36000,1.4165,12000,2.5657600000000005,Not reached,Not reached,2025-11-21_09-33,,
R_LN_3DBall_3174,3DBall,3174,12.0,ppo,100000,69,13050,8.687436119340697e-05,3.0,98,41.2,56.1,1.506,12000,1.1234,12000,3.0394,46000,4.8776,96000,84000,0.094,24000,0.345,24000,1.4149,12000,2.5657600000000005,72000,70.0,2025-11-21_09-33,,
R_LN_3DBall_3175,3DBall,3175,12.0,ppo,100000,155,29137,0.0006945425798749,3.0,92,39.9,56.3,1.2204,12000,1.145,12000,1.6072,46000,1.9458,96000,84000,0.0628,36000,0.1729,36000,1.4157,12000,2.5657600000000005,Not reached,Not reached,2025-11-21_09-33,,
R_LN_3DBall_3176,3DBall,3176,12.0,ppo,100000,72,13615,0.0003794619088154,3.0,98,41.8,56.3,1.3309,12000,1.1725,12000,2.1284,46000,3.0089,96000,84000,0.0938,24000,0.2959,24000,1.4159,12000,2.5657600000000005,96000,98.0,2025-11-21_09-33,,
R_LN_3DBall_3177,3DBall,3177,12.0,ppo,100000,74,13941,0.0004919257491562,3.0,99,40.2,56.3,1.5685,12000,1.1092,12000,4.2489,46000,8.4782,96000,84000,0.0939,24000,0.4004,24000,1.4116,12000,2.5657600000000005,72000,70.7,2025-11-21_09-33,,
R_LN_3DBall_3178,3DBall,3178,12.0,ppo,100000,39,7365,0.0002713185493961,3.0,124,42.4,56.4,13.2649,12000,1.5411,12000,65.9997,46000,95.5769,84000,84000,0.1262,12000,1.1223,12000,1.369,12000,2.5657600000000005,36000,35.5,2025-11-21_09-33,,
R_LN_3DBall_3179,3DBall,3179,12.0,ppo,100000,111,20841,0.0008743124904163,3.0,91,40.8,56.7,1.451,12000,1.1943,12000,2.8899,46000,4.5731,96000,84000,0.0752,24000,0.2262,24000,1.4093,12000,2.5657600000000005,72000,64.8,2025-11-21_09-33,,
R_LN_3DBall_3180,3DBall,3180,12.0,ppo,100000,66,12457,0.0004243314386178,3.0,100,41.2,56.4,1.4119,12000,1.119,12000,2.6973,46000,4.178,96000,84000,0.0996,24000,0.3499,24000,1.4038,12000,2.5657600000000005,84000,85.6,2025-11-21_09-33,,
R_LN_3DBall_3181,3DBall,3181,12.0,ppo,100000,102,19188,0.000100971198806,3.0,96,40.8,56.4,1.1888,12000,1.0973,12000,1.4948,46000,1.6563,96000,84000,0.0803,24000,0.2647,24000,1.415,12000,2.5657600000000005,Not reached,Not reached,2025-11-21_09-33,,
R_LN_3DBall_3182,3DBall,3182,12.0,ppo,100000,130,24441,0.0007931071100945,3.0,95,40.6,56.7,1.2798,12000,1.1343,12000,1.767,46000,2.2354,96000,84000,0.0699,36000,0.2306,36000,1.4142,12000,2.5657600000000005,Not reached,Not reached,2025-11-21_09-33,,
R_LN_3DBall_3183,3DBall,3183,12.0,ppo,100000,72,13504,0.0002782719482561,3.0,98,42.2,56.6,1.3675,12000,1.1755,12000,2.0479,46000,2.5688,96000,84000,0.0943,24000,0.3537,24000,1.4179,12000,2.5657600000000005,96000,97.8,2025-11-21_09-33,,
R_LN_3DBall_3184,3DBall,3184,12.0,ppo,100000,175,32891,0.0006244746744536,3.0,93,40.7,57.6,1.1783,12000,1.159,12000,1.3025,46000,1.4197,84000,84000,0.0607,36000,0.3031,36000,1.414,12000,2.5657600000000005,Not reached,Not reached,2025-11-21_09-33,,
R_LN_3DBall_3185,3DBall,3185,12.0,ppo,100000,129,24292,0.0004559639356214,3.0,95,41.5,57.3,1.4142,12000,1.138,12000,2.2114,46000,2.8338,96000,84000,0.0705,36000,0.276,36000,1.4129,12000,2.5657600000000005,84000,81.3,2025-11-21_09-33,,
R_LN_3DBall_3186,3DBall,3186,12.0,ppo,100000,146,27430,0.0005211729776976,3.0,92,40.6,57.4,1.2547,12000,1.1787,12000,1.6239,46000,2.1493,96000,84000,0.0672,36000,0.2329,36000,1.4175,12000,2.5657600000000005,Not reached,Not reached,2025-11-21_09-33,,
R_LN_3DBall_3187,3DBall,3187,12.0,ppo,100000,119,22358,7.311528580408809e-05,3.0,95,42.1,57.3,1.1788,12000,1.1244,12000,1.2734,46000,1.3178,72000,84000,0.073,24000,0.3697,24000,1.4161,12000,2.5657600000000005,Not reached,Not reached,2025-11-21_09-33,,
R_LN_3DBall_3188,3DBall,3188,12.0,ppo,100000,173,32534,0.0006487236277233,3.0,97,39.9,57.6,1.2283,12000,1.141,12000,1.6303,46000,1.9651,96000,84000,0.061,36000,0.1542,36000,1.4153,12000,2.5657600000000005,Not reached,Not reached,2025-11-21_09-33,,
R_LN_3DBall_3189,3DBall,3189,12.0,ppo,100000,36,6773,0.0008908057887054,3.0,110,39.0,57.3,10.8701,12000,1.4386,12000,66.3762,46000,100.0,96000,84000,0.1318,12000,1.295,12000,1.3821,12000,2.5657600000000005,36000,31.4,2025-11-21_09-33,,
R_LN_3DBall_3190,3DBall,3190,12.0,ppo,100000,96,18009,0.0003409305790647,3.0,94,40.8,56.9,1.4657,12000,1.202,12000,2.5242,46000,3.652,96000,84000,0.083,24000,0.2436,24000,1.4155,12000,2.5657600000000005,84000,80.3,2025-11-21_09-33,,
R_LN_3DBall_3191,3DBall,3191,12.0,ppo,100000,122,22949,0.0007143406659229,3.0,96,41.4,56.8,1.5422,12000,1.2019,12000,2.696,46000,3.9181,96000,84000,0.0718,24000,0.2956,24000,1.4054,12000,2.5657600000000005,84000,82.2,2025-11-21_09-33,,
R_LN_3DBall_3192,3DBall,3192,12.0,ppo,100000,176,33007,0.0004011578497275,3.0,105,40.8,57.0,1.2074,12000,1.0893,12000,1.6697,46000,2.0316,84000,84000,0.0636,36000,0.1572,36000,1.4162,12000,2.5657600000000005,Not reached,Not reached,2025-11-21_09-33,,
R_LN_3DBall_3193,3DBall,3193,12.0,ppo,100000,38,7287,0.0001292501608644,3.0,115,40.8,56.9,8.9352,12000,1.5091,12000,53.4693,46000,84.6572,96000,84000,0.1289,12000,1.1538,12000,1.3986,12000,2.5657600000000005,36000,32.9,2025-11-21_09-33,,
R_LN_3DBall_3194,3DBall,3194,12.0,ppo,100000,139,26087,0.0002418063798631,3.0,90,42.5,56.9,1.2429,12000,1.1305,12000,1.4808,46000,1.6932,96000,84000,0.0663,36000,0.3064,36000,1.4167,12000,2.5657600000000005,Not reached,Not reached,2025-11-21_09-33,,
R_LN_3DBall_3195,3DBall,3195,12.0,ppo,100000,113,21335,0.0003022846107063,3.0,93,39.6,56.9,1.2778,12000,1.1091,12000,1.958,46000,2.7194,96000,84000,0.0772,24000,0.2324,24000,1.4222,12000,2.5657600000000005,96000,93.1,2025-11-21_09-33,,
R_LN_3DBall_3196,3DBall,3196,12.0,ppo,100000,103,19388,0.0003477649413709,3.0,99,42.1,56.9,1.5521,12000,1.1806,12000,3.2389,46000,5.1979,96000,84000,0.0757,24000,0.2706,24000,1.4105,12000,2.5657600000000005,72000,70.7,2025-11-21_09-33,,
R_LN_3DBall_3197,3DBall,3197,12.0,ppo,100000,44,8381,0.0001994485198525,3.0,105,40.9,56.8,1.4085,12000,1.1643,12000,2.352,46000,3.2401,96000,84000,0.1196,12000,0.3805,12000,1.4135,12000,2.5657600000000005,84000,90.0,2025-11-21_09-33,,
R_LN_3DBall_3198,3DBall,3198,12.0,ppo,100000,116,21855,8.935573297712267e-05,3.0,105,41.2,57.0,1.3699,12000,1.1271,12000,2.1009,46000,2.8137,96000,84000,0.0748,24000,0.234,24000,1.4181,12000,2.5657600000000005,96000,104.9,2025-11-21_09-33,,
R_LN_3DBall_3199,3DBall,3199,12.0,ppo,100000,107,20115,0.0003693388887187,3.0,102,41.9,57.1,1.4781,12000,1.1425,12000,3.0937,46000,5.1206,96000,84000,0.0774,24000,0.2472,24000,1.4062,12000,2.5657600000000005,72000,72.9,2025-11-21_09-33,,
R_LN_3DBall_3200,3DBall,3200,12.0,ppo,100000,119,22339,0.0006287748840704,3.0,93,40.5,57.0,1.2963,12000,1.1244,12000,1.9025,46000,2.4558,96000,84000,0.0739,24000,0.2271,24000,1.4147,12000,2.5657600000000005,Not reached,Not reached,2025-11-21_09-33,,
R_LN_3DBall_3201,3DBall,3201,12.0,ppo,100000,118,22208,0.0007204144841005,3.0,93,42.6,57.1,1.3017,12000,1.1172,12000,1.9288,46000,2.6386,96000,84000,0.0723,24000,0.2174,24000,1.4111,12000,2.5657600000000005,96000,92.9,2025-11-21_09-33,,
R_LN_3DBall_3202,3DBall,3202,12.0,ppo,100000,40,7615,0.0008390008089628,3.0,106,41.4,57.0,13.3176,12000,1.536,12000,62.9697,46000,95.3231,84000,84000,0.1274,12000,1.2639,12000,1.369,12000,2.5657600000000005,36000,30.3,2025-11-21_09-33,,
R_LN_3DBall_3203,3DBall,3203,12.0,ppo,100000,159,29965,0.0004271193396367,3.0,92,41.8,57.2,1.1604,12000,1.1168,12000,1.2822,46000,1.3558,96000,84000,0.0637,36000,0.3,36000,1.4173,12000,2.5657600000000005,Not reached,Not reached,2025-11-21_09-33,,
R_LN_3DBall_3204,3DBall,3204,12.0,ppo,100000,39,7398,0.0007594431566705,3.0,108,40.5,57.0,12.3044,12000,1.3933,12000,65.8811,46000,96.5917,96000,84000,0.1272,12000,1.0378,12000,1.3661,12000,2.5657600000000005,36000,30.9,2025-11-21_09-33,,
R_LN_3DBall_3205,3DBall,3205,12.0,ppo,100000,34,6471,0.0008182620244369,3.0,110,38.8,56.9,7.2382,12000,1.2441,12000,56.4972,46000,100.0,96000,84000,0.135,12000,1.0372,12000,1.3832,12000,2.5657600000000005,48000,47.2,2025-11-21_09-33,,
R_LN_3DBall_3206,3DBall,3206,12.0,ppo,100000,137,25730,0.000384197539172,3.0,90,42.5,57.4,1.2809,12000,1.1617,12000,1.4982,46000,1.7016,96000,84000,0.0672,36000,0.3753,36000,1.4136,12000,2.5657600000000005,Not reached,Not reached,2025-11-21_09-33,,
R_LN_3DBall_3207,3DBall,3207,12.0,ppo,100000,32,6042,0.0001540865355798,3.0,117,41.5,57.2,17.2095,12000,1.6022,12000,66.5468,46000,88.6357,84000,84000,0.1428,12000,1.2077,12000,1.3883,12000,2.5657600000000005,36000,33.4,2025-11-21_09-33,,
R_LN_3DBall_3208,3DBall,3208,12.0,ppo,100000,133,25049,0.0006797062402604,3.0,89,42.5,57.4,1.3409,12000,1.1196,12000,2.1298,46000,2.8439,96000,84000,0.0682,36000,0.2293,36000,1.4052,12000,2.5657600000000005,84000,76.3,2025-11-21_09-33,,
R_LN_3DBall_3209,3DBall,3209,12.0,ppo,100000,179,33568,3.001755829655716e-05,3.0,88,40.8,57.4,1.1392,12000,1.1359,12000,1.1516,46000,1.1952,48000,84000,0.0599,36000,0.5912,36000,1.4185,12000,2.5657600000000005,Not reached,Not reached,2025-11-21_09-33,,
R_LN_3DBall_3210,3DBall,3210,12.0,ppo,100000,46,8805,0.000149191679992,3.0,106,42.1,57.2,1.5061,12000,1.1088,12000,3.4972,46000,6.3167,96000,84000,0.1176,12000,0.2824,12000,1.409,12000,2.5657600000000005,72000,75.7,2025-11-21_09-33,,
R_LN_3DBall_3211,3DBall,3211,12.0,ppo,100000,86,16222,0.0004790293309333,3.0,96,39.6,57.3,1.5398,12000,1.1618,12000,3.4354,46000,5.9363,96000,84000,0.0854,24000,0.2959,24000,1.4152,12000,2.5657600000000005,72000,68.6,2025-11-21_09-33,,
R_LN_3DBall_3212,3DBall,3212,12.0,ppo,100000,133,25115,0.0002304933173026,3.0,92,42.5,57.3,1.2395,12000,1.0974,12000,1.6381,46000,1.9037,96000,84000,0.069,36000,0.2216,36000,1.415,12000,2.5657600000000005,Not reached,Not reached,2025-11-21_09-33,,
R_LN_3DBall_3213,3DBall,3213,12.0,ppo,100000,46,8812,0.0008685312318252,3.0,103,41.3,56.9,6.6411,12000,1.3939,12000,55.4036,46000,100.0,96000,84000,0.1199,12000,1.1429,12000,1.3827,12000,2.5657600000000005,36000,29.5,2025-11-21_09-33,,
R_LN_3DBall_3214,3DBall,3214,12.0,ppo,100000,158,29632,3.414088411118936e-05,3.0,93,41.8,57.1,1.1626,12000,1.1029,12000,1.3201,46000,1.4056,84000,84000,0.0637,36000,0.3161,36000,1.4187,12000,2.5657600000000005,Not reached,Not reached,2025-11-21_09-33,,
R_LN_3DBall_3215,3DBall,3215,12.0,ppo,100000,44,8293,0.0002902381816505,3.0,104,42.6,57.3,5.4563,12000,1.3599,12000,40.2942,46000,72.1813,96000,84000,0.1204,12000,0.9793,12000,1.3917,12000,2.5657600000000005,36000,29.7,2025-11-21_09-33,,
R_LN_3DBall_3216,3DBall,3216,12.0,ppo,100000,71,13410,0.0004487310357024,3.0,97,40.7,57.1,1.9754,12000,1.2071,12000,6.184,46000,10.1764,96000,84000,0.0947,24000,0.6293,24000,1.415,12000,2.5657600000000005,60000,55.4,2025-11-21_09-33,,
R_LN_3DBall_3217,3DBall,3217,12.0,ppo,100000,38,7176,0.0006541444495793,3.0,109,42.4,57.1,13.9591,12000,1.5102,12000,61.5168,46000,88.2231,84000,84000,0.13,12000,1.3332,12000,1.3601,12000,2.5657600000000005,36000,31.1,2025-11-21_09-33,,
R_LN_3DBall_3218,3DBall,3218,12.0,ppo,100000,145,27228,0.0003809292045949,3.0,90,40.8,56.9,1.3181,12000,1.1383,12000,1.759,46000,2.3119,96000,84000,0.068,36000,0.2513,36000,1.4161,12000,2.5657600000000005,Not reached,Not reached,2025-11-21_09-33,,
R_LN_3DBall_3219,3DBall,3219,12.0,ppo,100000,123,23161,0.0001511502176519,3.0,106,41.3,56.9,1.3242,12000,1.1055,12000,2.1366,46000,2.9644,96000,84000,0.0736,24000,0.2171,24000,1.4165,12000,2.5657600000000005,84000,90.9,2025-11-21_09-33,,
R_LN_3DBall_3220,3DBall,3220,12.0,ppo,100000,175,32814,0.0006026987312803,3.0,105,40.2,57.1,1.2064,12000,1.1273,12000,1.5863,46000,1.9423,84000,84000,0.0589,36000,0.1569,36000,1.4157,12000,2.5657600000000005,Not reached,Not reached,2025-11-21_09-33,,
R_LN_3DBall_3221,3DBall,3221,12.0,ppo,100000,155,29236,0.0003852109246295,3.0,95,41.2,57.0,1.2228,12000,1.1419,12000,1.6495,46000,2.0507,96000,84000,0.0671,36000,0.165,36000,1.4192,12000,2.5657600000000005,Not reached,Not reached,2025-11-21_09-33,,
R_LN_3DBall_3222,3DBall,3222,12.0,ppo,100000,67,12628,0.0003898014945286,3.0,110,42.2,57.0,2.8385,12000,1.2974,12000,24.4636,46000,73.4824,96000,84000,0.0956,24000,0.8902,24000,1.3909,12000,2.5657600000000005,48000,47.2,2025-11-21_09-33,,
R_LN_3DBall_3223,3DBall,3223,12.0,ppo,100000,172,32421,0.0006797502586311,3.0,94,40.5,57.1,1.1349,12000,1.075,12000,1.3724,46000,1.5883,96000,84000,0.0599,36000,0.1712,36000,1.4165,12000,2.5657600000000005,Not reached,Not reached,2025-11-21_09-33,,
R_LN_3DBall_3224,3DBall,3224,12.0,ppo,100000,90,17046,8.966167998500066e-05,3.0,96,43.4,58.0,1.3707,12000,1.1446,12000,2.0757,46000,2.8677,96000,84000,0.0834,24000,0.2845,24000,1.4163,12000,2.5657600000000005,96000,95.8,2025-11-21_09-33,,
R_LN_3DBall_3225,3DBall,3225,12.0,ppo,100000,54,10140,0.0004756297256826,3.0,100,40.6,57.6,2.758,12000,1.2576,12000,24.6246,46000,73.4438,96000,84000,0.1062,12000,0.5247,12000,1.3833,12000,2.5657600000000005,48000,42.8,2025-11-21_09-33,,
R_LN_3DBall_3226,3DBall,3226,12.0,ppo,100000,137,25786,0.0003303381849645,3.0,90,42.2,57.6,1.2254,12000,1.0998,12000,1.602,46000,1.835,96000,84000,0.0677,36000,0.2452,36000,1.4192,12000,2.5657600000000005,Not reached,Not reached,2025-11-21_09-33,,
R_LN_3DBall_3227,3DBall,3227,12.0,ppo,100000,88,16560,0.0004859761098137,3.0,109,39.8,57.6,1.9345,12000,1.2266,12000,7.1345,46000,16.4969,96000,84000,0.0852,24000,0.4654,24000,1.4055,12000,2.5657600000000005,60000,62.4,2025-11-21_09-33,,
R_LN_3DBall_3228,3DBall,3228,12.0,ppo,100000,190,35798,0.0008806250353045,3.0,89,42.1,57.6,1.1272,12000,1.0601,12000,1.3075,46000,1.5078,96000,84000,0.0575,36000,0.1844,36000,1.4194,12000,2.5657600000000005,Not reached,Not reached,2025-11-21_09-33,,
R_LN_3DBall_3229,3DBall,3229,12.0,ppo,100000,76,14320,0.0001163359449416,3.0,97,40.8,57.7,1.4174,12000,1.1908,12000,2.3192,46000,3.4734,96000,84000,0.0903,24000,0.3803,24000,1.4173,12000,2.5657600000000005,96000,96.9,2025-11-21_09-33,,
R_LN_3DBall_3230,3DBall,3230,12.0,ppo,100000,69,13113,0.0005633838264467,3.0,97,41.8,57.6,1.9714,12000,1.2085,12000,7.3583,46000,16.8544,96000,84000,0.0985,24000,0.5745,24000,1.3911,12000,2.5657600000000005,60000,55.3,2025-11-21_09-33,,
R_LN_3DBall_3231,3DBall,3231,12.0,ppo,100000,155,29226,0.0001218949701278,3.0,93,41.4,57.1,1.1553,12000,1.1539,12000,1.1695,46000,1.2083,96000,84000,0.0643,36000,0.4953,36000,1.4167,12000,2.5657600000000005,Not reached,Not reached,2025-11-21_09-33,,
R_LN_3DBall_3232,3DBall,3232,12.0,ppo,100000,78,14635,0.0002251736162059,3.0,96,40.4,57.0,1.3376,12000,1.1233,12000,2.2144,46000,3.1935,96000,84000,0.0898,24000,0.281,24000,1.4062,12000,2.5657600000000005,84000,82.2,2025-11-21_09-33,,
R_LN_3DBall_3233,3DBall,3233,12.0,ppo,100000,106,20017,0.0006394989926261,3.0,91,41.9,57.1,1.5429,12000,1.2324,12000,3.048,46000,4.6419,96000,84000,0.0799,24000,0.254,24000,1.4095,12000,2.5657600000000005,72000,65.0,2025-11-21_09-33,,
R_LN_3DBall_3234,3DBall,3234,12.0,ppo,100000,61,11589,0.0002091866455707,3.0,115,40.1,57.1,2.3613,12000,1.2122,12000,16.0257,46000,45.5039,96000,84000,0.1013,12000,0.5579,12000,1.4019,12000,2.5657600000000005,60000,65.8,2025-11-21_09-33,,
R_LN_3DBall_3235,3DBall,3235,12.0,ppo,100000,133,25106,0.0007257881745849,3.0,90,43.4,57.2,1.2484,12000,1.1513,12000,1.5504,46000,1.834,96000,84000,0.0683,36000,0.2433,36000,1.4128,12000,2.5657600000000005,Not reached,Not reached,2025-11-21_09-33,,
R_LN_3DBall_3236,3DBall,3236,12.0,ppo,100000,66,12524,0.0007741864433814,3.0,96,40.8,57.1,2.0345,12000,1.1565,12000,7.5908,46000,16.9955,96000,84000,0.1017,24000,0.5286,24000,1.4019,12000,2.5657600000000005,60000,54.8,2025-11-21_09-33,,
R_LN_3DBall_3237,3DBall,3237,12.0,ppo,100000,117,22122,0.0004165873732078,3.0,94,42.2,57.3,1.1664,12000,1.1043,12000,1.3763,46000,1.5322,84000,84000,0.0748,24000,0.2585,24000,1.4124,12000,2.5657600000000005,Not reached,Not reached,2025-11-21_09-33,,
R_LN_3DBall_3238,3DBall,3238,12.0,ppo,100000,80,15167,0.0007358768417487,3.0,94,40.8,57.2,1.8114,12000,1.2174,12000,5.3759,46000,9.8073,96000,84000,0.0912,24000,0.3871,24000,1.4025,12000,2.5657600000000005,60000,53.7,2025-11-21_09-33,,
R_LN_3DBall_3239,3DBall,3239,12.0,ppo,100000,188,35436,0.0002738026718669,3.0,89,42.6,57.3,1.1461,12000,1.1138,12000,1.1957,46000,1.2168,84000,84000,0.0561,36000,0.3944,36000,1.4187,12000,2.5657600000000005,Not reached,Not reached,2025-11-21_09-33,,
R_LN_3DBall_3240,3DBall,3240,12.0,ppo,100000,100,18934,0.000870422630439,3.0,94,40.7,57.3,1.4216,12000,1.1512,12000,2.6468,46000,3.8434,96000,84000,0.0819,24000,0.2073,24000,1.4103,12000,2.5657600000000005,72000,67.2,2025-11-21_09-33,,
R_LN_3DBall_3241,3DBall,3241,12.0,ppo,100000,133,25041,5.0014939053968746e-05,3.0,99,42.0,57.4,1.3128,12000,1.128,12000,1.8051,46000,2.1394,96000,84000,0.0682,36000,0.265,36000,1.4191,12000,2.5657600000000005,Not reached,Not reached,2025-11-21_09-33,,
R_LN_3DBall_3242,3DBall,3242,12.0,ppo,100000,142,26727,0.0004984508173028,3.0,91,40.9,57.3,1.2876,12000,1.1575,12000,1.7734,46000,2.4411,96000,84000,0.0665,36000,0.2154,36000,1.4151,12000,2.5657600000000005,Not reached,Not reached,2025-11-21_09-33,,
R_LN_3DBall_3243,3DBall,3243,12.0,ppo,100000,178,33481,0.0007661306150403,3.0,90,41.7,57.5,1.1791,12000,1.0888,12000,1.5171,46000,1.7841,84000,84000,0.0594,36000,0.1515,36000,1.4135,12000,2.5657600000000005,Not reached,Not reached,2025-11-21_09-33,,
R_LN_3DBall_3244,3DBall,3244,12.0,ppo,100000,177,33363,0.0002295228734369,3.0,87,41.3,57.4,1.1921,12000,1.1181,12000,1.3073,46000,1.4067,84000,84000,0.0594,36000,0.348,36000,1.4156,12000,2.5657600000000005,Not reached,Not reached,2025-11-21_09-33,,
R_LN_3DBall_3245,3DBall,3245,12.0,ppo,100000,151,28438,0.000413709768982,3.0,90,41.2,57.3,1.2019,12000,1.1455,12000,1.3968,46000,1.6275,96000,84000,0.0661,36000,0.2828,36000,1.419,12000,2.5657600000000005,Not reached,Not reached,2025-11-21_09-33,,
R_LN_3DBall_3246,3DBall,3246,12.0,ppo,100000,77,14596,0.0005392051950058,3.0,108,41.8,57.4,1.9615,12000,1.149,12000,8.5726,46000,18.815,96000,84000,0.0921,24000,0.405,24000,1.3948,12000,2.5657600000000005,60000,61.8,2025-11-21_09-33,,
R_LN_3DBall_3247,3DBall,3247,12.0,ppo,100000,49,9294,0.0003857034943026,3.0,102,40.4,57.3,2.6844,12000,1.194,12000,19.9546,46000,48.1542,96000,84000,0.1129,12000,0.6792,12000,1.4044,12000,2.5657600000000005,48000,43.7,2025-11-21_09-33,,
R_LN_3DBall_3248,3DBall,3248,12.0,ppo,100000,76,14430,0.0005241542202713,3.0,94,42.3,57.2,1.4675,12000,1.1537,12000,2.9385,46000,4.7097,96000,84000,0.0939,24000,0.3191,24000,1.4084,12000,2.5657600000000005,72000,67.1,2025-11-21_09-33,,
R_LN_3DBall_3249,3DBall,3249,12.0,ppo,100000,103,19397,0.0007130928264838,3.0,95,40.0,57.3,1.5311,12000,1.1745,12000,3.4062,46000,5.8023,96000,84000,0.0784,24000,0.2436,24000,1.4016,12000,2.5657600000000005,72000,67.7,2025-11-21_09-33,,
R_LN_3DBall_3250,3DBall,3250,12.0,ppo,100000,181,34013,0.0003806069175921,3.0,88,42.6,57.4,1.177,12000,1.1156,12000,1.3552,46000,1.4747,84000,84000,0.0609,36000,0.2732,36000,1.4168,12000,2.5657600000000005,Not reached,Not reached,2025-11-21_09-33,,
R_LN_3DBall_3251,3DBall,3251,12.0,ppo,100000,61,11480,0.0007911931894395,3.0,98,40.9,57.3,2.29,12000,1.1244,12000,15.6072,46000,42.8445,96000,84000,0.1021,12000,0.513,12000,1.3967,12000,2.5657600000000005,48000,42.1,2025-11-21_09-33,,
R_LN_3DBall_3252,3DBall,3252,12.0,ppo,100000,105,19707,0.0006612999103875,3.0,96,42.9,58.0,1.4234,12000,1.1541,12000,2.8337,46000,4.2991,96000,84000,0.0802,24000,0.24,24000,1.4129,12000,2.5657600000000005,72000,68.5,2025-11-21_09-33,,
R_LN_3DBall_3253,3DBall,3253,12.0,ppo,100000,126,23770,0.0003654632592948,3.0,95,40.4,57.9,1.2057,12000,1.0835,12000,1.5025,46000,1.7908,96000,84000,0.0705,24000,0.2294,24000,1.4151,12000,2.5657600000000005,Not reached,Not reached,2025-11-21_09-33,,
R_LN_3DBall_3254,3DBall,3254,12.0,ppo,100000,153,28807,0.0005906551819676,3.0,91,41.9,57.7,1.2005,12000,1.1459,12000,1.445,46000,1.7174,96000,84000,0.066,36000,0.2179,36000,1.4117,12000,2.5657600000000005,Not reached,Not reached,2025-11-21_09-33,,
R_LN_3DBall_3255,3DBall,3255,12.0,ppo,100000,176,33178,0.000574292210579,3.0,92,40.5,57.8,1.2613,12000,1.1656,12000,1.529,46000,1.7259,84000,84000,0.061,36000,0.247,36000,1.4185,12000,2.5657600000000005,Not reached,Not reached,2025-11-21_09-33,,
R_LN_3DBall_3256,3DBall,3256,12.0,ppo,100000,189,35500,0.0006050917242402,3.0,87,42.3,57.8,1.2407,12000,1.2014,12000,1.4393,46000,1.627,84000,84000,0.056,36000,0.2176,36000,1.419,12000,2.5657600000000005,Not reached,Not reached,2025-11-21_09-33,,
R_LN_3DBall_3257,3DBall,3257,12.0,ppo,100000,58,10884,0.0003555370925301,3.0,103,41.1,57.6,2.5545,12000,1.1769,12000,13.2862,46000,27.4415,96000,84000,0.1043,12000,0.5182,12000,1.4007,12000,2.5657600000000005,48000,44.2,2025-11-21_09-33,,
R_LN_3DBall_3258,3DBall,3258,12.0,ppo,100000,132,24785,0.0006609601564522,3.0,96,40.5,57.8,1.3967,12000,1.1364,12000,2.4023,46000,3.6583,96000,84000,0.0691,36000,0.2518,36000,1.4064,12000,2.5657600000000005,84000,82.4,2025-11-21_09-33,,
R_LN_3DBall_3259,3DBall,3259,12.0,ppo,100000,162,30552,0.000572198631675,3.0,92,42.0,57.8,1.307,12000,1.1982,12000,1.7678,46000,2.092,96000,84000,0.0633,36000,0.2202,36000,1.4132,12000,2.5657600000000005,Not reached,Not reached,2025-11-21_09-33,,
R_LN_3DBall_3260,3DBall,3260,12.0,ppo,100000,171,32233,0.0001175409788803,3.0,94,40.4,57.6,1.1246,12000,1.1175,12000,1.1477,46000,1.1767,60000,84000,0.0616,36000,0.4793,36000,1.4171,12000,2.5657600000000005,Not reached,Not reached,2025-11-21_09-33,,
R_LN_3DBall_3261,3DBall,3261,12.0,ppo,100000,32,6001,0.0006140724578128,3.0,111,39.1,57.1,8.7708,12000,1.3741,12000,64.423,46000,100.0,96000,84000,0.1423,12000,1.0961,12000,1.3692,12000,2.5657600000000005,36000,31.7,2025-11-21_09-33,,
R_LN_3DBall_3262,3DBall,3262,12.0,ppo,100000,58,10948,0.0002695035520088,3.0,106,40.6,57.7,2.7896,12000,1.2174,12000,23.1601,46000,51.7875,96000,84000,0.1057,12000,0.6294,12000,1.3963,12000,2.5657600000000005,48000,45.4,2025-11-21_09-33,,
R_LN_3DBall_3263,3DBall,3263,12.0,ppo,100000,131,24636,0.0007156068668615,3.0,106,41.8,57.8,1.4143,12000,1.1366,12000,2.3065,46000,3.2803,96000,84000,0.0705,36000,0.2749,36000,1.406,12000,2.5657600000000005,84000,90.9,2025-11-21_09-33,,
R_LN_3DBall_3264,3DBall,3264,12.0,ppo,100000,87,16346,0.0003837143953027,3.0,97,40.7,57.6,1.4334,12000,1.174,12000,2.6072,46000,4.2738,96000,84000,0.0854,24000,0.3064,24000,1.4093,12000,2.5657600000000005,84000,83.1,2025-11-21_09-33,,
R_LN_3DBall_3265,3DBall,3265,12.0,ppo,100000,36,6839,0.0006392342045313,3.0,109,41.1,57.2,9.1999,12000,1.3253,12000,60.8345,46000,100.0,84000,84000,0.1318,12000,1.2619,12000,1.387,12000,2.5657600000000005,36000,31.1,2025-11-21_09-33,,
R_LN_3DBall_3266,3DBall,3266,12.0,ppo,100000,111,20992,0.000550422634432,3.0,93,42.8,57.8,1.3613,12000,1.1072,12000,2.4369,46000,4.0197,96000,84000,0.0758,24000,0.2209,24000,1.4157,12000,2.5657600000000005,96000,93.0,2025-11-21_09-33,,
R_LN_3DBall_3267,3DBall,3267,12.0,ppo,100000,104,19532,0.0005199740104747,3.0,107,39.8,57.8,1.6042,12000,1.1952,12000,3.4796,46000,5.4778,96000,84000,0.0782,24000,0.2919,24000,1.4004,12000,2.5657600000000005,72000,76.5,2025-11-21_09-33,,
R_LN_3DBall_3268,3DBall,3268,12.0,ppo,100000,72,13571,0.0008580259214638,3.0,97,42.2,57.7,1.6937,12000,1.1362,12000,4.5879,46000,8.1091,96000,84000,0.0956,24000,0.4626,24000,1.412,12000,2.5657600000000005,60000,55.3,2025-11-21_09-33,,
R_LN_3DBall_3269,3DBall,3269,12.0,ppo,100000,41,7845,0.0008683911963052,3.0,108,40.7,57.8,10.3875,12000,1.4682,12000,54.4333,46000,88.9077,96000,84000,0.1232,12000,1.321,12000,1.3687,12000,2.5657600000000005,36000,30.8,2025-11-21_09-33,,
R_LN_3DBall_3270,3DBall,3270,12.0,ppo,100000,152,28672,0.0006604228512604,3.0,90,41.6,57.7,1.2255,12000,1.1558,12000,1.5112,46000,1.8063,96000,84000,0.0647,36000,0.2415,36000,1.4137,12000,2.5657600000000005,Not reached,Not reached,2025-11-21_09-33,,
R_LN_3DBall_3271,3DBall,3271,12.0,ppo,100000,104,19624,0.0002583474775199,3.0,109,41.4,57.3,1.4084,12000,1.1619,12000,2.5265,46000,3.4402,96000,84000,0.0816,24000,0.2107,24000,1.4165,12000,2.5657600000000005,72000,77.9,2025-11-21_09-33,,
R_LN_3DBall_3272,3DBall,3272,12.0,ppo,100000,32,6098,0.0001078066654414,3.0,112,41.5,57.1,4.9624,12000,1.34,12000,44.962,46000,84.9857,96000,84000,0.1402,12000,1.0976,12000,1.4088,12000,2.5657600000000005,48000,48.1,2025-11-21_09-33,,
R_LN_3DBall_3273,3DBall,3273,12.0,ppo,100000,67,12742,0.0002656099441836,3.0,98,43.0,57.2,1.9456,12000,1.1708,12000,7.1589,46000,16.05,96000,84000,0.0989,24000,0.4757,24000,1.4043,12000,2.5657600000000005,60000,55.8,2025-11-21_09-33,,
R_LN_3DBall_3274,3DBall,3274,12.0,ppo,100000,40,7652,0.0006007558871843,3.0,106,40.1,57.1,10.7144,12000,1.5218,12000,62.795,46000,100.0,96000,84000,0.1282,12000,1.2832,12000,1.3643,12000,2.5657600000000005,36000,30.3,2025-11-21_09-33,,
R_LN_3DBall_3275,3DBall,3275,12.0,ppo,100000,33,6304,0.0003473579065016,3.0,119,42.1,57.2,25.9038,12000,1.7486,12000,78.2224,46000,100.0,96000,84000,0.141,12000,1.0049,12000,1.3744,12000,2.5657600000000005,36000,34.0,2025-11-21_09-33,,
R_LN_3DBall_3276,3DBall,3276,12.0,ppo,100000,180,33791,0.0001093074573788,3.0,87,41.9,57.3,1.1246,12000,1.0924,12000,1.1519,46000,1.195,96000,84000,0.0602,36000,0.4544,36000,1.4174,12000,2.5657600000000005,Not reached,Not reached,2025-11-21_09-33,,
R_LN_3DBall_3277,3DBall,3277,12.0,ppo,100000,34,6458,0.0002389647897959,3.0,131,40.6,57.4,21.9758,12000,1.8743,12000,66.4247,46000,92.3308,72000,84000,0.1363,12000,1.155,12000,1.3855,12000,2.5657600000000005,36000,37.5,2025-11-21_09-33,,
R_LN_3DBall_3278,3DBall,3278,12.0,ppo,100000,173,32567,0.0005875115997159,3.0,94,41.9,57.4,1.2203,12000,1.1089,12000,1.5561,46000,1.8453,96000,84000,0.0578,36000,0.1753,36000,1.4189,12000,2.5657600000000005,Not reached,Not reached,2025-11-21_09-33,,
R_LN_3DBall_3279,3DBall,3279,12.0,ppo,100000,95,17818,0.000418291779614,3.0,94,41.0,57.2,1.3786,12000,1.1486,12000,2.3008,46000,3.1592,96000,84000,0.0836,24000,0.3175,24000,1.415,12000,2.5657600000000005,84000,80.6,2025-11-21_09-33,,
R_LN_3DBall_3280,3DBall,3280,12.0,ppo,100000,100,18831,0.0007379260944463,3.0,94,41.7,57.2,1.4868,12000,1.1898,12000,2.8151,46000,4.4606,96000,84000,0.0782,24000,0.2494,24000,1.4097,12000,2.5657600000000005,72000,67.0,2025-11-21_09-33,,
R_LN_3DBall_3281,3DBall,3281,12.0,ppo,100000,38,7263,0.0008793787478247,3.0,108,41.3,57.2,15.1528,12000,1.5307,12000,63.1958,46000,88.4923,96000,84000,0.1314,12000,1.1757,12000,1.3746,12000,2.5657600000000005,36000,30.9,2025-11-21_09-33,,
R_LN_3DBall_3282,3DBall,3282,12.0,ppo,100000,118,22127,0.0008597058887964,3.0,93,40.9,57.3,1.2009,12000,1.1158,12000,1.5349,46000,1.8898,96000,84000,0.0739,24000,0.2557,24000,1.4136,12000,2.5657600000000005,Not reached,Not reached,2025-11-21_09-33,,
R_LN_3DBall_3283,3DBall,3283,12.0,ppo,100000,126,23671,0.000875653856063,3.0,95,40.5,57.4,1.2809,12000,1.0812,12000,1.9995,46000,2.6661,84000,84000,0.0714,24000,0.1873,24000,1.4125,12000,2.5657600000000005,84000,81.3,2025-11-21_09-33,,
R_LN_3DBall_3284,3DBall,3284,12.0,ppo,100000,49,9246,0.0003034230215823,3.0,102,41.3,57.3,3.6345,12000,1.2851,12000,36.3183,46000,77.7733,96000,84000,0.1128,12000,0.7855,12000,1.4004,12000,2.5657600000000005,48000,43.7,2025-11-21_09-33,,
R_LN_3DBall_3285,3DBall,3285,12.0,ppo,100000,146,27423,0.0008494546179675,3.0,92,41.8,57.4,1.1982,12000,1.0834,12000,1.5552,46000,1.9961,96000,84000,0.0668,36000,0.2103,36000,1.4198,12000,2.5657600000000005,Not reached,Not reached,2025-11-21_09-33,,
R_LN_3DBall_3286,3DBall,3286,12.0,ppo,100000,45,8562,0.0006770946461023,3.0,104,42.3,58.2,5.2158,12000,1.483,12000,42.0906,46000,82.1143,84000,84000,0.1174,12000,1.0346,12000,1.3918,12000,2.5657600000000005,36000,29.7,2025-11-21_09-33,,
R_LN_3DBall_3287,3DBall,3287,12.0,ppo,100000,106,20056,0.0008478397512312,3.0,90,42.4,57.8,1.401,12000,1.1243,12000,2.558,46000,3.7943,96000,84000,0.0784,24000,0.2057,24000,1.4189,12000,2.5657600000000005,72000,64.3,2025-11-21_09-33,,
R_LN_3DBall_3288,3DBall,3288,12.0,ppo,100000,71,13434,0.0007705641724813,3.0,98,40.0,57.7,2.246,12000,1.1913,12000,13.3937,46000,37.0903,96000,84000,0.0941,24000,0.7572,24000,1.3923,12000,2.5657600000000005,48000,42.0,2025-11-21_09-33,,
R_LN_3DBall_3289,3DBall,3289,12.0,ppo,100000,90,16910,0.0006820257568972,3.0,92,42.5,57.8,1.745,12000,1.2189,12000,5.0282,46000,11.0827,96000,84000,0.0841,24000,0.3891,24000,1.4007,12000,2.5657600000000005,60000,52.5,2025-11-21_09-33,,
R_LN_3DBall_3290,3DBall,3290,12.0,ppo,100000,180,33833,0.0003760350800398,3.0,89,41.2,57.8,1.2728,12000,1.1726,12000,1.6112,46000,1.9098,96000,84000,0.0601,36000,0.188,36000,1.4176,12000,2.5657600000000005,Not reached,Not reached,2025-11-21_09-33,,
R_LN_3DBall_3291,3DBall,3291,12.0,ppo,100000,57,10845,0.0002695511989267,3.0,106,41.5,57.7,3.0566,12000,1.2761,12000,24.659,46000,56.155,96000,84000,0.1071,12000,0.6604,12000,1.3967,12000,2.5657600000000005,48000,45.5,2025-11-21_09-33,,
R_LN_3DBall_3292,3DBall,3292,12.0,ppo,100000,181,34058,0.0005226049260415,3.0,90,41.7,57.8,1.29,12000,1.2103,12000,1.6351,46000,1.8816,96000,84000,0.0619,36000,0.1678,36000,1.412,12000,2.5657600000000005,Not reached,Not reached,2025-11-21_09-33,,
R_LN_3DBall_3293,3DBall,3293,12.0,ppo,100000,121,22728,0.0003452162853444,3.0,96,41.9,57.5,1.3402,12000,1.1071,12000,2.2041,46000,3.0131,96000,84000,0.0722,24000,0.2412,24000,1.4132,12000,2.5657600000000005,84000,82.2,2025-11-21_09-33,,
R_LN_3DBall_3294,3DBall,3294,12.0,ppo,100000,57,10754,0.0004926300290199,3.0,102,41.2,57.4,3.125,12000,1.2446,12000,25.9197,46000,65.3278,96000,84000,0.1051,12000,0.65,12000,1.3838,12000,2.5657600000000005,48000,43.7,2025-11-21_09-33,,
R_LN_3DBall_3295,3DBall,3295,12.0,ppo,100000,59,11207,0.0008026013612633,3.0,98,41.2,57.3,2.8321,12000,1.2192,12000,18.9425,46000,47.396,96000,84000,0.1031,12000,0.7675,12000,1.3947,12000,2.5657600000000005,48000,41.9,2025-11-21_09-33,,
R_LN_3DBall_3296,3DBall,3296,12.0,ppo,100000,113,21298,0.0001074673681175,3.0,94,42.8,57.6,1.2771,12000,1.1523,12000,1.7534,46000,2.3051,96000,84000,0.0742,24000,0.251,24000,1.4166,12000,2.5657600000000005,Not reached,Not reached,2025-11-21_09-33,,
R_LN_3DBall_3297,3DBall,3297,12.0,ppo,100000,147,27610,0.0008801342874755,3.0,91,40.2,57.5,1.2512,12000,1.1111,12000,1.8774,46000,2.7187,96000,84000,0.0677,36000,0.2262,36000,1.4174,12000,2.5657600000000005,96000,90.9,2025-11-21_09-33,,
R_LN_3DBall_3298,3DBall,3298,12.0,ppo,100000,189,35464,0.000130386975683,3.0,89,42.6,57.8,1.1231,12000,1.1015,12000,1.1219,46000,1.1541,36000,84000,0.0594,36000,0.4276,36000,1.4157,12000,2.5657600000000005,Not reached,Not reached,2025-11-21_09-33,,
R_LN_3DBall_3299,3DBall,3299,12.0,ppo,100000,62,11788,9.693464511130158e-05,3.0,101,40.0,57.5,1.3733,12000,1.1789,12000,1.8081,46000,2.1981,96000,84000,0.1008,12000,0.356,12000,1.4141,12000,2.5657600000000005,Not reached,Not reached,2025-11-21_09-33,,
R_LN_3DBall_3300,3DBall,3300,12.0,ppo,100000,76,14268,0.0008661419616517,3.0,97,42.2,57.6,2.182,12000,1.2575,12000,12.9533,46000,33.4771,96000,84000,0.0913,24000,0.8221,24000,1.3907,12000,2.5657600000000005,48000,41.5,2025-11-21_09-33,,
R_LN_3DBall_3301,3DBall,3301,12.0,ppo,100000,126,23682,0.0002767931208814,3.0,94,39.6,57.6,1.4052,12000,1.1372,12000,2.0402,46000,2.5719,96000,84000,0.0691,24000,0.254,24000,1.4133,12000,2.5657600000000005,96000,94.0,2025-11-21_09-33,,
R_LN_3DBall_3302,3DBall,3302,12.0,ppo,100000,98,18417,0.0006843108765483,3.0,98,42.0,57.6,1.7653,12000,1.2225,12000,4.3705,46000,7.5662,96000,84000,0.0811,24000,0.2758,24000,1.3982,12000,2.5657600000000005,60000,56.0,2025-11-21_09-33,,
R_LN_3DBall_3303,3DBall,3303,12.0,ppo,100000,126,23687,0.0002650384647037,3.0,95,39.8,57.8,1.2665,12000,1.0755,12000,1.7982,46000,2.2122,96000,84000,0.0684,24000,0.2179,24000,1.4163,12000,2.5657600000000005,Not reached,Not reached,2025-11-21_09-33,,
R_LN_3DBall_3304,3DBall,3304,12.0,ppo,100000,42,7965,0.0001032691501536,3.0,107,42.0,57.6,1.6137,12000,1.2173,12000,3.3643,46000,5.0788,96000,84000,0.124,12000,0.4703,12000,1.4115,12000,2.5657600000000005,72000,76.4,2025-11-21_09-33,,
R_LN_3DBall_3305,3DBall,3305,12.0,ppo,100000,61,11550,0.0004122902404475,3.0,98,41.8,57.6,2.0385,12000,1.2561,12000,7.5593,46000,17.0167,96000,84000,0.1028,12000,0.4656,12000,1.3984,12000,2.5657600000000005,60000,56.0,2025-11-21_09-33,,
R_LN_3DBall_3306,3DBall,3306,12.0,ppo,100000,46,8710,0.0006885112082208,3.0,123,40.7,57.8,5.6071,12000,1.4101,12000,41.1806,46000,91.4,96000,84000,0.1177,12000,1.042,12000,1.3721,12000,2.5657600000000005,36000,35.2,2025-11-21_09-33,,
R_LN_3DBall_3307,3DBall,3307,12.0,ppo,100000,32,6145,0.0004374425734732,3.0,113,39.6,58.1,7.5196,12000,1.3422,12000,51.9226,46000,98.875,96000,84000,0.1411,12000,1.1944,12000,1.3862,12000,2.5657600000000005,36000,32.3,2025-11-21_09-33,,
R_LN_3DBall_3308,3DBall,3308,12.0,ppo,100000,117,21959,0.0005534609028226,3.0,94,40.3,58.0,1.2075,12000,1.109,12000,1.531,46000,1.8537,96000,84000,0.0725,24000,0.2421,24000,1.4111,12000,2.5657600000000005,Not reached,Not reached,2025-11-21_09-33,,
R_LN_3DBall_3309,3DBall,3309,12.0,ppo,100000,59,11170,0.0004655681721376,3.0,102,42.1,58.0,3.0433,12000,1.2441,12000,21.6877,46000,52.8619,96000,84000,0.1041,12000,0.7027,12000,1.398,12000,2.5657600000000005,48000,43.7,2025-11-21_09-33,,
R_LN_3DBall_3310,3DBall,3310,12.0,ppo,100000,124,23304,0.0003313464033211,3.0,97,41.8,57.8,1.3938,12000,1.1377,12000,2.1282,46000,2.7819,96000,84000,0.0732,24000,0.2414,24000,1.4173,12000,2.5657600000000005,84000,83.1,2025-11-21_09-33,,
R_LN_3DBall_3311,3DBall,3311,12.0,ppo,100000,170,31981,0.0006435675329617,3.0,94,39.7,63.0,1.2161,12000,1.1428,12000,1.4667,46000,1.6506,84000,84000,0.0613,36000,0.1968,36000,1.4169,12000,2.5657600000000005,Not reached,Not reached,2025-11-21_09-33,,
R_LN_3DBall_3312,3DBall,3312,12.0,ppo,100000,98,18379,0.0005168215390189,3.0,95,41.6,64.8,1.3512,12000,1.1648,12000,2.0173,46000,2.5248,96000,84000,0.0834,24000,0.3038,24000,1.4039,12000,2.5657600000000005,Not reached,Not reached,2025-11-21_09-33,,
R_LN_3DBall_3313,3DBall,3313,12.0,ppo,100000,61,11594,0.0004800137779204,3.0,105,40.1,60.6,2.5561,12000,1.1854,12000,15.9444,46000,39.2,96000,84000,0.1029,12000,0.5979,12000,1.3862,12000,2.5657600000000005,48000,45.0,2025-11-21_09-33,,
R_LN_3DBall_3314,3DBall,3314,12.0,ppo,100000,177,33215,0.0005810087775226,3.0,104,41.0,58.4,1.2657,12000,1.1065,12000,1.7578,46000,2.1348,96000,84000,0.0613,36000,0.1787,36000,1.4116,12000,2.5657600000000005,Not reached,Not reached,2025-11-21_09-33,,
R_LN_3DBall_3315,3DBall,3315,12.0,ppo,100000,124,23403,9.83689698336804e-05,3.0,106,41.0,57.9,1.3944,12000,1.1844,12000,2.0464,46000,2.6991,96000,84000,0.0716,24000,0.2562,24000,1.4168,12000,2.5657600000000005,96000,106.0,2025-11-21_09-33,,
R_LN_3DBall_3316,3DBall,3316,12.0,ppo,100000,58,10958,0.0003569348913648,3.0,101,41.4,57.7,1.7864,12000,1.1563,12000,6.2214,46000,13.5098,96000,84000,0.1041,12000,0.3352,12000,1.4079,12000,2.5657600000000005,60000,57.6,2025-11-21_09-33,,
R_LN_3DBall_3317,3DBall,3317,12.0,ppo,100000,33,6335,0.0008897395208259,3.0,114,41.8,57.7,27.4374,12000,1.7516,12000,82.664,46000,100.0,96000,84000,0.1385,12000,0.8713,12000,1.3486,12000,2.5657600000000005,36000,32.6,2025-11-21_09-33,,
R_LN_3DBall_3318,3DBall,3318,12.0,ppo,100000,119,22450,0.0002800865102647,3.0,93,39.8,57.8,1.2264,12000,1.1519,12000,1.4906,46000,1.64,84000,84000,0.0703,24000,0.3258,24000,1.4169,12000,2.5657600000000005,Not reached,Not reached,2025-11-21_09-33,,
R_LN_3DBall_3319,3DBall,3319,12.0,ppo,100000,158,29737,0.0005971500528307,3.0,93,42.3,57.9,1.1971,12000,1.1261,12000,1.6821,46000,2.1855,96000,84000,0.0623,36000,0.162,36000,1.4124,12000,2.5657600000000005,Not reached,Not reached,2025-11-21_09-33,,
R_LN_3DBall_3320,3DBall,3320,12.0,ppo,100000,176,33136,0.0002642685757634,3.0,95,40.7,58.2,1.1812,12000,1.0879,12000,1.4164,46000,1.5449,84000,84000,0.0586,36000,0.2181,36000,1.4191,12000,2.5657600000000005,Not reached,Not reached,2025-11-21_09-33,,
R_LN_3DBall_3321,3DBall,3321,12.0,ppo,100000,173,32452,0.0008039062193158,3.0,104,41.5,57.9,1.239,12000,1.1173,12000,1.6933,46000,2.0214,96000,84000,0.0621,36000,0.1551,36000,1.4131,12000,2.5657600000000005,Not reached,Not reached,2025-11-21_09-33,,
R_LN_3DBall_3322,3DBall,3322,12.0,ppo,100000,156,29392,3.93200867593041e-05,3.0,96,41.4,57.5,1.2318,12000,1.1722,12000,1.4939,46000,1.7103,96000,84000,0.0632,36000,0.2918,36000,1.4194,12000,2.5657600000000005,Not reached,Not reached,2025-11-21_09-33,,
R_LN_3DBall_3323,3DBall,3323,12.0,ppo,100000,41,7731,0.0003305316180319,3.0,112,41.8,57.4,8.2602,12000,1.3903,12000,53.7685,46000,92.7846,84000,84000,0.1238,12000,1.2422,12000,1.3923,12000,2.5657600000000005,36000,32.0,2025-11-21_09-33,,
R_LN_3DBall_3324,3DBall,3324,12.0,ppo,100000,114,21550,0.0001858568326162,3.0,94,41.0,57.5,1.3845,12000,1.177,12000,2.1307,46000,3.0592,96000,84000,0.0728,24000,0.2623,24000,1.4181,12000,2.5657600000000005,96000,94.0,2025-11-21_09-33,,
R_LN_3DBall_3325,3DBall,3325,12.0,ppo,100000,147,27645,0.0008742913927587,3.0,94,40.8,57.6,1.2675,12000,1.0641,12000,1.8958,46000,2.7977,96000,84000,0.0656,36000,0.2111,36000,1.4134,12000,2.5657600000000005,96000,94.0,2025-11-21_09-33,,
R_LN_3DBall_3326,3DBall,3326,12.0,ppo,100000,178,33495,0.0004224983323712,3.0,88,42.1,57.5,1.1379,12000,1.0713,12000,1.321,46000,1.4493,84000,84000,0.0615,36000,0.2109,36000,1.4162,12000,2.5657600000000005,Not reached,Not reached,2025-11-21_09-33,,
R_LN_3DBall_3327,3DBall,3327,12.0,ppo,100000,161,30241,0.0001002011359085,3.0,96,39.8,57.5,1.2175,12000,1.1656,12000,1.5181,46000,1.7355,96000,84000,0.0642,36000,0.2108,36000,1.418,12000,2.5657600000000005,Not reached,Not reached,2025-11-21_09-33,,
R_LN_3DBall_3328,3DBall,3328,12.0,ppo,100000,172,32404,0.0003732739497468,3.0,94,41.5,57.5,1.1419,12000,1.107,12000,1.3477,46000,1.5269,96000,84000,0.0595,36000,0.1856,36000,1.4166,12000,2.5657600000000005,Not reached,Not reached,2025-11-21_09-33,,
R_LN_3DBall_3329,3DBall,3329,12.0,ppo,100000,109,20512,0.0001639105800771,3.0,93,41.7,57.6,1.2848,12000,1.1427,12000,1.7491,46000,2.2873,96000,84000,0.0774,24000,0.2649,24000,1.4146,12000,2.5657600000000005,Not reached,Not reached,2025-11-21_09-33,,
R_LN_3DBall_3330,3DBall,3330,12.0,ppo,100000,74,13985,0.0001288478720906,3.0,112,42.1,57.6,2.1658,12000,1.2784,12000,7.797,46000,15.4914,96000,84000,0.0935,24000,0.7646,24000,1.4117,12000,2.5657600000000005,48000,48.0,2025-11-21_09-33,,
R_LN_3DBall_3331,3DBall,3331,12.0,ppo,100000,123,23239,0.0008508471572473,3.0,93,40.0,57.4,1.3089,12000,1.1698,12000,1.7118,46000,2.0442,96000,84000,0.0745,24000,0.2397,24000,1.4113,12000,2.5657600000000005,Not reached,Not reached,2025-11-21_09-33,,
R_LN_3DBall_3332,3DBall,3332,12.0,ppo,100000,34,6492,0.0003035192678317,3.0,132,41.7,57.6,14.5486,12000,1.7219,12000,63.7977,46000,89.35,96000,84000,0.1351,12000,1.4288,12000,1.386,12000,2.5657600000000005,36000,37.8,2025-11-21_09-33,,
R_LN_3DBall_3333,3DBall,3333,12.0,ppo,100000,163,30748,7.185179079055232e-05,3.0,93,41.8,57.8,1.145,12000,1.1215,12000,1.1913,46000,1.2349,72000,84000,0.0622,36000,0.5457,36000,1.4179,12000,2.5657600000000005,Not reached,Not reached,2025-11-21_09-33,,
R_LN_3DBall_3334,3DBall,3334,12.0,ppo,100000,117,22052,0.0008654281390717,3.0,93,40.5,58.4,1.29,12000,1.136,12000,1.8677,46000,2.3896,96000,84000,0.0736,24000,0.2081,24000,1.4083,12000,2.5657600000000005,Not reached,Not reached,2025-11-21_09-33,,
R_LN_3DBall_3335,3DBall,3335,12.0,ppo,100000,101,19057,0.000156242804822,3.0,108,41.8,58.2,1.4366,12000,1.1579,12000,2.6963,46000,4.0483,96000,84000,0.0768,24000,0.2355,24000,1.4135,12000,2.5657600000000005,84000,92.6,2025-11-21_09-33,,
R_LN_3DBall_3336,3DBall,3336,12.0,ppo,100000,92,17395,0.0001156509507295,3.0,98,40.2,58.0,1.4352,12000,1.1498,12000,2.5443,46000,3.5266,96000,84000,0.0853,24000,0.2844,24000,1.4143,12000,2.5657600000000005,84000,84.0,2025-11-21_09-33,,
R_LN_3DBall_3337,3DBall,3337,12.0,ppo,100000,182,34178,0.0001908610368211,3.0,97,42.1,58.3,1.1768,12000,1.0673,12000,1.4098,46000,1.5904,96000,84000,0.0599,36000,0.1748,36000,1.4188,12000,2.5657600000000005,Not reached,Not reached,2025-11-21_09-33,,
R_LN_3DBall_3338,3DBall,3338,12.0,ppo,100000,188,35385,0.0002392371829552,3.0,89,40.9,58.2,1.1212,12000,1.1068,12000,1.1753,46000,1.223,72000,84000,0.0581,36000,0.3902,36000,1.4194,12000,2.5657600000000005,Not reached,Not reached,2025-11-21_09-33,,
R_LN_3DBall_3339,3DBall,3339,12.0,ppo,100000,99,18586,0.0003658411513944,3.0,95,41.5,57.9,1.3014,12000,1.1357,12000,1.9263,46000,2.4934,96000,84000,0.0805,24000,0.2459,24000,1.4089,12000,2.5657600000000005,Not reached,Not reached,2025-11-21_09-33,,
R_LN_3DBall_3340,3DBall,3340,12.0,ppo,100000,74,13880,0.0008746610679062,3.0,99,40.7,57.5,2.2341,12000,1.2326,12000,14.9519,46000,42.1536,96000,84000,0.0933,24000,0.8092,24000,1.3859,12000,2.5657600000000005,48000,42.4,2025-11-21_09-33,,
R_LN_3DBall_3341,3DBall,3341,12.0,ppo,100000,53,10065,9.00867038764305e-05,3.0,101,41.4,57.7,1.5514,12000,1.1443,12000,3.2908,46000,5.3037,96000,84000,0.1075,12000,0.3452,12000,1.4122,12000,2.5657600000000005,72000,72.1,2025-11-21_09-33,,
R_LN_3DBall_3342,3DBall,3342,12.0,ppo,100000,107,20190,0.0008976034734184,3.0,101,41.8,57.7,1.6533,12000,1.2121,12000,4.651,46000,9.4316,96000,84000,0.0795,24000,0.3093,24000,1.3987,12000,2.5657600000000005,72000,72.2,2025-11-21_09-33,,
R_LN_3DBall_3343,3DBall,3343,12.0,ppo,100000,121,22734,3.3488672546852995e-05,3.0,95,40.5,57.6,1.1381,12000,1.114,12000,1.1699,46000,1.216,48000,84000,0.0708,24000,0.4946,24000,1.418,12000,2.5657600000000005,Not reached,Not reached,2025-11-21_09-33,,
R_LN_3DBall_3344,3DBall,3344,12.0,ppo,100000,36,6785,0.0005879051840761,3.0,110,39.9,57.6,3.6988,12000,1.2655,12000,41.1888,46000,93.5616,96000,84000,0.1331,12000,0.8523,12000,1.3785,12000,2.5657600000000005,48000,47.1,2025-11-21_09-33,,
R_LN_3DBall_3345,3DBall,3345,12.0,ppo,100000,167,31361,0.0002615912188926,3.0,93,40.3,57.8,1.1794,12000,1.1386,12000,1.2371,46000,1.3076,96000,84000,0.0603,36000,0.6108,36000,1.4182,12000,2.5657600000000005,Not reached,Not reached,2025-11-21_09-33,,
R_LN_3DBall_3346,3DBall,3346,12.0,ppo,100000,129,24310,7.340666821328078e-05,3.0,96,41.9,57.7,1.1371,12000,1.1458,12000,1.1305,46000,1.1763,96000,84000,0.0699,36000,0.3935,36000,1.4168,12000,2.5657600000000005,Not reached,Not reached,2025-11-21_09-33,,
R_LN_3DBall_3347,3DBall,3347,12.0,ppo,100000,92,17322,0.0006610626771236,3.0,93,40.4,57.6,1.5829,12000,1.1925,12000,3.3184,46000,5.3546,96000,84000,0.083,24000,0.4125,24000,1.4054,12000,2.5657600000000005,72000,66.3,2025-11-21_09-33,,
R_LN_3DBall_3348,3DBall,3348,12.0,ppo,100000,150,28170,0.0007489655077577,3.0,94,41.9,57.7,1.2659,12000,1.1544,12000,1.8296,46000,2.7323,96000,84000,0.064,36000,0.151,36000,1.4181,12000,2.5657600000000005,96000,93.9,2025-11-21_09-33,,
R_LN_3DBall_3349,3DBall,3349,12.0,ppo,100000,122,22890,0.0005134325185129,3.0,104,41.3,57.8,1.4642,12000,1.1177,12000,2.6862,46000,4.078,96000,84000,0.073,24000,0.2742,24000,1.4098,12000,2.5657600000000005,84000,89.3,2025-11-21_09-33,,
R_LN_3DBall_3350,3DBall,3350,12.0,ppo,100000,118,22247,0.0002435874751162,3.0,104,40.1,57.8,1.4004,12000,1.1833,12000,2.2867,46000,3.2745,96000,84000,0.0761,24000,0.231,24000,1.4161,12000,2.5657600000000005,84000,89.0,2025-11-21_09-33,,
R_LN_3DBall_3351,3DBall,3351,12.0,ppo,100000,123,23114,0.0008610171318286,3.0,97,41.7,57.8,1.4163,12000,1.1038,12000,2.4614,46000,3.388,96000,84000,0.0749,24000,0.2409,24000,1.4087,12000,2.5657600000000005,84000,83.2,2025-11-21_09-33,,
R_LN_3DBall_3352,3DBall,3352,12.0,ppo,100000,50,9542,0.000735469124605,3.0,120,40.6,58.4,5.6894,12000,1.4134,12000,45.6444,46000,84.7857,96000,84000,0.1133,12000,0.8443,12000,1.3719,12000,2.5657600000000005,36000,34.4,2025-11-21_09-33,,
R_LN_3DBall_3353,3DBall,3353,12.0,ppo,100000,64,12124,0.0007816343353559,3.0,105,42.4,58.2,2.46,12000,1.1675,12000,19.7913,46000,61.2389,96000,84000,0.099,24000,0.7162,24000,1.3811,12000,2.5657600000000005,48000,45.0,2025-11-21_09-33,,
R_LN_3DBall_3354,3DBall,3354,12.0,ppo,100000,142,26668,0.0008538010080397,3.0,93,40.8,58.5,1.3386,12000,1.1245,12000,2.1601,46000,3.2681,96000,84000,0.0689,36000,0.2692,36000,1.4103,12000,2.5657600000000005,96000,93.0,2025-11-21_09-33,,
R_LN_3DBall_3355,3DBall,3355,12.0,ppo,100000,96,18157,0.0007400851025352,3.0,106,41.2,58.2,1.6869,12000,1.2231,12000,4.5554,46000,8.7439,96000,84000,0.0814,24000,0.2627,24000,1.3944,12000,2.5657600000000005,72000,75.7,2025-11-21_09-33,,
R_LN_3DBall_3356,3DBall,3356,12.0,ppo,100000,180,33907,0.0002200063923883,3.0,89,42.2,57.8,1.1811,12000,1.1251,12000,1.393,46000,1.5511,96000,84000,0.0579,36000,0.2631,36000,1.4167,12000,2.5657600000000005,Not reached,Not reached,2025-11-21_09-33,,
R_LN_3DBall_3357,3DBall,3357,12.0,ppo,100000,175,32962,0.0005996363872123,3.0,94,39.8,57.7,1.248,12000,1.1397,12000,1.5526,46000,1.7743,96000,84000,0.0609,36000,0.206,36000,1.4172,12000,2.5657600000000005,Not reached,Not reached,2025-11-21_09-33,,
R_LN_3DBall_3358,3DBall,3358,12.0,ppo,100000,62,11803,0.0001675718286194,3.0,102,41.8,57.2,1.2096,12000,1.1319,12000,1.4782,46000,1.6849,96000,84000,0.1012,12000,0.3227,12000,1.3969,12000,2.5657600000000005,Not reached,Not reached,2025-11-21_09-33,,
R_LN_3DBall_3359,3DBall,3359,12.0,ppo,100000,120,22679,0.00024944914351,3.0,105,39.6,57.6,1.3538,12000,1.1066,12000,2.1891,46000,3.1031,96000,84000,0.074,24000,0.2092,24000,1.4097,12000,2.5657600000000005,84000,90.0,2025-11-21_09-33,,
R_LN_3DBall_3360,3DBall,3360,12.0,ppo,100000,149,27971,4.848051864943245e-05,3.0,92,42.3,57.5,1.2142,12000,1.1807,12000,1.2612,46000,1.32,84000,84000,0.0647,36000,0.4936,36000,1.4182,12000,2.5657600000000005,Not reached,Not reached,2025-11-21_09-33,,
R_LN_3DBall_3361,3DBall,3361,12.0,ppo,100000,104,19639,0.0006463281057526,3.0,97,40.4,57.6,1.2531,12000,1.119,12000,1.6821,46000,2.1361,96000,84000,0.0767,24000,0.2708,24000,1.4174,12000,2.5657600000000005,Not reached,Not reached,2025-11-21_09-33,,
R_LN_3DBall_3362,3DBall,3362,12.0,ppo,100000,171,32063,0.0008863642770539,3.0,105,41.3,57.7,1.1761,12000,1.1037,12000,1.6334,46000,1.9905,84000,84000,0.0623,36000,0.153,36000,1.4111,12000,2.5657600000000005,Not reached,Not reached,2025-11-21_09-33,,
R_LN_3DBall_3363,3DBall,3363,12.0,ppo,100000,165,31107,0.0001704451145538,3.0,95,40.4,57.7,1.3289,12000,1.19,12000,1.6988,46000,1.9435,96000,84000,0.0622,36000,0.2364,36000,1.4156,12000,2.5657600000000005,Not reached,Not reached,2025-11-21_09-33,,
R_LN_3DBall_3364,3DBall,3364,12.0,ppo,100000,108,20294,0.0008799721338304,3.0,94,40.9,57.5,1.6173,12000,1.2071,12000,3.9935,46000,8.0,96000,84000,0.0779,24000,0.3068,24000,1.4094,12000,2.5657600000000005,72000,67.0,2025-11-21_09-33,,
R_LN_3DBall_3365,3DBall,3365,12.0,ppo,100000,91,17231,0.0005624896885359,3.0,94,41.3,57.6,1.2248,12000,1.0661,12000,1.8808,46000,2.6393,96000,84000,0.083,24000,0.2309,24000,1.4026,12000,2.5657600000000005,96000,94.1,2025-11-21_09-33,,
R_LN_3DBall_3366,3DBall,3366,12.0,ppo,100000,162,30480,0.0003006136624761,3.0,103,39.9,57.8,1.1706,12000,1.1047,12000,1.6044,46000,2.0208,96000,84000,0.0632,36000,0.1503,36000,1.4151,12000,2.5657600000000005,Not reached,Not reached,2025-11-21_09-33,,
R_LN_3DBall_3367,3DBall,3367,12.0,ppo,100000,33,6343,0.0004429530854521,3.0,112,42.7,57.6,8.1871,12000,1.4042,12000,58.0022,46000,94.1923,96000,84000,0.1405,12000,1.2241,12000,1.3927,12000,2.5657600000000005,36000,32.0,2025-11-21_09-33,,
R_LN_3DBall_3368,3DBall,3368,12.0,ppo,100000,159,29832,7.070033326050075e-05,3.0,93,41.1,57.9,1.1932,12000,1.1672,12000,1.2278,46000,1.2727,96000,84000,0.0639,36000,0.436,36000,1.4169,12000,2.5657600000000005,Not reached,Not reached,2025-11-21_09-33,,
R_LN_3DBall_3369,3DBall,3369,12.0,ppo,100000,62,11735,0.0004786432433154,3.0,115,41.5,57.8,2.5252,12000,1.1815,12000,22.7306,46000,48.6348,96000,84000,0.1018,12000,0.639,12000,1.3943,12000,2.5657600000000005,48000,49.3,2025-11-21_09-33,,
R_LN_3DBall_3370,3DBall,3370,12.0,ppo,100000,103,19446,0.0004091610900273,3.0,97,42.2,58.5,1.4044,12000,1.1576,12000,2.6571,46000,4.0681,96000,84000,0.0792,24000,0.2041,24000,1.415,12000,2.5657600000000005,72000,69.3,2025-11-21_09-33,,
R_LN_3DBall_3371,3DBall,3371,12.0,ppo,100000,174,32736,0.0003929948479066,3.0,93,40.5,58.2,1.2359,12000,1.1427,12000,1.492,46000,1.6579,84000,84000,0.0613,36000,0.2535,36000,1.4192,12000,2.5657600000000005,Not reached,Not reached,2025-11-21_09-33,,
R_LN_3DBall_3372,3DBall,3372,12.0,ppo,100000,118,22133,0.0003742791644454,3.0,95,41.9,58.2,1.4244,12000,1.126,12000,2.4111,46000,3.4253,96000,84000,0.0737,24000,0.2534,24000,1.4119,12000,2.5657600000000005,84000,81.5,2025-11-21_09-33,,
R_LN_3DBall_3373,3DBall,3373,12.0,ppo,100000,160,30131,0.0004894040422345,3.0,96,40.3,58.2,1.2723,12000,1.1331,12000,1.7836,46000,2.1024,84000,84000,0.0638,36000,0.1649,36000,1.413,12000,2.5657600000000005,Not reached,Not reached,2025-11-21_09-33,,
R_LN_3DBall_3374,3DBall,3374,12.0,ppo,100000,39,7373,0.0008008641096812,3.0,105,42.4,57.7,10.8788,12000,1.3961,12000,62.9286,46000,98.225,84000,84000,0.1245,12000,1.2112,12000,1.3799,12000,2.5657600000000005,36000,30.0,2025-11-21_09-33,,
R_LN_3DBall_3375,3DBall,3375,12.0,ppo,100000,112,21184,0.0002421467141671,3.0,93,40.4,57.9,1.2361,12000,1.151,12000,1.4394,46000,1.6362,96000,84000,0.077,24000,0.332,24000,1.4131,12000,2.5657600000000005,Not reached,Not reached,2025-11-21_09-33,,
R_LN_3DBall_3376,3DBall,3376,12.0,ppo,100000,96,18068,0.0001531913103304,3.0,97,42.1,57.8,1.1319,12000,1.122,12000,1.1824,46000,1.2531,84000,84000,0.0808,24000,0.4342,24000,1.4172,12000,2.5657600000000005,Not reached,Not reached,2025-11-21_09-33,,
R_LN_3DBall_3377,3DBall,3377,12.0,ppo,100000,36,6836,0.0004630098296545,3.0,110,41.5,57.8,14.5906,12000,1.6705,12000,66.3097,46000,100.0,96000,84000,0.1337,12000,1.4663,12000,1.3805,12000,2.5657600000000005,36000,31.4,2025-11-21_09-33,,
R_LN_3DBall_3378,3DBall,3378,12.0,ppo,100000,34,6469,9.174079452136125e-05,3.0,115,41.8,57.8,1.4893,12000,1.2142,12000,2.6677,46000,3.6996,96000,84000,0.1353,12000,0.3612,12000,1.4028,12000,2.5657600000000005,72000,82.3,2025-11-21_09-33,,
R_LN_3DBall_3379,3DBall,3379,12.0,ppo,100000,120,22645,0.0004031703155224,3.0,94,41.5,57.9,1.2531,12000,1.0833,12000,1.7179,46000,2.0915,96000,84000,0.0728,24000,0.2298,24000,1.4124,12000,2.5657600000000005,Not reached,Not reached,2025-11-21_09-33,,
R_LN_3DBall_3380,3DBall,3380,12.0,ppo,100000,135,25420,0.0005409793227083,3.0,89,40.7,57.9,1.2397,12000,1.1245,12000,1.6204,46000,2.0313,96000,84000,0.0671,36000,0.2446,36000,1.4225,12000,2.5657600000000005,Not reached,Not reached,2025-11-21_09-33,,
R_LN_3DBall_3381,3DBall,3381,12.0,ppo,100000,155,29157,0.0003748023216577,3.0,92,41.9,58.0,1.223,12000,1.1729,12000,1.3758,46000,1.4641,84000,84000,0.0641,36000,0.3334,36000,1.4145,12000,2.5657600000000005,Not reached,Not reached,2025-11-21_09-33,,
R_LN_3DBall_3382,3DBall,3382,12.0,ppo,100000,163,30588,0.0001888661289162,3.0,92,40.5,57.8,1.1156,12000,1.0889,12000,1.1979,46000,1.2318,84000,84000,0.0619,36000,0.4966,36000,1.4187,12000,2.5657600000000005,Not reached,Not reached,2025-11-21_09-33,,
R_LN_3DBall_3383,3DBall,3383,12.0,ppo,100000,84,15866,0.0008709506048375,3.0,96,42.1,59.2,1.3869,12000,1.1299,12000,2.5546,46000,3.9151,96000,84000,0.0887,24000,0.3148,24000,1.4132,12000,2.5657600000000005,84000,82.1,2025-11-21_09-33,,
R_LN_3DBall_3384,3DBall,3384,12.0,ppo,100000,103,19312,0.0006395047416975,3.0,95,40.4,65.4,1.4199,12000,1.1606,12000,2.4562,46000,3.5735,96000,84000,0.0762,24000,0.2485,24000,1.4059,12000,2.5657600000000005,84000,81.2,2025-11-21_09-33,,
R_LN_3DBall_3385,3DBall,3385,12.0,ppo,100000,178,33479,0.0003515869319869,3.0,98,48.2,64.1,1.1447,12000,1.07,12000,1.359,46000,1.5241,84000,84000,0.0607,36000,0.1818,36000,1.4195,12000,2.5657600000000005,Not reached,Not reached,2025-11-21_09-33,,
R_LN_3DBall_3386,3DBall,3386,12.0,ppo,100000,97,18321,0.0007839642479691,3.0,121,58.5,66.2,1.4067,12000,1.1409,12000,2.5674,46000,3.7619,96000,84000,0.0818,24000,0.2367,24000,1.4113,12000,2.5657600000000005,84000,104.0,2025-11-21_09-33,,
R_LN_3DBall_3387,3DBall,3387,12.0,ppo,100000,98,18437,0.0007106392043848,3.0,127,62.7,66.2,1.3017,12000,1.0758,12000,2.0295,46000,2.7524,96000,84000,0.0842,24000,0.2598,24000,1.4105,12000,2.5657600000000005,96000,126.6,2025-11-21_09-33,,
R_LN_3DBall_3388,3DBall,3388,12.0,ppo,100000,45,8442,0.0003197267846442,3.0,150,69.8,77.2,1.7721,12000,1.166,12000,6.5904,46000,13.7099,96000,84000,0.1197,12000,0.3907,12000,1.3936,12000,2.5657600000000005,60000,85.6,2025-11-21_09-33,,
R_LN_3DBall_3389,3DBall,3389,12.0,ppo,100000,149,27990,0.0003599104307529,3.0,108,57.5,86.1,1.2241,12000,1.2307,12000,1.3431,46000,1.591,96000,84000,0.0633,36000,0.3724,36000,1.4146,12000,2.5657600000000005,Not reached,Not reached,2025-11-21_09-33,,
R_LN_3DBall_3390,3DBall,3390,12.0,ppo,100000,97,18350,0.0003100814589676,3.0,125,60.7,78.3,1.2664,12000,1.1243,12000,1.8112,46000,2.317,96000,84000,0.0806,24000,0.2291,24000,1.4217,12000,2.5657600000000005,Not reached,Not reached,2025-11-21_09-33,,
R_LN_3DBall_3391,3DBall,3391,12.0,ppo,100000,124,23380,5.7476616851412767e-05,3.0,121,59.4,63.2,1.1453,12000,1.1175,12000,1.1864,46000,1.2187,72000,84000,0.0707,24000,0.4756,24000,1.4171,12000,2.5657600000000005,Not reached,Not reached,2025-11-21_09-33,,
R_LN_3DBall_3392,3DBall,3392,12.0,ppo,100000,134,25217,0.0003400951884793,3.0,113,56.8,63.5,1.378,12000,1.1302,12000,2.205,46000,3.2562,96000,84000,0.0693,36000,0.2466,36000,1.415,12000,2.5657600000000005,96000,113.2,2025-11-21_09-33,,
R_LN_3DBall_3393,3DBall,3393,12.0,ppo,100000,57,10694,0.0006065168069833,3.0,123,56.1,63.5,2.7694,12000,1.2608,12000,23.8262,46000,60.24,96000,84000,0.108,12000,0.5227,12000,1.3877,12000,2.5657600000000005,48000,52.9,2025-11-21_09-33,,
R_LN_3DBall_3394,3DBall,3394,12.0,ppo,100000,127,23891,0.0004824918349963,3.0,117,56.7,63.7,1.3688,12000,1.1475,12000,1.9964,46000,2.523,96000,84000,0.0708,24000,0.2332,24000,1.4142,12000,2.5657600000000005,Not reached,Not reached,2025-11-21_09-33,,
R_LN_3DBall_3395,3DBall,3395,12.0,ppo,100000,131,24641,0.000690353117125,3.0,108,55.2,62.8,1.2424,12000,1.1569,12000,1.515,46000,1.7314,96000,84000,0.0697,36000,0.2754,36000,1.4151,12000,2.5657600000000005,Not reached,Not reached,2025-11-21_09-33,,
R_LN_3DBall_3396,3DBall,3396,12.0,ppo,100000,153,28718,0.0006263108097224,3.0,113,55.6,62.8,1.2571,12000,1.1048,12000,1.7917,46000,2.348,96000,84000,0.0661,36000,0.1631,36000,1.4128,12000,2.5657600000000005,Not reached,Not reached,2025-11-21_09-33,,
R_LN_3DBall_3397,3DBall,3397,12.0,ppo,100000,162,30537,0.0003897927001752,3.0,99,49.2,62.7,1.1601,12000,1.1017,12000,1.4709,46000,1.7354,96000,84000,0.0628,36000,0.1782,36000,1.4188,12000,2.5657600000000005,Not reached,Not reached,2025-11-21_09-33,,
R_LN_3DBall_3398,3DBall,3398,12.0,ppo,100000,130,24381,0.0008589160959957,3.0,100,45.2,61.2,1.287,12000,1.0786,12000,1.9735,46000,2.6934,96000,84000,0.0704,36000,0.1991,36000,1.4133,12000,2.5657600000000005,96000,100.1,2025-11-21_09-33,,
R_LN_3DBall_3399,3DBall,3399,12.0,ppo,100000,58,10990,0.0004956378231286,3.0,116,53.6,59.0,3.6155,12000,1.2443,12000,32.5814,46000,63.779,96000,84000,0.1056,12000,0.7944,12000,1.392,12000,2.5657600000000005,48000,49.8,2025-11-21_09-33,,
R_LN_3DBall_3400,3DBall,3400,12.0,ppo,100000,128,24000,0.0005392155467287,3.0,102,52.4,58.9,1.198,12000,1.0996,12000,1.5393,46000,1.872,96000,84000,0.071,36000,0.2011,36000,1.4177,12000,2.5657600000000005,Not reached,Not reached,2025-11-21_09-33,,
R_LN_3DBall_3401,3DBall,3401,12.0,ppo,100000,90,16881,0.0004208137130261,3.0,109,45.8,58.8,2.1216,12000,1.3177,12000,6.03,46000,11.1106,96000,84000,0.0862,24000,0.531,24000,1.4001,12000,2.5657600000000005,48000,46.8,2025-11-21_09-33,,
R_LN_3DBall_3402,3DBall,3402,12.0,ppo,100000,46,8670,0.0002858818417376,3.0,130,48.0,59.1,9.797,12000,1.5378,12000,60.5685,46000,95.1308,96000,84000,0.1186,12000,1.3819,12000,1.3788,12000,2.5657600000000005,36000,37.2,2025-11-21_09-33,,
R_LN_3DBall_3403,3DBall,3403,12.0,ppo,100000,89,16843,0.0003315487981022,3.0,100,48.3,59.6,1.2793,12000,1.1565,12000,1.6929,46000,2.0352,96000,84000,0.083,24000,0.3042,24000,1.4158,12000,2.5657600000000005,Not reached,Not reached,2025-11-21_09-33,,
R_LN_3DBall_3404,3DBall,3404,12.0,ppo,100000,109,20458,0.0002412790275876,3.0,98,46.3,60.4,1.4297,12000,1.1877,12000,2.3752,46000,3.3642,96000,84000,0.077,24000,0.2634,24000,1.4153,12000,2.5657600000000005,84000,83.9,2025-11-21_09-33,,
R_LN_3DBall_3405,3DBall,3405,12.0,ppo,100000,83,15654,0.0006286171559061,3.0,103,49.4,61.5,1.7691,12000,1.2261,12000,4.6062,46000,8.5637,96000,84000,0.0891,24000,0.3673,24000,1.4039,12000,2.5657600000000005,60000,59.0,2025-11-21_09-33,,
R_LN_3DBall_3406,3DBall,3406,12.0,ppo,100000,80,15000,0.0002774597426475,3.0,103,48.5,61.3,1.7454,12000,1.1925,12000,4.4311,46000,7.5897,96000,84000,0.0888,24000,0.3467,24000,1.4059,12000,2.5657600000000005,60000,58.9,2025-11-21_09-33,,
R_LN_3DBall_3407,3DBall,3407,12.0,ppo,100000,180,33775,0.0004252821412936,3.0,97,53.7,62.3,1.1126,12000,1.1174,12000,1.174,46000,1.2383,96000,84000,0.06,36000,0.287,36000,1.4195,12000,2.5657600000000005,Not reached,Not reached,2025-11-21_09-33,,
R_LN_3DBall_3408,3DBall,3408,12.0,ppo,100000,157,29584,0.000419293404464,3.0,121,55.7,62.4,1.2241,12000,1.1024,12000,1.6937,46000,2.0691,96000,84000,0.0629,36000,0.1596,36000,1.4149,12000,2.5657600000000005,Not reached,Not reached,2025-11-21_09-33,,
R_LN_3DBall_3409,3DBall,3409,12.0,ppo,100000,158,29732,0.0008021556959734,3.0,107,47.0,61.2,1.1536,12000,1.0602,12000,1.5549,46000,1.8957,96000,84000,0.0629,36000,0.1368,36000,1.4182,12000,2.5657600000000005,Not reached,Not reached,2025-11-21_09-33,,
R_LN_3DBall_3410,3DBall,3410,12.0,ppo,100000,132,24795,0.0008001598566207,3.0,101,49.0,60.9,1.3224,12000,1.1562,12000,1.8611,46000,2.2924,96000,84000,0.0696,36000,0.2316,36000,1.4124,12000,2.5657600000000005,Not reached,Not reached,2025-11-21_09-33,,
R_LN_3DBall_3411,3DBall,3411,12.0,ppo,100000,108,20354,0.0007234701307487,3.0,102,52.8,64.4,1.2577,12000,1.1447,12000,1.6919,46000,2.2172,96000,84000,0.0756,24000,0.2662,24000,1.4092,12000,2.5657600000000005,Not reached,Not reached,2025-11-21_09-33,,
R_LN_3DBall_3412,3DBall,3412,12.0,ppo,100000,176,33144,0.0008717983171796,3.0,104,49.7,65.9,1.2278,12000,1.1171,12000,1.5833,46000,1.8583,84000,84000,0.06,36000,0.1488,36000,1.4151,12000,2.5657600000000005,Not reached,Not reached,2025-11-21_09-33,,
R_LN_3DBall_3413,3DBall,3413,12.0,ppo,100000,171,32131,0.0008384627718894,3.0,102,49.3,64.9,1.2117,12000,1.1259,12000,1.6793,46000,2.0279,84000,84000,0.063,36000,0.1632,36000,1.4154,12000,2.5657600000000005,Not reached,Not reached,2025-11-21_09-33,,
R_LN_3DBall_3414,3DBall,3414,12.0,ppo,100000,181,34083,0.0001126022071188,3.0,122,62.8,69.4,1.2679,12000,1.1985,12000,1.5222,46000,1.8499,84000,84000,0.0592,36000,0.2072,36000,1.4176,12000,2.5657600000000005,Not reached,Not reached,2025-11-21_09-33,,
R_LN_3DBall_3415,3DBall,3415,12.0,ppo,100000,34,6556,0.0004309918816097,3.0,136,54.1,70.6,22.9069,12000,1.631,12000,78.6161,46000,100.0,72000,84000,0.1387,12000,1.0407,12000,1.3851,12000,2.5657600000000005,36000,38.7,2025-11-21_09-33,,
R_LN_3DBall_3416,3DBall,3416,12.0,ppo,100000,84,15796,0.0002609116932034,3.0,106,50.1,70.4,1.4049,12000,1.1993,12000,2.3016,46000,3.2785,96000,84000,0.0886,24000,0.3666,24000,1.4217,12000,2.5657600000000005,84000,91.0,2025-11-21_09-33,,
R_LN_3DBall_3417,3DBall,3417,12.0,ppo,100000,86,16128,0.0007068291361423,3.0,110,49.2,70.2,1.7855,12000,1.1703,12000,4.9606,46000,9.8117,96000,84000,0.0863,24000,0.4074,24000,1.3993,12000,2.5657600000000005,60000,62.9,2025-11-21_09-33,,
R_LN_3DBall_3418,3DBall,3418,12.0,ppo,100000,87,16456,4.925580748008393e-05,3.0,106,48.9,70.4,1.2,12000,1.1238,12000,1.3539,46000,1.4968,96000,84000,0.0849,24000,0.3384,24000,1.4178,12000,2.5657600000000005,Not reached,Not reached,2025-11-21_09-33,,
R_LN_3DBall_3419,3DBall,3419,12.0,ppo,100000,167,31324,0.0007491374511646,3.0,102,50.9,72.2,1.2771,12000,1.1554,12000,1.6718,46000,1.9106,96000,84000,0.0653,36000,0.2041,36000,1.4148,12000,2.5657600000000005,Not reached,Not reached,2025-11-21_09-33,,
R_LN_3DBall_3420,3DBall,3420,12.0,ppo,100000,82,15432,0.0005838633578224,3.0,107,49.5,72.3,2.292,12000,1.2378,12000,9.3386,46000,21.7529,96000,84000,0.0862,24000,0.5723,24000,1.3903,12000,2.5657600000000005,60000,61.1,2025-11-21_09-33,,
R_LN_3DBall_3421,3DBall,3421,12.0,ppo,100000,131,24607,3.864592679012569e-05,3.0,105,50.4,72.5,1.1486,12000,1.1496,12000,1.1439,46000,1.1918,36000,84000,0.0683,36000,0.6276,36000,1.4181,12000,2.5657600000000005,Not reached,Not reached,2025-11-21_09-33,,
R_LN_3DBall_3422,3DBall,3422,12.0,ppo,100000,118,22138,3.379242472220606e-05,3.0,103,49.2,72.7,1.1149,12000,1.0963,12000,1.1387,46000,1.1696,84000,84000,0.0726,24000,0.6521,24000,1.4178,12000,2.5657600000000005,Not reached,Not reached,2025-11-21_09-33,,
R_LN_3DBall_3423,3DBall,3423,12.0,ppo,100000,114,21484,0.0004255909292536,3.0,109,53.8,73.2,1.2959,12000,1.1059,12000,2.3041,46000,3.515,96000,84000,0.0757,24000,0.2067,24000,1.4156,12000,2.5657600000000005,84000,93.6,2025-11-21_09-33,,
R_LN_3DBall_3424,3DBall,3424,12.0,ppo,100000,37,7100,0.0005848758630347,3.0,121,52.2,73.3,11.0942,12000,1.4863,12000,65.3318,46000,95.8231,96000,84000,0.1318,12000,1.3354,12000,1.4001,12000,2.5657600000000005,36000,34.7,2025-11-21_09-33,,
R_LN_3DBall_3425,3DBall,3425,12.0,ppo,100000,132,24929,0.0003749483282325,3.0,98,47.0,72.9,1.2206,12000,1.1308,12000,1.5058,46000,1.8377,96000,84000,0.0687,36000,0.2376,36000,1.4141,12000,2.5657600000000005,Not reached,Not reached,2025-11-21_09-33,,
R_LN_3DBall_3426,3DBall,3426,12.0,ppo,100000,169,31813,0.0006605545901542,3.0,108,50.6,73.0,1.1976,12000,1.1343,12000,1.5334,46000,1.7911,96000,84000,0.0596,36000,0.1609,36000,1.4146,12000,2.5657600000000005,Not reached,Not reached,2025-11-21_09-33,,
R_LN_3DBall_3427,3DBall,3427,12.0,ppo,100000,113,21333,0.0003858264411628,3.0,106,51.4,72.8,1.377,12000,1.1176,12000,2.4943,46000,3.7547,96000,84000,0.0734,24000,0.2188,24000,1.4128,12000,2.5657600000000005,84000,91.0,2025-11-21_09-33,,
R_LN_3DBall_3428,3DBall,3428,12.0,ppo,100000,148,27789,0.0006480602250761,3.0,107,48.5,70.5,1.283,12000,1.1036,12000,1.9825,46000,3.1119,96000,84000,0.0665,36000,0.2422,36000,1.4097,12000,2.5657600000000005,96000,107.2,2025-11-21_09-33,,
R_LN_3DBall_3429,3DBall,3429,12.0,ppo,100000,120,22611,8.637565993280621e-05,3.0,104,45.5,70.5,1.356,12000,1.1254,12000,1.99,46000,2.6363,96000,84000,0.0742,24000,0.2627,24000,1.4174,12000,2.5657600000000005,96000,104.1,2025-11-21_09-33,,
R_LN_3DBall_3430,3DBall,3430,12.0,ppo,100000,132,24926,9.52070950513063e-05,3.0,113,44.2,70.6,1.3514,12000,1.0972,12000,1.9742,46000,2.5886,96000,84000,0.0693,36000,0.2466,36000,1.4168,12000,2.5657600000000005,96000,113.0,2025-11-21_09-33,,
R_LN_3DBall_3431,3DBall,3431,12.0,ppo,100000,149,28001,0.0002430536775247,3.0,99,44.5,68.7,1.2138,12000,1.1118,12000,1.6971,46000,2.3785,96000,84000,0.0646,36000,0.1586,36000,1.4175,12000,2.5657600000000005,Not reached,Not reached,2025-11-21_09-33,,
R_LN_3DBall_3432,3DBall,3432,12.0,ppo,100000,131,24673,0.0008713908493534,3.0,98,43.8,67.9,1.4312,12000,1.194,12000,2.0801,46000,2.6224,96000,84000,0.0707,36000,0.2478,36000,1.409,12000,2.5657600000000005,96000,98.0,2025-11-21_09-33,,
R_LN_3DBall_3433,3DBall,3433,12.0,ppo,100000,54,10138,7.640907404785448e-05,3.0,121,44.0,68.5,3.6546,12000,1.4243,12000,28.906,46000,62.1278,96000,84000,0.1108,12000,0.8324,12000,1.4103,12000,2.5657600000000005,36000,34.6,2025-11-21_09-33,,
R_LN_3DBall_3434,3DBall,3434,12.0,ppo,100000,43,8132,9.5942191816214e-05,3.0,113,44.3,67.0,5.5796,12000,1.4856,12000,44.5593,46000,92.7077,96000,84000,0.1232,12000,1.0697,12000,1.4067,12000,2.5657600000000005,36000,32.3,2025-11-21_09-33,,
R_LN_3DBall_3435,3DBall,3435,12.0,ppo,100000,70,13177,0.0002703276432584,3.0,102,43.5,67.4,1.3625,12000,1.1636,12000,2.1099,46000,2.7092,96000,84000,0.0959,24000,0.3551,24000,1.4139,12000,2.5657600000000005,96000,102.0,2025-11-21_09-33,,
R_LN_3DBall_3436,3DBall,3436,12.0,ppo,100000,155,29242,0.0005749684019051,3.0,96,43.5,67.4,1.1904,12000,1.1456,12000,1.4757,46000,1.7035,96000,84000,0.0658,36000,0.2718,36000,1.4161,12000,2.5657600000000005,Not reached,Not reached,2025-11-21_09-33,,
R_LN_3DBall_3437,3DBall,3437,12.0,ppo,100000,51,9614,0.0004076566963604,3.0,125,43.2,67.5,5.5919,12000,1.3949,12000,39.1706,46000,76.86,96000,84000,0.1115,12000,0.8458,12000,1.3858,12000,2.5657600000000005,36000,35.8,2025-11-21_09-33,,
R_LN_3DBall_3438,3DBall,3438,12.0,ppo,100000,98,18399,0.0003940411961714,3.0,99,44.0,67.5,1.5005,12000,1.148,12000,2.7986,46000,4.3216,96000,84000,0.0781,24000,0.2665,24000,1.4114,12000,2.5657600000000005,72000,70.7,2025-11-21_09-33,,
R_LN_3DBall_3439,3DBall,3439,12.0,ppo,100000,149,27956,0.000861125284435,3.0,95,43.7,67.8,1.2436,12000,1.1367,12000,1.6126,46000,2.0371,96000,84000,0.0641,36000,0.2326,36000,1.4153,12000,2.5657600000000005,Not reached,Not reached,2025-11-21_09-33,,
R_LN_3DBall_3440,3DBall,3440,12.0,ppo,100000,112,21133,0.000567959900995,3.0,97,45.1,68.0,1.3189,12000,1.1486,12000,2.118,46000,2.9235,96000,84000,0.0757,24000,0.2076,24000,1.4116,12000,2.5657600000000005,96000,97.0,2025-11-21_09-33,,
R_LN_3DBall_3441,3DBall,3441,12.0,ppo,100000,55,10398,5.817526725859885e-05,3.0,107,44.4,65.0,1.7743,12000,1.1721,12000,4.45,46000,8.3417,96000,84000,0.1068,12000,0.3759,12000,1.4129,12000,2.5657600000000005,60000,61.2,2025-11-21_09-33,,
R_LN_3DBall_3442,3DBall,3442,12.0,ppo,100000,152,28553,0.0008403039642387,3.0,99,43.3,63.0,1.217,12000,1.1347,12000,1.7464,46000,2.3916,96000,84000,0.0664,36000,0.1424,36000,1.4155,12000,2.5657600000000005,Not reached,Not reached,2025-11-21_09-33,,
R_LN_3DBall_3443,3DBall,3443,12.0,ppo,100000,107,20191,0.0006571092604831,3.0,99,43.9,63.0,1.5005,12000,1.1821,12000,2.9115,46000,4.5051,96000,84000,0.0788,24000,0.2385,24000,1.4101,12000,2.5657600000000005,72000,70.7,2025-11-21_09-33,,
R_LN_3DBall_3444,3DBall,3444,12.0,ppo,100000,60,11361,0.0004094131191887,3.0,103,42.5,62.7,2.6104,12000,1.2579,12000,19.5085,46000,50.7546,96000,84000,0.1024,12000,0.6958,12000,1.3901,12000,2.5657600000000005,48000,44.2,2025-11-21_09-33,,
R_LN_3DBall_3445,3DBall,3445,12.0,ppo,100000,79,14848,0.0007420792749321,3.0,98,43.7,62.8,1.866,12000,1.2276,12000,5.9369,46000,12.4852,96000,84000,0.0905,24000,0.4128,24000,1.4011,12000,2.5657600000000005,60000,56.0,2025-11-21_09-33,,
R_LN_3DBall_3446,3DBall,3446,12.0,ppo,100000,79,14983,0.0006629514247082,3.0,102,43.6,63.6,1.879,12000,1.1583,12000,6.4273,46000,14.3192,96000,84000,0.0913,24000,0.3829,24000,1.4042,12000,2.5657600000000005,60000,58.2,2025-11-21_09-33,,
R_LN_3DBall_3447,3DBall,3447,12.0,ppo,100000,178,33418,0.0003429520549266,3.0,91,44.0,63.5,1.1992,12000,1.1852,12000,1.2952,46000,1.3942,84000,84000,0.0612,36000,0.4276,36000,1.4147,12000,2.5657600000000005,Not reached,Not reached,2025-11-21_09-33,,
R_LN_3DBall_3448,3DBall,3448,12.0,ppo,100000,103,19422,0.000641241374582,3.0,100,42.7,63.2,1.3266,12000,1.1541,12000,1.9611,46000,2.4496,96000,84000,0.079,24000,0.2707,24000,1.4133,12000,2.5657600000000005,Not reached,Not reached,2025-11-21_09-33,,
R_LN_3DBall_3449,3DBall,3449,12.0,ppo,100000,72,13624,0.0001775937418587,3.0,103,42.5,63.1,1.3721,12000,1.1489,12000,2.0948,46000,2.9456,96000,84000,0.0963,24000,0.3432,24000,1.4079,12000,2.5657600000000005,96000,103.1,2025-11-21_09-33,,
R_LN_3DBall_3450,3DBall,3450,12.0,ppo,100000,100,18880,0.0003475933926976,3.0,100,43.7,67.2,1.6048,12000,1.2161,12000,2.9749,46000,4.2121,96000,84000,0.0821,24000,0.2606,24000,1.4092,12000,2.5657600000000005,72000,71.4,2025-11-21_09-33,,
R_LN_3DBall_3451,3DBall,3451,12.0,ppo,100000,32,6015,0.0008294864660606,3.0,122,42.9,70.7,25.8949,12000,1.7082,12000,66.8411,46000,86.0786,72000,84000,0.1404,12000,0.8106,12000,1.3451,12000,2.5657600000000005,36000,34.9,2025-11-21_09-33,,
R_LN_3DBall_3452,3DBall,3452,12.0,ppo,100000,105,19746,8.07570125394079e-05,3.0,102,43.2,66.4,1.2236,12000,1.1409,12000,1.4963,46000,1.767,96000,84000,0.0753,24000,0.2909,24000,1.4157,12000,2.5657600000000005,Not reached,Not reached,2025-11-21_09-33,,
R_LN_3DBall_3453,3DBall,3453,12.0,ppo,100000,40,7559,0.0006848114108936,3.0,109,43.6,63.5,6.7124,12000,1.3312,12000,52.0247,46000,92.5077,96000,84000,0.129,12000,1.1368,12000,1.3876,12000,2.5657600000000005,36000,31.2,2025-11-21_09-33,,
R_LN_3DBall_3454,3DBall,3454,12.0,ppo,100000,121,22800,0.0008525815302562,3.0,97,42.3,62.9,1.4117,12000,1.1626,12000,2.1556,46000,2.87,96000,84000,0.0755,24000,0.2547,24000,1.4133,12000,2.5657600000000005,84000,83.0,2025-11-21_09-33,,
R_LN_3DBall_3455,3DBall,3455,12.0,ppo,100000,88,16641,0.0003981493254521,3.0,101,43.7,63.0,1.312,12000,1.1387,12000,2.0148,46000,2.8725,96000,84000,0.0857,24000,0.2537,24000,1.4163,12000,2.5657600000000005,96000,101.1,2025-11-21_09-33,,
R_LN_3DBall_3456,3DBall,3456,12.0,ppo,100000,78,14788,0.0006589550132971,3.0,98,42.4,63.0,1.4519,12000,1.1933,12000,2.8358,46000,4.3377,96000,84000,0.0934,24000,0.2719,24000,1.405,12000,2.5657600000000005,72000,70.0,2025-11-21_09-33,,
R_LN_3DBall_3457,3DBall,3457,12.0,ppo,100000,145,27301,0.0006473274522405,3.0,95,43.8,63.1,1.3488,12000,1.1523,12000,1.9944,46000,2.7357,96000,84000,0.0674,36000,0.2509,36000,1.4085,12000,2.5657600000000005,96000,95.0,2025-11-21_09-33,,
R_LN_3DBall_3458,3DBall,3458,12.0,ppo,100000,142,26649,0.0007994987594716,3.0,95,43.2,63.3,1.2388,12000,1.0871,12000,1.8294,46000,2.5581,96000,84000,0.0671,36000,0.1994,36000,1.4138,12000,2.5657600000000005,Not reached,Not reached,2025-11-21_09-33,,
R_LN_3DBall_3459,3DBall,3459,12.0,ppo,100000,101,19056,0.0002467182432383,3.0,102,43.7,63.2,1.145,12000,1.1428,12000,1.2636,46000,1.399,96000,84000,0.0773,24000,0.3254,24000,1.4159,12000,2.5657600000000005,Not reached,Not reached,2025-11-21_09-33,,
R_LN_3DBall_3460,3DBall,3460,12.0,ppo,100000,122,23044,0.0005943244663991,3.0,98,43.0,63.3,1.2207,12000,1.0903,12000,1.519,46000,1.7832,96000,84000,0.0742,24000,0.2265,24000,1.4205,12000,2.5657600000000005,Not reached,Not reached,2025-11-21_09-33,,
R_LN_3DBall_3461,3DBall,3461,12.0,ppo,100000,42,7883,3.685410174246679e-05,3.0,117,43.6,63.3,3.1752,12000,1.3103,12000,21.6996,46000,59.78,96000,84000,0.122,12000,0.9543,12000,1.4147,12000,2.5657600000000005,48000,50.2,2025-11-21_09-33,,
R_LN_3DBall_3462,3DBall,3462,12.0,ppo,100000,172,32367,0.0001651441839498,3.0,110,43.3,63.8,1.226,12000,1.124,12000,1.5733,46000,1.8381,84000,84000,0.0606,36000,0.1769,36000,1.4167,12000,2.5657600000000005,Not reached,Not reached,2025-11-21_09-33,,
R_LN_3DBall_3463,3DBall,3463,12.0,ppo,100000,76,14427,0.0005404365777053,3.0,99,43.8,63.7,1.5126,12000,1.2023,12000,3.3667,46000,5.9793,96000,84000,0.0938,24000,0.2798,24000,1.4078,12000,2.5657600000000005,72000,70.7,2025-11-21_09-33,,
R_LN_3DBall_3464,3DBall,3464,12.0,ppo,100000,128,24112,0.000652603426015,3.0,102,44.0,64.0,1.4701,12000,1.1378,12000,2.4882,46000,3.5757,96000,84000,0.0722,36000,0.2643,36000,1.4104,12000,2.5657600000000005,84000,87.5,2025-11-21_09-33,,
R_LN_3DBall_3465,3DBall,3465,12.0,ppo,100000,118,22245,0.000134331367562,3.0,99,43.9,63.6,1.1779,12000,1.1317,12000,1.2527,46000,1.2802,84000,84000,0.0733,24000,0.3144,24000,1.4162,12000,2.5657600000000005,Not reached,Not reached,2025-11-21_09-33,,
R_LN_3DBall_3466,3DBall,3466,12.0,ppo,100000,145,27332,0.0002868637382335,3.0,105,43.4,62.8,1.3509,12000,1.116,12000,2.0818,46000,3.0381,96000,84000,0.0672,36000,0.2807,36000,1.4144,12000,2.5657600000000005,96000,105.1,2025-11-21_09-33,,
R_LN_3DBall_3467,3DBall,3467,12.0,ppo,100000,70,13146,0.0005499860907042,3.0,104,47.6,63.6,1.6242,12000,1.1138,12000,4.0292,46000,7.0755,96000,84000,0.095,24000,0.4037,24000,1.3954,12000,2.5657600000000005,72000,74.4,2025-11-21_09-33,,
R_LN_3DBall_3468,3DBall,3468,12.0,ppo,100000,145,27347,0.0008551106017669,3.0,101,47.4,64.7,1.3212,12000,1.1588,12000,1.982,46000,2.7505,96000,84000,0.0655,36000,0.2483,36000,1.408,12000,2.5657600000000005,96000,101.1,2025-11-21_09-33,,
R_LN_3DBall_3469,3DBall,3469,12.0,ppo,100000,170,31908,0.0003169463143865,3.0,100,47.7,64.9,1.218,12000,1.1517,12000,1.3722,46000,1.5183,96000,84000,0.0614,36000,0.2849,36000,1.4203,12000,2.5657600000000005,Not reached,Not reached,2025-11-21_09-33,,
R_LN_3DBall_3470,3DBall,3470,12.0,ppo,100000,190,35792,0.0004545015069478,3.0,98,49.0,65.0,1.153,12000,1.1348,12000,1.2221,46000,1.299,96000,84000,0.0579,36000,0.6764,36000,1.4129,12000,2.5657600000000005,Not reached,Not reached,2025-11-21_09-33,,
R_LN_3DBall_3471,3DBall,3471,12.0,ppo,100000,32,6160,0.0006314565864884,3.0,127,47.3,65.0,24.2673,12000,1.7201,12000,78.9027,46000,97.5539,96000,84000,0.1407,12000,1.1096,12000,1.3575,12000,2.5657600000000005,36000,36.4,2025-11-21_09-33,,
R_LN_3DBall_3472,3DBall,3472,12.0,ppo,100000,85,16059,0.0004875593768037,3.0,103,48.3,65.4,1.2807,12000,1.0728,12000,2.0426,46000,2.8778,96000,84000,0.0866,24000,0.2529,24000,1.4143,12000,2.5657600000000005,96000,103.0,2025-11-21_09-33,,
R_LN_3DBall_3473,3DBall,3473,12.0,ppo,100000,136,25612,0.0008795948154155,3.0,93,44.3,65.0,1.3198,12000,1.1674,12000,1.8113,46000,2.3374,96000,84000,0.0683,36000,0.2657,36000,1.4153,12000,2.5657600000000005,Not reached,Not reached,2025-11-21_09-33,,
R_LN_3DBall_3474,3DBall,3474,12.0,ppo,500000,53,10016,0.0008516337807005,3.0,473,50.4,64.2,3.9655,12000,1.3101,12000,100.0,442000,100.0,96000,480000,0.1103,12000,0.7441,12000,1.385,12000,2.5657600000000005,48000,35.5,2025-11-21_09-33,,
R_LN_3DBall_3475,3DBall,3475,12.0,ppo,200000,124,23384,0.0006229679445347,3.0,192,54.9,67.4,1.4102,12000,1.1494,12000,39.7613,142000,62.579,192000,180000,0.0723,24000,0.2622,24000,1.4076,12000,2.5657600000000005,84000,76.8,2025-11-21_09-33,,
R_LN_3DBall_3476,3DBall,3476,12.0,ppo,200000,149,28072,0.0004649043657011,3.0,177,46.4,68.2,1.1721,12000,1.1471,12000,3.9472,142000,5.1057,192000,180000,0.0631,36000,0.2806,36000,1.4197,12000,2.5657600000000005,144000,129.7,2025-11-21_09-33,,
R_LN_3DBall_3477,3DBall,3477,12.0,ppo,200000,104,19554,0.0006456677228476,3.0,176,45.3,67.7,1.6657,12000,1.2785,12000,83.3445,142000,100.0,192000,180000,0.0773,24000,0.2871,24000,1.403,12000,2.5657600000000005,72000,58.6,2025-11-21_09-33,,
R_LN_3DBall_3478,3DBall,3478,12.0,ppo,200000,79,14923,0.0005851305991403,3.0,188,44.7,65.3,2.1213,12000,1.1764,12000,94.9646,142000,100.0,192000,180000,0.0915,24000,0.5498,24000,1.3902,12000,2.5657600000000005,60000,50.1,2025-11-21_09-33,,
R_LN_3DBall_3479,3DBall,3479,12.0,ppo,200000,66,12506,0.0005397468742973,3.0,183,41.4,63.7,1.6773,12000,1.1789,12000,98.5231,142000,100.0,156000,180000,0.0976,24000,0.4225,24000,1.4085,12000,2.5657600000000005,60000,48.8,2025-11-21_09-33,,
R_LN_3DBall_3480,3DBall,3480,12.0,ppo,200000,98,18431,5.361551335509274e-05,3.0,210,50.1,65.8,1.7168,12000,1.2264,12000,71.0743,142000,91.6308,180000,180000,0.0821,24000,0.3351,24000,1.4146,12000,2.5657600000000005,72000,70.1,2025-11-21_09-33,,
R_LN_3DBall_3481,3DBall,3481,12.0,ppo,200000,51,9685,0.0006540293330397,3.0,201,48.9,67.0,3.7378,12000,1.2029,12000,95.6661,142000,100.0,156000,180000,0.1142,12000,0.6435,12000,1.3795,12000,2.5657600000000005,48000,40.2,2025-11-21_09-33,,
R_LN_3DBall_3482,3DBall,3482,12.0,ppo,200000,130,24510,0.000565458893866,3.0,206,48.4,68.0,1.4584,12000,1.1199,12000,58.4226,142000,83.3643,192000,180000,0.0708,36000,0.3123,36000,1.4046,12000,2.5657600000000005,84000,82.4,2025-11-21_09-33,,
R_LN_3DBall_3483,3DBall,3483,12.0,ppo,200000,32,6006,0.0003580660456115,3.0,220,47.9,68.0,13.4519,12000,1.2892,12000,100.0,142000,100.0,96000,180000,0.1403,12000,1.0983,12000,1.3678,12000,2.5657600000000005,36000,29.4,2025-11-21_09-33,,
R_LN_3DBall_3484,3DBall,3484,12.0,ppo,200000,41,7814,0.000584993825156,3.0,210,51.4,68.6,6.5949,12000,1.3235,12000,100.0,142000,100.0,96000,180000,0.1258,12000,1.2327,12000,1.3777,12000,2.5657600000000005,36000,28.0,2025-11-21_09-33,,
R_LN_3DBall_3485,3DBall,3485,12.0,ppo,200000,174,32639,0.0006674923852211,3.0,185,50.4,68.9,1.1569,12000,1.0582,12000,5.582,142000,7.6021,180000,180000,0.0615,36000,0.1578,36000,1.4152,12000,2.5657600000000005,120000,111.0,2025-11-21_09-33,,
R_LN_3DBall_3486,3DBall,3486,12.0,ppo,200000,152,28595,0.0002772184067429,3.0,190,52.9,68.1,1.3613,12000,1.2359,12000,10.9374,142000,17.2029,192000,180000,0.0652,36000,0.2131,36000,1.4146,12000,2.5657600000000005,96000,88.8,2025-11-21_09-33,,
R_LN_3DBall_3487,3DBall,3487,12.0,ppo,200000,176,33181,0.0003402252794535,3.0,192,51.5,69.1,1.2367,12000,1.1369,12000,7.5634,142000,10.4204,192000,180000,0.0607,36000,0.1737,36000,1.4139,12000,2.5657600000000005,108000,102.5,2025-11-21_09-33,,
R_LN_3DBall_3488,3DBall,3488,12.0,ppo,200000,162,30428,0.0006276169060052,3.0,199,48.6,68.7,1.1708,12000,1.0646,12000,13.9588,142000,22.2423,192000,180000,0.0644,36000,0.1454,36000,1.4178,12000,2.5657600000000005,108000,106.2,2025-11-21_09-33,,
R_LN_3DBall_3489,3DBall,3489,12.0,ppo,200000,110,20746,0.0003925827187383,3.0,186,51.3,69.0,1.215,12000,1.1395,12000,11.8101,142000,19.1102,180000,180000,0.0774,24000,0.3668,24000,1.4178,12000,2.5657600000000005,108000,99.2,2025-11-21_09-33,,
R_LN_3DBall_3490,3DBall,3490,12.0,ppo,200000,140,26307,0.0005776544912742,3.0,180,50.4,68.7,1.4168,12000,1.2228,12000,21.1824,142000,35.1031,192000,180000,0.0656,36000,0.3152,36000,1.4087,12000,2.5657600000000005,84000,72.0,2025-11-21_09-33,,
R_LN_3DBall_3491,3DBall,3491,12.0,ppo,200000,124,23402,0.0007479979558964,3.0,179,48.5,67.9,1.4778,12000,1.1418,12000,59.1477,142000,84.8,192000,180000,0.071,24000,0.2883,24000,1.4061,12000,2.5657600000000005,84000,71.5,2025-11-21_09-33,,
R_LN_3DBall_3492,3DBall,3492,12.0,ppo,200000,154,28889,0.0002222579447696,3.0,177,45.6,67.5,1.2693,12000,1.11,12000,12.2181,142000,22.344,192000,180000,0.068,36000,0.1812,36000,1.4141,12000,2.5657600000000005,96000,82.4,2025-11-21_09-33,,
R_LN_3DBall_3493,3DBall,3493,12.0,ppo,200000,166,31190,0.0006566404972763,3.0,172,45.6,67.3,1.1549,12000,1.0808,12000,6.3885,142000,8.3281,192000,180000,0.0604,36000,0.1493,36000,1.4151,12000,2.5657600000000005,108000,91.6,2025-11-21_09-33,,
R_LN_3DBall_3494,3DBall,3494,12.0,ppo,200000,108,20314,0.0006674372369167,3.0,182,47.0,66.9,1.7263,12000,1.1961,12000,89.6661,142000,97.0167,180000,180000,0.0778,24000,0.3654,24000,1.4021,12000,2.5657600000000005,60000,48.6,2025-11-21_09-33,,
R_LN_3DBall_3495,3DBall,3495,12.0,ppo,200000,103,19313,0.0003388033472187,3.0,174,44.6,66.3,1.3887,12000,1.1381,12000,60.4051,142000,91.65,192000,180000,0.078,24000,0.2339,24000,1.4073,12000,2.5657600000000005,84000,69.6,2025-11-21_09-33,,
R_LN_3DBall_3496,3DBall,3496,12.0,ppo,200000,161,30259,0.0006078556069745,3.0,188,54.3,68.8,1.1993,12000,1.0871,12000,8.7993,142000,14.1782,192000,180000,0.0616,36000,0.1758,36000,1.4154,12000,2.5657600000000005,108000,100.3,2025-11-21_09-33,,
R_LN_3DBall_3497,3DBall,3497,12.0,ppo,200000,99,18661,6.606968999782482e-05,3.0,193,49.0,72.2,1.1948,12000,1.1509,12000,1.8469,142000,2.0347,168000,180000,0.0783,24000,0.4028,24000,1.4166,12000,2.5657600000000005,Not reached,Not reached,2025-11-21_09-33,,
R_LN_3DBall_3498,3DBall,3498,12.0,ppo,200000,185,34860,0.0006105831339787,3.0,167,44.3,69.1,1.228,12000,1.1723,12000,3.8603,142000,4.8839,192000,180000,0.0601,36000,0.2448,36000,1.4205,12000,2.5657600000000005,144000,122.3,2025-11-21_09-33,,
R_LN_3DBall_3499,3DBall,3499,12.0,ppo,200000,113,21337,0.0007202486294159,3.0,178,47.2,69.9,1.3864,12000,1.0946,12000,56.5644,142000,84.0072,180000,180000,0.0729,24000,0.2179,24000,1.4049,12000,2.5657600000000005,84000,71.0,2025-11-21_09-33,,
R_LN_3DBall_3500,3DBall,3500,12.0,ppo,200000,122,23019,0.0002182969784176,3.0,205,49.0,70.0,1.3865,12000,1.1238,12000,39.9821,142000,66.7778,192000,180000,0.0706,24000,0.2542,24000,1.4191,12000,2.5657600000000005,84000,82.1,2025-11-21_09-33,,
R_LN_3DBall_3501,3DBall,3501,12.0,ppo,200000,63,11833,9.58885928706638e-05,3.0,194,48.6,69.8,1.7896,12000,1.1578,12000,97.2768,142000,100.0,168000,180000,0.0999,12000,0.4356,12000,1.4134,12000,2.5657600000000005,60000,51.7,2025-11-21_09-33,,
R_LN_3DBall_3502,3DBall,3502,12.0,ppo,200000,70,13206,0.0008581564978316,3.0,188,50.1,68.0,2.7786,12000,1.3193,12000,94.3879,142000,100.0,120000,180000,0.0955,24000,0.9773,24000,1.3874,12000,2.5657600000000005,48000,37.5,2025-11-21_09-33,,
R_LN_3DBall_3503,3DBall,3503,12.0,ppo,200000,47,8899,0.0007520783343786,3.0,200,48.2,68.5,10.8338,12000,1.4104,12000,93.4243,142000,100.0,120000,180000,0.1173,12000,1.1967,12000,1.368,12000,2.5657600000000005,36000,26.7,2025-11-21_09-33,,
R_LN_3DBall_3504,3DBall,3504,12.0,ppo,200000,143,26911,0.0008172815900606,3.0,192,43.5,68.5,1.2079,12000,1.0593,12000,20.3337,142000,31.5083,192000,180000,0.0654,36000,0.2091,36000,1.4182,12000,2.5657600000000005,96000,89.5,2025-11-21_09-33,,
R_LN_3DBall_3505,3DBall,3505,12.0,ppo,200000,129,24308,0.0006132257033239,3.0,176,43.3,68.3,1.5025,12000,1.1607,12000,48.9478,142000,74.3412,180000,180000,0.073,36000,0.3063,36000,1.408,12000,2.5657600000000005,84000,70.4,2025-11-21_09-33,,
R_LN_3DBall_3506,3DBall,3506,12.0,ppo,200000,110,20716,0.0006991571689868,3.0,177,47.2,69.3,1.3937,12000,1.1728,12000,56.0696,142000,79.5286,180000,180000,0.077,24000,0.2298,24000,1.4124,12000,2.5657600000000005,72000,58.9,2025-11-21_09-33,,
R_LN_3DBall_3507,3DBall,3507,12.0,ppo,200000,69,13114,0.0005712202489144,3.0,189,48.9,69.4,2.0895,12000,1.2011,12000,97.7933,142000,100.0,156000,180000,0.0955,24000,0.7057,24000,1.401,12000,2.5657600000000005,60000,50.4,2025-11-21_09-33,,
R_LN_3DBall_3508,3DBall,3508,12.0,ppo,200000,57,10748,0.0008845619068779,3.0,199,44.6,69.3,2.7165,12000,1.2904,12000,100.0,142000,100.0,132000,180000,0.1074,12000,0.5164,12000,1.3875,12000,2.5657600000000005,48000,39.8,2025-11-21_09-33,,
R_LN_3DBall_3509,3DBall,3509,12.0,ppo,200000,177,33284,0.0007542775565348,3.0,184,50.5,70.3,1.214,12000,1.1272,12000,4.0792,142000,5.2508,180000,180000,0.0629,36000,0.258,36000,1.4188,12000,2.5657600000000005,144000,134.9,2025-11-21_09-33,,
R_LN_3DBall_3510,3DBall,3510,12.0,ppo,200000,188,35316,0.0006614920401734,3.0,175,47.6,70.5,1.1638,12000,1.1091,12000,3.6366,142000,5.3538,192000,180000,0.0599,36000,0.233,36000,1.4178,12000,2.5657600000000005,156000,140.0,2025-11-21_09-33,,
R_LN_3DBall_3511,3DBall,3511,12.0,ppo,200000,191,35844,0.0002875838322556,3.0,179,48.6,71.0,1.1729,12000,1.0957,12000,3.8465,142000,5.3246,192000,180000,0.0604,36000,0.1777,36000,1.4183,12000,2.5657600000000005,120000,107.3,2025-11-21_09-33,,
R_LN_3DBall_3512,3DBall,3512,12.0,ppo,200000,76,14350,0.0001705778446344,3.0,205,56.3,74.9,1.5375,12000,1.1944,12000,90.4338,142000,100.0,192000,180000,0.0912,24000,0.462,24000,1.4121,12000,2.5657600000000005,72000,68.4,2025-11-21_09-33,,
R_LN_3DBall_3513,3DBall,3513,12.0,ppo,200000,101,19087,0.0003880311969935,3.0,192,50.4,79.0,1.275,12000,1.1115,12000,30.1061,142000,55.5,192000,180000,0.08,24000,0.2762,24000,1.4204,12000,2.5657600000000005,96000,89.5,2025-11-21_09-33,,
R_LN_3DBall_3514,3DBall,3514,12.0,ppo,200000,180,33848,0.0008258488543434,3.0,176,49.3,78.8,1.1798,12000,1.1283,12000,4.2208,142000,5.9741,192000,180000,0.0589,36000,0.2033,36000,1.4137,12000,2.5657600000000005,144000,129.0,2025-11-21_09-33,,
R_LN_3DBall_3515,3DBall,3515,12.0,ppo,200000,39,7427,6.760447883091596e-05,3.0,213,48.2,78.7,2.1201,12000,1.2444,12000,96.3853,142000,100.0,120000,180000,0.1254,12000,0.5791,12000,1.4093,12000,2.5657600000000005,60000,56.8,2025-11-21_09-33,,
R_LN_3DBall_3516,3DBall,3516,12.0,ppo,200000,163,30747,0.0003026749817844,3.0,188,51.6,81.3,1.1886,12000,1.1447,12000,2.6116,142000,3.0833,192000,180000,0.0633,36000,0.3015,36000,1.4197,12000,2.5657600000000005,168000,162.9,2025-11-21_09-33,,
R_LN_3DBall_3517,3DBall,3517,12.0,ppo,200000,42,7898,0.0008404600233357,3.0,219,47.4,77.2,23.9976,12000,1.6028,12000,93.2943,142000,100.0,96000,180000,0.1228,12000,1.2601,12000,1.3577,12000,2.5657600000000005,36000,29.2,2025-11-21_09-33,,
R_LN_3DBall_3518,3DBall,3518,12.0,ppo,200000,177,33264,9.045922703892172e-05,3.0,181,43.1,71.1,1.173,12000,1.1191,12000,2.3024,142000,2.6245,180000,180000,0.06,36000,0.2706,36000,1.4186,12000,2.5657600000000005,180000,168.9,2025-11-21_09-33,,
R_LN_3DBall_3519,3DBall,3519,12.0,ppo,200000,162,30395,0.000621004519617,3.0,171,43.1,70.6,1.2168,12000,1.1129,12000,6.0238,142000,8.6554,192000,180000,0.0646,36000,0.2625,36000,1.4189,12000,2.5657600000000005,120000,102.5,2025-11-21_09-33,,
R_LN_3DBall_3520,3DBall,3520,12.0,ppo,200000,52,9910,0.0001173376708834,3.0,207,42.8,69.2,1.1812,12000,1.1252,12000,2.8707,142000,3.3463,192000,180000,0.1121,12000,0.3578,12000,1.4116,12000,2.5657600000000005,156000,165.4,2025-11-21_09-33,,
R_LN_3DBall_3521,3DBall,3521,12.0,ppo,200000,79,14871,0.0004973330952125,3.0,213,43.2,69.1,2.1654,12000,1.2848,12000,91.4563,142000,100.0,180000,180000,0.0883,24000,0.544,24000,1.3849,12000,2.5657600000000005,48000,42.7,2025-11-21_09-33,,
R_LN_3DBall_3522,3DBall,3522,12.0,ppo,200000,40,7540,5.529671525252603e-05,3.0,216,42.7,69.0,5.7412,12000,1.4014,12000,100.0,142000,100.0,96000,180000,0.1263,12000,1.1717,12000,1.414,12000,2.5657600000000005,36000,28.8,2025-11-21_09-33,,
R_LN_3DBall_3523,3DBall,3523,12.0,ppo,200000,100,18917,0.0007259151131773,3.0,180,44.6,69.5,1.2841,12000,1.13,12000,65.1174,142000,89.1154,168000,180000,0.0792,24000,0.1868,24000,1.4117,12000,2.5657600000000005,84000,71.8,2025-11-21_09-33,,
R_LN_3DBall_3524,3DBall,3524,12.0,ppo,200000,180,33846,0.0003896746269997,3.0,179,46.5,69.1,1.251,12000,1.1295,12000,7.9232,142000,11.5147,192000,180000,0.0599,36000,0.1755,36000,1.4144,12000,2.5657600000000005,120000,107.4,2025-11-21_09-33,,
R_LN_3DBall_3525,3DBall,3525,12.0,ppo,200000,181,33958,0.0007569055765622,3.0,171,43.1,69.1,1.1946,12000,1.1012,12000,6.7386,142000,9.1419,192000,180000,0.0596,36000,0.1762,36000,1.413,12000,2.5657600000000005,120000,102.5,2025-11-21_09-33,,
R_LN_3DBall_3526,3DBall,3526,12.0,ppo,200000,178,33541,0.0006020296740627,3.0,172,43.5,66.2,1.2062,12000,1.1339,12000,3.7444,142000,4.7432,180000,180000,0.061,36000,0.2248,36000,1.4208,12000,2.5657600000000005,144000,125.8,2025-11-21_09-33,,
R_LN_3DBall_3527,3DBall,3527,12.0,ppo,200000,189,35533,0.0007157743561416,3.0,173,43.8,66.4,1.2113,12000,1.105,12000,6.0446,142000,9.8764,192000,180000,0.0571,36000,0.1493,36000,1.4107,12000,2.5657600000000005,120000,103.8,2025-11-21_09-33,,
R_LN_3DBall_3528,3DBall,3528,12.0,ppo,200000,144,27101,0.0002226495688328,3.0,182,43.1,66.4,1.3137,12000,1.1519,12000,14.7284,142000,26.2091,192000,180000,0.0682,36000,0.2484,36000,1.4119,12000,2.5657600000000005,96000,85.0,2025-11-21_09-33,,
R_LN_3DBall_3529,3DBall,3529,12.0,ppo,200000,77,14490,0.0005668060705269,3.0,189,42.9,66.4,2.2001,12000,1.2202,12000,99.3646,142000,100.0,144000,180000,0.0931,24000,0.4793,24000,1.3877,12000,2.5657600000000005,60000,50.4,2025-11-21_09-33,,
R_LN_3DBall_3530,3DBall,3530,12.0,ppo,200000,136,25575,7.441404179007342e-05,3.0,184,42.9,66.7,1.1103,12000,1.0818,12000,1.4697,142000,1.5346,192000,180000,0.0707,36000,0.3654,36000,1.4166,12000,2.5657600000000005,Not reached,Not reached,2025-11-21_09-33,,
R_LN_3DBall_3531,3DBall,3531,12.0,ppo,200000,55,10469,0.0003087046767148,3.0,200,43.3,66.4,3.4918,12000,1.2501,12000,96.4785,142000,100.0,156000,180000,0.1083,12000,0.6755,12000,1.3972,12000,2.5657600000000005,48000,40.0,2025-11-21_09-33,,
R_LN_3DBall_3532,3DBall,3532,12.0,ppo,200000,162,30543,0.0007334144665556,3.0,181,43.3,65.4,1.2675,12000,1.1325,12000,13.4494,142000,24.2174,192000,180000,0.0623,36000,0.1854,36000,1.4085,12000,2.5657600000000005,96000,84.4,2025-11-21_09-33,,
R_LN_3DBall_3533,3DBall,3533,12.0,ppo,200000,179,33582,0.000403540849503,3.0,173,43.9,64.6,1.2578,12000,1.1257,12000,5.6315,142000,7.6188,180000,180000,0.0617,36000,0.1992,36000,1.414,12000,2.5657600000000005,120000,104.0,2025-11-21_09-33,,
R_LN_3DBall_3534,3DBall,3534,12.0,ppo,200000,46,8650,0.0005438851118922,3.0,236,42.8,63.4,12.2256,12000,1.3966,12000,94.9817,142000,100.0,120000,180000,0.1169,12000,1.114,12000,1.3578,12000,2.5657600000000005,36000,31.5,2025-11-21_09-33,,
R_LN_3DBall_3535,3DBall,3535,12.0,ppo,200000,76,14367,0.0007829655065384,3.0,188,43.3,68.5,2.2719,12000,1.1807,12000,89.6343,142000,100.0,132000,180000,0.0941,24000,0.9289,24000,1.3819,12000,2.5657600000000005,48000,37.5,2025-11-21_09-33,,
R_LN_3DBall_3536,3DBall,3536,12.0,ppo,200000,61,11610,0.0007892581211151,3.0,184,43.5,65.1,2.6063,12000,1.1358,12000,92.6027,142000,100.0,144000,180000,0.1038,12000,0.6796,12000,1.3911,12000,2.5657600000000005,48000,36.8,2025-11-21_09-33,,
R_LN_3DBall_3537,3DBall,3537,12.0,ppo,200000,181,34052,0.0006486654435563,3.0,170,43.4,63.1,1.2627,12000,1.1133,12000,7.3526,142000,10.903,192000,180000,0.0606,36000,0.1937,36000,1.4114,12000,2.5657600000000005,108000,90.6,2025-11-21_09-33,,
R_LN_3DBall_3538,3DBall,3538,12.0,ppo,200000,190,35625,0.0007576262132223,3.0,171,43.0,61.5,1.1803,12000,1.1209,12000,3.9762,142000,5.6268,192000,180000,0.0585,36000,0.2244,36000,1.4207,12000,2.5657600000000005,120000,102.4,2025-11-21_09-33,,
R_LN_3DBall_3539,3DBall,3539,12.0,ppo,200000,82,15525,0.00015718492784,3.0,181,43.5,61.4,1.4015,12000,1.1466,12000,39.7542,142000,61.195,192000,180000,0.0869,24000,0.3183,24000,1.4134,12000,2.5657600000000005,84000,72.3,2025-11-21_09-33,,
R_LN_3DBall_3540,3DBall,3540,12.0,ppo,200000,123,23226,0.0002407749510366,3.0,174,43.3,61.4,1.3007,12000,1.0944,12000,21.387,142000,34.9912,192000,180000,0.0717,24000,0.2308,24000,1.4138,12000,2.5657600000000005,84000,69.5,2025-11-21_09-33,,
R_LN_3DBall_3541,3DBall,3541,12.0,ppo,200000,145,27361,0.0006680462531356,3.0,177,43.0,61.1,1.2362,12000,1.1183,12000,13.6404,142000,22.832,180000,180000,0.0671,36000,0.2273,36000,1.4167,12000,2.5657600000000005,96000,82.6,2025-11-21_09-33,,
R_LN_3DBall_3542,3DBall,3542,12.0,ppo,200000,142,26735,0.0002736867272889,3.0,199,43.8,62.3,1.3184,12000,1.1614,12000,28.4029,142000,47.284,192000,180000,0.0681,36000,0.2405,36000,1.4152,12000,2.5657600000000005,96000,92.7,2025-11-21_09-33,,
R_LN_3DBall_3543,3DBall,3543,12.0,ppo,200000,131,24575,0.000255299345708,3.0,198,42.1,62.4,1.5495,12000,1.1873,12000,42.9624,142000,63.2833,192000,180000,0.0705,36000,0.3116,36000,1.4101,12000,2.5657600000000005,84000,79.2,2025-11-21_09-33,,
R_LN_3DBall_3544,3DBall,3544,12.0,ppo,200000,61,11622,0.0004658497380238,3.0,184,43.5,61.8,2.8135,12000,1.2448,12000,100.0,142000,100.0,144000,180000,0.1018,12000,0.6645,12000,1.3919,12000,2.5657600000000005,48000,36.9,2025-11-21_09-33,,
R_LN_3DBall_3545,3DBall,3545,12.0,ppo,200000,110,20678,0.000239202045834,3.0,176,43.5,61.7,1.2828,12000,1.1291,12000,21.4514,142000,38.8167,192000,180000,0.0769,24000,0.264,24000,1.4132,12000,2.5657600000000005,96000,81.9,2025-11-21_09-33,,
R_LN_3DBall_3546,3DBall,3546,12.0,ppo,200000,133,24972,0.0001124386089916,3.0,199,43.5,62.0,1.3893,12000,1.1831,12000,20.3206,142000,42.3963,192000,180000,0.0709,36000,0.2578,36000,1.4172,12000,2.5657600000000005,96000,92.7,2025-11-21_09-33,,
R_LN_3DBall_3547,3DBall,3547,12.0,ppo,200000,122,22941,0.0005478284142321,3.0,175,43.2,61.7,1.2888,12000,1.1316,12000,16.073,142000,28.3537,192000,180000,0.0752,24000,0.2205,24000,1.4106,12000,2.5657600000000005,84000,70.0,2025-11-21_09-33,,
R_LN_3DBall_3548,3DBall,3548,12.0,ppo,200000,34,6524,0.0006662545739792,3.0,211,37.7,61.6,11.7499,12000,1.4118,12000,100.0,142000,100.0,108000,180000,0.137,12000,1.2023,12000,1.3759,12000,2.5657600000000005,36000,28.1,2025-11-21_09-33,,
R_LN_3DBall_3549,3DBall,3549,12.0,ppo,200000,60,11369,5.425089942191309e-05,3.0,224,43.4,62.4,2.3422,12000,1.2316,12000,98.0717,142000,100.0,156000,180000,0.1042,12000,0.6092,12000,1.4138,12000,2.5657600000000005,48000,44.8,2025-11-21_09-33,,
R_LN_3DBall_3550,3DBall,3550,12.0,ppo,200000,72,13612,0.0001291670689847,3.0,188,43.5,61.9,1.2259,12000,1.0902,12000,20.5394,142000,34.75,192000,180000,0.0939,24000,0.3006,24000,1.4121,12000,2.5657600000000005,108000,100.3,2025-11-21_09-33,,
R_LN_3DBall_3551,3DBall,3551,12.0,ppo,200000,49,9276,0.0005808232795505,3.0,229,42.3,62.2,10.9009,12000,1.4508,12000,88.259,142000,100.0,132000,180000,0.1143,12000,0.9547,12000,1.3688,12000,2.5657600000000005,36000,30.6,2025-11-21_09-33,,
R_LN_3DBall_3552,3DBall,3552,12.0,ppo,200000,139,26208,0.0005649298496539,3.0,173,43.7,62.2,1.3514,12000,1.1759,12000,13.4344,142000,21.6135,192000,180000,0.0665,36000,0.2847,36000,1.413,12000,2.5657600000000005,96000,80.7,2025-11-21_09-33,,
R_LN_3DBall_3553,3DBall,3553,12.0,ppo,200000,71,13356,0.0006555157595437,3.0,179,43.1,62.0,2.0661,12000,1.2012,12000,99.89,142000,100.0,144000,180000,0.0947,24000,0.6509,24000,1.3997,12000,2.5657600000000005,60000,47.7,2025-11-21_09-33,,
R_LN_3DBall_3554,3DBall,3554,12.0,ppo,200000,61,11462,0.0006397422927425,3.0,183,38.4,62.7,2.1122,12000,1.22,12000,98.5594,142000,100.0,168000,180000,0.1027,12000,0.4433,12000,1.4025,12000,2.5657600000000005,60000,48.7,2025-11-21_09-33,,
R_LN_3DBall_3555,3DBall,3555,12.0,ppo,200000,39,7446,0.0008218702899198,3.0,203,42.9,62.2,8.2854,12000,1.3885,12000,96.9177,142000,100.0,96000,180000,0.1283,12000,1.1578,12000,1.3712,12000,2.5657600000000005,36000,27.0,2025-11-21_09-33,,
R_LN_3DBall_3556,3DBall,3556,12.0,ppo,200000,37,7021,0.0004301271165181,3.0,206,43.0,62.1,12.4811,12000,1.4652,12000,100.0,142000,100.0,84000,180000,0.1279,12000,1.2158,12000,1.3637,12000,2.5657600000000005,36000,27.5,2025-11-21_09-33,,
R_LN_3DBall_3557,3DBall,3557,12.0,ppo,200000,125,23483,0.0008631128177058,3.0,175,41.6,62.2,1.274,12000,1.1533,12000,20.9512,142000,40.0,180000,180000,0.0696,24000,0.2589,24000,1.4087,12000,2.5657600000000005,84000,69.9,2025-11-21_09-33,,
R_LN_3DBall_3558,3DBall,3558,12.0,ppo,200000,166,31284,0.000874258782345,3.0,175,43.4,62.8,1.1997,12000,1.1193,12000,9.1,142000,13.2869,192000,180000,0.0635,36000,0.1657,36000,1.4152,12000,2.5657600000000005,108000,93.6,2025-11-21_09-33,,
R_LN_3DBall_3559,3DBall,3559,12.0,ppo,200000,107,20245,0.0008707217765132,3.0,202,42.9,62.3,1.4625,12000,1.1593,12000,82.4103,142000,96.7077,180000,180000,0.0746,24000,0.2449,24000,1.3992,12000,2.5657600000000005,72000,67.3,2025-11-21_09-33,,
R_LN_3DBall_3560,3DBall,3560,12.0,ppo,200000,47,8985,0.0005767524265494,3.0,197,43.1,62.1,5.6946,12000,1.3448,12000,100.0,142000,100.0,96000,180000,0.1152,12000,1.0789,12000,1.3713,12000,2.5657600000000005,48000,39.5,2025-11-21_09-33,,
R_LN_3DBall_3561,3DBall,3561,12.0,ppo,200000,145,27254,0.0008064202227466,3.0,199,43.1,62.6,1.3781,12000,1.1322,12000,40.0976,142000,69.8412,192000,180000,0.0675,36000,0.3173,36000,1.4035,12000,2.5657600000000005,84000,79.6,2025-11-21_09-33,,
R_LN_3DBall_3562,3DBall,3562,12.0,ppo,200000,86,16168,0.0008106304990037,3.0,179,39.3,62.3,1.6882,12000,1.1884,12000,90.903,142000,100.0,192000,180000,0.0851,24000,0.4131,24000,1.4035,12000,2.5657600000000005,60000,47.6,2025-11-21_09-33,,
R_LN_3DBall_3563,3DBall,3563,12.0,ppo,200000,155,29092,0.0002355041278073,3.0,191,43.9,63.0,1.3366,12000,1.1555,12000,18.1843,142000,32.9417,192000,180000,0.0663,36000,0.2025,36000,1.4141,12000,2.5657600000000005,96000,89.1,2025-11-21_09-33,,
R_LN_3DBall_3564,3DBall,3564,12.0,ppo,200000,79,14920,0.0006317985877844,3.0,181,39.0,63.0,1.4796,12000,1.1932,12000,85.8436,142000,100.0,192000,180000,0.0898,24000,0.2732,24000,1.4046,12000,2.5657600000000005,72000,60.3,2025-11-21_09-33,,
R_LN_3DBall_3565,3DBall,3565,12.0,ppo,200000,185,34750,0.0006459609902079,3.0,174,43.6,62.9,1.1753,12000,1.1432,12000,2.9154,142000,3.5976,192000,180000,0.0593,36000,0.2999,36000,1.4149,12000,2.5657600000000005,156000,139.4,2025-11-21_09-33,,
R_LN_3DBall_3566,3DBall,3566,12.0,ppo,200000,159,29859,0.0004894781357086,3.0,171,42.9,62.8,1.2473,12000,1.1259,12000,8.8095,142000,15.4652,192000,180000,0.0649,36000,0.1991,36000,1.4189,12000,2.5657600000000005,108000,91.4,2025-11-21_09-33,,
R_LN_3DBall_3567,3DBall,3567,12.0,ppo,200000,159,29988,0.000451588779925,3.0,174,43.1,62.7,1.183,12000,1.1108,12000,5.6389,142000,8.7205,192000,180000,0.0642,36000,0.2048,36000,1.4209,12000,2.5657600000000005,132000,116.3,2025-11-21_09-33,,
R_LN_3DBall_3568,3DBall,3568,12.0,ppo,200000,126,23685,0.0005368350507701,3.0,178,43.0,62.7,1.2983,12000,1.1115,12000,25.0438,142000,48.3667,180000,180000,0.072,24000,0.2083,24000,1.4166,12000,2.5657600000000005,84000,71.0,2025-11-21_09-33,,
R_LN_3DBall_3569,3DBall,3569,12.0,ppo,200000,102,19270,0.0007468992095991,3.0,185,42.7,62.6,1.6547,12000,1.1836,12000,79.6048,142000,97.8334,192000,180000,0.0774,24000,0.2865,24000,1.4053,12000,2.5657600000000005,72000,61.5,2025-11-21_09-33,,
R_LN_3DBall_3570,3DBall,3570,12.0,ppo,200000,109,20622,0.0007518260978575,3.0,175,41.9,62.4,1.2866,12000,1.1311,12000,27.1879,142000,45.825,192000,180000,0.0757,24000,0.2394,24000,1.4163,12000,2.5657600000000005,96000,81.6,2025-11-21_09-33,,
R_LN_3DBall_3571,3DBall,3571,12.0,ppo,200000,89,16747,0.0007456494374468,3.0,176,39.2,62.4,1.556,12000,1.198,12000,82.8145,142000,100.0,192000,180000,0.0857,24000,0.3588,24000,1.3984,12000,2.5657600000000005,72000,58.6,2025-11-21_09-33,,
R_LN_3DBall_3572,3DBall,3572,12.0,ppo,200000,101,18949,0.0006921477767668,3.0,175,43.2,62.4,1.4678,12000,1.1737,12000,67.2727,142000,100.0,192000,180000,0.0822,24000,0.2805,24000,1.4153,12000,2.5657600000000005,84000,69.9,2025-11-21_09-33,,
R_LN_3DBall_3573,3DBall,3573,12.0,ppo,200000,145,27287,0.0002319018093196,3.0,175,43.0,63.4,1.2677,12000,1.1522,12000,7.0359,142000,9.2385,180000,180000,0.0654,36000,0.256,36000,1.4188,12000,2.5657600000000005,120000,104.9,2025-11-21_09-33,,
R_LN_3DBall_3574,3DBall,3574,12.0,ppo,200000,155,29121,0.0007257776049531,3.0,170,43.5,69.6,1.2946,12000,1.1839,12000,15.0885,142000,30.3872,192000,180000,0.0632,36000,0.1735,36000,1.4153,12000,2.5657600000000005,96000,79.3,2025-11-21_09-33,,
R_LN_3DBall_3575,3DBall,3575,12.0,ppo,200000,135,25478,0.0005971360637425,3.0,170,43.2,64.2,1.3992,12000,1.1714,12000,33.5621,142000,66.2167,192000,180000,0.0687,36000,0.2783,36000,1.4092,12000,2.5657600000000005,84000,67.9,2025-11-21_09-33,,
R_LN_3DBall_3576,3DBall,3576,12.0,ppo,200000,95,17835,0.0007781681195249,3.0,179,40.4,62.8,1.3976,12000,1.1444,12000,71.7017,142000,85.4786,192000,180000,0.081,24000,0.3232,24000,1.3986,12000,2.5657600000000005,72000,59.6,2025-11-21_09-33,,
R_LN_3DBall_3577,3DBall,3577,12.0,ppo,200000,142,26698,0.0002492310405563,3.0,176,43.1,63.0,1.2651,12000,1.0756,12000,11.0104,142000,15.6042,180000,180000,0.0679,36000,0.2296,36000,1.4128,12000,2.5657600000000005,96000,82.1,2025-11-21_09-33,,
R_LN_3DBall_3578,3DBall,3578,12.0,ppo,200000,188,35427,0.0006629838843817,3.0,179,43.1,62.8,1.243,12000,1.1632,12000,7.6269,142000,13.6232,192000,180000,0.0575,36000,0.1713,36000,1.4145,12000,2.5657600000000005,120000,107.4,2025-11-21_09-33,,
R_LN_3DBall_3579,3DBall,3579,12.0,ppo,200000,176,33146,0.0007949877545014,3.0,175,42.5,62.8,1.2227,12000,1.1171,12000,9.5431,142000,14.4987,192000,180000,0.0615,36000,0.1612,36000,1.4128,12000,2.5657600000000005,108000,93.6,2025-11-21_09-33,,
R_LN_3DBall_3580,3DBall,3580,12.0,ppo,200000,137,25732,0.000104083344474,3.0,196,42.6,62.9,1.3194,12000,1.1155,12000,20.5873,142000,34.0125,192000,180000,0.0676,36000,0.2412,36000,1.415,12000,2.5657600000000005,96000,91.5,2025-11-21_09-33,,
R_LN_3DBall_3581,3DBall,3581,12.0,ppo,200000,127,23864,0.0004199947552964,3.0,174,43.3,62.7,1.4372,12000,1.1754,12000,28.3629,142000,48.744,192000,180000,0.0708,24000,0.2938,24000,1.4138,12000,2.5657600000000005,84000,69.7,2025-11-21_09-33,,
R_LN_3DBall_3582,3DBall,3582,12.0,ppo,200000,153,28747,0.0007842545099005,3.0,174,43.5,62.4,1.3222,12000,1.123,12000,26.5111,142000,49.1044,192000,180000,0.0658,36000,0.1741,36000,1.4103,12000,2.5657600000000005,96000,81.0,2025-11-21_09-33,,
R_LN_3DBall_3583,3DBall,3583,12.0,ppo,200000,69,13091,8.792171737906226e-05,3.0,192,43.1,62.4,1.283,12000,1.1604,12000,8.7414,142000,12.5602,192000,180000,0.094,24000,0.3441,24000,1.4147,12000,2.5657600000000005,108000,102.6,2025-11-21_09-33,,
R_LN_3DBall_3584,3DBall,3584,12.0,ppo,200000,110,20683,0.0007216455091546,3.0,198,42.6,62.7,1.6273,12000,1.1519,12000,76.1785,142000,100.0,192000,180000,0.0767,24000,0.3528,24000,1.3912,12000,2.5657600000000005,72000,66.1,2025-11-21_09-33,,
R_LN_3DBall_3585,3DBall,3585,12.0,ppo,200000,97,18264,0.0004547862605126,3.0,179,42.1,62.6,1.2925,12000,1.0915,12000,24.9818,142000,35.9156,180000,180000,0.0806,24000,0.2779,24000,1.4168,12000,2.5657600000000005,96000,83.8,2025-11-21_09-33,,
R_LN_3DBall_3586,3DBall,3586,12.0,ppo,200000,174,32755,0.0006827343255363,3.0,177,43.3,63.2,1.2936,12000,1.1776,12000,6.5617,142000,8.0592,180000,180000,0.0608,36000,0.2477,36000,1.4156,12000,2.5657600000000005,108000,94.1,2025-11-21_09-33,,
R_LN_3DBall_3587,3DBall,3587,12.0,ppo,200000,190,35729,0.0006291090439802,3.0,172,43.3,63.2,1.1657,12000,1.0925,12000,3.0275,142000,3.9205,192000,180000,0.0575,36000,0.2342,36000,1.4183,12000,2.5657600000000005,156000,137.4,2025-11-21_09-33,,
R_LN_3DBall_3588,3DBall,3588,12.0,ppo,200000,146,27486,0.0004026660991016,3.0,176,42.8,62.9,1.3272,12000,1.1557,12000,15.9714,142000,24.3553,180000,180000,0.0659,36000,0.2578,36000,1.4113,12000,2.5657600000000005,96000,82.0,2025-11-21_09-33,,
R_LN_3DBall_3589,3DBall,3589,12.0,ppo,200000,144,27017,0.0002132276741184,3.0,198,42.8,63.0,1.288,12000,1.1225,12000,20.0951,142000,29.3564,192000,180000,0.0678,36000,0.2699,36000,1.4146,12000,2.5657600000000005,96000,92.3,2025-11-21_09-33,,
R_LN_3DBall_3590,3DBall,3590,12.0,ppo,200000,66,12391,0.0006509600546382,3.0,212,43.1,62.9,3.067,12000,1.2626,12000,92.0044,142000,100.0,168000,180000,0.098,24000,0.9221,24000,1.3854,12000,2.5657600000000005,48000,42.4,2025-11-21_09-33,,
R_LN_3DBall_3591,3DBall,3591,12.0,ppo,200000,186,35031,0.0006666387920898,3.0,175,43.0,62.9,1.1903,12000,1.1251,12000,5.22,142000,8.0083,192000,180000,0.0601,36000,0.1729,36000,1.4153,12000,2.5657600000000005,120000,104.9,2025-11-21_09-33,,
R_LN_3DBall_3592,3DBall,3592,12.0,ppo,200000,156,29257,0.0002744481863867,3.0,176,43.0,62.5,1.3617,12000,1.1936,12000,19.0129,142000,40.0586,192000,180000,0.0657,36000,0.1961,36000,1.4122,12000,2.5657600000000005,96000,82.0,2025-11-21_09-33,,
R_LN_3DBall_3593,3DBall,3593,12.0,ppo,200000,142,26676,0.0006404828411291,3.0,174,43.0,62.5,1.3032,12000,1.0889,12000,16.006,142000,24.0146,192000,180000,0.0658,36000,0.232,36000,1.4095,12000,2.5657600000000005,96000,81.1,2025-11-21_09-33,,
R_LN_3DBall_3594,3DBall,3594,12.0,ppo,200000,107,20125,0.0003917887014078,3.0,175,42.6,62.4,1.2471,12000,1.1766,12000,9.4172,142000,17.9754,192000,180000,0.0784,24000,0.2759,24000,1.4109,12000,2.5657600000000005,108000,93.2,2025-11-21_09-33,,
R_LN_3DBall_3595,3DBall,3595,12.0,ppo,200000,33,6317,0.0007431200873849,3.0,214,36.9,62.4,19.3838,12000,1.4,12000,99.5369,142000,100.0,84000,180000,0.1383,12000,1.0386,12000,1.3588,12000,2.5657600000000005,36000,28.5,2025-11-21_09-33,,
R_LN_3DBall_3596,3DBall,3596,12.0,ppo,200000,190,35736,0.0003893060948349,3.0,175,43.1,62.8,1.2013,12000,1.1193,12000,4.4908,142000,6.6179,192000,180000,0.0596,36000,0.2266,36000,1.4161,12000,2.5657600000000005,120000,105.2,2025-11-21_09-33,,
R_LN_3DBall_3597,3DBall,3597,12.0,ppo,200000,100,18800,0.0004169146359462,3.0,184,43.1,62.6,1.5945,12000,1.222,12000,79.1238,142000,86.2385,156000,180000,0.0795,24000,0.2329,24000,1.4066,12000,2.5657600000000005,72000,61.3,2025-11-21_09-33,,
R_LN_3DBall_3598,3DBall,3598,12.0,ppo,200000,113,21336,0.0003333719159861,3.0,179,42.7,62.6,1.241,12000,1.1594,12000,7.2038,142000,10.911,192000,180000,0.0746,24000,0.3157,24000,1.4081,12000,2.5657600000000005,120000,107.2,2025-11-21_09-33,,
R_LN_3DBall_3599,3DBall,3599,12.0,ppo,200000,156,29377,4.024666441601544e-05,3.0,183,44.0,62.6,1.1309,12000,1.0798,12000,1.5146,142000,1.5601,180000,180000,0.0633,36000,0.3885,36000,1.4181,12000,2.5657600000000005,Not reached,Not reached,2025-11-21_09-33,,
R_LN_3DBall_3600,3DBall,3600,12.0,ppo,200000,119,22390,0.0004706765924266,3.0,172,43.7,63.1,1.2757,12000,1.1365,12000,20.8907,142000,38.6533,192000,180000,0.0726,24000,0.2583,24000,1.4202,12000,2.5657600000000005,96000,80.2,2025-11-21_09-33,,
R_LN_3DBall_3601,3DBall,3601,12.0,ppo,200000,80,15115,0.0007533951242554,3.0,178,43.7,62.8,1.6898,12000,1.1833,12000,97.0126,142000,100.0,168000,180000,0.0891,24000,0.3598,24000,1.4133,12000,2.5657600000000005,60000,47.4,2025-11-21_09-33,,
R_LN_3DBall_3602,3DBall,3602,12.0,ppo,200000,81,15261,0.0005449591323014,3.0,177,43.3,62.6,1.524,12000,1.1497,12000,93.7189,142000,98.9,180000,180000,0.0872,24000,0.3245,24000,1.4077,12000,2.5657600000000005,72000,58.9,2025-11-21_09-33,,
R_LN_3DBall_3603,3DBall,3603,12.0,ppo,200000,108,20414,6.684689697295243e-05,3.0,190,43.0,62.7,1.1067,12000,1.0795,12000,1.2378,142000,1.2849,180000,180000,0.0763,24000,0.3425,24000,1.4158,12000,2.5657600000000005,Not reached,Not reached,2025-11-21_09-33,,
R_LN_3DBall_3604,3DBall,3604,12.0,ppo,200000,122,23003,3.373628094176159e-05,3.0,183,43.0,62.8,1.2287,12000,1.157,12000,3.9227,142000,5.0431,180000,180000,0.0737,24000,0.2904,24000,1.4181,12000,2.5657600000000005,132000,122.0,2025-11-21_09-33,,
R_LN_3DBall_3605,3DBall,3605,12.0,ppo,200000,32,6062,0.0006798736849965,3.0,214,43.2,62.5,24.4827,12000,1.6138,12000,98.4739,142000,100.0,72000,180000,0.1413,12000,0.9756,12000,1.3648,12000,2.5657600000000005,36000,28.5,2025-11-21_09-33,,
R_LN_3DBall_3606,3DBall,3606,12.0,ppo,200000,175,32847,0.0001676714114461,3.0,179,42.8,62.9,1.1748,12000,1.1251,12000,2.4278,142000,2.8163,192000,180000,0.0604,36000,0.3267,36000,1.4183,12000,2.5657600000000005,180000,167.0,2025-11-21_09-33,,
R_LN_3DBall_3607,3DBall,3607,12.0,ppo,200000,128,24108,0.0001740571401125,3.0,185,42.7,62.8,1.4338,12000,1.158,12000,28.5529,142000,48.9917,192000,180000,0.0725,36000,0.2916,36000,1.4126,12000,2.5657600000000005,84000,73.8,2025-11-21_09-33,,
R_LN_3DBall_3608,3DBall,3608,12.0,ppo,200000,135,25484,0.0003657100459355,3.0,174,43.3,63.1,1.2031,12000,1.1144,12000,7.1176,142000,11.4198,192000,180000,0.0684,36000,0.2423,36000,1.4206,12000,2.5657600000000005,120000,104.2,2025-11-21_09-33,,
R_LN_3DBall_3609,3DBall,3609,12.0,ppo,200000,88,16658,0.0008441925054305,3.0,177,43.4,63.3,2.0166,12000,1.2596,12000,94.8316,142000,100.0,192000,180000,0.0864,24000,0.539,24000,1.4003,12000,2.5657600000000005,60000,47.1,2025-11-21_09-33,,
R_LN_3DBall_3610,3DBall,3610,12.0,ppo,200000,176,33173,0.0008370983386933,3.0,199,42.5,63.2,1.2671,12000,1.0813,12000,12.0208,142000,20.65,192000,180000,0.0594,36000,0.1698,36000,1.4133,12000,2.5657600000000005,108000,106.1,2025-11-21_09-33,,
R_LN_3DBall_3611,3DBall,3611,12.0,ppo,200000,32,6017,0.0007693465229852,3.0,218,43.5,62.8,28.0129,12000,1.9484,12000,96.7548,142000,100.0,120000,180000,0.143,12000,1.0355,12000,1.3396,12000,2.5657600000000005,24000,14.5,2025-11-21_09-33,,
R_LN_3DBall_3612,3DBall,3612,12.0,ppo,200000,55,10433,0.000781789845693,3.0,187,42.6,62.7,3.2731,12000,1.2213,12000,98.6017,142000,100.0,132000,180000,0.1062,12000,0.6654,12000,1.3856,12000,2.5657600000000005,48000,37.5,2025-11-21_09-33,,
R_LN_3DBall_3613,3DBall,3613,12.0,ppo,200000,103,19411,0.0001115385732959,3.0,181,43.4,69.2,1.2646,12000,1.1525,12000,11.8961,142000,21.551,192000,180000,0.0802,24000,0.3119,24000,1.418,12000,2.5657600000000005,108000,96.4,2025-11-21_09-33,,
R_LN_3DBall_3614,3DBall,3614,12.0,ppo,200000,34,6386,0.000228143303658,3.0,255,42.2,63.7,26.9956,12000,1.6787,12000,96.6257,142000,100.0,60000,180000,0.1379,12000,0.9649,12000,1.3861,12000,2.5657600000000005,36000,34.1,2025-11-21_09-33,,
R_LN_3DBall_3615,3DBall,3615,12.0,ppo,200000,121,22697,0.0006656033819784,3.0,174,43.3,62.5,1.2523,12000,1.0734,12000,21.8938,142000,35.8686,180000,180000,0.0755,24000,0.2072,24000,1.4125,12000,2.5657600000000005,96000,81.4,2025-11-21_09-33,,
R_LN_3DBall_3616,3DBall,3616,12.0,ppo,200000,142,26709,0.0006688499109389,3.0,177,43.1,62.9,1.0898,12000,1.0363,12000,4.1142,142000,5.478,192000,180000,0.0676,36000,0.2347,36000,1.412,12000,2.5657600000000005,144000,129.6,2025-11-21_09-33,,
R_LN_3DBall_3617,3DBall,3617,12.0,ppo,200000,111,20921,0.0003071051483623,3.0,175,43.5,63.0,1.2984,12000,1.1263,12000,34.0762,142000,54.7364,192000,180000,0.0764,24000,0.2114,24000,1.4159,12000,2.5657600000000005,96000,81.6,2025-11-21_09-33,,
R_LN_3DBall_3618,3DBall,3618,12.0,ppo,200000,54,10243,0.0004600435084488,3.0,200,42.6,62.9,3.7217,12000,1.3084,12000,98.4272,142000,100.0,168000,180000,0.1103,12000,0.7957,12000,1.3857,12000,2.5657600000000005,48000,40.0,2025-11-21_09-33,,
R_LN_3DBall_3619,3DBall,3619,12.0,ppo,200000,58,10956,0.0004699466931813,3.0,219,42.9,63.0,4.2817,12000,1.3019,12000,94.4245,142000,100.0,156000,180000,0.1026,12000,0.8602,12000,1.371,12000,2.5657600000000005,48000,43.8,2025-11-21_09-33,,
R_LN_3DBall_3620,3DBall,3620,12.0,ppo,200000,129,24275,0.0001179708791555,3.0,184,43.1,62.9,1.3833,12000,1.1575,12000,22.39,142000,39.1367,192000,180000,0.0712,36000,0.2815,36000,1.4156,12000,2.5657600000000005,84000,73.4,2025-11-21_09-33,,
R_LN_3DBall_3621,3DBall,3621,12.0,ppo,200000,68,12832,0.0005622407191998,3.0,192,42.7,62.8,3.2637,12000,1.2493,12000,98.765,142000,100.0,144000,180000,0.0967,24000,0.9632,24000,1.3757,12000,2.5657600000000005,48000,38.4,2025-11-21_09-33,,
R_LN_3DBall_3622,3DBall,3622,12.0,ppo,200000,88,16521,0.0008883203865832,3.0,174,39.2,62.7,1.6248,12000,1.2106,12000,90.0793,142000,98.1385,192000,180000,0.0853,24000,0.3441,24000,1.3966,12000,2.5657600000000005,72000,57.9,2025-11-21_09-33,,
R_LN_3DBall_3623,3DBall,3623,12.0,ppo,200000,57,10841,0.000662900988627,3.0,200,44.1,62.8,4.183,12000,1.3397,12000,96.9618,142000,100.0,96000,180000,0.1032,12000,0.7926,12000,1.3665,12000,2.5657600000000005,48000,39.9,2025-11-21_09-33,,
R_LN_3DBall_3624,3DBall,3624,12.0,ppo,200000,94,17697,0.0003136564053928,3.0,189,43.6,63.3,1.6994,12000,1.1457,12000,88.1395,142000,95.3462,192000,180000,0.0822,24000,0.452,24000,1.4029,12000,2.5657600000000005,60000,50.3,2025-11-21_09-33,,
R_LN_3DBall_3625,3DBall,3625,12.0,ppo,200000,130,24412,0.0002256989520162,3.0,178,42.7,63.1,1.222,12000,1.1333,12000,5.0674,142000,7.9376,192000,180000,0.0697,36000,0.2614,36000,1.4091,12000,2.5657600000000005,132000,119.0,2025-11-21_09-33,,
R_LN_3DBall_3626,3DBall,3626,12.0,ppo,200000,49,9220,0.0006107392495279,3.0,193,37.9,63.0,3.0516,12000,1.2579,12000,98.4831,142000,100.0,132000,180000,0.1121,12000,0.6783,12000,1.3896,12000,2.5657600000000005,48000,38.6,2025-11-21_09-33,,
R_LN_3DBall_3627,3DBall,3627,12.0,ppo,200000,66,12411,0.0008809335173328,3.0,214,43.0,63.3,3.1603,12000,1.1886,12000,91.6863,142000,100.0,156000,180000,0.0983,24000,0.7962,24000,1.3811,12000,2.5657600000000005,48000,42.9,2025-11-21_09-33,,
R_LN_3DBall_3628,3DBall,3628,12.0,ppo,200000,45,8536,0.0007990925581642,3.0,200,43.1,63.5,8.6892,12000,1.3273,12000,89.918,142000,100.0,180000,180000,0.1188,12000,1.0524,12000,1.3666,12000,2.5657600000000005,36000,26.6,2025-11-21_09-33,,
R_LN_3DBall_3629,3DBall,3629,12.0,ppo,200000,125,23477,0.0001771183889181,3.0,183,43.0,63.4,1.3261,12000,1.1195,12000,31.9282,142000,53.4952,192000,180000,0.0698,24000,0.2402,24000,1.4148,12000,2.5657600000000005,84000,73.2,2025-11-21_09-33,,
R_LN_3DBall_3630,3DBall,3630,12.0,ppo,200000,153,28766,0.0005926363196564,3.0,171,43.3,63.3,1.2694,12000,1.1061,12000,9.521,142000,15.1932,192000,180000,0.0667,36000,0.2133,36000,1.4075,12000,2.5657600000000005,96000,79.7,2025-11-21_09-33,,
R_LN_3DBall_3631,3DBall,3631,12.0,ppo,200000,70,13253,0.0005491522920264,3.0,182,42.9,63.2,2.607,12000,1.2527,12000,95.2694,142000,100.0,132000,180000,0.0938,24000,0.8862,24000,1.3913,12000,2.5657600000000005,48000,36.4,2025-11-21_09-33,,
R_LN_3DBall_3632,3DBall,3632,12.0,ppo,200000,66,12375,0.0005383641375321,3.0,184,43.3,63.4,2.4431,12000,1.1837,12000,94.1176,142000,100.0,132000,180000,0.0982,24000,0.6883,24000,1.397,12000,2.5657600000000005,48000,36.8,2025-11-21_09-33,,
R_LN_3DBall_3633,3DBall,3633,12.0,ppo,200000,67,12656,0.0003078511477361,3.0,192,43.0,63.5,3.1525,12000,1.2862,12000,98.4458,142000,100.0,120000,180000,0.0969,24000,0.9647,24000,1.39,12000,2.5657600000000005,48000,38.4,2025-11-21_09-33,,
R_LN_3DBall_3634,3DBall,3634,12.0,ppo,200000,153,28687,0.0006330586089761,3.0,171,46.4,63.8,1.2885,12000,1.1128,12000,13.5834,142000,26.4109,192000,180000,0.0644,36000,0.1813,36000,1.4159,12000,2.5657600000000005,96000,79.7,2025-11-21_09-33,,
R_LN_3DBall_3635,3DBall,3635,12.0,ppo,200000,96,18152,0.0005923149947186,3.0,177,43.6,63.7,1.3689,12000,1.1175,12000,62.0846,142000,91.3357,180000,180000,0.0812,24000,0.2217,24000,1.4165,12000,2.5657600000000005,84000,70.7,2025-11-21_09-33,,
R_LN_3DBall_3636,3DBall,3636,12.0,ppo,200000,123,23182,0.0003293662322685,3.0,177,43.1,63.5,1.3895,12000,1.1598,12000,37.2198,142000,65.0471,192000,180000,0.0717,24000,0.2329,24000,1.4043,12000,2.5657600000000005,84000,71.0,2025-11-21_09-33,,
R_LN_3DBall_3637,3DBall,3637,12.0,ppo,200000,49,9229,0.0004856329884923,3.0,203,43.2,63.4,12.3102,12000,1.4933,12000,92.4895,142000,100.0,180000,180000,0.1139,12000,0.9678,12000,1.3745,12000,2.5657600000000005,36000,27.1,2025-11-21_09-33,,
R_LN_3DBall_3638,3DBall,3638,12.0,ppo,200000,191,35972,0.0003520876016931,3.0,175,42.8,63.5,1.1325,12000,1.066,12000,3.7304,142000,4.8249,192000,180000,0.06,36000,0.1885,36000,1.4193,12000,2.5657600000000005,120000,104.9,2025-11-21_09-33,,
R_LN_3DBall_3639,3DBall,3639,12.0,ppo,200000,120,22631,0.0003609181762019,3.0,174,43.4,63.3,1.2817,12000,1.0818,12000,21.7137,142000,38.1,192000,180000,0.0715,24000,0.2049,24000,1.4167,12000,2.5657600000000005,96000,81.2,2025-11-21_09-33,,
R_LN_3DBall_3640,3DBall,3640,12.0,ppo,200000,188,35288,0.0007727116160921,3.0,172,42.7,63.5,1.1927,12000,1.1369,12000,3.2007,142000,3.8645,192000,180000,0.0605,36000,0.2486,36000,1.4189,12000,2.5657600000000005,156000,137.4,2025-11-21_09-33,,
R_LN_3DBall_3641,3DBall,3641,12.0,ppo,200000,175,32857,0.0008410183781868,3.0,177,43.0,63.6,1.2237,12000,1.116,12000,9.6272,142000,13.2145,180000,180000,0.0611,36000,0.159,36000,1.4158,12000,2.5657600000000005,108000,94.4,2025-11-21_09-33,,
R_LN_3DBall_3642,3DBall,3642,12.0,ppo,200000,45,8590,0.0006416140075677,3.0,209,43.2,63.5,8.5913,12000,1.5182,12000,96.645,142000,100.0,108000,180000,0.1197,12000,1.0706,12000,1.3576,12000,2.5657600000000005,36000,27.8,2025-11-21_09-33,,
R_LN_3DBall_3643,3DBall,3643,12.0,ppo,200000,57,10829,0.0002591446732593,3.0,192,39.8,63.5,1.423,12000,1.1774,12000,90.0683,142000,100.0,180000,180000,0.1079,12000,0.3147,12000,1.4035,12000,2.5657600000000005,84000,76.7,2025-11-21_09-33,,
R_LN_3DBall_3644,3DBall,3644,12.0,ppo,200000,41,7702,0.0001563962750909,3.0,212,42.8,63.2,15.3483,12000,1.656,12000,94.7196,142000,100.0,96000,180000,0.1243,12000,1.3365,12000,1.3863,12000,2.5657600000000005,36000,28.2,2025-11-21_09-33,,
R_LN_3DBall_3645,3DBall,3645,12.0,ppo,200000,53,10026,0.0004317540811399,3.0,191,43.3,63.5,4.3068,12000,1.2759,12000,98.5226,142000,100.0,108000,180000,0.1092,12000,0.6612,12000,1.3853,12000,2.5657600000000005,48000,38.2,2025-11-21_09-33,,
R_LN_3DBall_3646,3DBall,3646,12.0,ppo,200000,40,7558,0.0005514736533535,3.0,203,43.0,63.5,10.2294,12000,1.4225,12000,98.98,142000,100.0,132000,180000,0.1265,12000,1.2086,12000,1.3824,12000,2.5657600000000005,36000,27.0,2025-11-21_09-33,,
R_LN_3DBall_3647,3DBall,3647,12.0,ppo,200000,137,25744,0.000258645922823,3.0,180,42.9,63.7,1.2854,12000,1.1044,12000,20.0954,142000,31.5647,192000,180000,0.0692,36000,0.2187,36000,1.4132,12000,2.5657600000000005,96000,83.9,2025-11-21_09-33,,
R_LN_3DBall_3648,3DBall,3648,12.0,ppo,200000,81,15200,0.0001999287341401,3.0,185,42.2,63.4,1.2623,12000,1.1201,12000,21.9796,142000,33.7829,192000,180000,0.0905,24000,0.2977,24000,1.4034,12000,2.5657600000000005,96000,86.3,2025-11-21_09-33,,
R_LN_3DBall_3649,3DBall,3649,12.0,ppo,200000,185,34693,8.746216831500958e-05,3.0,176,43.7,63.5,1.2462,12000,1.1762,12000,2.718,142000,3.1669,192000,180000,0.059,36000,0.3317,36000,1.4186,12000,2.5657600000000005,156000,141.1,2025-11-21_09-33,,
R_LN_3DBall_3650,3DBall,3650,12.0,ppo,200000,110,20764,5.531813831786962e-05,3.0,188,43.4,63.4,1.1901,12000,1.1917,12000,1.4002,142000,1.4321,180000,180000,0.0755,24000,0.8872,24000,1.4172,12000,2.5657600000000005,Not reached,Not reached,2025-11-21_09-33,,
R_LN_3DBall_3651,3DBall,3651,12.0,ppo,200000,180,33792,0.0006991539174828,3.0,172,43.6,70.0,1.1933,12000,1.1376,12000,6.3349,142000,9.5852,192000,180000,0.0589,36000,0.1594,36000,1.4178,12000,2.5657600000000005,120000,103.1,2025-11-21_09-33,,
R_LN_3DBall_3652,3DBall,3652,12.0,ppo,200000,43,8221,5.56116893512305e-05,3.0,209,43.7,66.6,1.3184,12000,1.1443,12000,15.541,142000,22.7529,192000,180000,0.1216,12000,0.4071,12000,1.414,12000,2.5657600000000005,96000,97.8,2025-11-21_09-33,,
R_LN_3DBall_3653,3DBall,3653,12.0,ppo,200000,112,21179,0.000543857906335,3.0,177,43.4,63.3,1.4696,12000,1.1759,12000,64.7851,142000,83.85,192000,180000,0.0765,24000,0.2664,24000,1.4095,12000,2.5657600000000005,72000,59.0,2025-11-21_09-33,,
R_LN_3DBall_3654,3DBall,3654,12.0,ppo,200000,169,31707,0.0008761104785465,3.0,197,42.2,63.5,1.2607,12000,1.1719,12000,10.4551,142000,13.4095,192000,180000,0.0646,36000,0.1669,36000,1.4128,12000,2.5657600000000005,108000,105.1,2025-11-21_09-33,,
R_LN_3DBall_3655,3DBall,3655,12.0,ppo,200000,57,10828,0.0006011248848716,3.0,188,38.2,63.2,2.2962,12000,1.2908,12000,100.0,142000,100.0,144000,180000,0.1027,12000,0.4933,12000,1.3982,12000,2.5657600000000005,48000,37.6,2025-11-21_09-33,,
R_LN_3DBall_3656,3DBall,3656,12.0,ppo,200000,37,7080,0.0007115346568594,3.0,213,42.7,63.3,23.0677,12000,1.5162,12000,93.2801,142000,100.0,108000,180000,0.1318,12000,1.1967,12000,1.3719,12000,2.5657600000000005,36000,28.4,2025-11-21_09-33,,
R_LN_3DBall_3657,3DBall,3657,12.0,ppo,200000,34,6489,0.000164292941211,3.0,218,43.0,63.3,13.0703,12000,1.5255,12000,96.4322,142000,100.0,108000,180000,0.1347,12000,1.1917,12000,1.3877,12000,2.5657600000000005,36000,29.0,2025-11-21_09-33,,
R_LN_3DBall_3658,3DBall,3658,12.0,ppo,200000,117,22041,0.0003842454402457,3.0,181,44.0,63.6,1.3139,12000,1.166,12000,20.9948,142000,39.6567,192000,180000,0.0728,24000,0.2754,24000,1.4117,12000,2.5657600000000005,96000,84.3,2025-11-21_09-33,,
R_LN_3DBall_3659,3DBall,3659,12.0,ppo,200000,91,17091,0.0002640357263278,3.0,205,42.6,63.6,1.8157,12000,1.1939,12000,89.7315,142000,100.0,168000,180000,0.0854,24000,0.4713,24000,1.4029,12000,2.5657600000000005,60000,54.7,2025-11-21_09-33,,
R_LN_3DBall_3660,3DBall,3660,12.0,ppo,200000,123,23157,0.0003307827586416,3.0,176,43.6,63.7,1.3614,12000,1.1401,12000,26.8375,142000,45.2731,180000,180000,0.0724,24000,0.2582,24000,1.415,12000,2.5657600000000005,84000,70.5,2025-11-21_09-33,,
R_LN_3DBall_3661,3DBall,3661,12.0,ppo,200000,111,20965,0.000886491177071,3.0,203,42.9,63.8,1.5902,12000,1.1581,12000,70.0406,142000,89.8786,192000,180000,0.0776,24000,0.273,24000,1.3967,12000,2.5657600000000005,72000,67.7,2025-11-21_09-33,,
R_LN_3DBall_3662,3DBall,3662,12.0,ppo,200000,80,15131,0.0008903503843824,3.0,178,43.6,63.6,2.1843,12000,1.1427,12000,98.9933,142000,100.0,156000,180000,0.0927,24000,0.5473,24000,1.3865,12000,2.5657600000000005,60000,47.5,2025-11-21_09-33,,
R_LN_3DBall_3663,3DBall,3663,12.0,ppo,200000,46,8764,0.0006001130238092,3.0,202,43.0,63.3,4.8105,12000,1.214,12000,96.8354,142000,100.0,120000,180000,0.1167,12000,0.9249,12000,1.3797,12000,2.5657600000000005,48000,40.3,2025-11-21_09-33,,
R_LN_3DBall_3664,3DBall,3664,12.0,ppo,200000,144,27107,0.0002483501867383,3.0,179,43.0,63.5,1.2211,12000,1.1612,12000,3.1827,142000,3.825,180000,180000,0.0652,36000,0.3318,36000,1.4148,12000,2.5657600000000005,156000,143.2,2025-11-21_09-33,,
R_LN_3DBall_3665,3DBall,3665,12.0,ppo,200000,181,33956,0.000783562325415,3.0,171,43.2,63.6,1.1955,12000,1.1328,12000,4.6043,142000,6.868,192000,180000,0.0606,36000,0.1932,36000,1.421,12000,2.5657600000000005,144000,125.4,2025-11-21_09-33,,
R_LN_3DBall_3666,3DBall,3666,12.0,ppo,200000,144,27175,0.0004605320595046,3.0,177,43.1,63.7,1.1745,12000,1.1044,12000,3.7082,142000,4.8816,180000,180000,0.0682,36000,0.2606,36000,1.4135,12000,2.5657600000000005,144000,129.8,2025-11-21_09-33,,
R_LN_3DBall_3667,3DBall,3667,12.0,ppo,200000,175,32878,0.0006683362969075,3.0,175,43.0,63.5,1.1686,12000,1.1152,12000,4.7567,142000,6.4421,180000,180000,0.0625,36000,0.1944,36000,1.418,12000,2.5657600000000005,120000,104.9,2025-11-21_09-33,,
R_LN_3DBall_3668,3DBall,3668,12.0,ppo,200000,152,28669,0.0008564684904643,3.0,170,43.3,63.4,1.3068,12000,1.1639,12000,19.3611,142000,33.2706,192000,180000,0.0644,36000,0.1858,36000,1.4118,12000,2.5657600000000005,96000,79.2,2025-11-21_09-33,,
R_LN_3DBall_3669,3DBall,3669,12.0,ppo,200000,85,16096,0.0008820390228507,3.0,179,42.8,63.3,1.5472,12000,1.129,12000,93.174,142000,100.0,192000,180000,0.0872,24000,0.3113,24000,1.4102,12000,2.5657600000000005,72000,59.6,2025-11-21_09-33,,
R_LN_3DBall_3670,3DBall,3670,12.0,ppo,200000,38,7218,0.0005137125528932,3.0,250,42.7,64.1,13.0557,12000,1.5551,12000,97.4246,142000,100.0,168000,180000,0.1302,12000,1.1689,12000,1.346,12000,2.5657600000000005,36000,33.3,2025-11-21_09-33,,
R_LN_3DBall_3671,3DBall,3671,12.0,ppo,200000,98,18546,0.0004958621603185,3.0,176,42.9,63.8,1.4883,12000,1.2056,12000,72.2826,142000,98.3083,192000,180000,0.0804,24000,0.2739,24000,1.4085,12000,2.5657600000000005,72000,58.6,2025-11-21_09-33,,
R_LN_3DBall_3672,3DBall,3672,12.0,ppo,200000,174,32670,0.0007519620595294,3.0,178,43.3,63.6,1.1749,12000,1.1311,12000,4.5458,142000,5.8295,192000,180000,0.0614,36000,0.221,36000,1.4116,12000,2.5657600000000005,144000,130.8,2025-11-21_09-33,,
R_LN_3DBall_3673,3DBall,3673,12.0,ppo,200000,158,29771,0.0002910170357531,3.0,176,43.0,63.5,1.1522,12000,1.0997,12000,2.5336,142000,3.1662,192000,180000,0.0643,36000,0.3012,36000,1.4225,12000,2.5657600000000005,180000,164.0,2025-11-21_09-33,,
R_LN_3DBall_3674,3DBall,3674,12.0,ppo,200000,45,8537,0.0003658134360145,3.0,206,42.9,63.4,11.7799,12000,1.4283,12000,95.6767,142000,100.0,108000,180000,0.1189,12000,1.1988,12000,1.3637,12000,2.5657600000000005,36000,27.5,2025-11-21_09-33,,
R_LN_3DBall_3675,3DBall,3675,12.0,ppo,200000,38,7307,0.0001751436032658,3.0,251,54.9,70.7,1.4811,12000,1.2156,12000,92.7056,142000,100.0,156000,180000,0.1283,12000,0.3663,12000,1.3958,12000,2.5657600000000005,84000,100.6,2025-11-21_09-33,,
R_LN_3DBall_3676,3DBall,3676,12.0,ppo,200000,178,33478,0.0001215065289313,3.0,338,84.6,86.7,1.2274,12000,1.1525,12000,4.6776,142000,5.9679,192000,180000,0.0595,36000,0.2108,36000,1.4185,12000,2.5657600000000005,108000,180.1,2025-11-21_09-33,,
R_LN_3DBall_3677,3DBall,3677,12.0,ppo,200000,166,31162,0.0006045860397471,3.0,325,84.6,86.7,1.1619,12000,1.1079,12000,5.2254,142000,7.2382,192000,180000,0.0642,36000,0.2059,36000,1.4218,12000,2.5657600000000005,132000,216.9,2025-11-21_09-33,,
R_LN_3DBall_3678,3DBall,3678,12.0,ppo,200000,101,19032,0.0005679922575159,3.0,300,78.6,85.5,1.6157,12000,1.1605,12000,88.3304,142000,98.9083,156000,180000,0.0779,24000,0.2787,24000,1.4078,12000,2.5657600000000005,72000,100.1,2025-11-21_09-33,,
R_LN_3DBall_3679,3DBall,3679,12.0,ppo,200000,92,17341,0.0001795277940237,3.0,298,77.7,83.6,1.1754,12000,1.15,12000,4.5179,142000,5.764,192000,180000,0.0835,24000,0.2939,24000,1.4166,12000,2.5657600000000005,132000,198.8,2025-11-21_09-33,,
R_LN_3DBall_3680,3DBall,3680,12.0,ppo,200000,95,17962,0.0001828503922568,3.0,283,73.1,71.3,1.246,12000,1.1094,12000,18.9974,142000,29.365,180000,180000,0.0834,24000,0.2922,24000,1.4111,12000,2.5657600000000005,108000,150.9,2025-11-21_09-33,,
R_LN_3DBall_3681,3DBall,3681,12.0,ppo,200000,67,12690,6.439243186772965e-05,3.0,336,72.2,71.3,1.9793,12000,1.1791,12000,95.3884,142000,100.0,168000,180000,0.099,24000,0.5529,24000,1.4175,12000,2.5657600000000005,60000,89.5,2025-11-21_09-33,,
R_LN_3DBall_3682,3DBall,3682,12.0,ppo,200000,89,16758,0.0006151704140596,3.0,272,73.1,70.6,1.9855,12000,1.2291,12000,96.9723,142000,100.0,144000,180000,0.0856,24000,0.5407,24000,1.3941,12000,2.5657600000000005,60000,72.5,2025-11-21_09-33,,
R_LN_3DBall_3683,3DBall,3683,12.0,ppo,200000,97,18194,0.0007272544499517,3.0,231,63.4,64.7,1.4359,12000,1.1679,12000,52.8708,142000,91.0462,192000,180000,0.0806,24000,0.2364,24000,1.408,12000,2.5657600000000005,84000,92.6,2025-11-21_09-33,,
R_LN_3DBall_3684,3DBall,3684,12.0,ppo,200000,183,34453,0.0004837875877366,3.0,219,64.6,71.7,1.1985,12000,1.1589,12000,2.796,142000,3.4601,192000,180000,0.0577,36000,0.2977,36000,1.4186,12000,2.5657600000000005,180000,204.0,2025-11-21_09-33,,
R_LN_3DBall_3685,3DBall,3685,12.0,ppo,200000,133,25113,0.0004878946308009,3.0,236,66.3,78.3,1.3385,12000,1.2078,12000,14.1693,142000,27.4238,192000,180000,0.0707,36000,0.2647,36000,1.4203,12000,2.5657600000000005,96000,110.0,2025-11-21_09-33,,
R_LN_3DBall_3686,3DBall,3686,12.0,ppo,200000,34,6451,0.0003472773676596,3.0,318,67.8,78.1,17.3748,12000,1.6751,12000,92.7841,142000,100.0,144000,180000,0.1328,12000,1.0642,12000,1.3628,12000,2.5657600000000005,36000,42.4,2025-11-21_09-33,,
R_LN_3DBall_3687,3DBall,3687,12.0,ppo,200000,109,20481,0.0008995947928021,3.0,330,78.5,74.1,1.4631,12000,1.1229,12000,42.0443,142000,70.2706,192000,180000,0.0761,24000,0.2161,24000,1.4008,12000,2.5657600000000005,72000,110.2,2025-11-21_09-33,,
R_LN_3DBall_3688,3DBall,3688,12.0,ppo,200000,124,23416,0.0005572180877242,3.0,174,42.7,50.7,1.2382,12000,1.1312,12000,9.0567,142000,13.4723,192000,180000,0.0728,24000,0.2543,24000,1.4136,12000,2.5657600000000005,108000,93.0,2025-11-21_09-33,,
R_LN_3DBall_3689,3DBall,3689,12.0,ppo,200000,40,7527,0.0003731064108994,3.0,202,38.7,50.6,2.597,12000,1.1754,12000,100.0,142000,100.0,108000,180000,0.1256,12000,0.4934,12000,1.3845,12000,2.5657600000000005,48000,40.5,2025-11-21_09-33,,
R_LN_3DBall_3690,3DBall,3690,12.0,ppo,200000,154,28937,0.0005082150809127,3.0,174,42.9,50.4,1.2394,12000,1.1408,12000,27.7186,142000,59.0572,192000,180000,0.0649,36000,0.1527,36000,1.4067,12000,2.5657600000000005,96000,81.4,2025-11-21_09-33,,
R_LN_3DBall_3691,3DBall,3691,12.0,ppo,200000,133,24940,0.0004318146576024,3.0,169,42.8,50.1,1.36,12000,1.129,12000,22.089,142000,39.2258,192000,180000,0.0709,36000,0.2406,36000,1.4158,12000,2.5657600000000005,84000,67.7,2025-11-21_09-33,,
R_LN_3DBall_3692,3DBall,3692,12.0,ppo,200000,55,10358,0.0005083801214092,3.0,189,37.4,49.7,1.965,12000,1.2173,12000,96.9585,142000,100.0,144000,180000,0.1049,12000,0.3519,12000,1.3985,12000,2.5657600000000005,60000,50.5,2025-11-21_09-33,,
R_LN_3DBall_3693,3DBall,3693,12.0,ppo,200000,55,10374,0.0003738181735658,3.0,190,38.3,49.8,1.7502,12000,1.2112,12000,98.9154,142000,100.0,132000,180000,0.1087,12000,0.3899,12000,1.4064,12000,2.5657600000000005,60000,50.8,2025-11-21_09-33,,
R_LN_3DBall_3694,3DBall,3694,12.0,ppo,200000,127,23958,0.0001646408872378,3.0,181,42.7,50.2,1.4115,12000,1.1531,12000,26.4455,142000,44.6462,192000,180000,0.0715,24000,0.2629,24000,1.4144,12000,2.5657600000000005,84000,72.6,2025-11-21_09-33,,
R_LN_3DBall_3695,3DBall,3695,12.0,ppo,200000,54,10247,0.0002055966820903,3.0,198,42.4,50.0,4.068,12000,1.3381,12000,93.3559,142000,100.0,120000,180000,0.1099,12000,0.745,12000,1.3941,12000,2.5657600000000005,48000,39.7,2025-11-21_09-33,,
R_LN_3DBall_3696,3DBall,3696,12.0,ppo,200000,180,33896,0.0007837170374671,3.0,172,43.1,50.3,1.1477,12000,1.1059,12000,2.6889,142000,3.2585,192000,180000,0.0608,36000,0.279,36000,1.4168,12000,2.5657600000000005,180000,160.9,2025-11-21_09-33,,
R_LN_3DBall_3697,3DBall,3697,12.0,ppo,200000,160,30154,0.0008456020410606,3.0,170,42.7,49.7,1.2567,12000,1.1519,12000,13.6239,142000,23.7729,192000,180000,0.0651,36000,0.1795,36000,1.4172,12000,2.5657600000000005,96000,79.5,2025-11-21_09-33,,
R_LN_3DBall_3698,3DBall,3698,12.0,ppo,200000,185,34709,0.0003431908979765,3.0,171,42.7,49.7,1.1903,12000,1.1101,12000,4.7124,142000,6.4478,192000,180000,0.0586,36000,0.1889,36000,1.42,12000,2.5657600000000005,120000,102.8,2025-11-21_09-33,,
R_LN_3DBall_3699,3DBall,3699,12.0,ppo,200000,56,10500,0.0003245922181155,3.0,187,38.6,50.0,1.6906,12000,1.2194,12000,96.8257,142000,100.0,168000,180000,0.1054,12000,0.3303,12000,1.4085,12000,2.5657600000000005,60000,50.0,2025-11-21_09-33,,
R_LN_3DBall_3700,3DBall,3700,12.0,ppo,200000,49,9245,0.0005949821887063,3.0,190,37.3,50.0,2.6894,12000,1.2019,12000,100.0,142000,100.0,108000,180000,0.1154,12000,0.5801,12000,1.3811,12000,2.5657600000000005,48000,38.1,2025-11-21_09-33,,
R_LN_3DBall_3701,3DBall,3701,12.0,ppo,200000,162,30378,0.0006627488427993,3.0,173,42.7,50.2,1.1573,12000,1.0975,12000,8.6576,142000,14.7013,192000,180000,0.0651,36000,0.1532,36000,1.4157,12000,2.5657600000000005,108000,92.4,2025-11-21_09-33,,
R_LN_3DBall_3702,3DBall,3702,12.0,ppo,200000,77,14597,0.0001850799490542,3.0,179,42.9,49.4,1.538,12000,1.204,12000,81.305,142000,99.425,180000,180000,0.0881,24000,0.3601,24000,1.4156,12000,2.5657600000000005,72000,59.8,2025-11-21_09-33,,
R_LN_3DBall_3703,3DBall,3703,12.0,ppo,200000,190,35671,0.0007805845221471,3.0,170,42.8,49.6,1.2277,12000,1.1495,12000,3.8349,142000,5.8721,192000,180000,0.0576,36000,0.2162,36000,1.4133,12000,2.5657600000000005,132000,113.6,2025-11-21_09-33,,
R_LN_3DBall_3704,3DBall,3704,12.0,ppo,200000,167,31357,0.0005604147781057,3.0,173,42.9,49.8,1.2178,12000,1.1341,12000,6.1588,142000,7.6036,192000,180000,0.0622,36000,0.173,36000,1.4196,12000,2.5657600000000005,108000,92.4,2025-11-21_09-33,,
R_LN_3DBall_3705,3DBall,3705,12.0,ppo,200000,117,22002,0.0006176246152678,3.0,175,42.6,49.6,1.3779,12000,1.1692,12000,34.3865,142000,59.9667,192000,180000,0.0741,24000,0.2341,24000,1.4089,12000,2.5657600000000005,84000,70.1,2025-11-21_09-33,,
R_LN_3DBall_3706,3DBall,3706,12.0,ppo,200000,112,21163,0.0001242353007915,3.0,180,42.7,49.6,1.2128,12000,1.1301,12000,4.1685,142000,5.0541,180000,180000,0.0752,24000,0.3117,24000,1.4144,12000,2.5657600000000005,144000,132.3,2025-11-21_09-33,,
R_LN_3DBall_3707,3DBall,3707,12.0,ppo,200000,177,33209,0.0001018784810886,3.0,200,42.3,50.0,1.207,12000,1.064,12000,5.2137,142000,7.0161,180000,180000,0.0584,36000,0.183,36000,1.4151,12000,2.5657600000000005,120000,119.8,2025-11-21_09-33,,
R_LN_3DBall_3708,3DBall,3708,12.0,ppo,200000,107,20233,0.0006733109318211,3.0,174,43.6,49.9,1.3922,12000,1.0797,12000,60.846,142000,88.9154,192000,180000,0.0757,24000,0.223,24000,1.4122,12000,2.5657600000000005,72000,57.8,2025-11-21_09-33,,
R_LN_3DBall_3709,3DBall,3709,12.0,ppo,200000,129,24366,0.000466688971409,3.0,175,43.2,50.2,1.4549,12000,1.1875,12000,38.9897,142000,70.4412,192000,180000,0.0685,36000,0.2976,36000,1.4073,12000,2.5657600000000005,84000,69.8,2025-11-21_09-33,,
R_LN_3DBall_3710,3DBall,3710,12.0,ppo,200000,49,9353,0.0003679598243036,3.0,200,42.7,49.7,6.0733,12000,1.4007,12000,96.1973,142000,100.0,132000,180000,0.1137,12000,1.0671,12000,1.3867,12000,2.5657600000000005,36000,26.7,2025-11-21_09-33,,
R_LN_3DBall_3711,3DBall,3711,12.0,ppo,200000,45,8454,0.0006318505041414,3.0,196,43.3,49.6,8.5263,12000,1.2974,12000,100.0,142000,100.0,120000,180000,0.1197,12000,1.0478,12000,1.3809,12000,2.5657600000000005,36000,26.2,2025-11-21_09-33,,
R_LN_3DBall_3712,3DBall,3712,12.0,ppo,200000,184,34606,0.0007250356667935,3.0,171,43.1,49.7,1.1209,12000,1.083,12000,2.9693,142000,3.6713,192000,180000,0.0588,36000,0.2268,36000,1.4173,12000,2.5657600000000005,156000,137.2,2025-11-21_09-33,,
R_LN_3DBall_3713,3DBall,3713,12.0,ppo,200000,52,9778,0.0002743862735785,3.0,203,43.1,49.6,4.6504,12000,1.3481,12000,98.1832,142000,100.0,132000,180000,0.109,12000,0.8082,12000,1.3867,12000,2.5657600000000005,48000,40.7,2025-11-21_09-33,,
R_LN_3DBall_3714,3DBall,3714,12.0,ppo,200000,148,27784,0.0002317284100345,3.0,182,43.0,50.4,1.2938,12000,1.1327,12000,14.5816,142000,23.38,180000,180000,0.066,36000,0.2371,36000,1.4128,12000,2.5657600000000005,96000,84.8,2025-11-21_09-33,,
R_LN_3DBall_3715,3DBall,3715,12.0,ppo,200000,148,27815,0.000640253680676,3.0,175,42.2,50.3,1.2527,12000,1.1875,12000,7.4856,142000,10.3152,192000,180000,0.0647,36000,0.2469,36000,1.4141,12000,2.5657600000000005,120000,105.1,2025-11-21_09-33,,
R_LN_3DBall_3716,3DBall,3716,12.0,ppo,200000,46,8800,0.0001250297567681,3.0,235,42.7,50.5,6.2258,12000,1.503,12000,96.3414,142000,100.0,156000,180000,0.1182,12000,1.2857,12000,1.4029,12000,2.5657600000000005,36000,31.3,2025-11-21_09-33,,
R_LN_3DBall_3717,3DBall,3717,12.0,ppo,200000,133,25040,0.0001362798940974,3.0,180,47.4,51.9,1.3397,12000,1.1469,12000,11.0031,142000,19.217,192000,180000,0.0687,36000,0.2511,36000,1.4178,12000,2.5657600000000005,96000,84.2,2025-11-21_09-33,,
R_LN_3DBall_3718,3DBall,3718,12.0,ppo,200000,72,13596,0.0008725721134683,3.0,179,42.9,51.3,2.4082,12000,1.2696,12000,98.7308,142000,100.0,144000,180000,0.093,24000,0.8651,24000,1.3916,12000,2.5657600000000005,48000,35.7,2025-11-21_09-33,,
R_LN_3DBall_3719,3DBall,3719,12.0,ppo,200000,85,15996,0.00089795720575,3.0,208,42.0,51.5,2.0095,12000,1.1774,12000,81.3607,142000,96.6616,192000,180000,0.088,24000,0.4686,24000,1.3877,12000,2.5657600000000005,60000,55.3,2025-11-21_09-33,,
R_LN_3DBall_3720,3DBall,3720,12.0,ppo,200000,114,21483,0.000380939199321,3.0,202,42.1,51.0,1.4736,12000,1.1375,12000,66.3158,142000,91.8167,192000,180000,0.0765,24000,0.2471,24000,1.4037,12000,2.5657600000000005,72000,67.5,2025-11-21_09-33,,
R_LN_3DBall_3721,3DBall,3721,12.0,ppo,200000,103,19390,0.0001507395042097,3.0,206,42.9,57.6,1.6104,12000,1.2415,12000,79.3133,142000,94.7769,180000,180000,0.0809,24000,0.3165,24000,1.4101,12000,2.5657600000000005,72000,68.8,2025-11-21_09-33,,
R_LN_3DBall_3722,3DBall,3722,12.0,ppo,200000,80,15181,0.0001498574370787,3.0,178,42.7,52.3,1.3498,12000,1.1386,12000,70.6864,142000,100.0,180000,180000,0.0895,24000,0.2851,24000,1.4139,12000,2.5657600000000005,84000,71.4,2025-11-21_09-33,,
R_LN_3DBall_3723,3DBall,3723,12.0,ppo,200000,50,9486,0.0008009159925328,3.0,193,43.1,51.3,5.9173,12000,1.4281,12000,95.2723,142000,100.0,108000,180000,0.1147,12000,1.0353,12000,1.3695,12000,2.5657600000000005,36000,25.8,2025-11-21_09-33,,
R_LN_3DBall_3724,3DBall,3724,12.0,ppo,200000,146,27558,0.0008578419714308,3.0,171,42.4,51.6,1.3629,12000,1.2004,12000,25.4774,142000,49.3708,180000,180000,0.0658,36000,0.2863,36000,1.4114,12000,2.5657600000000005,96000,80.0,2025-11-21_09-33,,
R_LN_3DBall_3725,3DBall,3725,12.0,ppo,200000,121,22852,0.0004612524134787,3.0,173,42.8,51.6,1.3272,12000,1.1345,12000,43.8325,142000,70.5938,192000,180000,0.0743,24000,0.2221,24000,1.411,12000,2.5657600000000005,84000,69.3,2025-11-21_09-33,,
R_LN_3DBall_3726,3DBall,3726,12.0,ppo,200000,183,34328,0.0002550523999872,3.0,173,43.3,51.2,1.2289,12000,1.2074,12000,3.0562,142000,3.669,192000,180000,0.0571,36000,0.3057,36000,1.417,12000,2.5657600000000005,156000,138.6,2025-11-21_09-33,,
R_LN_3DBall_3727,3DBall,3727,12.0,ppo,200000,122,22882,0.0008223961435029,3.0,174,43.0,51.0,1.3868,12000,1.1429,12000,41.1758,142000,73.8933,192000,180000,0.0717,24000,0.2501,24000,1.4116,12000,2.5657600000000005,84000,69.8,2025-11-21_09-33,,
R_LN_3DBall_3728,3DBall,3728,12.0,ppo,200000,116,21815,0.0008822995701253,3.0,177,42.4,51.0,1.4876,12000,1.164,12000,79.0973,142000,98.6616,192000,180000,0.0744,24000,0.268,24000,1.4025,12000,2.5657600000000005,72000,58.9,2025-11-21_09-33,,
R_LN_3DBall_3729,3DBall,3729,12.0,ppo,200000,158,29782,0.0008354191278674,3.0,179,42.7,51.1,1.2952,12000,1.1322,12000,24.4231,142000,49.3833,192000,180000,0.0675,36000,0.1706,36000,1.4112,12000,2.5657600000000005,96000,83.7,2025-11-21_09-33,,
R_LN_3DBall_3730,3DBall,3730,12.0,ppo,200000,96,18185,0.0004513149995525,3.0,200,42.5,51.3,1.7208,12000,1.1517,12000,90.6943,142000,100.0,180000,180000,0.0848,24000,0.2838,24000,1.3984,12000,2.5657600000000005,60000,53.2,2025-11-21_09-33,,
R_LN_3DBall_3731,3DBall,3731,12.0,ppo,200000,40,7679,0.0008477736032162,3.0,196,42.7,51.1,15.0242,12000,1.4822,12000,97.3672,142000,100.0,96000,180000,0.1283,12000,1.3173,12000,1.3662,12000,2.5657600000000005,36000,26.2,2025-11-21_09-33,,
R_LN_3DBall_3732,3DBall,3732,12.0,ppo,200000,174,32740,0.0002464992293428,3.0,177,42.3,51.4,1.239,12000,1.1233,12000,4.956,142000,6.3503,180000,180000,0.0621,36000,0.1965,36000,1.4159,12000,2.5657600000000005,120000,106.4,2025-11-21_09-33,,
R_LN_3DBall_3733,3DBall,3733,12.0,ppo,200000,110,20630,0.000729804479481,3.0,174,43.7,51.9,1.5232,12000,1.1723,12000,66.5184,142000,92.8769,180000,180000,0.0771,24000,0.2767,24000,1.4016,12000,2.5657600000000005,72000,58.1,2025-11-21_09-33,,
R_LN_3DBall_3734,3DBall,3734,12.0,ppo,200000,59,11170,0.0006520186919253,3.0,184,43.0,51.6,2.7515,12000,1.2537,12000,98.2599,142000,100.0,132000,180000,0.1043,12000,0.6026,12000,1.3954,12000,2.5657600000000005,48000,36.9,2025-11-21_09-33,,
R_LN_3DBall_3735,3DBall,3735,12.0,ppo,200000,34,6556,0.0005437475060918,3.0,209,37.5,51.4,7.5524,12000,1.3253,12000,98.0798,142000,100.0,96000,180000,0.1359,12000,1.1926,12000,1.3731,12000,2.5657600000000005,36000,27.9,2025-11-21_09-33,,
R_LN_3DBall_3736,3DBall,3736,12.0,ppo,200000,122,22902,4.010560684472952e-05,3.0,185,43.1,51.2,1.2059,12000,1.1933,12000,1.5097,142000,1.6074,192000,180000,0.0707,24000,0.4458,24000,1.4167,12000,2.5657600000000005,Not reached,Not reached,2025-11-21_09-33,,
R_LN_3DBall_3737,3DBall,3737,12.0,ppo,200000,86,16305,0.0001087755128995,3.0,191,42.8,51.2,1.1943,12000,1.1572,12000,2.2254,142000,2.45,192000,180000,0.0864,24000,0.3529,24000,1.4093,12000,2.5657600000000005,Not reached,Not reached,2025-11-21_09-33,,
R_LN_3DBall_3738,3DBall,3738,12.0,ppo,200000,131,24661,0.000648618318672,3.0,177,42.6,51.3,1.1987,12000,1.108,12000,7.6277,142000,12.9859,192000,180000,0.0693,36000,0.2132,36000,1.4082,12000,2.5657600000000005,120000,106.5,2025-11-21_09-33,,
R_LN_3DBall_3739,3DBall,3739,12.0,ppo,200000,87,16315,0.0007063387405521,3.0,178,42.6,51.3,1.6455,12000,1.1804,12000,92.7017,142000,100.0,168000,180000,0.0859,24000,0.3833,24000,1.4014,12000,2.5657600000000005,60000,47.5,2025-11-21_09-33,,
R_LN_3DBall_3740,3DBall,3740,12.0,ppo,200000,151,28481,0.0003786189890985,3.0,175,42.3,51.4,1.1799,12000,1.0907,12000,5.0057,142000,7.2944,192000,180000,0.0639,36000,0.2514,36000,1.4121,12000,2.5657600000000005,120000,105.2,2025-11-21_09-33,,
R_LN_3DBall_3741,3DBall,3741,12.0,ppo,200000,90,16946,0.0001413747421607,3.0,180,42.9,51.2,1.3933,12000,1.1276,12000,47.7161,142000,76.2188,180000,180000,0.0842,24000,0.3222,24000,1.4123,12000,2.5657600000000005,84000,71.9,2025-11-21_09-33,,
R_LN_3DBall_3742,3DBall,3742,12.0,ppo,200000,181,34025,0.0007528200747725,3.0,169,43.4,51.1,1.1915,12000,1.1386,12000,4.0583,142000,5.2559,192000,180000,0.0585,36000,0.2331,36000,1.4184,12000,2.5657600000000005,144000,124.2,2025-11-21_09-33,,
R_LN_3DBall_3743,3DBall,3743,12.0,ppo,200000,44,8259,0.0001805520943049,3.0,206,43.0,51.6,6.8797,12000,1.4234,12000,100.0,142000,100.0,84000,180000,0.1202,12000,1.0287,12000,1.3967,12000,2.5657600000000005,36000,27.5,2025-11-21_09-33,,
R_LN_3DBall_3744,3DBall,3744,12.0,ppo,200000,175,32816,0.0008539333334865,3.0,198,43.1,52.0,1.2755,12000,1.1311,12000,13.8789,142000,22.0692,192000,180000,0.0605,36000,0.1847,36000,1.4121,12000,2.5657600000000005,108000,105.5,2025-11-21_09-33,,
R_LN_3DBall_3745,3DBall,3745,12.0,ppo,200000,136,25600,0.0001930036365943,3.0,175,42.8,51.5,1.1769,12000,1.1141,12000,4.1549,142000,5.5817,192000,180000,0.066,36000,0.2917,36000,1.4172,12000,2.5657600000000005,144000,128.5,2025-11-21_09-33,,
R_LN_3DBall_3746,3DBall,3746,12.0,ppo,200000,172,32297,7.629528312840408e-05,3.0,184,42.4,51.2,1.1534,12000,1.1288,12000,1.2677,142000,1.3016,192000,180000,0.0618,36000,0.5363,36000,1.4177,12000,2.5657600000000005,Not reached,Not reached,2025-11-21_09-33,,
R_LN_3DBall_3747,3DBall,3747,12.0,ppo,200000,74,14016,0.000410805748205,3.0,183,42.7,51.0,1.387,12000,1.0961,12000,89.9332,142000,100.0,192000,180000,0.0935,24000,0.3315,24000,1.4095,12000,2.5657600000000005,72000,61.1,2025-11-21_09-33,,
R_LN_3DBall_3748,3DBall,3748,12.0,ppo,200000,129,24240,0.0005491980628632,3.0,176,42.9,51.2,1.2041,12000,1.1312,12000,6.7976,142000,10.7687,192000,180000,0.071,36000,0.2962,36000,1.4134,12000,2.5657600000000005,132000,117.6,2025-11-21_09-33,,
R_LN_3DBall_3749,3DBall,3749,12.0,ppo,200000,166,31271,0.0007906958601814,3.0,195,42.3,51.3,1.2329,12000,1.1198,12000,15.9574,142000,23.2796,192000,180000,0.0618,36000,0.1668,36000,1.4166,12000,2.5657600000000005,108000,104.2,2025-11-21_09-33,,
R_LN_3DBall_3750,3DBall,3750,12.0,ppo,200000,191,35993,0.0008744765623657,3.0,173,42.6,51.4,1.242,12000,1.1621,12000,4.5378,142000,6.1187,192000,180000,0.0578,36000,0.225,36000,1.4168,12000,2.5657600000000005,120000,103.9,2025-11-21_09-33,,
R_LN_3DBall_3751,3DBall,3751,12.0,ppo,200000,180,33927,0.0001398314303072,3.0,177,42.8,51.4,1.1277,12000,1.1017,12000,1.4113,142000,1.4643,180000,180000,0.0579,36000,0.4267,36000,1.416,12000,2.5657600000000005,Not reached,Not reached,2025-11-21_09-33,,
R_LN_3DBall_3752,3DBall,3752,12.0,ppo,200000,121,22794,0.000191738238538,3.0,182,42.8,51.6,1.3478,12000,1.1023,12000,34.6737,142000,64.5222,192000,180000,0.0736,24000,0.235,24000,1.414,12000,2.5657600000000005,84000,72.9,2025-11-21_09-33,,
R_LN_3DBall_3753,3DBall,3753,12.0,ppo,200000,88,16601,0.00034379364348,3.0,203,42.1,51.6,1.941,12000,1.1916,12000,94.033,142000,100.0,192000,180000,0.0865,24000,0.544,24000,1.409,12000,2.5657600000000005,60000,54.0,2025-11-21_09-33,,
R_LN_3DBall_3754,3DBall,3754,12.0,ppo,200000,98,18404,0.0005512816907237,3.0,178,42.8,51.4,1.3886,12000,1.1494,12000,63.7401,142000,86.5286,192000,180000,0.0806,24000,0.2607,24000,1.4165,12000,2.5657600000000005,84000,71.3,2025-11-21_09-33,,
R_LN_3DBall_3755,3DBall,3755,12.0,ppo,200000,36,6762,0.0005445978589328,3.0,219,42.8,51.9,19.759,12000,1.8529,12000,98.8185,142000,100.0,120000,180000,0.1326,12000,1.2763,12000,1.3463,12000,2.5657600000000005,36000,29.3,2025-11-21_09-33,,
R_LN_3DBall_3756,3DBall,3756,12.0,ppo,200000,66,12388,0.0001807384244691,3.0,185,42.5,51.9,1.9722,12000,1.1671,12000,95.3523,142000,100.0,168000,180000,0.1006,24000,0.4879,24000,1.4113,12000,2.5657600000000005,60000,49.2,2025-11-21_09-33,,
R_LN_3DBall_3757,3DBall,3757,12.0,ppo,200000,47,8982,0.0004713254389206,3.0,204,42.7,51.5,9.2054,12000,1.4754,12000,95.7246,142000,100.0,96000,180000,0.1171,12000,1.016,12000,1.3849,12000,2.5657600000000005,36000,27.1,2025-11-21_09-33,,
R_LN_3DBall_3758,3DBall,3758,12.0,ppo,200000,131,24628,0.0001760637984509,3.0,177,42.7,51.0,1.3498,12000,1.1746,12000,15.397,142000,25.787,192000,180000,0.0702,36000,0.2852,36000,1.4132,12000,2.5657600000000005,96000,82.8,2025-11-21_09-33,,
R_LN_3DBall_3759,3DBall,3759,12.0,ppo,200000,167,31444,0.0003088074084751,3.0,198,42.7,52.1,1.2213,12000,1.1064,12000,9.3672,142000,12.7349,192000,180000,0.0606,36000,0.1675,36000,1.4141,12000,2.5657600000000005,108000,105.5,2025-11-21_09-33,,
R_LN_3DBall_3760,3DBall,3760,12.0,ppo,200000,121,22759,0.0006203164881259,3.0,170,42.8,58.5,1.4451,12000,1.1262,12000,46.3384,142000,68.1667,192000,180000,0.073,24000,0.275,24000,1.4115,12000,2.5657600000000005,84000,68.2,2025-11-21_09-33,,
R_LN_3DBall_3761,3DBall,3761,12.0,ppo,200000,81,15306,0.0001287188798757,3.0,204,42.7,52.4,1.9724,12000,1.2335,12000,94.6246,142000,100.0,168000,180000,0.0879,24000,0.4661,24000,1.4102,12000,2.5657600000000005,60000,54.5,2025-11-21_09-33,,
R_LN_3DBall_3762,3DBall,3762,12.0,ppo,200000,60,11325,0.0005183885436766,3.0,188,38.4,51.1,1.8926,12000,1.1932,12000,100.0,142000,100.0,132000,180000,0.1018,12000,0.4255,12000,1.3958,12000,2.5657600000000005,60000,50.2,2025-11-21_09-33,,
R_LN_3DBall_3763,3DBall,3763,12.0,ppo,200000,142,26746,0.0001933170560585,3.0,197,42.2,51.4,1.4041,12000,1.1555,12000,25.5237,142000,41.675,192000,180000,0.068,36000,0.3133,36000,1.4135,12000,2.5657600000000005,96000,91.7,2025-11-21_09-33,,
R_LN_3DBall_3764,3DBall,3764,12.0,ppo,200000,169,31725,0.0002114938459745,3.0,178,42.5,51.4,1.2055,12000,1.12,12000,2.4057,142000,2.6427,192000,180000,0.0592,36000,0.3309,36000,1.4191,12000,2.5657600000000005,192000,178.2,2025-11-21_09-33,,
R_LN_3DBall_3765,3DBall,3765,12.0,ppo,200000,156,29344,0.0005608340514859,3.0,176,43.3,51.5,1.1643,12000,1.1054,12000,3.52,142000,5.0995,192000,180000,0.0635,36000,0.2612,36000,1.4161,12000,2.5657600000000005,156000,141.0,2025-11-21_09-33,,
R_LN_3DBall_3766,3DBall,3766,12.0,ppo,200000,152,28669,0.0002377869996942,3.0,190,42.2,51.6,1.3231,12000,1.1325,12000,24.7669,142000,42.9731,192000,180000,0.0668,36000,0.1836,36000,1.4143,12000,2.5657600000000005,96000,88.9,2025-11-21_09-33,,
R_LN_3DBall_3767,3DBall,3767,12.0,ppo,200000,67,12659,0.0002619593481573,3.0,215,43.3,52.3,2.5691,12000,1.217,12000,96.3081,142000,100.0,132000,180000,0.0986,24000,0.8063,24000,1.3977,12000,2.5657600000000005,48000,42.9,2025-11-21_09-33,,
R_LN_3DBall_3768,3DBall,3768,12.0,ppo,200000,119,22370,0.0007570497677419,3.0,173,42.1,52.0,1.2666,12000,1.1028,12000,17.2423,142000,34.1471,192000,180000,0.0738,24000,0.2391,24000,1.4149,12000,2.5657600000000005,108000,92.5,2025-11-21_09-33,,
R_LN_3DBall_3769,3DBall,3769,12.0,ppo,200000,116,21779,0.0006990113140519,3.0,177,42.3,51.6,1.4291,12000,1.1371,12000,67.5207,142000,92.4923,192000,180000,0.0738,24000,0.2606,24000,1.4018,12000,2.5657600000000005,84000,70.7,2025-11-21_09-33,,
R_LN_3DBall_3770,3DBall,3770,12.0,ppo,200000,151,28458,0.0008736432112311,3.0,177,43.7,52.8,1.1857,12000,1.0852,12000,9.7198,142000,16.7294,192000,180000,0.0664,36000,0.1707,36000,1.415,12000,2.5657600000000005,96000,82.7,2025-11-21_09-33,,
R_LN_3DBall_3771,3DBall,3771,12.0,ppo,200000,188,35379,0.0002762187902138,3.0,192,42.7,52.8,1.2353,12000,1.1091,12000,6.7229,142000,10.7267,192000,180000,0.0573,36000,0.1866,36000,1.4172,12000,2.5657600000000005,120000,114.9,2025-11-21_09-33,,
R_LN_3DBall_3772,3DBall,3772,12.0,ppo,200000,136,25630,0.0008106886625348,3.0,193,42.5,52.1,1.4164,12000,1.0975,12000,37.6569,142000,56.375,192000,180000,0.0692,36000,0.3173,36000,1.403,12000,2.5657600000000005,84000,77.0,2025-11-21_09-33,,
R_LN_3DBall_3773,3DBall,3773,12.0,ppo,200000,129,24298,0.0001692202524467,3.0,201,42.2,51.9,1.3866,12000,1.1457,12000,33.487,142000,76.6938,192000,180000,0.0708,36000,0.2348,36000,1.4163,12000,2.5657600000000005,84000,80.2,2025-11-21_09-33,,
R_LN_3DBall_3774,3DBall,3774,12.0,ppo,200000,175,32977,0.0002050740061603,3.0,182,42.8,51.9,1.1288,12000,1.0936,12000,1.6165,142000,1.7329,180000,180000,0.0588,36000,0.3366,36000,1.4132,12000,2.5657600000000005,Not reached,Not reached,2025-11-21_09-33,,
R_LN_3DBall_3775,3DBall,3775,12.0,ppo,200000,173,32601,0.0002381170440764,3.0,198,42.6,51.2,1.2509,12000,1.1429,12000,7.9326,142000,11.813,192000,180000,0.0609,36000,0.1671,36000,1.4182,12000,2.5657600000000005,108000,105.4,2025-11-21_09-33,,
R_LN_3DBall_3776,3DBall,3776,12.0,ppo,200000,161,30204,0.0005834496961593,3.0,179,42.9,51.7,1.3164,12000,1.172,12000,19.1529,142000,28.9256,192000,180000,0.0649,36000,0.1833,36000,1.4112,12000,2.5657600000000005,96000,83.6,2025-11-21_09-33,,
R_LN_3DBall_3777,3DBall,3777,12.0,ppo,200000,190,35742,0.0005151557951638,3.0,170,43.0,51.8,1.2147,12000,1.1216,12000,4.4149,142000,6.7192,192000,180000,0.0583,36000,0.1782,36000,1.417,12000,2.5657600000000005,120000,102.2,2025-11-21_09-33,,
R_LN_3DBall_3778,3DBall,3778,12.0,ppo,200000,66,12542,0.00081286563654,3.0,183,37.7,51.6,1.6344,12000,1.1454,12000,99.475,142000,100.0,156000,180000,0.0973,24000,0.3439,24000,1.3925,12000,2.5657600000000005,60000,48.9,2025-11-21_09-33,,
R_LN_3DBall_3779,3DBall,3779,12.0,ppo,200000,33,6244,0.0004298814970047,3.0,210,37.6,50.9,5.778,12000,1.2668,12000,100.0,142000,100.0,96000,180000,0.1382,12000,1.0371,12000,1.3718,12000,2.5657600000000005,48000,42.1,2025-11-21_09-33,,
R_LN_3DBall_3780,3DBall,3780,12.0,ppo,200000,53,9949,0.0002704353594103,3.0,188,43.0,50.9,4.492,12000,1.3879,12000,96.6631,142000,100.0,96000,180000,0.1093,12000,0.8151,12000,1.3887,12000,2.5657600000000005,36000,25.1,2025-11-21_09-33,,
R_LN_3DBall_3781,3DBall,3781,12.0,ppo,200000,116,21755,0.0005825899308134,3.0,185,42.5,51.0,1.4674,12000,1.1467,12000,62.1115,142000,90.4692,192000,180000,0.0753,24000,0.2695,24000,1.4096,12000,2.5657600000000005,72000,61.6,2025-11-21_09-33,,
R_LN_3DBall_3782,3DBall,3782,12.0,ppo,200000,135,25322,0.0008742883787496,3.0,169,43.1,50.7,1.324,12000,1.0794,12000,28.9699,142000,58.92,192000,180000,0.0687,36000,0.2351,36000,1.406,12000,2.5657600000000005,84000,67.7,2025-11-21_09-33,,
R_LN_3DBall_3783,3DBall,3783,12.0,ppo,200000,32,6127,0.0003590654168254,3.0,215,42.4,50.8,24.1967,12000,1.7309,12000,97.2914,142000,100.0,84000,180000,0.1434,12000,1.0746,12000,1.3687,12000,2.5657600000000005,36000,28.6,2025-11-21_09-33,,
R_LN_3DBall_3784,3DBall,3784,12.0,ppo,200000,146,27444,0.0007769317885138,3.0,174,42.3,51.0,1.2855,12000,1.1401,12000,15.457,142000,30.3368,192000,180000,0.0637,36000,0.2503,36000,1.4168,12000,2.5657600000000005,96000,81.3,2025-11-21_09-33,,
R_LN_3DBall_3785,3DBall,3785,12.0,ppo,200000,95,17943,0.0006814631476275,3.0,179,42.7,50.9,1.4856,12000,1.182,12000,90.866,142000,100.0,192000,180000,0.0813,24000,0.3351,24000,1.4096,12000,2.5657600000000005,72000,59.8,2025-11-21_09-33,,
R_LN_3DBall_3786,3DBall,3786,12.0,ppo,200000,80,15139,0.0007597656578217,3.0,175,43.6,51.2,1.9304,12000,1.2025,12000,96.7492,142000,100.0,144000,180000,0.0909,24000,0.4344,24000,1.4006,12000,2.5657600000000005,60000,46.6,2025-11-21_09-33,,
R_LN_3DBall_3787,3DBall,3787,12.0,ppo,200000,121,22711,0.0008195486258602,3.0,176,42.9,51.1,1.527,12000,1.1216,12000,65.3741,142000,87.1385,192000,180000,0.0733,24000,0.3076,24000,1.4058,12000,2.5657600000000005,72000,58.8,2025-11-21_09-33,,
R_LN_3DBall_3788,3DBall,3788,12.0,ppo,200000,73,13743,0.0005928113432029,3.0,191,42.5,51.1,2.3915,12000,1.2279,12000,90.3167,142000,98.45,192000,180000,0.0944,24000,0.892,24000,1.3913,12000,2.5657600000000005,48000,38.3,2025-11-21_09-33,,
R_LN_3DBall_3789,3DBall,3789,12.0,ppo,200000,151,28339,0.0006510057481235,3.0,178,42.9,51.5,1.1916,12000,1.1043,12000,7.0115,142000,10.5621,192000,180000,0.0647,36000,0.2094,36000,1.4188,12000,2.5657600000000005,120000,107.0,2025-11-21_09-33,,
R_LN_3DBall_3790,3DBall,3790,12.0,ppo,200000,166,31147,0.0005071694564014,3.0,173,42.9,51.6,1.1446,12000,1.0781,12000,5.8284,142000,7.3634,192000,180000,0.0621,36000,0.1712,36000,1.4167,12000,2.5657600000000005,108000,92.5,2025-11-21_09-33,,
R_LN_3DBall_3791,3DBall,3791,12.0,ppo,200000,170,31877,0.0005168525918473,3.0,175,42.9,51.8,1.2528,12000,1.1485,12000,8.0106,142000,12.5884,192000,180000,0.0618,36000,0.1764,36000,1.4149,12000,2.5657600000000005,108000,93.6,2025-11-21_09-33,,
R_LN_3DBall_3792,3DBall,3792,12.0,ppo,200000,88,16574,0.0001206152822961,3.0,203,42.2,51.4,1.6504,12000,1.1809,12000,88.0708,142000,98.4,180000,180000,0.0818,24000,0.4083,24000,1.4094,12000,2.5657600000000005,60000,54.0,2025-11-21_09-33,,
R_LN_3DBall_3793,3DBall,3793,12.0,ppo,200000,106,19877,0.0008279562553423,3.0,174,42.8,51.0,1.4272,12000,1.1644,12000,60.3047,142000,75.0067,192000,180000,0.0796,24000,0.2444,24000,1.4099,12000,2.5657600000000005,72000,58.1,2025-11-21_09-33,,
R_LN_3DBall_3794,3DBall,3794,12.0,ppo,200000,182,34311,0.0002004802345745,3.0,192,42.5,51.5,1.2696,12000,1.128,12000,7.9441,142000,11.2548,192000,180000,0.0607,36000,0.1847,36000,1.415,12000,2.5657600000000005,108000,102.2,2025-11-21_09-33,,
R_LN_3DBall_3795,3DBall,3795,12.0,ppo,200000,97,18299,0.0007848785003788,3.0,184,42.7,51.2,1.609,12000,1.1386,12000,94.2298,142000,100.0,168000,180000,0.0824,24000,0.2549,24000,1.3976,12000,2.5657600000000005,72000,61.4,2025-11-21_09-33,,
R_LN_3DBall_3796,3DBall,3796,12.0,ppo,200000,46,8721,0.0004690707105655,3.0,235,42.4,51.3,6.2025,12000,1.3072,12000,96.4772,142000,100.0,132000,180000,0.1178,12000,1.167,12000,1.3791,12000,2.5657600000000005,36000,31.3,2025-11-21_09-33,,
R_LN_3DBall_3797,3DBall,3797,12.0,ppo,200000,103,19457,0.0004909758561649,3.0,178,41.0,51.2,1.242,12000,1.107,12000,36.8075,142000,63.6667,192000,180000,0.0801,24000,0.2258,24000,1.4158,12000,2.5657600000000005,96000,83.3,2025-11-21_09-33,,
R_LN_3DBall_3798,3DBall,3798,12.0,ppo,200000,82,15386,6.495964962018905e-05,3.0,194,43.4,56.5,1.148,12000,1.1522,12000,1.4458,142000,1.4804,156000,180000,0.0877,24000,0.4269,24000,1.4129,12000,2.5657600000000005,Not reached,Not reached,2025-11-21_09-33,,
R_LN_3DBall_3799,3DBall,3799,12.0,ppo,200000,45,8486,0.0004281480073703,3.0,194,42.4,54.3,4.1976,12000,1.2686,12000,98.4816,142000,100.0,120000,180000,0.1192,12000,0.918,12000,1.395,12000,2.5657600000000005,48000,38.9,2025-11-21_09-33,,
R_LN_3DBall_3800,3DBall,3800,12.0,ppo,200000,162,30472,0.0002453420091619,3.0,174,42.8,51.5,1.257,12000,1.1241,12000,5.2342,142000,6.7007,192000,180000,0.0646,36000,0.2362,36000,1.4159,12000,2.5657600000000005,108000,92.9,2025-11-21_09-33,,
R_LN_3DBall_3801,3DBall,3801,12.0,ppo,200000,153,28775,8.285042331519494e-05,3.0,175,42.9,51.2,1.215,12000,1.1723,12000,2.664,142000,3.0812,192000,180000,0.0664,36000,0.3062,36000,1.4168,12000,2.5657600000000005,180000,163.5,2025-11-21_09-33,,
R_LN_3DBall_3802,3DBall,3802,12.0,ppo,200000,118,22266,0.000267275286321,3.0,176,42.4,51.0,1.4021,12000,1.1532,12000,39.3697,142000,62.8947,192000,180000,0.0734,24000,0.2176,24000,1.4136,12000,2.5657600000000005,84000,70.2,2025-11-21_09-33,,
R_LN_3DBall_3803,3DBall,3803,12.0,ppo,200000,73,13865,0.0004253415081857,3.0,184,42.7,50.9,1.9663,12000,1.1759,12000,98.7523,142000,100.0,144000,180000,0.0945,24000,0.686,24000,1.4026,12000,2.5657600000000005,60000,49.1,2025-11-21_09-33,,
R_LN_3DBall_3804,3DBall,3804,12.0,ppo,200000,89,16789,0.0001109743288901,3.0,185,42.6,51.0,1.5221,12000,1.1687,12000,69.4372,142000,88.75,192000,180000,0.0869,24000,0.3156,24000,1.4109,12000,2.5657600000000005,72000,61.8,2025-11-21_09-33,,
R_LN_3DBall_3805,3DBall,3805,12.0,ppo,200000,33,6222,0.0003555241168694,3.0,219,44.0,51.4,17.1221,12000,1.5364,12000,97.1009,142000,100.0,108000,180000,0.1382,12000,1.2571,12000,1.3598,12000,2.5657600000000005,36000,29.2,2025-11-21_09-33,,
R_LN_3DBall_3806,3DBall,3806,12.0,ppo,200000,115,21677,0.0001255646506045,3.0,187,43.2,51.5,1.3427,12000,1.1099,12000,35.6194,142000,69.0882,192000,180000,0.0746,24000,0.2158,24000,1.4152,12000,2.5657600000000005,84000,74.7,2025-11-21_09-33,,
R_LN_3DBall_3807,3DBall,3807,12.0,ppo,200000,143,26985,0.0006091909802672,3.0,195,42.4,51.8,1.284,12000,1.1318,12000,34.2416,142000,56.6667,180000,180000,0.0668,36000,0.2611,36000,1.409,12000,2.5657600000000005,96000,91.2,2025-11-21_09-33,,
R_LN_3DBall_3808,3DBall,3808,12.0,ppo,200000,46,8708,0.0008848886035118,3.0,201,42.9,51.4,8.4456,12000,1.3595,12000,92.0143,142000,100.0,108000,180000,0.1177,12000,1.1304,12000,1.3667,12000,2.5657600000000005,36000,26.7,2025-11-21_09-33,,
R_LN_3DBall_3809,3DBall,3809,12.0,ppo,200000,59,11214,0.0006618070480765,3.0,187,42.9,51.2,2.8758,12000,1.2201,12000,99.0016,142000,100.0,120000,180000,0.1029,12000,0.7199,12000,1.3951,12000,2.5657600000000005,48000,37.4,2025-11-21_09-33,,
R_LN_3DBall_3810,3DBall,3810,12.0,ppo,200000,32,6085,0.0002437315633459,3.0,215,38.3,51.7,4.6101,12000,1.3155,12000,100.0,142000,100.0,120000,180000,0.1394,12000,0.9082,12000,1.3873,12000,2.5657600000000005,48000,43.1,2025-11-21_09-33,,
R_LN_3DBall_3811,3DBall,3811,12.0,ppo,200000,176,33163,0.0001018995843944,3.0,184,42.5,51.8,1.1727,12000,1.1163,12000,1.8324,142000,1.9877,180000,180000,0.0602,36000,0.4054,36000,1.4164,12000,2.5657600000000005,Not reached,Not reached,2025-11-21_09-33,,
R_LN_3DBall_3812,3DBall,3812,12.0,ppo,200000,90,16909,0.0003809067331741,3.0,202,42.1,51.9,2.1567,12000,1.3201,12000,89.5023,142000,93.1231,144000,180000,0.0835,24000,0.6799,24000,1.3951,12000,2.5657600000000005,48000,40.5,2025-11-21_09-33,,
R_LN_3DBall_3813,3DBall,3813,12.0,ppo,200000,59,11176,0.0006840405910475,3.0,186,42.4,51.6,2.3692,12000,1.1925,12000,100.0,142000,100.0,144000,180000,0.1034,12000,0.4708,12000,1.3807,12000,2.5657600000000005,48000,37.3,2025-11-21_09-33,,
R_LN_3DBall_3814,3DBall,3814,12.0,ppo,200000,124,23399,0.0002527596681206,3.0,178,42.7,51.3,1.2132,12000,1.1031,12000,6.5267,142000,9.2707,180000,180000,0.0735,24000,0.2717,24000,1.4141,12000,2.5657600000000005,132000,118.8,2025-11-21_09-33,,
R_LN_3DBall_3815,3DBall,3815,12.0,ppo,200000,118,22232,0.0006787374542807,3.0,175,42.7,51.4,1.39,12000,1.1798,12000,41.3614,142000,74.9733,192000,180000,0.0723,24000,0.2393,24000,1.4163,12000,2.5657600000000005,84000,70.1,2025-11-21_09-33,,
R_LN_3DBall_3816,3DBall,3816,12.0,ppo,200000,164,30933,0.0002927160323491,3.0,173,42.6,51.5,1.2142,12000,1.1092,12000,7.7069,142000,11.1772,192000,180000,0.0606,36000,0.1787,36000,1.4173,12000,2.5657600000000005,108000,92.5,2025-11-21_09-33,,
R_LN_3DBall_3817,3DBall,3817,12.0,ppo,200000,58,10945,0.0008534118712857,3.0,184,42.7,51.3,3.7618,12000,1.2236,12000,96.8954,142000,100.0,108000,180000,0.1038,12000,0.7496,12000,1.3793,12000,2.5657600000000005,48000,36.9,2025-11-21_09-33,,
R_LN_3DBall_3818,3DBall,3818,12.0,ppo,200000,183,34470,0.0008268088320739,3.0,174,42.8,51.5,1.1515,12000,1.1173,12000,3.6167,142000,4.6033,192000,180000,0.0605,36000,0.1833,36000,1.4176,12000,2.5657600000000005,144000,127.9,2025-11-21_09-33,,
R_LN_3DBall_3819,3DBall,3819,12.0,ppo,200000,79,14828,0.0002847414026022,3.0,181,40.3,51.4,1.4502,12000,1.1873,12000,69.4025,142000,98.65,180000,180000,0.0874,24000,0.3831,24000,1.4164,12000,2.5657600000000005,84000,72.2,2025-11-21_09-33,,
R_LN_3DBall_3820,3DBall,3820,12.0,ppo,200000,73,13729,0.0004455750812318,3.0,189,43.0,52.0,2.4193,12000,1.3239,12000,90.7777,142000,100.0,192000,180000,0.0921,24000,0.8461,24000,1.3937,12000,2.5657600000000005,48000,37.7,2025-11-21_09-33,,
R_LN_3DBall_3821,3DBall,3821,12.0,ppo,200000,34,6457,0.0003147104486342,3.0,212,42.8,51.8,17.1802,12000,1.5637,12000,95.717,142000,100.0,108000,180000,0.136,12000,1.044,12000,1.381,12000,2.5657600000000005,36000,28.3,2025-11-21_09-33,,
R_LN_3DBall_3822,3DBall,3822,12.0,ppo,200000,77,14590,0.0005874212956893,3.0,179,42.6,51.4,1.8586,12000,1.2009,12000,92.7078,142000,100.0,168000,180000,0.0913,24000,0.3559,24000,1.3979,12000,2.5657600000000005,60000,47.8,2025-11-21_09-33,,
R_LN_3DBall_3823,3DBall,3823,12.0,ppo,200000,64,12150,0.0002895420249935,3.0,183,42.8,51.1,1.8777,12000,1.1922,12000,98.1573,142000,100.0,156000,180000,0.1007,24000,0.44,24000,1.4015,12000,2.5657600000000005,60000,48.7,2025-11-21_09-33,,
R_LN_3DBall_3824,3DBall,3824,12.0,ppo,200000,136,25555,0.0004073887962408,3.0,175,43.8,51.4,1.2041,12000,1.0622,12000,7.8814,142000,12.4809,192000,180000,0.0689,36000,0.2268,36000,1.4157,12000,2.5657600000000005,120000,104.7,2025-11-21_09-33,,
R_LN_3DBall_3825,3DBall,3825,12.0,ppo,200000,188,35401,0.0004055683094164,3.0,176,43.2,52.2,1.1456,12000,1.1124,12000,2.0446,142000,2.3974,192000,180000,0.0565,36000,0.2708,36000,1.4203,12000,2.5657600000000005,Not reached,Not reached,2025-11-21_09-33,,
R_LN_3DBall_3826,3DBall,3826,12.0,ppo,200000,60,11297,0.000555816137478,3.0,187,43.0,51.8,2.8939,12000,1.2211,12000,98.4954,142000,100.0,120000,180000,0.1042,12000,0.6964,12000,1.4019,12000,2.5657600000000005,48000,37.5,2025-11-21_09-33,,
R_LN_3DBall_3827,3DBall,3827,12.0,ppo,200000,129,24351,0.0007234159263305,3.0,180,42.6,51.9,1.4411,12000,1.1477,12000,46.9168,142000,66.0263,192000,180000,0.0696,36000,0.287,36000,1.4041,12000,2.5657600000000005,84000,71.8,2025-11-21_09-33,,
R_LN_3DBall_3828,3DBall,3828,12.0,ppo,200000,139,26094,0.0008322712764577,3.0,170,42.3,51.9,1.3277,12000,1.1492,12000,17.2563,142000,28.3122,192000,180000,0.0701,36000,0.2356,36000,1.4143,12000,2.5657600000000005,96000,79.5,2025-11-21_09-33,,
R_LN_3DBall_3829,3DBall,3829,12.0,ppo,200000,188,35422,0.0006435327962659,3.0,173,43.0,51.8,1.1921,12000,1.1258,12000,5.4607,142000,7.9855,192000,180000,0.0581,36000,0.176,36000,1.4175,12000,2.5657600000000005,120000,104.0,2025-11-21_09-33,,
R_LN_3DBall_3830,3DBall,3830,12.0,ppo,200000,174,32666,0.0005136289126699,3.0,177,43.0,52.2,1.2159,12000,1.1332,12000,3.2783,142000,4.2147,192000,180000,0.0584,36000,0.3514,36000,1.4192,12000,2.5657600000000005,144000,130.1,2025-11-21_09-33,,
R_LN_3DBall_3831,3DBall,3831,12.0,ppo,200000,37,7027,0.0006515921494735,3.0,247,42.1,52.2,22.0616,12000,1.6837,12000,89.9919,142000,99.5083,156000,180000,0.1311,12000,1.1165,12000,1.3362,12000,2.5657600000000005,36000,32.9,2025-11-21_09-33,,
R_LN_3DBall_3832,3DBall,3832,12.0,ppo,200000,180,33875,0.0008051886829194,3.0,172,43.0,52.1,1.2136,12000,1.1549,12000,3.928,142000,5.066,192000,180000,0.0587,36000,0.2289,36000,1.416,12000,2.5657600000000005,144000,126.3,2025-11-21_09-33,,
R_LN_3DBall_3833,3DBall,3833,12.0,ppo,200000,113,21327,0.0004492158323204,3.0,201,41.7,51.5,1.4416,12000,1.0835,12000,61.7359,142000,72.6938,192000,180000,0.0751,24000,0.2358,24000,1.4038,12000,2.5657600000000005,72000,66.8,2025-11-21_09-33,,
R_LN_3DBall_3834,3DBall,3834,12.0,ppo,200000,144,27114,0.0006471907821285,3.0,174,42.6,51.4,1.1818,12000,1.0786,12000,8.2954,142000,12.4223,192000,180000,0.0671,36000,0.213,36000,1.419,12000,2.5657600000000005,96000,81.0,2025-11-21_09-33,,
R_LN_3DBall_3835,3DBall,3835,12.0,ppo,200000,70,13137,0.0002391383313884,3.0,181,42.7,51.3,1.5108,12000,1.1838,12000,94.2211,142000,100.0,180000,180000,0.095,24000,0.3347,24000,1.4026,12000,2.5657600000000005,72000,60.5,2025-11-21_09-33,,
R_LN_3DBall_3836,3DBall,3836,12.0,ppo,200000,41,7692,0.0002419194289968,3.0,203,38.0,52.4,2.1011,12000,1.1927,12000,98.4785,142000,100.0,132000,180000,0.1257,12000,0.5653,12000,1.3865,12000,2.5657600000000005,60000,54.0,2025-11-21_09-33,,
R_LN_3DBall_3837,3DBall,3837,12.0,ppo,200000,90,16906,0.0001535067587332,3.0,179,42.8,58.3,1.3354,12000,1.1397,12000,53.132,142000,88.35,192000,180000,0.0858,24000,0.3073,24000,1.4145,12000,2.5657600000000005,84000,71.8,2025-11-21_09-33,,
R_LN_3DBall_3838,3DBall,3838,12.0,ppo,200000,121,22870,0.0001208159297049,3.0,179,42.7,52.7,1.263,12000,1.1697,12000,3.9311,142000,4.916,192000,180000,0.0723,24000,0.3416,24000,1.4165,12000,2.5657600000000005,132000,119.4,2025-11-21_09-33,,
R_LN_3DBall_3839,3DBall,3839,12.0,ppo,200000,126,23670,0.000609978040831,3.0,175,42.8,51.8,1.3098,12000,1.1271,12000,18.0464,142000,31.3919,192000,180000,0.0723,24000,0.2218,24000,1.4156,12000,2.5657600000000005,84000,70.1,2025-11-21_09-33,,
R_LN_3DBall_3840,3DBall,3840,12.0,ppo,200000,168,31503,0.0007049966237022,3.0,177,42.3,51.8,1.2439,12000,1.1483,12000,10.5512,142000,14.0488,192000,180000,0.0615,36000,0.1682,36000,1.4162,12000,2.5657600000000005,108000,94.6,2025-11-21_09-33,,
R_LN_3DBall_3841,3DBall,3841,12.0,ppo,200000,114,21474,0.000890302600039,3.0,175,42.6,51.8,1.4566,12000,1.1413,12000,75.5737,142000,98.5917,192000,180000,0.0758,24000,0.2543,24000,1.4046,12000,2.5657600000000005,72000,58.4,2025-11-21_09-33,,
R_LN_3DBall_3842,3DBall,3842,12.0,ppo,200000,78,14811,0.0005405133027901,3.0,179,43.0,51.8,1.7807,12000,1.1667,12000,94.8346,142000,100.0,156000,180000,0.0899,24000,0.3566,24000,1.4046,12000,2.5657600000000005,60000,47.8,2025-11-21_09-33,,
R_LN_3DBall_3843,3DBall,3843,12.0,ppo,200000,91,17199,0.0006364986483985,3.0,177,43.4,52.9,1.4766,12000,1.1383,12000,85.5368,142000,100.0,180000,180000,0.085,24000,0.312,24000,1.4049,12000,2.5657600000000005,72000,59.1,2025-11-21_09-33,,
R_LN_3DBall_3844,3DBall,3844,12.0,ppo,200000,160,30104,0.0008214461414098,3.0,170,42.7,52.9,1.2268,12000,1.1561,12000,10.1996,142000,19.8431,192000,180000,0.0627,36000,0.2048,36000,1.4143,12000,2.5657600000000005,108000,90.8,2025-11-21_09-33,,
R_LN_3DBall_3845,3DBall,3845,12.0,ppo,200000,84,15905,0.0008623329475964,3.0,179,42.7,52.7,2.0668,12000,1.1764,12000,93.4056,142000,100.0,132000,180000,0.0874,24000,0.5429,24000,1.3957,12000,2.5657600000000005,60000,47.8,2025-11-21_09-33,,
R_LN_3DBall_3846,3DBall,3846,12.0,ppo,200000,106,19934,0.0007736425224034,3.0,170,42.9,52.0,1.4958,12000,1.1379,12000,80.2712,142000,98.8667,192000,180000,0.0768,24000,0.2412,24000,1.4015,12000,2.5657600000000005,72000,56.8,2025-11-21_09-33,,
R_LN_3DBall_3847,3DBall,3847,12.0,ppo,200000,116,21819,0.0006361078002991,3.0,173,42.5,52.1,1.3812,12000,1.1258,12000,52.8967,142000,94.1667,192000,180000,0.0751,24000,0.249,24000,1.4055,12000,2.5657600000000005,84000,69.4,2025-11-21_09-33,,
R_LN_3DBall_3848,3DBall,3848,12.0,ppo,200000,152,28603,0.0008754421851183,3.0,170,42.8,52.3,1.1488,12000,1.0722,12000,8.8259,142000,16.4088,192000,180000,0.0667,36000,0.1791,36000,1.4125,12000,2.5657600000000005,108000,90.9,2025-11-21_09-33,,
R_LN_3DBall_3849,3DBall,3849,12.0,ppo,200000,91,17101,0.0006060346498905,3.0,184,42.8,52.5,1.9063,12000,1.1523,12000,88.7732,142000,100.0,168000,180000,0.0837,24000,0.5943,24000,1.4069,12000,2.5657600000000005,60000,49.1,2025-11-21_09-33,,
R_LN_3DBall_3850,3DBall,3850,12.0,ppo,200000,117,22078,0.0008269247219872,3.0,195,42.4,52.6,1.4504,12000,1.1387,12000,74.4405,142000,96.5167,192000,180000,0.0722,24000,0.2699,24000,1.4054,12000,2.5657600000000005,72000,65.1,2025-11-21_09-33,,
R_LN_3DBall_3851,3DBall,3851,12.0,ppo,200000,117,22046,0.0004188211958062,3.0,185,42.2,52.5,1.5479,12000,1.1353,12000,62.8394,142000,88.9929,192000,180000,0.0754,24000,0.2883,24000,1.4126,12000,2.5657600000000005,72000,61.8,2025-11-21_09-33,,
R_LN_3DBall_3852,3DBall,3852,12.0,ppo,200000,138,25910,0.0002237646221284,3.0,194,42.6,52.6,1.3777,12000,1.0919,12000,27.7828,142000,45.2731,180000,180000,0.0677,36000,0.2693,36000,1.4109,12000,2.5657600000000005,84000,77.5,2025-11-21_09-33,,
R_LN_3DBall_3853,3DBall,3853,12.0,ppo,200000,142,26724,0.0007045102181995,3.0,173,42.5,52.4,1.3235,12000,1.1218,12000,28.8824,142000,54.4318,180000,180000,0.0676,36000,0.2566,36000,1.4152,12000,2.5657600000000005,96000,80.5,2025-11-21_09-33,,
R_LN_3DBall_3854,3DBall,3854,12.0,ppo,200000,44,8309,0.0005495006956521,3.0,196,43.5,52.6,7.4694,12000,1.3591,12000,97.659,142000,100.0,144000,180000,0.1206,12000,1.0032,12000,1.3838,12000,2.5657600000000005,36000,26.1,2025-11-21_09-33,,
R_LN_3DBall_3855,3DBall,3855,12.0,ppo,200000,166,31295,0.000755299592628,3.0,177,42.3,52.6,1.3668,12000,1.1516,12000,16.0424,142000,22.802,192000,180000,0.063,36000,0.1926,36000,1.4095,12000,2.5657600000000005,84000,70.9,2025-11-21_09-33,,
R_LN_3DBall_3856,3DBall,3856,12.0,ppo,200000,108,20427,0.0004000308880859,3.0,173,42.8,52.5,1.4737,12000,1.1772,12000,65.559,142000,80.4,180000,180000,0.0778,24000,0.2617,24000,1.4138,12000,2.5657600000000005,72000,57.8,2025-11-21_09-33,,
R_LN_3DBall_3857,3DBall,3857,12.0,ppo,200000,123,23196,0.0005904036805802,3.0,173,42.4,51.8,1.3869,12000,1.1263,12000,42.0714,142000,69.3278,180000,180000,0.0728,24000,0.2089,24000,1.4119,12000,2.5657600000000005,84000,69.4,2025-11-21_09-33,,
R_LN_3DBall_3858,3DBall,3858,12.0,ppo,200000,169,31794,0.0007287379268269,3.0,177,42.0,51.9,1.1533,12000,1.112,12000,3.423,142000,3.9708,192000,180000,0.0627,36000,0.2452,36000,1.4188,12000,2.5657600000000005,144000,129.5,2025-11-21_09-33,,
R_LN_3DBall_3859,3DBall,3859,12.0,ppo,200000,160,30054,0.0005981610063001,3.0,190,42.7,52.1,1.3848,12000,1.1686,12000,36.4735,142000,60.0474,192000,180000,0.0638,36000,0.195,36000,1.4078,12000,2.5657600000000005,72000,63.2,2025-11-21_09-33,,
R_LN_3DBall_3860,3DBall,3860,12.0,ppo,200000,39,7465,0.0007344205660877,3.0,243,41.8,52.0,17.5644,12000,1.4893,12000,93.1859,142000,100.0,156000,180000,0.1293,12000,1.1712,12000,1.3438,12000,2.5657600000000005,36000,32.4,2025-11-21_09-33,,
R_LN_3DBall_3861,3DBall,3861,12.0,ppo,200000,130,24560,0.0002840877694015,3.0,182,43.0,52.1,1.1692,12000,1.1262,12000,3.0044,142000,3.71,192000,180000,0.0691,36000,0.3657,36000,1.4129,12000,2.5657600000000005,156000,145.2,2025-11-21_09-33,,
R_LN_3DBall_3862,3DBall,3862,12.0,ppo,200000,112,21069,0.0008948806660141,3.0,182,42.9,52.2,1.5052,12000,1.1512,12000,77.5039,142000,90.4692,180000,180000,0.074,24000,0.2344,24000,1.4036,12000,2.5657600000000005,72000,60.8,2025-11-21_09-33,,
R_LN_3DBall_3863,3DBall,3863,12.0,ppo,200000,148,27773,0.0006893586355047,3.0,195,42.0,52.3,1.5694,12000,1.2452,12000,58.3666,142000,85.8214,192000,180000,0.067,36000,0.427,36000,1.4038,12000,2.5657600000000005,72000,64.8,2025-11-21_09-33,,
R_LN_3DBall_3864,3DBall,3864,12.0,ppo,200000,75,14113,0.0002554645047271,3.0,187,42.9,53.0,2.0386,12000,1.2031,12000,97.6385,142000,100.0,168000,180000,0.0921,24000,0.7402,24000,1.4059,12000,2.5657600000000005,60000,50.0,2025-11-21_09-33,,
R_LN_3DBall_3865,3DBall,3865,12.0,ppo,200000,126,23695,0.000433715461205,3.0,174,42.8,52.8,1.4914,12000,1.1814,12000,45.2683,142000,66.7158,192000,180000,0.0729,24000,0.2951,24000,1.4115,12000,2.5657600000000005,84000,69.7,2025-11-21_09-33,,
R_LN_3DBall_3866,3DBall,3866,12.0,ppo,200000,135,25439,0.0001731644459403,3.0,175,42.7,52.4,1.2762,12000,1.1311,12000,12.7892,142000,24.887,192000,180000,0.0679,36000,0.2282,36000,1.419,12000,2.5657600000000005,96000,81.9,2025-11-21_09-33,,
R_LN_3DBall_3867,3DBall,3867,12.0,ppo,200000,131,24694,0.0003173679558561,3.0,185,42.2,52.1,1.3941,12000,1.1322,12000,27.3682,142000,53.0364,192000,180000,0.0701,36000,0.249,36000,1.4135,12000,2.5657600000000005,84000,73.9,2025-11-21_09-33,,
R_LN_3DBall_3868,3DBall,3868,12.0,ppo,200000,77,14518,0.0004901889716622,3.0,183,43.0,52.1,2.0908,12000,1.2258,12000,97.4285,142000,100.0,132000,180000,0.0915,24000,0.4444,24000,1.3891,12000,2.5657600000000005,60000,48.9,2025-11-21_09-33,,
R_LN_3DBall_3869,3DBall,3869,12.0,ppo,200000,37,7047,0.0002416216517278,3.0,207,42.9,52.3,6.0379,12000,1.3131,12000,100.0,142000,100.0,84000,180000,0.1317,12000,1.0905,12000,1.3805,12000,2.5657600000000005,48000,41.3,2025-11-21_09-33,,
R_LN_3DBall_3870,3DBall,3870,12.0,ppo,200000,172,32322,0.0008253249207325,3.0,171,42.1,52.4,1.2885,12000,1.133,12000,12.3857,142000,19.0644,192000,180000,0.064,36000,0.1917,36000,1.4102,12000,2.5657600000000005,108000,91.4,2025-11-21_09-33,,
R_LN_3DBall_3871,3DBall,3871,12.0,ppo,200000,183,34432,0.0007693374761658,3.0,168,42.7,52.4,1.2379,12000,1.1601,12000,7.1198,142000,10.0019,192000,180000,0.0593,36000,0.1954,36000,1.4158,12000,2.5657600000000005,120000,101.0,2025-11-21_09-33,,
R_LN_3DBall_3872,3DBall,3872,12.0,ppo,200000,82,15375,0.0001129969591691,3.0,207,42.4,52.4,1.8114,12000,1.1817,12000,97.0476,142000,100.0,144000,180000,0.0904,24000,0.4032,24000,1.4146,12000,2.5657600000000005,60000,55.3,2025-11-21_09-33,,
R_LN_3DBall_3873,3DBall,3873,12.0,ppo,200000,178,33406,0.0007475328664584,3.0,173,42.8,52.5,1.2657,12000,1.1243,12000,10.07,142000,15.1685,180000,180000,0.0602,36000,0.1519,36000,1.4132,12000,2.5657600000000005,108000,92.5,2025-11-21_09-33,,
R_LN_3DBall_3874,3DBall,3874,12.0,ppo,200000,148,27779,0.0003190694085326,3.0,176,42.2,52.4,1.3354,12000,1.1913,12000,12.1286,142000,20.2327,192000,180000,0.067,36000,0.2528,36000,1.4132,12000,2.5657600000000005,96000,82.3,2025-11-21_09-33,,
R_LN_3DBall_3875,3DBall,3875,12.0,ppo,200000,180,33838,0.0001009315706546,3.0,179,43.0,52.4,1.1607,12000,1.1317,12000,2.3012,142000,2.6427,192000,180000,0.0592,36000,0.2884,36000,1.4192,12000,2.5657600000000005,192000,178.5,2025-11-21_09-33,,
R_LN_3DBall_3876,3DBall,3876,12.0,ppo,200000,182,34127,0.0007201113702381,3.0,190,42.8,58.1,1.224,12000,1.1147,12000,9.8103,142000,17.6438,192000,180000,0.0615,36000,0.1593,36000,1.4114,12000,2.5657600000000005,108000,101.6,2025-11-21_09-33,,
R_LN_3DBall_3877,3DBall,3877,12.0,ppo,200000,106,19891,0.0005493567772933,3.0,194,42.4,55.0,1.6668,12000,1.1812,12000,80.7963,142000,90.1308,156000,180000,0.0805,24000,0.3108,24000,1.3997,12000,2.5657600000000005,72000,64.5,2025-11-21_09-33,,
R_LN_3DBall_3878,3DBall,3878,12.0,ppo,200000,70,13295,0.0003608954788862,3.0,184,39.1,52.5,1.582,12000,1.1538,12000,91.1549,142000,98.1667,168000,180000,0.0948,24000,0.4071,24000,1.4052,12000,2.5657600000000005,72000,61.5,2025-11-21_09-33,,
R_LN_3DBall_3879,3DBall,3879,12.0,ppo,200000,189,35504,0.0006638142779651,3.0,173,43.1,52.9,1.2013,12000,1.13,12000,4.3833,142000,6.2764,192000,180000,0.0589,36000,0.2029,36000,1.4169,12000,2.5657600000000005,120000,103.9,2025-11-21_09-33,,
R_LN_3DBall_3880,3DBall,3880,12.0,ppo,200000,47,8914,0.0001504576968052,3.0,196,42.7,52.5,2.9704,12000,1.2376,12000,100.0,142000,100.0,120000,180000,0.1193,12000,0.6938,12000,1.4075,12000,2.5657600000000005,48000,39.3,2025-11-21_09-33,,
R_LN_3DBall_3881,3DBall,3881,12.0,ppo,200000,106,20005,0.000883572537853,3.0,179,42.8,52.2,1.5547,12000,1.147,12000,92.1808,142000,100.0,156000,180000,0.0777,24000,0.2846,24000,1.4058,12000,2.5657600000000005,72000,59.8,2025-11-21_09-33,,
R_LN_3DBall_3882,3DBall,3882,12.0,ppo,200000,165,30945,0.0008372703798032,3.0,193,42.4,52.3,1.2307,12000,1.0789,12000,16.9515,142000,23.1225,180000,180000,0.0629,36000,0.1632,36000,1.41,12000,2.5657600000000005,96000,90.2,2025-11-21_09-33,,
R_LN_3DBall_3883,3DBall,3883,12.0,ppo,200000,115,21690,0.000290319814904,3.0,178,42.6,52.0,1.3058,12000,1.1428,12000,16.4272,142000,28.6073,192000,180000,0.0743,24000,0.2434,24000,1.4198,12000,2.5657600000000005,96000,83.2,2025-11-21_09-33,,
R_LN_3DBall_3884,3DBall,3884,12.0,ppo,200000,130,24453,0.0006440463479344,3.0,206,52.8,58.2,1.348,12000,1.1002,12000,39.6176,142000,64.9556,192000,180000,0.0707,36000,0.2202,36000,1.4041,12000,2.5657600000000005,84000,82.3,2025-11-21_09-33,,
R_LN_3DBall_3885,3DBall,3885,12.0,ppo,200000,49,9347,0.000712095846981,3.0,204,48.5,61.0,4.7488,12000,1.3002,12000,97.5345,142000,100.0,108000,180000,0.1132,12000,0.9565,12000,1.3857,12000,2.5657600000000005,48000,40.9,2025-11-21_09-33,,
R_LN_3DBall_3886,3DBall,3886,12.0,ppo,200000,156,29262,0.000729002822723,3.0,184,49.8,60.2,1.2853,12000,1.1507,12000,17.2252,142000,37.4839,192000,180000,0.0656,36000,0.2012,36000,1.4103,12000,2.5657600000000005,96000,85.7,2025-11-21_09-33,,
R_LN_3DBall_3887,3DBall,3887,12.0,ppo,200000,134,25238,0.0001378686879302,3.0,184,49.3,60.5,1.3225,12000,1.1855,12000,7.378,142000,11.1819,192000,180000,0.0698,36000,0.3055,36000,1.4158,12000,2.5657600000000005,108000,98.4,2025-11-21_09-33,,
R_LN_3DBall_3888,3DBall,3888,12.0,ppo,200000,33,6357,0.0004643068097051,3.0,266,44.6,61.9,21.4412,12000,1.7306,12000,95.8662,142000,100.0,108000,180000,0.1374,12000,1.0239,12000,1.3479,12000,2.5657600000000005,36000,35.5,2025-11-21_09-33,,
R_LN_3DBall_3889,3DBall,3889,12.0,ppo,200000,41,7778,0.0002959698301658,3.0,198,44.2,59.8,7.1786,12000,1.3839,12000,99.0333,142000,100.0,156000,180000,0.1271,12000,1.3014,12000,1.4067,12000,2.5657600000000005,36000,26.5,2025-11-21_09-33,,
R_LN_3DBall_3890,3DBall,3890,12.0,ppo,200000,144,27032,0.0008845260691891,3.0,173,44.4,59.7,1.4295,12000,1.1724,12000,33.0295,142000,52.2727,192000,180000,0.067,36000,0.3311,36000,1.4083,12000,2.5657600000000005,84000,69.4,2025-11-21_09-33,,
R_LN_3DBall_3891,3DBall,3891,12.0,ppo,200000,98,18475,0.0005101344772676,3.0,189,47.5,59.6,1.7362,12000,1.2318,12000,94.1531,142000,100.0,192000,180000,0.0808,24000,0.2617,24000,1.4065,12000,2.5657600000000005,60000,50.5,2025-11-21_09-33,,
R_LN_3DBall_3892,3DBall,3892,12.0,ppo,200000,33,6244,0.0002552132159288,3.0,217,44.7,59.9,18.0274,12000,1.5188,12000,99.0985,142000,100.0,108000,180000,0.1377,12000,1.1987,12000,1.3742,12000,2.5657600000000005,36000,28.9,2025-11-21_09-33,,
R_LN_3DBall_3893,3DBall,3893,12.0,ppo,200000,165,31094,0.0003036634319994,3.0,198,43.5,59.9,1.2692,12000,1.1501,12000,10.7289,142000,15.1959,192000,180000,0.0628,36000,0.1684,36000,1.4117,12000,2.5657600000000005,108000,105.9,2025-11-21_09-33,,
R_LN_3DBall_3894,3DBall,3894,12.0,ppo,200000,33,6245,0.0007170156419499,3.0,212,44.4,59.4,21.0653,12000,1.6195,12000,97.4191,142000,100.0,84000,180000,0.1389,12000,1.0418,12000,1.3441,12000,2.5657600000000005,36000,28.3,2025-11-21_09-33,,
R_LN_3DBall_3895,3DBall,3895,12.0,ppo,200000,170,32012,0.0003637629115895,3.0,176,43.5,59.2,1.1584,12000,1.0796,12000,3.9426,142000,4.8965,192000,180000,0.0609,36000,0.2122,36000,1.4168,12000,2.5657600000000005,144000,129.3,2025-11-21_09-33,,
R_LN_3DBall_3896,3DBall,3896,12.0,ppo,200000,136,25606,0.0004222631303903,3.0,173,43.6,59.1,1.2925,12000,1.1744,12000,18.8452,142000,34.8486,192000,180000,0.0684,36000,0.2351,36000,1.4126,12000,2.5657600000000005,108000,92.1,2025-11-21_09-33,,
R_LN_3DBall_3897,3DBall,3897,12.0,ppo,200000,51,9692,0.0002028716191889,3.0,196,43.9,58.7,1.6503,12000,1.1844,12000,97.6539,142000,100.0,156000,180000,0.1118,12000,0.3338,12000,1.404,12000,2.5657600000000005,60000,52.1,2025-11-21_09-33,,
R_LN_3DBall_3898,3DBall,3898,12.0,ppo,200000,95,17948,0.0008520094228763,3.0,176,40.8,58.6,1.4291,12000,1.1342,12000,80.671,142000,92.0308,192000,180000,0.0812,24000,0.3319,24000,1.4034,12000,2.5657600000000005,72000,58.8,2025-11-21_09-33,,
R_LN_3DBall_3899,3DBall,3899,12.0,ppo,200000,188,35304,0.000852817565896,3.0,176,43.5,58.8,1.2532,12000,1.1406,12000,7.7213,142000,12.4856,192000,180000,0.0596,36000,0.1644,36000,1.4149,12000,2.5657600000000005,120000,105.9,2025-11-21_09-33,,
R_LN_3DBall_3900,3DBall,3900,12.0,ppo,200000,70,13159,0.0003908275717392,3.0,181,40.5,58.8,1.5731,12000,1.1407,12000,92.4865,142000,98.6385,180000,180000,0.0975,24000,0.4365,24000,1.3994,12000,2.5657600000000005,72000,60.5,2025-11-21_09-33,,
R_LN_3DBall_3901,3DBall,3901,12.0,ppo,200000,151,28313,0.0006058597801894,3.0,183,43.3,58.8,1.3021,12000,1.1307,12000,23.6994,142000,38.7036,192000,180000,0.0662,36000,0.1692,36000,1.4121,12000,2.5657600000000005,96000,85.5,2025-11-21_09-33,,
R_LN_3DBall_3902,3DBall,3902,12.0,ppo,200000,101,19055,9.516892974441712e-05,3.0,204,43.6,59.3,1.5975,12000,1.201,12000,70.8647,142000,87.0286,192000,180000,0.0804,24000,0.2736,24000,1.4134,12000,2.5657600000000005,72000,67.9,2025-11-21_09-33,,
R_LN_3DBall_3903,3DBall,3903,12.0,ppo,200000,134,25143,0.0004747819698293,3.0,175,44.0,59.2,1.2611,12000,1.0792,12000,25.8445,142000,53.6762,192000,180000,0.0694,36000,0.2231,36000,1.4131,12000,2.5657600000000005,96000,81.4,2025-11-21_09-33,,
R_LN_3DBall_3904,3DBall,3904,12.0,ppo,200000,77,14603,0.0005397927668435,3.0,179,43.6,59.0,1.5711,12000,1.1238,12000,96.4754,142000,100.0,168000,180000,0.0901,24000,0.3087,24000,1.4172,12000,2.5657600000000005,72000,59.8,2025-11-21_09-33,,
R_LN_3DBall_3905,3DBall,3905,12.0,ppo,200000,68,12847,9.915906809534996e-05,3.0,187,43.8,59.2,1.8516,12000,1.1747,12000,98.8332,142000,100.0,168000,180000,0.0941,24000,0.5057,24000,1.4164,12000,2.5657600000000005,60000,49.9,2025-11-21_09-33,,
R_LN_3DBall_3906,3DBall,3906,12.0,ppo,200000,65,12264,0.000289529654368,3.0,182,44.6,59.6,2.0567,12000,1.2848,12000,99.7833,142000,100.0,156000,180000,0.0993,24000,0.5784,24000,1.4025,12000,2.5657600000000005,60000,48.6,2025-11-21_09-33,,
R_LN_3DBall_3907,3DBall,3907,12.0,ppo,200000,180,33763,0.0008021578398372,3.0,194,43.7,60.0,1.3228,12000,1.192,12000,11.4027,142000,18.7603,192000,180000,0.0589,36000,0.1905,36000,1.4122,12000,2.5657600000000005,108000,103.2,2025-11-21_09-33,,
R_LN_3DBall_3908,3DBall,3908,12.0,ppo,200000,174,32653,0.0004727162230269,3.0,176,44.0,59.7,1.2211,12000,1.1223,12000,5.5834,142000,7.4686,192000,180000,0.0595,36000,0.1867,36000,1.4117,12000,2.5657600000000005,120000,105.3,2025-11-21_09-33,,
R_LN_3DBall_3909,3DBall,3909,12.0,ppo,200000,88,16523,0.0001187321107694,3.0,195,43.3,59.5,1.1565,12000,1.1308,12000,1.6073,142000,1.7685,192000,180000,0.0853,24000,0.5073,24000,1.4144,12000,2.5657600000000005,Not reached,Not reached,2025-11-21_09-33,,
R_LN_3DBall_3910,3DBall,3910,12.0,ppo,200000,142,26644,0.0002981060893099,3.0,182,43.6,59.7,1.3126,12000,1.1531,12000,17.1713,142000,26.2805,192000,180000,0.0688,36000,0.237,36000,1.4116,12000,2.5657600000000005,96000,84.7,2025-11-21_09-33,,
R_LN_3DBall_3911,3DBall,3911,12.0,ppo,200000,55,10408,0.0005889621570204,3.0,187,43.8,59.4,3.1666,12000,1.2973,12000,99.3333,142000,100.0,120000,180000,0.1093,12000,0.6688,12000,1.3827,12000,2.5657600000000005,48000,37.5,2025-11-21_09-33,,
R_LN_3DBall_3912,3DBall,3912,12.0,ppo,200000,107,20222,5.078674193627059e-05,3.0,188,43.6,59.4,1.2475,12000,1.2458,12000,1.4098,142000,1.4526,180000,180000,0.0772,24000,0.5763,24000,1.4183,12000,2.5657600000000005,Not reached,Not reached,2025-11-21_09-33,,
R_LN_3DBall_3913,3DBall,3913,12.0,ppo,200000,45,8472,0.0005168558968402,3.0,195,44.3,60.3,4.2619,12000,1.2281,12000,99.59,142000,100.0,108000,180000,0.1198,12000,0.9039,12000,1.3893,12000,2.5657600000000005,48000,39.1,2025-11-21_09-33,,
R_LN_3DBall_3914,3DBall,3914,12.0,ppo,200000,159,29858,0.0002811321582021,3.0,177,45.2,66.9,1.2046,12000,1.118,12000,5.6227,142000,8.2719,192000,180000,0.0652,36000,0.2114,36000,1.4222,12000,2.5657600000000005,132000,118.3,2025-11-21_09-33,,
R_LN_3DBall_3915,3DBall,3915,12.0,ppo,200000,75,14248,0.0003234854397079,3.0,184,46.6,62.0,1.3895,12000,1.1124,12000,85.2138,142000,98.9667,168000,180000,0.0924,24000,0.3301,24000,1.4091,12000,2.5657600000000005,72000,61.5,2025-11-21_09-33,,
R_LN_3DBall_3916,3DBall,3916,12.0,ppo,200000,95,17943,0.0006234340497058,3.0,189,44.5,60.0,1.7333,12000,1.1873,12000,88.9705,142000,100.0,180000,180000,0.0836,24000,0.4973,24000,1.4029,12000,2.5657600000000005,60000,50.5,2025-11-21_09-33,,
R_LN_3DBall_3917,3DBall,3917,12.0,ppo,200000,111,20832,0.0003169719993892,3.0,199,43.5,60.1,1.5573,12000,1.174,12000,78.6469,142000,96.3667,156000,180000,0.0749,24000,0.2879,24000,1.4066,12000,2.5657600000000005,72000,66.2,2025-11-21_09-33,,
R_LN_3DBall_3918,3DBall,3918,12.0,ppo,200000,163,30631,0.0006267083410832,3.0,176,43.8,59.7,1.1846,12000,1.0787,12000,7.9407,142000,11.6957,192000,180000,0.0634,36000,0.1517,36000,1.4194,12000,2.5657600000000005,108000,93.9,2025-11-21_09-33,,
R_LN_3DBall_3919,3DBall,3919,12.0,ppo,200000,160,30062,0.0003412925448542,3.0,178,43.6,59.8,1.2754,12000,1.1377,12000,14.5214,142000,27.3878,192000,180000,0.0611,36000,0.1828,36000,1.4141,12000,2.5657600000000005,108000,95.2,2025-11-21_09-33,,
R_LN_3DBall_3920,3DBall,3920,12.0,ppo,200000,61,11606,0.000720294712124,3.0,182,38.4,59.4,2.0579,12000,1.2002,12000,100.0,142000,100.0,120000,180000,0.1036,12000,0.4349,12000,1.3922,12000,2.5657600000000005,60000,48.6,2025-11-21_09-33,,
R_LN_3DBall_3921,3DBall,3921,12.0,ppo,200000,101,18971,0.0001216736683423,3.0,186,43.5,59.6,1.5944,12000,1.2042,12000,66.8656,142000,85.6786,192000,180000,0.0806,24000,0.2699,24000,1.4106,12000,2.5657600000000005,72000,62.2,2025-11-21_09-33,,
R_LN_3DBall_3922,3DBall,3922,12.0,ppo,200000,111,20822,0.0004203485977301,3.0,182,43.6,59.6,1.4328,12000,1.125,12000,74.8632,142000,92.9692,180000,180000,0.0771,24000,0.2518,24000,1.4091,12000,2.5657600000000005,72000,60.5,2025-11-21_09-33,,
R_LN_3DBall_3923,3DBall,3923,12.0,ppo,200000,106,19908,0.000257812373043,3.0,179,43.8,59.3,1.5388,12000,1.1527,12000,82.1182,142000,100.0,180000,180000,0.0815,24000,0.2794,24000,1.4131,12000,2.5657600000000005,72000,59.8,2025-11-21_09-33,,
R_LN_3DBall_3924,3DBall,3924,12.0,ppo,200000,119,22495,0.0006087936774465,3.0,172,42.9,59.6,1.3468,12000,1.1596,12000,22.496,142000,43.5037,192000,180000,0.0737,24000,0.3215,24000,1.4197,12000,2.5657600000000005,96000,80.5,2025-11-21_09-33,,
R_LN_3DBall_3925,3DBall,3925,12.0,ppo,200000,64,12164,0.0005214033189796,3.0,192,43.7,59.6,2.9379,12000,1.1635,12000,97.8741,142000,100.0,120000,180000,0.1014,24000,0.7778,24000,1.3885,12000,2.5657600000000005,48000,38.4,2025-11-21_09-33,,
R_LN_3DBall_3926,3DBall,3926,12.0,ppo,200000,173,32531,0.0004114213741033,3.0,177,44.4,60.2,1.2128,12000,1.1853,12000,3.0841,142000,3.8366,180000,180000,0.0587,36000,0.3146,36000,1.4145,12000,2.5657600000000005,144000,130.1,2025-11-21_09-33,,
R_LN_3DBall_3927,3DBall,3927,12.0,ppo,200000,144,27100,0.0006736813515686,3.0,176,43.6,59.7,1.2929,12000,1.1309,12000,20.8096,142000,27.3556,192000,180000,0.0703,36000,0.261,36000,1.4115,12000,2.5657600000000005,96000,82.3,2025-11-21_09-33,,
R_LN_3DBall_3928,3DBall,3928,12.0,ppo,200000,81,15357,5.744220572348091e-05,3.0,185,43.7,59.2,1.3173,12000,1.185,12000,10.8704,142000,16.4824,192000,180000,0.0892,24000,0.3765,24000,1.4164,12000,2.5657600000000005,108000,98.8,2025-11-21_09-33,,
R_LN_3DBall_3929,3DBall,3929,12.0,ppo,200000,169,31825,0.0004481531906168,3.0,176,43.1,59.5,1.1826,12000,1.1026,12000,4.7764,142000,5.9592,192000,180000,0.0595,36000,0.2039,36000,1.4157,12000,2.5657600000000005,132000,117.5,2025-11-21_09-33,,
R_LN_3DBall_3930,3DBall,3930,12.0,ppo,200000,175,32829,0.0006631040135491,3.0,180,43.1,59.6,1.2475,12000,1.1242,12000,8.853,142000,14.4653,180000,180000,0.0627,36000,0.1671,36000,1.4114,12000,2.5657600000000005,108000,95.8,2025-11-21_09-33,,
R_LN_3DBall_3931,3DBall,3931,12.0,ppo,200000,48,9138,0.000505370511954,3.0,192,38.8,59.4,2.6717,12000,1.2195,12000,98.6339,142000,100.0,132000,180000,0.1151,12000,0.5948,12000,1.4027,12000,2.5657600000000005,48000,38.3,2025-11-21_09-33,,
R_LN_3DBall_3932,3DBall,3932,12.0,ppo,200000,60,11412,0.0001760951840592,3.0,194,43.9,59.6,2.9912,12000,1.2935,12000,100.0,142000,100.0,120000,180000,0.1057,12000,0.7688,12000,1.4002,12000,2.5657600000000005,48000,38.9,2025-11-21_09-33,,
R_LN_3DBall_3933,3DBall,3933,12.0,ppo,200000,72,13673,0.0006831057533485,3.0,181,43.8,59.4,2.0619,12000,1.2356,12000,99.1708,142000,100.0,144000,180000,0.0925,24000,0.6637,24000,1.4119,12000,2.5657600000000005,60000,48.4,2025-11-21_09-33,,
R_LN_3DBall_3934,3DBall,3934,12.0,ppo,200000,190,35687,0.0005427217055932,3.0,173,44.3,59.4,1.216,12000,1.1852,12000,3.0929,142000,3.9758,192000,180000,0.0563,36000,0.2438,36000,1.4194,12000,2.5657600000000005,156000,138.7,2025-11-21_09-33,,
R_LN_3DBall_3935,3DBall,3935,12.0,ppo,200000,72,13579,3.770606573289595e-05,3.0,199,43.9,59.2,1.1759,12000,1.1532,12000,1.2578,142000,1.2968,168000,180000,0.0945,24000,0.6071,24000,1.4159,12000,2.5657600000000005,Not reached,Not reached,2025-11-21_09-33,,
R_LN_3DBall_3936,3DBall,3936,12.0,ppo,200000,77,14491,0.000104164091457,3.0,185,43.9,59.5,1.2465,12000,1.1658,12000,11.0859,142000,20.3891,192000,180000,0.0909,24000,0.3605,24000,1.4133,12000,2.5657600000000005,108000,98.4,2025-11-21_09-33,,
R_LN_3DBall_3937,3DBall,3937,12.0,ppo,200000,98,18453,0.0008052668508844,3.0,174,43.6,59.4,1.63,12000,1.2373,12000,84.669,142000,97.6539,180000,180000,0.0831,24000,0.2703,24000,1.4014,12000,2.5657600000000005,72000,58.1,2025-11-21_09-33,,
R_LN_3DBall_3938,3DBall,3938,12.0,ppo,200000,122,23034,0.0003181033402964,3.0,201,43.8,59.5,1.4349,12000,1.1255,12000,47.2833,142000,78.9467,192000,180000,0.071,24000,0.2437,24000,1.4111,12000,2.5657600000000005,84000,80.3,2025-11-21_09-33,,
R_LN_3DBall_3939,3DBall,3939,12.0,ppo,200000,61,11481,0.0004131306459976,3.0,185,44.0,59.4,2.7922,12000,1.3253,12000,97.8385,142000,100.0,132000,180000,0.103,12000,0.7553,12000,1.3949,12000,2.5657600000000005,48000,36.9,2025-11-21_09-33,,
R_LN_3DBall_3940,3DBall,3940,12.0,ppo,200000,129,24210,0.0005835808260334,3.0,181,43.5,59.5,1.3754,12000,1.1098,12000,53.9051,142000,84.0357,192000,180000,0.0705,36000,0.2567,36000,1.4093,12000,2.5657600000000005,84000,72.6,2025-11-21_09-33,,
R_LN_3DBall_3941,3DBall,3941,12.0,ppo,200000,70,13238,0.0003314082507657,3.0,190,43.5,59.5,2.4636,12000,1.2728,12000,94.1597,142000,100.0,120000,180000,0.0961,24000,0.7764,24000,1.4047,12000,2.5657600000000005,48000,38.1,2025-11-21_09-33,,
R_LN_3DBall_3942,3DBall,3942,12.0,ppo,200000,168,31629,0.0006942387174183,3.0,175,43.9,59.6,1.204,12000,1.115,12000,9.7903,142000,13.4859,192000,180000,0.061,36000,0.1661,36000,1.4188,12000,2.5657600000000005,108000,93.6,2025-11-21_09-33,,
R_LN_3DBall_3943,3DBall,3943,12.0,ppo,200000,116,21770,0.0003846907932798,3.0,180,43.5,59.5,1.4909,12000,1.1863,12000,53.4355,142000,78.32,192000,180000,0.0745,24000,0.2546,24000,1.4058,12000,2.5657600000000005,72000,59.9,2025-11-21_09-33,,
R_LN_3DBall_3944,3DBall,3944,12.0,ppo,200000,184,34569,0.000142150399415,3.0,177,43.8,59.8,1.1339,12000,1.1359,12000,1.8742,142000,2.0894,192000,180000,0.0584,36000,0.2806,36000,1.4162,12000,2.5657600000000005,Not reached,Not reached,2025-11-21_09-33,,
R_LN_3DBall_3945,3DBall,3945,12.0,ppo,200000,186,35013,0.0004223439158971,3.0,172,44.6,59.8,1.2009,12000,1.087,12000,4.1687,142000,5.5613,192000,180000,0.0563,36000,0.1875,36000,1.4185,12000,2.5657600000000005,132000,114.9,2025-11-21_09-33,,
R_LN_3DBall_3946,3DBall,3946,12.0,ppo,200000,168,31638,3.1699907435061394e-05,3.0,186,43.2,60.2,1.1309,12000,1.1444,12000,1.203,142000,1.2488,144000,180000,0.062,36000,0.5748,36000,1.4184,12000,2.5657600000000005,Not reached,Not reached,2025-11-21_09-33,,
R_LN_3DBall_3947,3DBall,3947,12.0,ppo,200000,46,8757,0.0004721266328584,3.0,195,43.9,59.8,3.7374,12000,1.2794,12000,100.0,142000,100.0,120000,180000,0.1174,12000,0.8184,12000,1.3844,12000,2.5657600000000005,48000,38.9,2025-11-21_09-33,,
R_LN_3DBall_3948,3DBall,3948,12.0,ppo,200000,167,31472,8.094741637531355e-05,3.0,180,43.7,59.8,1.151,12000,1.1391,12000,2.2026,142000,2.4431,180000,180000,0.0623,36000,0.3307,36000,1.42,12000,2.5657600000000005,Not reached,Not reached,2025-11-21_09-33,,
R_LN_3DBall_3949,3DBall,3949,12.0,ppo,200000,43,8112,0.0003856229492508,3.0,238,43.3,59.8,13.0005,12000,1.566,12000,93.9891,142000,100.0,156000,180000,0.123,12000,1.2084,12000,1.3794,12000,2.5657600000000005,36000,31.7,2025-11-21_09-33,,
R_LN_3DBall_3950,3DBall,3950,12.0,ppo,200000,68,12890,0.0006673647031956,3.0,183,43.7,59.8,2.0014,12000,1.1962,12000,97.0139,142000,100.0,156000,180000,0.0962,24000,0.6342,24000,1.409,12000,2.5657600000000005,48000,36.7,2025-11-21_09-33,,
R_LN_3DBall_3951,3DBall,3951,12.0,ppo,200000,77,14566,0.0007318526728291,3.0,211,43.5,60.0,2.0359,12000,1.263,12000,96.2833,142000,100.0,180000,180000,0.0916,24000,0.4394,24000,1.395,12000,2.5657600000000005,60000,56.2,2025-11-21_09-33,,
R_LN_3DBall_3952,3DBall,3952,12.0,ppo,200000,181,33967,0.0001731977969654,3.0,177,44.2,62.0,1.1114,12000,1.0925,12000,1.3068,142000,1.3341,180000,180000,0.0598,36000,0.4959,36000,1.4185,12000,2.5657600000000005,Not reached,Not reached,2025-11-21_09-33,,
R_LN_3DBall_3953,3DBall,3953,12.0,ppo,200000,35,6656,0.0008360500938456,3.0,254,43.3,64.1,22.2769,12000,1.789,12000,92.0298,142000,100.0,120000,180000,0.1358,12000,0.9162,12000,1.3505,12000,2.5657600000000005,36000,33.9,2025-11-21_09-33,,
R_LN_3DBall_3954,3DBall,3954,12.0,ppo,200000,136,25640,0.0003660213459888,3.0,173,44.0,59.6,1.244,12000,1.1276,12000,8.9654,142000,15.8901,192000,180000,0.0702,36000,0.2464,36000,1.4172,12000,2.5657600000000005,120000,104.1,2025-11-21_09-33,,
R_LN_3DBall_3955,3DBall,3955,12.0,ppo,200000,144,27157,0.0002723987165348,3.0,176,43.5,59.7,1.3129,12000,1.1615,12000,11.7094,142000,16.5265,180000,180000,0.0658,36000,0.2685,36000,1.4185,12000,2.5657600000000005,96000,82.3,2025-11-21_09-33,,
R_LN_3DBall_3956,3DBall,3956,12.0,ppo,200000,172,32267,0.0003255240208311,3.0,179,43.2,59.6,1.2659,12000,1.1319,12000,5.9588,142000,7.6144,192000,180000,0.0633,36000,0.1919,36000,1.416,12000,2.5657600000000005,108000,95.2,2025-11-21_09-33,,
R_LN_3DBall_3957,3DBall,3957,12.0,ppo,200000,66,12494,0.0006330709078114,3.0,184,43.8,59.4,2.376,12000,1.2477,12000,99.1139,142000,100.0,156000,180000,0.0977,24000,0.674,24000,1.4037,12000,2.5657600000000005,48000,36.7,2025-11-21_09-33,,
R_LN_3DBall_3958,3DBall,3958,12.0,ppo,200000,77,14532,0.0006201368376278,3.0,187,43.4,59.5,2.1927,12000,1.1397,12000,96.5631,142000,100.0,120000,180000,0.0916,24000,0.5051,24000,1.3916,12000,2.5657600000000005,60000,50.0,2025-11-21_09-33,,
R_LN_3DBall_3959,3DBall,3959,12.0,ppo,200000,45,8566,0.0003481606174005,3.0,196,44.7,59.7,3.7931,12000,1.272,12000,100.0,142000,100.0,132000,180000,0.1199,12000,0.7682,12000,1.3882,12000,2.5657600000000005,48000,39.3,2025-11-21_09-33,,
R_LN_3DBall_3960,3DBall,3960,12.0,ppo,200000,147,27735,0.0006933944924901,3.0,180,44.1,60.7,1.2664,12000,1.1179,12000,19.2835,142000,33.9857,192000,180000,0.0661,36000,0.2227,36000,1.42,12000,2.5657600000000005,96000,84.1,2025-11-21_09-33,,
R_LN_3DBall_3961,3DBall,3961,12.0,ppo,200000,186,34949,0.0007195302443852,3.0,173,43.8,60.5,1.2066,12000,1.1242,12000,6.4252,142000,9.9726,192000,180000,0.061,36000,0.1605,36000,1.4171,12000,2.5657600000000005,120000,103.6,2025-11-21_09-33,,
R_LN_3DBall_3962,3DBall,3962,12.0,ppo,200000,161,30302,0.0006400484982797,3.0,171,44.0,60.3,1.2063,12000,1.111,12000,6.937,142000,10.2667,192000,180000,0.0649,36000,0.1931,36000,1.4178,12000,2.5657600000000005,108000,91.4,2025-11-21_09-33,,
R_LN_3DBall_3963,3DBall,3963,12.0,ppo,200000,72,13633,0.0004804114503202,3.0,213,43.2,60.5,2.5242,12000,1.2049,12000,95.25,142000,100.0,144000,180000,0.0933,24000,0.8312,24000,1.3918,12000,2.5657600000000005,48000,42.5,2025-11-21_09-33,,
R_LN_3DBall_3964,3DBall,3964,12.0,ppo,200000,95,17954,0.0007184503370971,3.0,201,44.3,60.9,2.0897,12000,1.2333,12000,89.0496,142000,98.7333,180000,180000,0.083,24000,0.7663,24000,1.3912,12000,2.5657600000000005,48000,40.1,2025-11-21_09-33,,
R_LN_3DBall_3965,3DBall,3965,12.0,ppo,200000,57,10688,0.0006198541332879,3.0,188,44.4,60.7,2.555,12000,1.2212,12000,99.9167,142000,100.0,132000,180000,0.1093,12000,0.4864,12000,1.3914,12000,2.5657600000000005,48000,37.7,2025-11-21_09-33,,
R_LN_3DBall_3966,3DBall,3966,12.0,ppo,200000,147,27704,9.481172273854936e-05,3.0,188,45.6,61.2,1.1026,12000,1.0806,12000,1.279,142000,1.3532,168000,180000,0.065,36000,0.388,36000,1.4165,12000,2.5657600000000005,Not reached,Not reached,2025-11-21_09-33,,
R_LN_3DBall_3967,3DBall,3967,12.0,ppo,200000,170,31973,0.0005526865916212,3.0,181,43.0,60.9,1.3157,12000,1.1934,12000,11.9912,142000,17.5523,180000,180000,0.0612,36000,0.1947,36000,1.416,12000,2.5657600000000005,108000,96.6,2025-11-21_09-33,,
R_LN_3DBall_3968,3DBall,3968,12.0,ppo,200000,188,35294,0.0004855572959804,3.0,173,43.3,60.7,1.1695,12000,1.1158,12000,3.406,142000,4.5853,192000,180000,0.0562,36000,0.2161,36000,1.4182,12000,2.5657600000000005,156000,138.7,2025-11-21_09-33,,
R_LN_3DBall_3969,3DBall,3969,12.0,ppo,200000,167,31404,0.0006257685262283,3.0,183,43.8,61.1,1.164,12000,1.0784,12000,9.3461,142000,12.5089,180000,180000,0.0634,36000,0.1349,36000,1.4146,12000,2.5657600000000005,108000,97.8,2025-11-21_09-33,,
R_LN_3DBall_3970,3DBall,3970,12.0,ppo,200000,137,25846,0.0003610771557333,3.0,173,43.5,60.4,1.3978,12000,1.1707,12000,26.2129,142000,48.05,192000,180000,0.0725,36000,0.2739,36000,1.4116,12000,2.5657600000000005,84000,69.4,2025-11-21_09-33,,
R_LN_3DBall_3971,3DBall,3971,12.0,ppo,200000,191,35983,0.0005439499434424,3.0,175,43.9,60.4,1.2262,12000,1.134,12000,5.6323,142000,9.1368,192000,180000,0.0599,36000,0.1738,36000,1.4158,12000,2.5657600000000005,120000,105.2,2025-11-21_09-33,,
R_LN_3DBall_3972,3DBall,3972,12.0,ppo,200000,184,34545,0.0002038933476811,3.0,177,44.0,60.5,1.2373,12000,1.1504,12000,5.2578,142000,7.2027,192000,180000,0.0623,36000,0.1748,36000,1.4176,12000,2.5657600000000005,120000,106.5,2025-11-21_09-33,,
R_LN_3DBall_3973,3DBall,3973,12.0,ppo,200000,171,32096,0.0004284682812521,3.0,180,43.2,60.4,1.2495,12000,1.1469,12000,10.2648,142000,17.1439,180000,180000,0.062,36000,0.1666,36000,1.4143,12000,2.5657600000000005,108000,96.3,2025-11-21_09-33,,
R_LN_3DBall_3974,3DBall,3974,12.0,ppo,200000,136,25625,0.0001611338825939,3.0,181,44.7,60.7,1.3324,12000,1.1124,12000,20.4437,142000,40.7621,192000,180000,0.0705,36000,0.2456,36000,1.4183,12000,2.5657600000000005,96000,84.3,2025-11-21_09-33,,
R_LN_3DBall_3975,3DBall,3975,12.0,ppo,200000,33,6221,0.0007454436995673,3.0,213,43.7,60.4,21.0599,12000,1.6429,12000,96.9739,142000,100.0,84000,180000,0.1412,12000,1.2094,12000,1.3689,12000,2.5657600000000005,36000,28.5,2025-11-21_09-33,,
R_LN_3DBall_3976,3DBall,3976,12.0,ppo,200000,123,23129,0.0003475811712494,3.0,198,43.4,60.3,1.4612,12000,1.1594,12000,51.5295,142000,84.6357,180000,180000,0.0752,24000,0.261,24000,1.4091,12000,2.5657600000000005,84000,79.3,2025-11-21_09-33,,
R_LN_3DBall_3977,3DBall,3977,12.0,ppo,200000,107,20063,0.000593155031624,3.0,174,41.8,60.1,1.2831,12000,1.1421,12000,34.6289,142000,58.17,192000,180000,0.0776,24000,0.2479,24000,1.4098,12000,2.5657600000000005,96000,81.4,2025-11-21_09-33,,
R_LN_3DBall_3978,3DBall,3978,12.0,ppo,200000,167,31455,0.0001793436341235,3.0,180,43.8,60.3,1.2477,12000,1.1129,12000,8.3437,142000,11.2701,192000,180000,0.0604,36000,0.1845,36000,1.4184,12000,2.5657600000000005,108000,95.8,2025-11-21_09-33,,
R_LN_3DBall_3979,3DBall,3979,12.0,ppo,200000,40,7502,0.0003779855874992,3.0,202,38.6,60.2,2.7946,12000,1.1974,12000,100.0,142000,100.0,120000,180000,0.1276,12000,0.6363,12000,1.408,12000,2.5657600000000005,48000,40.5,2025-11-21_09-33,,
R_LN_3DBall_3980,3DBall,3980,12.0,ppo,200000,122,23009,0.0003262297461802,3.0,174,43.9,60.5,1.3225,12000,1.1602,12000,25.2486,142000,49.3131,192000,180000,0.0707,24000,0.2195,24000,1.414,12000,2.5657600000000005,84000,69.8,2025-11-21_09-33,,
R_LN_3DBall_3981,3DBall,3981,12.0,ppo,200000,179,33748,0.00033691551116,3.0,171,43.7,60.7,1.267,12000,1.1656,12000,6.8174,142000,10.3856,192000,180000,0.0607,36000,0.1945,36000,1.4138,12000,2.5657600000000005,120000,102.7,2025-11-21_09-33,,
R_LN_3DBall_3982,3DBall,3982,12.0,ppo,200000,40,7523,5.8162649932453806e-05,3.0,222,43.6,60.7,1.2211,12000,1.1827,12000,1.6119,142000,1.7235,192000,180000,0.124,12000,0.4939,12000,1.4117,12000,2.5657600000000005,Not reached,Not reached,2025-11-21_09-33,,
R_LN_3DBall_3983,3DBall,3983,12.0,ppo,200000,139,26154,0.0002135758120934,3.0,176,44.1,60.6,1.2361,12000,1.1534,12000,6.8429,142000,9.9722,192000,180000,0.0679,36000,0.2805,36000,1.4144,12000,2.5657600000000005,120000,105.3,2025-11-21_09-33,,
R_LN_3DBall_3984,3DBall,3984,12.0,ppo,200000,168,31521,0.0001616797362212,3.0,176,43.7,61.3,1.2636,12000,1.2145,12000,3.0125,142000,3.4226,168000,180000,0.0629,36000,0.35,36000,1.4187,12000,2.5657600000000005,168000,152.9,2025-11-21_09-33,,
R_LN_3DBall_3985,3DBall,3985,12.0,ppo,200000,100,18899,0.0007185767752977,3.0,179,47.1,61.4,1.3659,12000,1.0982,12000,61.7309,142000,89.5846,192000,180000,0.0792,24000,0.2209,24000,1.4155,12000,2.5657600000000005,72000,59.8,2025-11-21_09-33,,
R_LN_3DBall_3986,3DBall,3986,12.0,ppo,200000,87,16319,0.0007477817394562,3.0,202,44.0,61.2,1.9113,12000,1.2568,12000,93.1035,142000,100.0,168000,180000,0.0834,24000,0.4783,24000,1.3866,12000,2.5657600000000005,60000,54.0,2025-11-21_09-33,,
R_LN_3DBall_3987,3DBall,3987,12.0,ppo,200000,157,29591,0.0003698983918878,3.0,174,43.5,60.8,1.1851,12000,1.1126,12000,7.5994,142000,13.7309,192000,180000,0.0653,36000,0.2062,36000,1.4186,12000,2.5657600000000005,120000,104.5,2025-11-21_09-33,,
R_LN_3DBall_3988,3DBall,3988,12.0,ppo,200000,45,8492,0.000248836439412,3.0,234,43.7,61.0,11.5683,12000,1.4694,12000,97.88,142000,100.0,144000,180000,0.1203,12000,1.3551,12000,1.3837,12000,2.5657600000000005,36000,31.2,2025-11-21_09-33,,
R_LN_3DBall_3989,3DBall,3989,12.0,ppo,200000,95,17872,0.000730412912756,3.0,177,40.4,60.9,1.5445,12000,1.2487,12000,66.0368,142000,98.1417,192000,180000,0.0827,24000,0.4154,24000,1.4083,12000,2.5657600000000005,72000,59.1,2025-11-21_09-33,,
R_LN_3DBall_3990,3DBall,3990,12.0,ppo,200000,94,17635,5.1106448888996295e-05,3.0,208,43.3,61.3,1.5412,12000,1.1738,12000,66.067,142000,86.5286,180000,180000,0.0821,24000,0.3527,24000,1.4146,12000,2.5657600000000005,72000,69.5,2025-11-21_09-33,,
R_LN_3DBall_3991,3DBall,3991,12.0,ppo,200000,147,27697,0.0003082630981393,3.0,202,43.2,68.3,1.2011,12000,1.056,12000,17.8568,142000,28.42,180000,180000,0.0675,36000,0.219,36000,1.4101,12000,2.5657600000000005,96000,94.5,2025-11-21_09-33,,
R_LN_3DBall_3992,3DBall,3992,12.0,ppo,200000,119,22351,0.0004135736936829,3.0,195,43.3,62.2,1.4587,12000,1.1066,12000,54.5606,142000,82.15,168000,180000,0.0738,24000,0.2791,24000,1.4033,12000,2.5657600000000005,72000,64.9,2025-11-21_09-33,,
R_LN_3DBall_3993,3DBall,3993,12.0,ppo,200000,32,6157,0.0004563828506893,3.0,214,44.5,61.0,28.4608,12000,1.8663,12000,95.6532,142000,100.0,96000,180000,0.1413,12000,1.0789,12000,1.3614,12000,2.5657600000000005,36000,28.5,2025-11-21_09-33,,
R_LN_3DBall_3994,3DBall,3994,12.0,ppo,200000,50,9538,0.0008437581557977,3.0,191,43.9,61.0,4.3357,12000,1.2712,12000,98.6133,142000,100.0,96000,180000,0.1121,12000,0.8975,12000,1.3917,12000,2.5657600000000005,48000,38.3,2025-11-21_09-33,,
R_LN_3DBall_3995,3DBall,3995,12.0,ppo,200000,106,19902,0.0007564076345217,3.0,172,43.5,60.8,1.4729,12000,1.1725,12000,69.2742,142000,96.4417,192000,180000,0.0782,24000,0.2598,24000,1.4117,12000,2.5657600000000005,72000,57.4,2025-11-21_09-33,,
R_LN_3DBall_3996,3DBall,3996,12.0,ppo,200000,161,30286,0.0008175339088112,3.0,180,43.7,61.1,1.2485,12000,1.1099,12000,17.6561,142000,30.45,192000,180000,0.0672,36000,0.1584,36000,1.4094,12000,2.5657600000000005,96000,84.1,2025-11-21_09-33,,
R_LN_3DBall_3997,3DBall,3997,12.0,ppo,200000,157,29571,0.0007591747126554,3.0,173,43.5,60.9,1.2442,12000,1.1851,12000,6.6805,142000,11.8337,192000,180000,0.0629,36000,0.2494,36000,1.4202,12000,2.5657600000000005,132000,115.6,2025-11-21_09-33,,
R_LN_3DBall_3998,3DBall,3998,12.0,ppo,200000,105,19691,0.0005963957557872,3.0,185,43.7,60.9,1.6068,12000,1.1731,12000,75.3055,142000,99.6833,192000,180000,0.0797,24000,0.3043,24000,1.4056,12000,2.5657600000000005,72000,61.8,2025-11-21_09-33,,
R_LN_3DBall_3999,3DBall,3999,12.0,ppo,200000,98,18477,0.0007702252313019,3.0,174,43.4,60.7,1.4441,12000,1.1289,12000,71.6348,142000,86.4214,180000,180000,0.0795,24000,0.2235,24000,1.4152,12000,2.5657600000000005,72000,58.0,2025-11-21_09-33,,
R_LN_3DBall_4000,3DBall,4000,12.0,ppo,200000,146,27384,0.0003880213771895,3.0,180,43.4,60.6,1.1599,12000,1.0249,12000,10.977,142000,16.5687,180000,180000,0.0678,36000,0.2102,36000,1.4202,12000,2.5657600000000005,96000,84.2,2025-11-21_09-33,,
R_LN_3DBall_4001,3DBall,4001,12.0,ppo,200000,95,17833,0.0002182269876156,3.0,190,44.0,60.8,1.5224,12000,1.1497,12000,82.4465,142000,91.1357,180000,180000,0.0821,24000,0.3474,24000,1.4114,12000,2.5657600000000005,72000,63.3,2025-11-21_09-33,,
R_LN_3DBall_4002,3DBall,4002,12.0,ppo,200000,173,32528,0.0006660972595118,3.0,184,43.5,60.9,1.1908,12000,1.0755,12000,11.9384,142000,19.7643,192000,180000,0.0617,36000,0.1415,36000,1.4154,12000,2.5657600000000005,108000,98.4,2025-11-21_09-33,,
R_LN_3DBall_4003,3DBall,4003,12.0,ppo,200000,107,20154,0.0005648584277868,3.0,199,44.0,61.4,1.4938,12000,1.1844,12000,78.9668,142000,93.0539,168000,180000,0.0798,24000,0.2402,24000,1.4057,12000,2.5657600000000005,72000,66.3,2025-11-21_09-33,,
R_LN_3DBall_4004,3DBall,4004,12.0,ppo,200000,116,21766,0.00089341587411,3.0,178,42.5,61.2,1.2281,12000,1.0759,12000,31.9029,142000,61.18,192000,180000,0.0726,24000,0.2113,24000,1.4155,12000,2.5657600000000005,96000,83.2,2025-11-21_09-33,,
R_LN_3DBall_4005,3DBall,4005,12.0,ppo,200000,38,7163,0.0003159152292651,3.0,206,38.8,60.5,2.7316,12000,1.2036,12000,98.8533,142000,100.0,108000,180000,0.1304,12000,0.6575,12000,1.4039,12000,2.5657600000000005,48000,41.1,2025-11-21_09-33,,
R_LN_3DBall_4006,3DBall,4006,12.0,ppo,200000,165,30987,0.00057376565371,3.0,196,43.9,61.3,1.3305,12000,1.1963,12000,14.2867,142000,19.9614,192000,180000,0.0616,36000,0.2138,36000,1.4117,12000,2.5657600000000005,96000,91.3,2025-11-21_09-33,,
R_LN_3DBall_4007,3DBall,4007,12.0,ppo,200000,54,10129,0.0006776610385463,3.0,223,43.4,61.1,4.6512,12000,1.2735,12000,94.5096,142000,100.0,120000,180000,0.1095,12000,0.6744,12000,1.3748,12000,2.5657600000000005,48000,44.5,2025-11-21_09-33,,
R_LN_3DBall_4008,3DBall,4008,12.0,ppo,200000,93,17446,7.911669644454062e-05,3.0,187,44.1,60.9,1.3772,12000,1.1416,12000,35.2863,142000,55.525,192000,180000,0.0811,24000,0.3281,24000,1.4188,12000,2.5657600000000005,84000,74.6,2025-11-21_09-33,,
R_LN_3DBall_4009,3DBall,4009,12.0,ppo,200000,121,22855,0.0007147881033591,3.0,198,44.0,60.7,1.6127,12000,1.1569,12000,63.8665,142000,90.2769,180000,180000,0.0726,24000,0.3218,24000,1.4019,12000,2.5657600000000005,60000,52.7,2025-11-21_09-33,,
R_LN_3DBall_4010,3DBall,4010,12.0,ppo,200000,73,13847,0.0007120189035995,3.0,215,43.7,60.9,2.5797,12000,1.2637,12000,99.4923,142000,100.0,156000,180000,0.0921,24000,0.9563,24000,1.3816,12000,2.5657600000000005,48000,42.9,2025-11-21_09-33,,
R_LN_3DBall_4011,3DBall,4011,12.0,ppo,200000,157,29519,0.0002428315380902,3.0,176,43.6,60.9,1.1821,12000,1.1352,12000,3.3727,142000,4.7971,192000,180000,0.0633,36000,0.3158,36000,1.4174,12000,2.5657600000000005,144000,129.2,2025-11-21_09-33,,
R_LN_3DBall_4012,3DBall,4012,12.0,ppo,200000,126,23665,0.0006125122453632,3.0,173,43.5,60.8,1.4094,12000,1.2017,12000,27.7646,142000,39.7345,192000,180000,0.0698,24000,0.2802,24000,1.4142,12000,2.5657600000000005,84000,69.3,2025-11-21_09-33,,
R_LN_3DBall_4013,3DBall,4013,12.0,ppo,200000,95,17821,6.671417267465296e-05,3.0,181,43.4,60.7,1.4837,12000,1.2228,12000,41.9866,142000,77.4688,192000,180000,0.0818,24000,0.3936,24000,1.418,12000,2.5657600000000005,84000,72.6,2025-11-21_09-33,,
R_LN_3DBall_4014,3DBall,4014,12.0,ppo,200000,83,15565,0.000872944653228,3.0,176,40.4,60.6,1.5953,12000,1.1774,12000,93.3137,142000,100.0,156000,180000,0.0871,24000,0.3427,24000,1.4109,12000,2.5657600000000005,72000,58.8,2025-11-21_09-33,,
R_LN_3DBall_4015,3DBall,4015,12.0,ppo,200000,176,33016,0.0001820341321033,3.0,182,43.9,61.0,1.1808,12000,1.1725,12000,2.2347,142000,2.4696,192000,180000,0.0605,36000,0.2951,36000,1.4167,12000,2.5657600000000005,Not reached,Not reached,2025-11-21_09-33,,
R_LN_3DBall_4016,3DBall,4016,12.0,ppo,200000,93,17486,0.0003060463645098,3.0,179,44.0,60.9,1.6211,12000,1.1741,12000,79.4938,142000,88.8154,192000,180000,0.0821,24000,0.421,24000,1.4074,12000,2.5657600000000005,72000,59.8,2025-11-21_09-33,,
R_LN_3DBall_4017,3DBall,4017,12.0,ppo,200000,70,13187,8.571863513511397e-05,3.0,192,43.7,61.3,1.8914,12000,1.1651,12000,97.2872,142000,100.0,144000,180000,0.0944,24000,0.577,24000,1.4152,12000,2.5657600000000005,60000,51.1,2025-11-21_09-33,,
R_LN_3DBall_4018,3DBall,4018,12.0,ppo,200000,62,11743,0.0001426391994378,3.0,187,44.2,61.1,1.4176,12000,1.142,12000,77.7492,142000,95.95,180000,180000,0.1006,12000,0.3838,12000,1.412,12000,2.5657600000000005,84000,75.0,2025-11-21_09-33,,
R_LN_3DBall_4019,3DBall,4019,12.0,ppo,200000,179,33706,0.0006487508374917,3.0,171,44.1,61.2,1.2658,12000,1.1226,12000,9.9424,142000,14.9784,192000,180000,0.0619,36000,0.178,36000,1.415,12000,2.5657600000000005,108000,91.3,2025-11-21_09-33,,
R_LN_3DBall_4020,3DBall,4020,12.0,ppo,200000,126,23638,4.050676900589995e-05,3.0,184,43.5,61.2,1.168,12000,1.1147,12000,1.9603,142000,2.1061,192000,180000,0.0724,24000,0.3756,24000,1.4185,12000,2.5657600000000005,Not reached,Not reached,2025-11-21_09-33,,
R_LN_3DBall_4021,3DBall,4021,12.0,ppo,200000,113,21360,0.0008698060929145,3.0,177,44.5,62.2,1.3635,12000,1.1217,12000,51.8208,142000,76.9133,180000,180000,0.0751,24000,0.2236,24000,1.4102,12000,2.5657600000000005,84000,70.6,2025-11-21_09-33,,
R_LN_3DBall_4022,3DBall,4022,12.0,ppo,200000,67,12718,0.0001336418593635,3.0,219,43.4,61.8,2.4396,12000,1.2083,12000,97.7237,142000,100.0,156000,180000,0.0951,24000,0.7464,24000,1.4085,12000,2.5657600000000005,48000,43.7,2025-11-21_09-33,,
R_LN_3DBall_4023,3DBall,4023,12.0,ppo,200000,165,31000,0.0002989138907418,3.0,175,43.9,61.8,1.2486,12000,1.1497,12000,6.4954,142000,8.5488,192000,180000,0.0595,36000,0.2007,36000,1.416,12000,2.5657600000000005,108000,93.5,2025-11-21_09-33,,
R_LN_3DBall_4024,3DBall,4024,12.0,ppo,200000,155,29078,0.0007216105365961,3.0,170,44.1,61.4,1.3075,12000,1.1745,12000,15.2149,142000,28.7846,192000,180000,0.0643,36000,0.1979,36000,1.4119,12000,2.5657600000000005,96000,79.5,2025-11-21_09-33,,
R_LN_3DBall_4025,3DBall,4025,12.0,ppo,200000,149,28034,0.0004768253667224,3.0,199,43.0,61.5,1.3219,12000,1.1195,12000,28.6827,142000,54.0087,192000,180000,0.0656,36000,0.1844,36000,1.4111,12000,2.5657600000000005,96000,93.0,2025-11-21_09-33,,
R_LN_3DBall_4026,3DBall,4026,12.0,ppo,200000,128,24098,0.0008635459194614,3.0,199,43.2,61.5,1.5169,12000,1.1636,12000,59.9715,142000,79.6867,168000,180000,0.0718,36000,0.3361,36000,1.4053,12000,2.5657600000000005,72000,66.5,2025-11-21_09-33,,
R_LN_3DBall_4027,3DBall,4027,12.0,ppo,200000,49,9300,0.0006725210368203,3.0,204,44.2,61.0,8.943,12000,1.5223,12000,98.375,142000,100.0,96000,180000,0.1145,12000,1.1429,12000,1.3627,12000,2.5657600000000005,36000,27.1,2025-11-21_09-33,,
R_LN_3DBall_4028,3DBall,4028,12.0,ppo,200000,54,10183,0.0008589492641845,3.0,223,43.9,62.5,3.5077,12000,1.3111,12000,88.6928,142000,100.0,180000,180000,0.1064,12000,0.6676,12000,1.3518,12000,2.5657600000000005,48000,44.5,2025-11-21_09-33,,
R_LN_3DBall_4029,3DBall,4029,12.0,ppo,200000,113,21343,0.0002641846356153,3.0,201,43.3,68.6,1.4827,12000,1.145,12000,69.8794,142000,83.14,180000,180000,0.0769,24000,0.2902,24000,1.4074,12000,2.5657600000000005,72000,66.8,2025-11-21_09-33,,
R_LN_3DBall_4030,3DBall,4030,12.0,ppo,200000,83,15742,0.0006639150283273,3.0,180,44.0,62.3,1.7699,12000,1.248,12000,96.9039,142000,100.0,144000,180000,0.0893,24000,0.3966,24000,1.4048,12000,2.5657600000000005,60000,47.9,2025-11-21_09-33,,
R_LN_3DBall_4031,3DBall,4031,12.0,ppo,200000,138,25953,0.0007187714823981,3.0,174,43.4,61.4,1.325,12000,1.1218,12000,30.4194,142000,63.8445,192000,180000,0.0709,36000,0.2277,36000,1.4145,12000,2.5657600000000005,96000,81.2,2025-11-21_09-33,,
R_LN_3DBall_4032,3DBall,4032,12.0,ppo,200000,84,15767,0.0004021977869081,3.0,178,43.9,61.3,1.5904,12000,1.1783,12000,87.4766,142000,97.5077,192000,180000,0.0885,24000,0.3277,24000,1.405,12000,2.5657600000000005,72000,59.4,2025-11-21_09-33,,
R_LN_3DBall_4033,3DBall,4033,12.0,ppo,200000,99,18670,0.000216557544395,3.0,186,43.9,61.3,1.4255,12000,1.1241,12000,68.9222,142000,86.6786,192000,180000,0.0784,24000,0.2113,24000,1.4169,12000,2.5657600000000005,72000,61.8,2025-11-21_09-33,,
R_LN_3DBall_4034,3DBall,4034,12.0,ppo,200000,39,7450,0.0005214258242461,3.0,204,43.7,61.0,9.9818,12000,1.4127,12000,95.6343,142000,100.0,84000,180000,0.1275,12000,1.1689,12000,1.3684,12000,2.5657600000000005,36000,27.3,2025-11-21_09-33,,
R_LN_3DBall_4035,3DBall,4035,12.0,ppo,200000,133,24947,0.0002343288361909,3.0,194,43.6,61.3,1.2763,12000,1.0813,12000,29.7275,142000,45.0,192000,180000,0.0704,36000,0.2071,36000,1.4148,12000,2.5657600000000005,84000,77.4,2025-11-21_09-33,,
R_LN_3DBall_4036,3DBall,4036,12.0,ppo,200000,132,24930,0.0004939609977288,3.0,177,44.2,61.3,1.4281,12000,1.1385,12000,60.4591,142000,98.2539,192000,180000,0.0701,36000,0.2755,36000,1.4079,12000,2.5657600000000005,84000,70.6,2025-11-21_09-33,,
R_LN_3DBall_4037,3DBall,4037,12.0,ppo,200000,72,13620,0.0007744054995665,3.0,190,44.5,61.5,2.5858,12000,1.1893,12000,94.9744,142000,100.0,168000,180000,0.0953,24000,0.9107,24000,1.3892,12000,2.5657600000000005,48000,38.1,2025-11-21_09-33,,
R_LN_3DBall_4038,3DBall,4038,12.0,ppo,200000,138,25955,3.719696799705735e-05,3.0,184,43.7,61.6,1.153,12000,1.1383,12000,1.2155,142000,1.253,144000,180000,0.0665,36000,0.6093,36000,1.4183,12000,2.5657600000000005,Not reached,Not reached,2025-11-21_09-33,,
R_LN_3DBall_4039,3DBall,4039,12.0,ppo,200000,188,35323,0.000663177450455,3.0,174,47.3,61.6,1.2036,12000,1.1171,12000,4.0041,142000,5.889,192000,180000,0.0606,36000,0.2193,36000,1.415,12000,2.5657600000000005,132000,116.2,2025-11-21_09-33,,
R_LN_3DBall_4040,3DBall,4040,12.0,ppo,200000,60,11418,0.0003621967736137,3.0,187,47.3,61.6,2.8492,12000,1.2826,12000,96.4222,142000,100.0,156000,180000,0.1033,12000,0.7476,12000,1.3958,12000,2.5657600000000005,48000,37.3,2025-11-21_09-33,,
R_LN_3DBall_4041,3DBall,4041,12.0,ppo,200000,39,7435,0.0005621834099379,3.0,207,39.7,61.7,2.5396,12000,1.1376,12000,100.0,142000,100.0,108000,180000,0.1315,12000,0.6178,12000,1.3807,12000,2.5657600000000005,48000,41.3,2025-11-21_09-33,,
R_LN_3DBall_4042,3DBall,4042,12.0,ppo,200000,46,8635,0.0004267804744288,3.0,199,43.9,61.3,7.431,12000,1.3691,12000,99.5767,142000,100.0,108000,180000,0.1185,12000,1.1244,12000,1.3977,12000,2.5657600000000005,36000,26.6,2025-11-21_09-33,,
R_LN_3DBall_4043,3DBall,4043,12.0,ppo,200000,79,14945,3.5303708384206434e-05,3.0,196,43.4,60.7,1.472,12000,1.1629,12000,64.6649,142000,80.7067,180000,180000,0.0896,24000,0.3133,24000,1.4169,12000,2.5657600000000005,72000,65.4,2025-11-21_09-33,,
R_LN_3DBall_4044,3DBall,4044,12.0,ppo,200000,132,24934,0.0006207001000401,3.0,193,44.4,61.2,1.5278,12000,1.1696,12000,57.637,142000,81.9786,192000,180000,0.07,36000,0.3283,36000,1.4041,12000,2.5657600000000005,84000,77.0,2025-11-21_09-33,,
R_LN_3DBall_4045,3DBall,4045,12.0,ppo,200000,88,16668,0.0002952109822434,3.0,178,42.3,61.0,1.3121,12000,1.1383,12000,40.3952,142000,76.5625,192000,180000,0.0839,24000,0.2953,24000,1.4061,12000,2.5657600000000005,96000,83.3,2025-11-21_09-33,,
R_LN_3DBall_4046,3DBall,4046,12.0,ppo,200000,60,11267,0.0002698291232267,3.0,189,44.0,61.0,2.585,12000,1.2094,12000,100.0,142000,100.0,132000,180000,0.104,12000,0.5932,12000,1.4059,12000,2.5657600000000005,48000,37.9,2025-11-21_09-33,,
R_LN_3DBall_4047,3DBall,4047,12.0,ppo,200000,155,29129,0.0008838654843617,3.0,171,43.8,61.1,1.2763,12000,1.168,12000,16.6141,142000,32.2216,192000,180000,0.0651,36000,0.1815,36000,1.4077,12000,2.5657600000000005,96000,79.9,2025-11-21_09-33,,
R_LN_3DBall_4048,3DBall,4048,12.0,ppo,200000,39,7499,0.000537592841043,3.0,202,44.0,61.0,12.6154,12000,1.3381,12000,96.2508,142000,100.0,96000,180000,0.1257,12000,1.1618,12000,1.3872,12000,2.5657600000000005,36000,26.9,2025-11-21_09-33,,
R_LN_3DBall_4049,3DBall,4049,12.0,ppo,200000,154,28918,0.0002731145127853,3.0,176,44.3,61.1,1.2116,12000,1.1705,12000,2.5566,142000,3.0162,192000,180000,0.0639,36000,0.321,36000,1.4179,12000,2.5657600000000005,156000,140.4,2025-11-21_09-33,,
R_LN_3DBall_4050,3DBall,4050,12.0,ppo,200000,173,32556,0.0002434208859309,3.0,178,44.5,61.5,1.1915,12000,1.1105,12000,3.7189,142000,4.39,180000,180000,0.0619,36000,0.2366,36000,1.4173,12000,2.5657600000000005,144000,130.9,2025-11-21_09-33,,
R_LN_3DBall_4051,3DBall,4051,12.0,ppo,200000,101,19012,0.0008852227109769,3.0,178,43.7,61.4,1.4997,12000,1.0943,12000,81.5802,142000,98.6,180000,180000,0.0812,24000,0.2202,24000,1.3989,12000,2.5657600000000005,72000,59.4,2025-11-21_09-33,,
R_LN_3DBall_4052,3DBall,4052,12.0,ppo,200000,82,15479,0.0001379599139475,3.0,183,43.8,61.0,1.2727,12000,1.1437,12000,28.2688,142000,44.9039,192000,180000,0.0886,24000,0.3055,24000,1.4156,12000,2.5657600000000005,96000,85.2,2025-11-21_09-33,,
R_LN_3DBall_4053,3DBall,4053,12.0,ppo,200000,141,26583,9.903272206404564e-05,3.0,183,43.9,61.1,1.1493,12000,1.1133,12000,1.4623,142000,1.5583,180000,180000,0.0655,36000,0.3711,36000,1.4161,12000,2.5657600000000005,Not reached,Not reached,2025-11-21_09-33,,
R_LN_3DBall_4054,3DBall,4054,12.0,ppo,200000,158,29693,0.00018411259089,3.0,176,43.7,61.2,1.2517,12000,1.1864,12000,7.241,142000,12.3517,192000,180000,0.0627,36000,0.2048,36000,1.4117,12000,2.5657600000000005,108000,93.6,2025-11-21_09-33,,
R_LN_3DBall_4055,3DBall,4055,12.0,ppo,200000,97,18271,0.0001774619641997,3.0,181,44.5,61.2,1.199,12000,1.1045,12000,4.2865,142000,5.5609,192000,180000,0.079,24000,0.34,24000,1.4088,12000,2.5657600000000005,132000,120.9,2025-11-21_09-33,,
R_LN_3DBall_4056,3DBall,4056,12.0,ppo,200000,144,27139,0.0007080844595046,3.0,176,46.9,61.3,1.3115,12000,1.0931,12000,26.7728,142000,38.6,192000,180000,0.0679,36000,0.262,36000,1.4112,12000,2.5657600000000005,96000,82.0,2025-11-21_09-33,,
R_LN_3DBall_4057,3DBall,4057,12.0,ppo,200000,84,15800,0.0007913781394814,3.0,181,43.9,61.3,1.9436,12000,1.2082,12000,90.3169,142000,100.0,168000,180000,0.0893,24000,0.4954,24000,1.3945,12000,2.5657600000000005,60000,48.3,2025-11-21_09-33,,
R_LN_3DBall_4058,3DBall,4058,12.0,ppo,200000,58,10983,0.000627246175864,3.0,187,38.4,61.2,2.0181,12000,1.2168,12000,97.7605,142000,100.0,168000,180000,0.1057,12000,0.3973,12000,1.3967,12000,2.5657600000000005,60000,50.0,2025-11-21_09-33,,
R_LN_3DBall_4059,3DBall,4059,12.0,ppo,200000,59,11103,4.0973588980726816e-05,3.0,222,43.9,61.8,2.161,12000,1.2622,12000,96.7253,142000,100.0,156000,180000,0.1042,12000,0.4939,12000,1.4134,12000,2.5657600000000005,48000,44.4,2025-11-21_09-33,,
R_LN_3DBall_4060,3DBall,4060,12.0,ppo,200000,172,32305,0.0005175771527377,3.0,178,44.1,61.8,1.2725,12000,1.1353,12000,8.659,142000,12.0761,180000,180000,0.0631,36000,0.1774,36000,1.4149,12000,2.5657600000000005,108000,95.1,2025-11-21_09-33,,
R_LN_3DBall_4061,3DBall,4061,12.0,ppo,200000,171,32075,0.0008150716660291,3.0,181,43.3,61.5,1.2508,12000,1.0857,12000,16.3732,142000,27.0395,192000,180000,0.0605,36000,0.1567,36000,1.4117,12000,2.5657600000000005,108000,96.3,2025-11-21_09-33,,
R_LN_3DBall_4062,3DBall,4062,12.0,ppo,200000,149,27944,0.0003040727943673,3.0,199,42.9,61.7,1.3584,12000,1.1188,12000,25.3865,142000,42.7462,180000,180000,0.0662,36000,0.3103,36000,1.4099,12000,2.5657600000000005,96000,92.7,2025-11-21_09-33,,
R_LN_3DBall_4063,3DBall,4063,12.0,ppo,200000,181,34014,0.000375377398338,3.0,172,44.2,61.6,1.2084,12000,1.1508,12000,3.8875,142000,4.7585,192000,180000,0.0589,36000,0.2409,36000,1.4169,12000,2.5657600000000005,144000,126.3,2025-11-21_09-33,,
R_LN_3DBall_4064,3DBall,4064,12.0,ppo,200000,91,17072,0.0008344916893755,3.0,178,43.6,61.3,1.8122,12000,1.1573,12000,96.6464,142000,100.0,168000,180000,0.083,24000,0.4912,24000,1.386,12000,2.5657600000000005,60000,47.5,2025-11-21_09-33,,
R_LN_3DBall_4065,3DBall,4065,12.0,ppo,200000,101,19023,9.242352009105e-05,3.0,184,43.1,61.3,1.5402,12000,1.2069,12000,58.3178,142000,92.2769,192000,180000,0.0765,24000,0.295,24000,1.4149,12000,2.5657600000000005,72000,61.2,2025-11-21_09-33,,
R_LN_3DBall_4066,3DBall,4066,12.0,ppo,200000,106,19944,0.000203614852155,3.0,200,43.2,61.5,1.5576,12000,1.202,12000,80.0444,142000,100.0,180000,180000,0.0807,24000,0.2718,24000,1.4123,12000,2.5657600000000005,72000,66.8,2025-11-21_09-33,,
R_LN_3DBall_4067,3DBall,4067,12.0,ppo,200000,101,19087,0.0004572430405696,3.0,203,43.5,65.5,1.7153,12000,1.1641,12000,74.757,142000,88.7616,180000,180000,0.0799,24000,0.3053,24000,1.4069,12000,2.5657600000000005,60000,54.0,2025-11-21_09-33,,
R_LN_3DBall_4068,3DBall,4068,12.0,ppo,200000,135,25494,0.0006635409080159,3.0,178,44.3,66.1,1.3515,12000,1.1106,12000,45.8074,142000,82.0533,192000,180000,0.0689,36000,0.2472,36000,1.4115,12000,2.5657600000000005,84000,71.4,2025-11-21_09-33,,
R_LN_3DBall_4069,3DBall,4069,12.0,ppo,200000,90,16975,0.0008904277656204,3.0,183,43.5,61.4,1.9922,12000,1.1984,12000,93.6193,142000,100.0,168000,180000,0.0852,24000,0.6413,24000,1.3885,12000,2.5657600000000005,60000,48.9,2025-11-21_09-33,,
R_LN_3DBall_4070,3DBall,4070,12.0,ppo,200000,156,29331,0.0003600214257428,3.0,180,44.0,61.0,1.2244,12000,1.1066,12000,12.0412,142000,20.8359,192000,180000,0.0647,36000,0.1597,36000,1.4138,12000,2.5657600000000005,96000,83.8,2025-11-21_09-33,,
R_LN_3DBall_4071,3DBall,4071,12.0,ppo,200000,64,12090,0.000180212576767,3.0,187,44.1,60.9,1.5739,12000,1.161,12000,89.272,142000,100.0,168000,180000,0.0988,24000,0.3976,24000,1.4099,12000,2.5657600000000005,72000,62.4,2025-11-21_09-33,,
R_LN_3DBall_4072,3DBall,4072,12.0,ppo,200000,113,21272,0.0001530171827201,3.0,179,43.7,61.0,1.3553,12000,1.2001,12000,19.1019,142000,30.5079,192000,180000,0.0763,24000,0.3004,24000,1.4159,12000,2.5657600000000005,96000,83.6,2025-11-21_09-33,,
R_LN_3DBall_4073,3DBall,4073,12.0,ppo,200000,123,23232,0.0004477473521375,3.0,175,43.7,61.1,1.4161,12000,1.1361,12000,50.9784,142000,83.4714,180000,180000,0.0725,24000,0.239,24000,1.4146,12000,2.5657600000000005,84000,70.2,2025-11-21_09-33,,
R_LN_3DBall_4074,3DBall,4074,12.0,ppo,200000,78,14729,0.0001763473758101,3.0,210,44.2,61.4,2.0314,12000,1.2509,12000,96.9275,142000,100.0,168000,180000,0.0909,24000,0.4712,24000,1.4043,12000,2.5657600000000005,60000,55.9,2025-11-21_09-33,,
R_LN_3DBall_4075,3DBall,4075,12.0,ppo,200000,186,34884,0.0006867642652142,3.0,171,43.9,61.9,1.2191,12000,1.1349,12000,5.9634,142000,9.3548,192000,180000,0.0587,36000,0.1857,36000,1.4182,12000,2.5657600000000005,120000,102.4,2025-11-21_09-33,,
R_LN_3DBall_4076,3DBall,4076,12.0,ppo,200000,38,7262,0.0003893382962319,3.0,206,39.0,61.7,2.7396,12000,1.2046,12000,100.0,142000,100.0,120000,180000,0.1307,12000,0.6535,12000,1.393,12000,2.5657600000000005,48000,41.1,2025-11-21_09-33,,
R_LN_3DBall_4077,3DBall,4077,12.0,ppo,200000,114,21537,8.315516139565014e-05,3.0,180,44.0,61.7,1.2988,12000,1.2074,12000,6.0753,142000,7.8702,192000,180000,0.0742,24000,0.3466,24000,1.418,12000,2.5657600000000005,120000,108.3,2025-11-21_09-33,,
R_LN_3DBall_4078,3DBall,4078,12.0,ppo,200000,119,22332,0.0004135588274652,3.0,176,43.9,61.4,1.2023,12000,1.0982,12000,5.7133,142000,8.8479,192000,180000,0.0731,24000,0.3584,24000,1.4184,12000,2.5657600000000005,120000,105.7,2025-11-21_09-33,,
R_LN_3DBall_4079,3DBall,4079,12.0,ppo,200000,171,32232,0.0003153277488784,3.0,200,44.0,61.7,1.28,12000,1.1313,12000,9.2146,142000,12.5125,180000,180000,0.0604,36000,0.1706,36000,1.4151,12000,2.5657600000000005,108000,106.5,2025-11-21_09-33,,
R_LN_3DBall_4080,3DBall,4080,12.0,ppo,200000,91,17134,0.0004430373588944,3.0,187,43.9,61.6,1.6717,12000,1.1178,12000,96.9508,142000,100.0,144000,180000,0.0837,24000,0.4178,24000,1.3965,12000,2.5657600000000005,60000,50.0,2025-11-21_09-33,,
R_LN_3DBall_4081,3DBall,4081,12.0,ppo,200000,102,19174,0.0007564755802615,3.0,178,42.3,62.1,1.3328,12000,1.1181,12000,48.1503,142000,63.03,192000,180000,0.0775,24000,0.2368,24000,1.4085,12000,2.5657600000000005,72000,59.5,2025-11-21_09-33,,
R_LN_3DBall_4082,3DBall,4082,12.0,ppo,200000,184,34515,0.0001042067096459,3.0,180,44.1,62.0,1.1995,12000,1.1111,12000,3.8924,142000,5.1607,192000,180000,0.0604,36000,0.2104,36000,1.4185,12000,2.5657600000000005,132000,120.2,2025-11-21_09-33,,
R_LN_3DBall_4083,3DBall,4083,12.0,ppo,200000,125,23501,0.0006844031359483,3.0,201,43.5,61.6,1.4778,12000,1.132,12000,62.8984,142000,85.6786,180000,180000,0.0738,24000,0.2666,24000,1.3976,12000,2.5657600000000005,84000,80.3,2025-11-21_09-33,,
R_LN_3DBall_4084,3DBall,4084,12.0,ppo,200000,115,21644,0.0008670710164449,3.0,181,43.7,61.4,1.49,12000,1.1583,12000,75.8342,142000,100.0,192000,180000,0.0726,24000,0.2759,24000,1.4084,12000,2.5657600000000005,72000,60.4,2025-11-21_09-33,,
R_LN_3DBall_4085,3DBall,4085,12.0,ppo,200000,51,9580,0.0004874802841266,3.0,193,38.5,60.6,2.5728,12000,1.3307,12000,100.0,142000,100.0,132000,180000,0.11,12000,0.7319,12000,1.3887,12000,2.5657600000000005,48000,38.7,2025-11-21_09-33,,
R_LN_3DBall_4086,3DBall,4086,12.0,ppo,200000,139,26168,0.0001726346828839,3.0,174,44.3,60.7,1.2775,12000,1.1242,12000,9.9,142000,13.0738,192000,180000,0.069,36000,0.2653,36000,1.4161,12000,2.5657600000000005,96000,81.3,2025-11-21_09-33,,
R_LN_3DBall_4087,3DBall,4087,12.0,ppo,200000,185,34812,0.0005228473024382,3.0,172,44.1,60.7,1.2431,12000,1.1192,12000,4.6596,142000,6.9175,192000,180000,0.0575,36000,0.197,36000,1.4185,12000,2.5657600000000005,120000,103.4,2025-11-21_09-33,,
R_LN_3DBall_4088,3DBall,4088,12.0,ppo,200000,142,26776,0.0004954547163951,3.0,174,43.8,60.2,1.2241,12000,1.1054,12000,7.4437,142000,10.7594,192000,180000,0.0697,36000,0.2199,36000,1.4153,12000,2.5657600000000005,120000,104.6,2025-11-21_09-33,,
R_LN_3DBall_4089,3DBall,4089,12.0,ppo,200000,167,31447,0.000832697815046,3.0,178,43.8,60.3,1.2685,12000,1.1086,12000,13.2808,142000,18.379,180000,180000,0.0642,36000,0.1867,36000,1.4108,12000,2.5657600000000005,108000,95.1,2025-11-21_09-33,,
R_LN_3DBall_4090,3DBall,4090,12.0,ppo,200000,157,29576,0.0007553891311066,3.0,174,44.2,60.3,1.1965,12000,1.1144,12000,15.7035,142000,33.1611,192000,180000,0.0633,36000,0.1505,36000,1.4175,12000,2.5657600000000005,108000,93.0,2025-11-21_09-33,,
R_LN_3DBall_4091,3DBall,4091,12.0,ppo,200000,38,7271,0.0008001891981619,3.0,202,38.0,60.1,7.9657,12000,1.3057,12000,99.5569,142000,100.0,96000,180000,0.1268,12000,1.079,12000,1.3786,12000,2.5657600000000005,36000,26.9,2025-11-21_09-33,,
R_LN_3DBall_4092,3DBall,4092,12.0,ppo,200000,171,32179,0.0001572442724328,3.0,179,43.8,60.0,1.1962,12000,1.111,12000,4.1602,142000,5.1812,192000,180000,0.0601,36000,0.2107,36000,1.4184,12000,2.5657600000000005,144000,131.5,2025-11-21_09-33,,
R_LN_3DBall_4093,3DBall,4093,12.0,ppo,200000,34,6443,0.0007914961315399,3.0,210,44.2,59.9,17.6345,12000,1.492,12000,98.4831,142000,100.0,84000,180000,0.1376,12000,1.0085,12000,1.3573,12000,2.5657600000000005,36000,28.0,2025-11-21_09-33,,
R_LN_3DBall_4094,3DBall,4094,12.0,ppo,200000,56,10638,0.0003250217586615,3.0,194,45.0,60.9,3.6562,12000,1.3328,12000,93.5333,142000,100.0,156000,180000,0.1099,12000,0.7438,12000,1.4011,12000,2.5657600000000005,48000,38.9,2025-11-21_09-33,,
R_LN_3DBall_4095,3DBall,4095,12.0,ppo,200000,71,13356,0.0007932087674247,3.0,180,43.9,60.5,2.5598,12000,1.2712,12000,98.27,142000,100.0,144000,180000,0.0938,24000,0.8749,24000,1.3905,12000,2.5657600000000005,48000,35.9,2025-11-21_09-33,,
R_LN_3DBall_4096,3DBall,4096,12.0,ppo,200000,78,14763,5.199935888950939e-05,3.0,185,43.5,60.4,1.5438,12000,1.2085,12000,64.0775,142000,87.4214,192000,180000,0.0919,24000,0.3601,24000,1.4169,12000,2.5657600000000005,72000,61.5,2025-11-21_09-33,,
R_LN_3DBall_4097,3DBall,4097,12.0,ppo,200000,124,23312,0.0005849526276974,3.0,174,43.7,60.6,1.4111,12000,1.1156,12000,52.2041,142000,79.0733,180000,180000,0.0709,24000,0.2671,24000,1.4083,12000,2.5657600000000005,84000,69.7,2025-11-21_09-33,,
R_LN_3DBall_4098,3DBall,4098,12.0,ppo,200000,38,7146,0.0003146831293165,3.0,219,43.4,60.2,18.1989,12000,1.4438,12000,97.0599,142000,100.0,120000,180000,0.1284,12000,1.1478,12000,1.3826,12000,2.5657600000000005,36000,29.3,2025-11-21_09-33,,
R_LN_3DBall_4099,3DBall,4099,12.0,ppo,200000,150,28247,0.0005682171180886,3.0,174,43.5,60.2,1.275,12000,1.1728,12000,8.79,142000,13.1012,192000,180000,0.0645,36000,0.247,36000,1.4129,12000,2.5657600000000005,96000,81.4,2025-11-21_09-33,,
R_LN_3DBall_4100,3DBall,4100,12.0,ppo,200000,37,7059,0.0007448531447415,3.0,220,43.0,60.2,19.0972,12000,1.6406,12000,100.0,142000,100.0,132000,180000,0.1288,12000,1.1109,12000,1.3572,12000,2.5657600000000005,36000,29.3,2025-11-21_09-33,,
R_LN_3DBall_4101,3DBall,4101,12.0,ppo,200000,140,26397,0.0001717811728298,3.0,183,43.7,60.3,1.1444,12000,1.0969,12000,1.6114,142000,1.6304,192000,180000,0.0664,36000,0.3603,36000,1.4161,12000,2.5657600000000005,Not reached,Not reached,2025-11-21_09-33,,
R_LN_3DBall_4102,3DBall,4102,12.0,ppo,200000,52,9920,0.0001364146065328,3.0,196,42.6,60.2,1.3092,12000,1.1967,12000,30.8062,142000,56.1905,192000,180000,0.1093,12000,0.419,12000,1.4088,12000,2.5657600000000005,108000,104.8,2025-11-21_09-33,,
R_LN_3DBall_4103,3DBall,4103,12.0,ppo,200000,189,35533,0.0005374447337372,3.0,174,44.2,60.6,1.1925,12000,1.0688,12000,5.5295,142000,8.1326,192000,180000,0.0606,36000,0.162,36000,1.4146,12000,2.5657600000000005,120000,104.2,2025-11-21_09-33,,
R_LN_3DBall_4104,3DBall,4104,12.0,ppo,200000,69,13093,0.0008724604600855,3.0,182,43.9,60.6,2.4386,12000,1.2256,12000,99.04,142000,100.0,144000,180000,0.0963,24000,0.7658,24000,1.3896,12000,2.5657600000000005,48000,36.5,2025-11-21_09-33,,
R_LN_3DBall_4105,3DBall,4105,12.0,ppo,200000,169,31846,0.0004602189366034,3.0,181,43.8,60.8,1.1713,12000,1.1688,12000,2.5959,142000,2.8378,180000,180000,0.0625,36000,0.2615,36000,1.4189,12000,2.5657600000000005,168000,157.3,2025-11-21_09-33,,
R_LN_3DBall_4106,3DBall,4106,12.0,ppo,200000,175,32939,0.0007998906810099,3.0,177,43.8,67.7,1.1885,12000,1.1275,12000,4.4477,142000,6.0714,192000,180000,0.0628,36000,0.2571,36000,1.4186,12000,2.5657600000000005,144000,130.2,2025-11-21_09-33,,
R_LN_3DBall_4107,3DBall,4107,12.0,ppo,200000,72,13521,0.0003826201698636,3.0,189,43.8,62.9,2.3163,12000,1.1861,12000,98.0292,142000,100.0,156000,180000,0.0928,24000,0.7515,24000,1.3899,12000,2.5657600000000005,48000,37.8,2025-11-21_09-33,,
R_LN_3DBall_4108,3DBall,4108,12.0,ppo,200000,157,29550,0.0003432901201719,3.0,171,44.8,60.5,1.2956,12000,1.1988,12000,8.2131,142000,12.9025,192000,180000,0.064,36000,0.2309,36000,1.4158,12000,2.5657600000000005,108000,91.0,2025-11-21_09-33,,
R_LN_3DBall_4109,3DBall,4109,12.0,ppo,200000,121,22801,0.0001622407763039,3.0,178,44.0,60.4,1.2115,12000,1.1339,12000,4.227,142000,5.6599,192000,180000,0.0729,24000,0.2932,24000,1.4219,12000,2.5657600000000005,132000,118.8,2025-11-21_09-33,,
R_LN_3DBall_4110,3DBall,4110,12.0,ppo,200000,131,24689,0.0005784622026442,3.0,177,43.7,60.4,1.3963,12000,1.1205,12000,39.1974,142000,62.3211,192000,180000,0.0704,36000,0.25,36000,1.4167,12000,2.5657600000000005,84000,70.9,2025-11-21_09-33,,
R_LN_3DBall_4111,3DBall,4111,12.0,ppo,200000,105,19777,0.0004091780508622,3.0,178,43.8,60.3,1.4174,12000,1.1812,12000,45.8297,142000,74.675,192000,180000,0.0778,24000,0.2584,24000,1.4073,12000,2.5657600000000005,84000,71.3,2025-11-21_09-33,,
R_LN_3DBall_4112,3DBall,4112,12.0,ppo,200000,78,14776,0.0001074146408466,3.0,188,45.0,61.0,1.222,12000,1.1442,12000,9.5815,142000,15.3361,192000,180000,0.0879,24000,0.322,24000,1.409,12000,2.5657600000000005,120000,112.5,2025-11-21_09-33,,
R_LN_3DBall_4113,3DBall,4113,12.0,ppo,200000,132,24899,0.0005113439865997,3.0,178,43.4,61.2,1.2692,12000,1.1059,12000,23.9811,142000,45.2269,192000,180000,0.0705,36000,0.2169,36000,1.4161,12000,2.5657600000000005,96000,83.2,2025-11-21_09-33,,
R_LN_3DBall_4114,3DBall,4114,12.0,ppo,200000,80,15030,0.0002938072646796,3.0,184,43.9,60.8,1.4025,12000,1.1965,12000,82.1851,142000,95.0834,192000,180000,0.0898,24000,0.2961,24000,1.4131,12000,2.5657600000000005,72000,61.4,2025-11-21_09-33,,
R_LN_3DBall_4115,3DBall,4115,12.0,ppo,200000,150,28177,0.0003337161622553,3.0,183,43.9,61.4,1.3331,12000,1.172,12000,18.738,142000,36.9455,192000,180000,0.0657,36000,0.1709,36000,1.4145,12000,2.5657600000000005,96000,85.6,2025-11-21_09-33,,
R_LN_3DBall_4116,3DBall,4116,12.0,ppo,200000,189,35622,8.078507365798061e-05,3.0,196,43.4,61.0,1.2318,12000,1.1132,12000,4.3725,142000,6.4415,192000,180000,0.0583,36000,0.1886,36000,1.4182,12000,2.5657600000000005,120000,117.3,2025-11-21_09-33,,
R_LN_3DBall_4117,3DBall,4117,12.0,ppo,200000,72,13550,0.0004615449072608,3.0,187,43.7,60.5,2.1363,12000,1.1853,12000,91.8983,142000,100.0,132000,180000,0.0933,24000,0.7266,24000,1.3856,12000,2.5657600000000005,60000,49.9,2025-11-21_09-33,,
R_LN_3DBall_4118,3DBall,4118,12.0,ppo,200000,160,30153,8.048817504941816e-05,3.0,184,44.0,60.4,1.1963,12000,1.1241,12000,4.3823,142000,5.9589,192000,180000,0.064,36000,0.2231,36000,1.4187,12000,2.5657600000000005,132000,122.8,2025-11-21_09-33,,
R_LN_3DBall_4119,3DBall,4119,12.0,ppo,200000,185,34778,0.0005716706503874,3.0,176,43.8,60.5,1.1451,12000,1.0855,12000,3.0059,142000,3.8851,192000,180000,0.0595,36000,0.2273,36000,1.4108,12000,2.5657600000000005,156000,140.5,2025-11-21_09-33,,
R_LN_3DBall_4120,3DBall,4120,12.0,ppo,200000,48,9143,0.0004676440834174,3.0,195,43.7,60.5,7.1024,12000,1.3714,12000,90.6463,142000,100.0,120000,180000,0.1177,12000,0.9533,12000,1.3707,12000,2.5657600000000005,36000,26.1,2025-11-21_09-33,,
R_LN_3DBall_4121,3DBall,4121,12.0,ppo,200000,189,35536,0.0003386363818484,3.0,176,44.2,60.8,1.2206,12000,1.1104,12000,5.2475,142000,6.9218,192000,180000,0.0577,36000,0.169,36000,1.4146,12000,2.5657600000000005,120000,105.3,2025-11-21_09-33,,
R_LN_3DBall_4122,3DBall,4122,12.0,ppo,200000,63,11943,0.0004525307773625,3.0,186,44.3,61.0,2.405,12000,1.1535,12000,99.9317,142000,100.0,144000,180000,0.0991,12000,0.6454,12000,1.3915,12000,2.5657600000000005,48000,37.1,2025-11-21_09-33,,
R_LN_3DBall_4123,3DBall,4123,12.0,ppo,200000,156,29327,0.0003447295245259,3.0,174,43.7,61.1,1.1814,12000,1.119,12000,3.8807,142000,5.0066,192000,180000,0.0635,36000,0.2464,36000,1.4193,12000,2.5657600000000005,132000,116.2,2025-11-21_09-33,,
R_LN_3DBall_4124,3DBall,4124,12.0,ppo,200000,98,18476,0.0004207311071677,3.0,175,41.2,60.7,1.4394,12000,1.1821,12000,59.1526,142000,87.6857,192000,180000,0.0827,24000,0.304,24000,1.4097,12000,2.5657600000000005,84000,70.1,2025-11-21_09-33,,
R_LN_3DBall_4125,3DBall,4125,12.0,ppo,200000,78,14766,9.146611704279732e-05,3.0,192,43.7,60.7,1.2691,12000,1.1816,12000,2.2783,142000,2.4155,192000,180000,0.0881,24000,0.3607,24000,1.4143,12000,2.5657600000000005,Not reached,Not reached,2025-11-21_09-33,,
R_LN_3DBall_4126,3DBall,4126,12.0,ppo,200000,35,6623,0.0005014602960511,3.0,207,43.8,60.6,15.88,12000,1.3877,12000,98.8246,142000,100.0,120000,180000,0.1334,12000,1.1635,12000,1.3809,12000,2.5657600000000005,36000,27.7,2025-11-21_09-33,,
R_LN_3DBall_4127,3DBall,4127,12.0,ppo,200000,105,19771,0.0006453705617932,3.0,172,43.9,60.7,1.6549,12000,1.2226,12000,86.3221,142000,100.0,192000,180000,0.0791,24000,0.2871,24000,1.4008,12000,2.5657600000000005,72000,57.4,2025-11-21_09-33,,
R_LN_3DBall_4128,3DBall,4128,12.0,ppo,200000,82,15465,0.0001521598497125,3.0,182,44.8,61.4,1.2847,12000,1.1469,12000,29.3579,142000,46.1269,192000,180000,0.0876,24000,0.3069,24000,1.4102,12000,2.5657600000000005,96000,85.1,2025-11-21_09-33,,
R_LN_3DBall_4129,3DBall,4129,12.0,ppo,200000,113,21208,0.0004972356327907,3.0,175,42.4,61.1,1.3133,12000,1.1634,12000,24.3013,142000,38.3967,192000,180000,0.0755,24000,0.302,24000,1.4096,12000,2.5657600000000005,96000,81.8,2025-11-21_09-33,,
R_LN_3DBall_4130,3DBall,4130,12.0,ppo,200000,116,21910,0.0003984442820575,3.0,179,43.6,61.0,1.1845,12000,1.0827,12000,5.5589,142000,7.5324,192000,180000,0.0763,24000,0.2556,24000,1.4107,12000,2.5657600000000005,120000,107.1,2025-11-21_09-33,,
R_LN_3DBall_4131,3DBall,4131,12.0,ppo,200000,149,28077,0.0006287371496804,3.0,176,43.4,60.6,1.1993,12000,1.1052,12000,5.263,142000,7.3695,192000,180000,0.0659,36000,0.2428,36000,1.4176,12000,2.5657600000000005,132000,117.7,2025-11-21_09-33,,
R_LN_3DBall_4132,3DBall,4132,12.0,ppo,200000,82,15536,0.0001212965079114,3.0,187,44.1,60.7,1.6981,12000,1.2082,12000,87.2575,142000,100.0,168000,180000,0.0872,24000,0.3696,24000,1.4135,12000,2.5657600000000005,60000,50.0,2025-11-21_09-33,,
R_LN_3DBall_4133,3DBall,4133,12.0,ppo,200000,176,33003,0.0007909458858603,3.0,182,43.7,60.9,1.2464,12000,1.1315,12000,11.0721,142000,16.9646,180000,180000,0.0612,36000,0.1676,36000,1.4105,12000,2.5657600000000005,108000,97.3,2025-11-21_09-33,,
R_LN_3DBall_4134,3DBall,4134,12.0,ppo,200000,183,34322,0.0006490958140092,3.0,171,44.2,60.9,1.1957,12000,1.1251,12000,3.8361,142000,5.4109,192000,180000,0.0617,36000,0.2286,36000,1.4195,12000,2.5657600000000005,144000,125.5,2025-11-21_09-33,,
R_LN_3DBall_4135,3DBall,4135,12.0,ppo,200000,139,26080,0.0004572791886924,3.0,172,43.8,60.8,1.3278,12000,1.1284,12000,18.8528,142000,30.4256,192000,180000,0.068,36000,0.2532,36000,1.4119,12000,2.5657600000000005,96000,80.4,2025-11-21_09-33,,
R_LN_3DBall_4136,3DBall,4136,12.0,ppo,200000,67,12649,6.952617796119706e-05,3.0,185,43.9,60.7,1.804,12000,1.2306,12000,92.8683,142000,100.0,180000,180000,0.0979,24000,0.5185,24000,1.4143,12000,2.5657600000000005,60000,49.4,2025-11-21_09-33,,
R_LN_3DBall_4137,3DBall,4137,12.0,ppo,200000,96,18160,0.0008615881797849,3.0,182,44.0,60.7,1.7715,12000,1.1376,12000,84.7277,142000,93.2462,192000,180000,0.0866,24000,0.2864,24000,1.3904,12000,2.5657600000000005,60000,48.7,2025-11-21_09-33,,
R_LN_3DBall_4138,3DBall,4138,12.0,ppo,200000,164,30806,0.0008605979842243,3.0,173,44.8,61.4,1.2223,12000,1.1377,12000,5.963,142000,7.9129,192000,180000,0.0631,36000,0.214,36000,1.4169,12000,2.5657600000000005,108000,92.0,2025-11-21_09-33,,
R_LN_3DBall_4139,3DBall,4139,12.0,ppo,200000,182,34237,0.0006888675511078,3.0,169,43.9,61.3,1.2375,12000,1.1206,12000,5.2279,142000,7.4124,192000,180000,0.0585,36000,0.2032,36000,1.4159,12000,2.5657600000000005,120000,101.7,2025-11-21_09-33,,
R_LN_3DBall_4140,3DBall,4140,12.0,ppo,200000,109,20609,3.501507447873532e-05,3.0,190,43.5,61.0,1.1634,12000,1.1446,12000,1.2318,142000,1.2819,168000,180000,0.077,24000,0.9878,24000,1.4167,12000,2.5657600000000005,Not reached,Not reached,2025-11-21_09-33,,
R_LN_3DBall_4141,3DBall,4141,12.0,ppo,200000,158,29739,0.0001974430228263,3.0,193,44.0,60.6,1.2649,12000,1.1492,12000,15.3419,142000,30.9314,192000,180000,0.0613,36000,0.1732,36000,1.4172,12000,2.5657600000000005,96000,90.3,2025-11-21_09-33,,
R_LN_3DBall_4142,3DBall,4142,12.0,ppo,200000,42,8007,0.0004016533553556,3.0,198,39.0,60.3,3.7634,12000,1.2333,12000,100.0,142000,100.0,120000,180000,0.1215,12000,0.672,12000,1.3948,12000,2.5657600000000005,48000,39.7,2025-11-21_09-33,,
R_LN_3DBall_4143,3DBall,4143,12.0,ppo,200000,179,33607,0.0006556418597672,3.0,171,43.9,60.6,1.2114,12000,1.1143,12000,3.8204,142000,4.6224,180000,180000,0.0599,36000,0.2468,36000,1.4164,12000,2.5657600000000005,144000,125.6,2025-11-21_09-33,,
R_LN_3DBall_4144,3DBall,4144,12.0,ppo,200000,130,24560,0.0007142849929708,3.0,183,43.3,60.4,1.3996,12000,1.1202,12000,53.4567,142000,89.6385,192000,180000,0.0716,36000,0.2598,36000,1.4076,12000,2.5657600000000005,84000,73.3,2025-11-21_09-33,,
R_LN_3DBall_4145,3DBall,4145,12.0,ppo,200000,57,10805,0.0001220213318533,3.0,191,44.0,63.6,1.7652,12000,1.1682,12000,94.8069,142000,100.0,180000,180000,0.1043,12000,0.3824,12000,1.409,12000,2.5657600000000005,60000,51.0,2025-11-21_09-33,,
R_LN_3DBall_4146,3DBall,4146,12.0,ppo,200000,85,16003,0.0006724292806749,3.0,209,43.1,65.0,2.032,12000,1.1604,12000,91.0772,142000,100.0,168000,180000,0.0894,24000,0.537,24000,1.3901,12000,2.5657600000000005,60000,55.7,2025-11-21_09-33,,
R_LN_3DBall_4147,3DBall,4147,12.0,ppo,200000,103,19469,0.000858970102578,3.0,206,43.8,61.1,1.5076,12000,1.1538,12000,81.695,142000,90.0214,144000,180000,0.0774,24000,0.2395,24000,1.3943,12000,2.5657600000000005,72000,68.8,2025-11-21_09-33,,
R_LN_3DBall_4148,3DBall,4148,12.0,ppo,200000,111,20870,0.0001071234900992,3.0,181,44.2,61.2,1.3859,12000,1.1565,12000,28.7197,142000,46.756,192000,180000,0.0733,24000,0.2778,24000,1.4161,12000,2.5657600000000005,96000,84.6,2025-11-21_09-33,,
R_LN_3DBall_4149,3DBall,4149,12.0,ppo,200000,174,32724,0.0003116079612349,3.0,177,43.6,61.2,1.2096,12000,1.1141,12000,4.9956,142000,6.0661,180000,180000,0.0604,36000,0.2101,36000,1.4177,12000,2.5657600000000005,120000,106.4,2025-11-21_09-33,,
R_LN_3DBall_4150,3DBall,4150,12.0,ppo,200000,136,25600,0.0007661641076476,3.0,170,43.6,60.7,1.2123,12000,1.0835,12000,15.8624,142000,26.8535,192000,180000,0.0705,36000,0.2511,36000,1.4149,12000,2.5657600000000005,108000,90.8,2025-11-21_09-33,,
R_LN_3DBall_4151,3DBall,4151,12.0,ppo,200000,96,18045,0.0008831766010582,3.0,171,44.0,60.4,1.7845,12000,1.1999,12000,92.809,142000,94.4833,180000,180000,0.0845,24000,0.2764,24000,1.3999,12000,2.5657600000000005,60000,45.6,2025-11-21_09-33,,
R_LN_3DBall_4152,3DBall,4152,12.0,ppo,200000,128,24107,0.0001955488732299,3.0,178,43.4,60.5,1.1866,12000,1.0983,12000,4.9888,142000,6.5146,192000,180000,0.0694,36000,0.3048,36000,1.4206,12000,2.5657600000000005,132000,118.9,2025-11-21_09-33,,
R_LN_3DBall_4153,3DBall,4153,12.0,ppo,200000,117,22021,0.0001746773838327,3.0,177,43.4,60.6,1.296,12000,1.1379,12000,9.3119,142000,14.776,192000,180000,0.0734,24000,0.3227,24000,1.4155,12000,2.5657600000000005,108000,94.6,2025-11-21_09-33,,
R_LN_3DBall_4154,3DBall,4154,12.0,ppo,200000,56,10673,0.0005407201346652,3.0,201,43.5,60.6,4.8309,12000,1.3234,12000,96.6801,142000,100.0,132000,180000,0.1071,12000,0.9455,12000,1.3776,12000,2.5657600000000005,36000,26.9,2025-11-21_09-33,,
R_LN_3DBall_4155,3DBall,4155,12.0,ppo,200000,122,22902,5.6474877340244266e-05,3.0,184,43.8,60.6,1.2128,12000,1.1394,12000,3.1556,142000,3.8395,192000,180000,0.0746,24000,0.3176,24000,1.4198,12000,2.5657600000000005,156000,147.4,2025-11-21_09-33,,
R_LN_3DBall_4156,3DBall,4156,12.0,ppo,200000,52,9801,0.0002593410252086,3.0,191,44.0,60.6,3.6045,12000,1.3414,12000,94.3365,142000,100.0,120000,180000,0.1121,12000,0.7344,12000,1.4061,12000,2.5657600000000005,48000,38.1,2025-11-21_09-33,,
R_LN_3DBall_4157,3DBall,4157,12.0,ppo,200000,111,20987,7.516673251386122e-05,3.0,181,44.5,60.6,1.1914,12000,1.11,12000,4.5005,142000,5.6763,192000,180000,0.0758,24000,0.2921,24000,1.4192,12000,2.5657600000000005,132000,121.0,2025-11-21_09-33,,
R_LN_3DBall_4158,3DBall,4158,12.0,ppo,200000,62,11643,0.0004169538017086,3.0,192,43.6,60.8,3.6197,12000,1.3121,12000,96.7693,142000,100.0,96000,180000,0.1014,12000,0.8674,12000,1.3859,12000,2.5657600000000005,48000,38.5,2025-11-21_09-33,,
R_LN_3DBall_4159,3DBall,4159,12.0,ppo,200000,47,8837,0.0006786366851196,3.0,199,44.2,61.2,12.1451,12000,1.4011,12000,95.8077,142000,100.0,108000,180000,0.1186,12000,1.2144,12000,1.3959,12000,2.5657600000000005,36000,26.5,2025-11-21_09-33,,
R_LN_3DBall_4160,3DBall,4160,12.0,ppo,200000,64,12129,0.000159735476046,3.0,188,43.7,61.1,1.4597,12000,1.1572,12000,87.511,142000,100.0,168000,180000,0.1004,24000,0.329,24000,1.4072,12000,2.5657600000000005,72000,62.7,2025-11-21_09-33,,
R_LN_3DBall_4161,3DBall,4161,12.0,ppo,200000,122,23028,0.0004326684038035,3.0,177,43.8,61.3,1.4172,12000,1.1458,12000,46.5171,142000,74.7688,192000,180000,0.0714,24000,0.263,24000,1.4125,12000,2.5657600000000005,84000,71.0,2025-11-21_09-33,,
R_LN_3DBall_4162,3DBall,4162,12.0,ppo,200000,151,28489,0.0003365064119714,3.0,201,43.0,61.3,1.2464,12000,1.0926,12000,17.8925,142000,32.2667,192000,180000,0.0641,36000,0.1549,36000,1.4172,12000,2.5657600000000005,96000,93.6,2025-11-21_09-33,,
R_LN_3DBall_4163,3DBall,4163,12.0,ppo,200000,82,15550,0.000319566601353,3.0,206,43.2,61.0,1.7863,12000,1.1375,12000,92.458,142000,100.0,132000,180000,0.0893,24000,0.4001,24000,1.4055,12000,2.5657600000000005,60000,55.1,2025-11-21_09-33,,
R_LN_3DBall_4164,3DBall,4164,12.0,ppo,200000,173,32470,0.0002912518320467,3.0,178,43.2,60.8,1.1922,12000,1.12,12000,3.0254,142000,3.681,192000,180000,0.0619,36000,0.266,36000,1.4173,12000,2.5657600000000005,156000,142.5,2025-11-21_09-33,,
R_LN_3DBall_4165,3DBall,4165,12.0,ppo,200000,111,20985,0.0003533342092842,3.0,178,44.0,60.4,1.3429,12000,1.1406,12000,37.5865,142000,65.8167,192000,180000,0.0762,24000,0.2197,24000,1.4131,12000,2.5657600000000005,84000,71.4,2025-11-21_09-33,,
R_LN_3DBall_4166,3DBall,4166,12.0,ppo,200000,152,28617,0.000322343988483,3.0,173,43.9,60.6,1.1295,12000,1.0629,12000,5.928,142000,8.7835,192000,180000,0.0656,36000,0.1757,36000,1.4136,12000,2.5657600000000005,120000,103.5,2025-11-21_09-33,,
R_LN_3DBall_4167,3DBall,4167,12.0,ppo,200000,115,21645,0.0001151274379517,3.0,182,44.0,60.8,1.331,12000,1.1639,12000,19.2599,142000,32.4091,192000,180000,0.0746,24000,0.2568,24000,1.4188,12000,2.5657600000000005,96000,85.0,2025-11-21_09-33,,
R_LN_3DBall_4168,3DBall,4168,12.0,ppo,200000,53,10031,0.0008574199389141,3.0,201,43.9,60.8,5.7762,12000,1.3379,12000,84.5196,142000,100.0,108000,180000,0.1095,12000,0.8186,12000,1.3728,12000,2.5657600000000005,36000,26.9,2025-11-21_09-33,,
R_LN_3DBall_4169,3DBall,4169,12.0,ppo,200000,141,26442,0.0001179675267325,3.0,182,44.1,60.8,1.213,12000,1.1266,12000,2.1949,142000,2.5327,180000,180000,0.0675,36000,0.3738,36000,1.4174,12000,2.5657600000000005,Not reached,Not reached,2025-11-21_09-33,,
R_LN_3DBall_4170,3DBall,4170,12.0,ppo,200000,36,6874,0.0005188134460609,3.0,213,44.1,61.3,20.3857,12000,1.5365,12000,98.8216,142000,100.0,84000,180000,0.1341,12000,1.2664,12000,1.3734,12000,2.5657600000000005,36000,28.3,2025-11-21_09-33,,
R_LN_3DBall_4171,3DBall,4171,12.0,ppo,200000,53,9981,0.0008248006283136,3.0,199,43.9,61.2,6.5229,12000,1.4434,12000,100.0,142000,100.0,144000,180000,0.1103,12000,0.9179,12000,1.3604,12000,2.5657600000000005,36000,26.6,2025-11-21_09-33,,
R_LN_3DBall_4172,3DBall,4172,12.0,ppo,200000,159,29840,8.295019446083582e-05,3.0,179,44.2,61.3,1.2592,12000,1.1465,12000,5.8004,142000,8.7066,192000,180000,0.0628,36000,0.2203,36000,1.4174,12000,2.5657600000000005,108000,95.2,2025-11-21_09-33,,
R_LN_3DBall_4173,3DBall,4173,12.0,ppo,200000,153,28792,0.0001650262733729,3.0,183,44.3,60.8,1.1202,12000,1.0935,12000,1.507,142000,1.649,192000,180000,0.0643,36000,0.378,36000,1.4117,12000,2.5657600000000005,Not reached,Not reached,2025-11-21_09-33,,
R_LN_3DBall_4174,3DBall,4174,12.0,ppo,200000,83,15600,0.0001685380255095,3.0,186,43.7,60.6,1.2573,12000,1.1681,12000,3.9059,142000,4.7354,180000,180000,0.0881,24000,0.4197,24000,1.4092,12000,2.5657600000000005,132000,123.9,2025-11-21_09-33,,
R_LN_3DBall_4175,3DBall,4175,12.0,ppo,200000,155,29132,0.00040219980045,3.0,194,43.2,61.0,1.3006,12000,1.1563,12000,16.1828,142000,27.8475,192000,180000,0.0654,36000,0.1856,36000,1.4127,12000,2.5657600000000005,96000,90.4,2025-11-21_09-33,,
R_LN_3DBall_4176,3DBall,4176,12.0,ppo,200000,182,34239,0.0006703505895393,3.0,191,44.1,61.1,1.2575,12000,1.1185,12000,12.3705,142000,22.6058,192000,180000,0.0585,36000,0.1869,36000,1.4146,12000,2.5657600000000005,108000,101.6,2025-11-21_09-33,,
R_LN_3DBall_4177,3DBall,4177,12.0,ppo,200000,73,13749,0.0001185969548875,3.0,187,43.8,60.9,1.2774,12000,1.1171,12000,35.7521,142000,71.2118,192000,180000,0.0926,24000,0.3379,24000,1.4086,12000,2.5657600000000005,96000,87.4,2025-11-21_09-33,,
R_LN_3DBall_4178,3DBall,4178,12.0,ppo,200000,149,28010,3.818248780567915e-05,3.0,186,43.8,61.1,1.1378,12000,1.1266,12000,1.2995,142000,1.3544,156000,180000,0.065,36000,0.3297,36000,1.4187,12000,2.5657600000000005,Not reached,Not reached,2025-11-21_09-33,,
R_LN_3DBall_4179,3DBall,4179,12.0,ppo,200000,113,21254,0.0005519995235867,3.0,173,43.7,61.0,1.4541,12000,1.161,12000,46.8219,142000,73.6706,192000,180000,0.0737,24000,0.2995,24000,1.41,12000,2.5657600000000005,84000,69.4,2025-11-21_09-33,,
R_LN_3DBall_4180,3DBall,4180,12.0,ppo,200000,128,24153,0.0003070761495445,3.0,177,44.0,61.2,1.2444,12000,1.1248,12000,7.9798,142000,10.742,192000,180000,0.0704,36000,0.2619,36000,1.413,12000,2.5657600000000005,108000,94.6,2025-11-21_09-33,,
R_LN_3DBall_4181,3DBall,4181,12.0,ppo,200000,183,34461,0.000185728910586,3.0,177,44.3,61.6,1.1677,12000,1.1189,12000,3.7657,142000,4.7595,192000,180000,0.0607,36000,0.1942,36000,1.4193,12000,2.5657600000000005,144000,129.9,2025-11-21_09-33,,
R_LN_3DBall_4182,3DBall,4182,12.0,ppo,200000,50,9375,0.0003564268908604,3.0,194,43.6,61.5,5.8944,12000,1.4194,12000,97.8017,142000,100.0,132000,180000,0.1133,12000,1.0848,12000,1.3862,12000,2.5657600000000005,36000,25.8,2025-11-21_09-33,,
R_LN_3DBall_4183,3DBall,4183,12.0,ppo,200000,70,13186,0.0007721319605365,3.0,181,39.7,61.5,1.7439,12000,1.161,12000,97.976,142000,100.0,168000,180000,0.0951,24000,0.4589,24000,1.3918,12000,2.5657600000000005,60000,48.4,2025-11-21_09-33,,
R_LN_3DBall_4184,3DBall,4184,12.0,ppo,200000,54,10279,4.137723963725532e-05,3.0,213,44.0,67.4,1.1181,12000,1.1101,12000,1.2188,142000,1.262,180000,180000,0.108,12000,0.4429,12000,1.4145,12000,2.5657600000000005,Not reached,Not reached,2025-11-21_09-33,,
R_LN_3DBall_4185,3DBall,4185,12.0,ppo,200000,183,34437,0.0005142792730205,3.0,178,44.2,62.1,1.3252,12000,1.1761,12000,11.118,142000,22.0472,192000,180000,0.0589,36000,0.1896,36000,1.4121,12000,2.5657600000000005,108000,95.0,2025-11-21_09-33,,
R_LN_3DBall_4186,3DBall,4186,12.0,ppo,200000,86,16142,0.0008292390699417,3.0,188,43.5,61.2,2.4141,12000,1.2306,12000,92.0053,142000,100.0,156000,180000,0.0862,24000,0.7126,24000,1.3949,12000,2.5657600000000005,60000,50.2,2025-11-21_09-33,,
R_LN_3DBall_4187,3DBall,4187,12.0,ppo,200000,189,35503,0.0003248305602148,3.0,174,43.8,61.1,1.1799,12000,1.1138,12000,3.5127,142000,4.8713,192000,180000,0.0577,36000,0.1868,36000,1.4203,12000,2.5657600000000005,156000,139.4,2025-11-21_09-33,,
R_LN_3DBall_4188,3DBall,4188,12.0,ppo,200000,127,23905,0.0001034366894748,3.0,178,43.6,60.9,1.26,12000,1.1022,12000,4.8018,142000,6.1945,192000,180000,0.0697,24000,0.3074,24000,1.4199,12000,2.5657600000000005,132000,118.9,2025-11-21_09-33,,
R_LN_3DBall_4189,3DBall,4189,12.0,ppo,200000,54,10145,0.0008657187390688,3.0,189,38.6,60.6,2.3043,12000,1.1842,12000,100.0,142000,100.0,120000,180000,0.1097,12000,0.4349,12000,1.3712,12000,2.5657600000000005,48000,37.9,2025-11-21_09-33,,
R_LN_3DBall_4190,3DBall,4190,12.0,ppo,200000,101,19115,0.0003706428881322,3.0,177,42.9,60.7,1.3351,12000,1.1647,12000,18.2878,142000,28.7786,192000,180000,0.0785,24000,0.2897,24000,1.4111,12000,2.5657600000000005,96000,82.8,2025-11-21_09-33,,
R_LN_3DBall_4191,3DBall,4191,12.0,ppo,200000,32,6077,0.0006601894791541,3.0,215,44.3,61.0,25.8401,12000,1.6533,12000,96.1309,142000,100.0,84000,180000,0.1382,12000,1.0133,12000,1.3521,12000,2.5657600000000005,36000,28.7,2025-11-21_09-33,,
R_LN_3DBall_4192,3DBall,4192,12.0,ppo,200000,65,12278,0.0002860148271138,3.0,217,43.8,61.5,3.0652,12000,1.2851,12000,97.3231,142000,100.0,132000,180000,0.1014,24000,0.8955,24000,1.3964,12000,2.5657600000000005,48000,43.3,2025-11-21_09-33,,
R_LN_3DBall_4193,3DBall,4193,12.0,ppo,200000,40,7617,0.0003816984224111,3.0,241,43.4,61.8,17.9084,12000,1.5408,12000,96.6935,142000,100.0,120000,180000,0.1286,12000,1.1032,12000,1.3719,12000,2.5657600000000005,36000,32.1,2025-11-21_09-33,,
R_LN_3DBall_4194,3DBall,4194,12.0,ppo,200000,158,29763,0.000368591642124,3.0,196,44.7,62.1,1.3064,12000,1.1399,12000,24.8881,142000,47.1958,192000,180000,0.0648,36000,0.1687,36000,1.4135,12000,2.5657600000000005,96000,91.3,2025-11-21_09-33,,
R_LN_3DBall_4195,3DBall,4195,12.0,ppo,200000,145,27199,0.0002606313276096,3.0,177,44.3,62.6,1.2761,12000,1.1622,12000,4.7064,142000,6.0922,180000,180000,0.0658,36000,0.29,36000,1.4172,12000,2.5657600000000005,120000,106.5,2025-11-21_09-33,,
R_LN_3DBall_4196,3DBall,4196,12.0,ppo,200000,141,26535,0.0003768973024795,3.0,175,43.6,62.1,1.2351,12000,1.1589,12000,9.9317,142000,16.5044,192000,180000,0.0689,36000,0.2217,36000,1.4207,12000,2.5657600000000005,120000,105.1,2025-11-21_09-33,,
R_LN_3DBall_4197,3DBall,4197,12.0,ppo,200000,179,33579,0.0007355615586694,3.0,179,44.2,61.9,1.2244,12000,1.11,12000,8.7595,142000,14.4455,192000,180000,0.0601,36000,0.1569,36000,1.4097,12000,2.5657600000000005,108000,95.6,2025-11-21_09-33,,
R_LN_3DBall_4198,3DBall,4198,12.0,ppo,200000,89,16814,0.0005807355164275,3.0,180,43.6,61.6,1.6762,12000,1.1507,12000,89.157,142000,97.5667,168000,180000,0.0871,24000,0.408,24000,1.3958,12000,2.5657600000000005,60000,48.1,2025-11-21_09-33,,
R_LN_3DBall_4199,3DBall,4199,12.0,ppo,200000,165,31070,0.0008457111911666,3.0,172,43.5,61.5,1.3486,12000,1.1603,12000,16.1223,142000,23.9261,192000,180000,0.0615,36000,0.1999,36000,1.4096,12000,2.5657600000000005,84000,68.9,2025-11-21_09-33,,
R_LN_3DBall_4200,3DBall,4200,12.0,ppo,200000,177,33322,0.000819217836022,3.0,169,44.4,60.9,1.2351,12000,1.1359,12000,8.6075,142000,14.3557,192000,180000,0.0598,36000,0.1733,36000,1.4157,12000,2.5657600000000005,108000,90.3,2025-11-21_09-33,,
R_LN_3DBall_4201,3DBall,4201,12.0,ppo,200000,116,21773,0.0006172149600141,3.0,187,43.5,61.0,1.4763,12000,1.1339,12000,65.6889,142000,93.3385,192000,180000,0.0757,24000,0.2708,24000,1.4069,12000,2.5657600000000005,72000,62.5,2025-11-21_09-33,,
R_LN_3DBall_4202,3DBall,4202,12.0,ppo,200000,52,9897,0.0008568234492194,3.0,189,44.2,60.9,4.0907,12000,1.28,12000,98.2616,142000,100.0,132000,180000,0.1119,12000,0.7175,12000,1.3869,12000,2.5657600000000005,48000,37.7,2025-11-21_09-33,,
R_LN_3DBall_4203,3DBall,4203,12.0,ppo,200000,74,14061,0.0007669202724858,3.0,177,45.0,61.7,2.132,12000,1.2297,12000,94.5422,142000,100.0,156000,180000,0.0951,24000,0.79,24000,1.3863,12000,2.5657600000000005,60000,47.3,2025-11-21_09-33,,
R_LN_3DBall_4204,3DBall,4204,12.0,ppo,200000,141,26623,0.0007309146003651,3.0,198,43.8,61.4,1.4308,12000,1.1372,12000,45.8604,142000,65.7833,192000,180000,0.0688,36000,0.3398,36000,1.4056,12000,2.5657600000000005,72000,65.9,2025-11-21_09-33,,
R_LN_3DBall_4205,3DBall,4205,12.0,ppo,200000,60,11408,0.0006432857060418,3.0,192,43.7,60.9,3.4441,12000,1.2735,12000,96.2078,142000,100.0,120000,180000,0.1041,12000,0.7828,12000,1.3791,12000,2.5657600000000005,48000,38.5,2025-11-21_09-33,,
R_LN_3DBall_4206,3DBall,4206,12.0,ppo,200000,40,7523,0.0007798369876295,3.0,201,44.0,60.9,12.1359,12000,1.3806,12000,98.4862,142000,100.0,84000,180000,0.1257,12000,1.1456,12000,1.3561,12000,2.5657600000000005,36000,26.7,2025-11-21_09-33,,
R_LN_3DBall_4207,3DBall,4207,12.0,ppo,200000,164,30882,0.0003405957016913,3.0,173,44.1,61.1,1.3422,12000,1.2039,12000,11.3807,142000,15.9183,192000,180000,0.064,36000,0.2129,36000,1.4129,12000,2.5657600000000005,96000,80.9,2025-11-21_09-33,,
R_LN_3DBall_4208,3DBall,4208,12.0,ppo,200000,160,30185,0.0001947544411372,3.0,177,44.0,60.9,1.1696,12000,1.1106,12000,3.7398,142000,5.1651,192000,180000,0.0649,36000,0.2514,36000,1.4193,12000,2.5657600000000005,132000,118.3,2025-11-21_09-33,,
R_LN_3DBall_4209,3DBall,4209,12.0,ppo,200000,98,18415,0.000622985943585,3.0,176,43.5,60.7,1.6895,12000,1.1923,12000,86.9397,142000,95.6692,180000,180000,0.0832,24000,0.2579,24000,1.4006,12000,2.5657600000000005,60000,47.0,2025-11-21_09-33,,
R_LN_3DBall_4210,3DBall,4210,12.0,ppo,200000,83,15720,0.0006246352757734,3.0,178,44.2,60.9,1.7569,12000,1.1614,12000,89.981,142000,100.0,168000,180000,0.0853,24000,0.3884,24000,1.402,12000,2.5657600000000005,60000,47.6,2025-11-21_09-33,,
R_LN_3DBall_4211,3DBall,4211,12.0,ppo,200000,129,24199,0.0007627721430753,3.0,179,43.4,60.9,1.3153,12000,1.0821,12000,49.535,142000,72.7941,180000,180000,0.0701,36000,0.2403,36000,1.413,12000,2.5657600000000005,84000,71.7,2025-11-21_09-33,,
R_LN_3DBall_4212,3DBall,4212,12.0,ppo,200000,186,34905,0.0004267420866563,3.0,171,43.9,61.1,1.228,12000,1.0943,12000,6.1386,142000,9.5195,192000,180000,0.0592,36000,0.1883,36000,1.4127,12000,2.5657600000000005,120000,102.8,2025-11-21_09-33,,
R_LN_3DBall_4213,3DBall,4213,12.0,ppo,200000,137,25735,0.0008372442209072,3.0,172,43.9,60.9,1.3486,12000,1.1656,12000,15.6691,142000,28.3316,192000,180000,0.0681,36000,0.2725,36000,1.4103,12000,2.5657600000000005,96000,80.4,2025-11-21_09-33,,
R_LN_3DBall_4214,3DBall,4214,12.0,ppo,200000,83,15746,0.0006963559099332,3.0,177,43.9,61.4,1.5173,12000,1.1364,12000,83.4536,142000,100.0,192000,180000,0.0875,24000,0.2922,24000,1.4172,12000,2.5657600000000005,72000,59.2,2025-11-21_09-33,,
R_LN_3DBall_4215,3DBall,4215,12.0,ppo,200000,133,24938,0.000836108711374,3.0,171,44.5,61.3,1.3246,12000,1.1404,12000,22.6139,142000,44.7926,192000,180000,0.0701,36000,0.2527,36000,1.4193,12000,2.5657600000000005,84000,68.6,2025-11-21_09-33,,
R_LN_3DBall_4216,3DBall,4216,12.0,ppo,200000,191,35962,0.0007063999445445,3.0,172,43.6,61.1,1.2329,12000,1.166,12000,4.3935,142000,6.4044,192000,180000,0.0566,36000,0.2032,36000,1.4152,12000,2.5657600000000005,132000,114.3,2025-11-21_09-33,,
R_LN_3DBall_4217,3DBall,4217,12.0,ppo,200000,100,18908,0.0006378045298868,3.0,177,42.1,61.0,1.2797,12000,1.1002,12000,35.8335,142000,73.053,192000,180000,0.0787,24000,0.2411,24000,1.4141,12000,2.5657600000000005,96000,82.8,2025-11-21_09-33,,
R_LN_3DBall_4218,3DBall,4218,12.0,ppo,200000,90,17022,4.134769710471657e-05,3.0,193,44.1,61.0,1.1549,12000,1.152,12000,1.3919,142000,1.4471,168000,180000,0.083,24000,0.4983,24000,1.4168,12000,2.5657600000000005,Not reached,Not reached,2025-11-21_09-33,,
R_LN_3DBall_4219,3DBall,4219,12.0,ppo,200000,66,12482,8.67945694896159e-05,3.0,189,43.7,60.8,1.7344,12000,1.1842,12000,92.0452,142000,100.0,192000,180000,0.0995,24000,0.4552,24000,1.4135,12000,2.5657600000000005,60000,50.5,2025-11-21_09-33,,
R_LN_3DBall_4220,3DBall,4220,12.0,ppo,200000,154,29031,0.0001331240136553,3.0,181,43.5,60.8,1.1319,12000,1.1186,12000,1.4929,142000,1.5413,180000,180000,0.065,36000,0.3692,36000,1.4151,12000,2.5657600000000005,Not reached,Not reached,2025-11-21_09-33,,
R_LN_3DBall_4221,3DBall,4221,12.0,ppo,200000,83,15580,0.0008693854273598,3.0,176,43.7,60.9,1.9705,12000,1.2593,12000,94.0844,142000,100.0,156000,180000,0.0893,24000,0.4712,24000,1.4006,12000,2.5657600000000005,60000,47.0,2025-11-21_09-33,,
R_LN_3DBall_4222,3DBall,4222,12.0,ppo,200000,37,7055,0.0007986473157074,3.0,213,44.3,62.1,22.5888,12000,1.6289,12000,94.0443,142000,100.0,120000,180000,0.1313,12000,1.2255,12000,1.3684,12000,2.5657600000000005,36000,28.3,2025-11-21_09-33,,
R_LN_3DBall_4223,3DBall,4223,12.0,ppo,200000,96,18165,0.0001499218441824,3.0,179,44.6,68.1,1.4259,12000,1.1404,12000,53.3134,142000,79.8733,180000,180000,0.0838,24000,0.2397,24000,1.414,12000,2.5657600000000005,84000,71.4,2025-11-21_09-33,,
R_LN_3DBall_4224,3DBall,4224,12.0,ppo,200000,156,29354,0.0007475612729292,3.0,174,44.1,62.1,1.226,12000,1.0886,12000,5.8293,142000,8.8041,192000,180000,0.0639,36000,0.1746,36000,1.4178,12000,2.5657600000000005,108000,93.0,2025-11-21_09-33,,
R_LN_3DBall_4225,3DBall,4225,12.0,ppo,200000,156,29366,0.000272159024491,3.0,174,44.5,61.7,1.1831,12000,1.0797,12000,5.9883,142000,9.4447,192000,180000,0.0641,36000,0.2051,36000,1.4153,12000,2.5657600000000005,108000,93.0,2025-11-21_09-33,,
R_LN_3DBall_4226,3DBall,4226,12.0,ppo,200000,53,9974,0.0003898318384548,3.0,190,44.0,61.3,3.1701,12000,1.2798,12000,99.2227,142000,100.0,156000,180000,0.1095,12000,0.6758,12000,1.3868,12000,2.5657600000000005,48000,37.9,2025-11-21_09-33,,
R_LN_3DBall_4227,3DBall,4227,12.0,ppo,200000,32,6131,0.0003358408438226,3.0,216,44.0,61.2,17.9936,12000,1.5335,12000,100.0,142000,100.0,108000,180000,0.1436,12000,1.2157,12000,1.3724,12000,2.5657600000000005,36000,28.8,2025-11-21_09-33,,
R_LN_3DBall_4228,3DBall,4228,12.0,ppo,200000,63,11957,0.0001183804294476,3.0,188,44.2,61.0,1.5765,12000,1.1084,12000,90.7721,142000,100.0,168000,180000,0.0998,12000,0.3762,12000,1.4104,12000,2.5657600000000005,72000,62.5,2025-11-21_09-33,,
R_LN_3DBall_4229,3DBall,4229,12.0,ppo,200000,88,16533,0.0003781065314291,3.0,184,44.3,61.2,1.9146,12000,1.1768,12000,95.2031,142000,100.0,180000,180000,0.0861,24000,0.4767,24000,1.3997,12000,2.5657600000000005,60000,49.1,2025-11-21_09-33,,
R_LN_3DBall_4230,3DBall,4230,12.0,ppo,200000,48,9044,0.0001015052203162,3.0,238,43.4,61.4,5.2246,12000,1.3941,12000,94.6759,142000,100.0,132000,180000,0.1128,12000,1.0294,12000,1.4049,12000,2.5657600000000005,36000,31.7,2025-11-21_09-33,,
R_LN_3DBall_4231,3DBall,4231,12.0,ppo,200000,102,19278,0.0004519794362783,3.0,183,43.8,61.1,1.5448,12000,1.1517,12000,88.7757,142000,96.5417,168000,180000,0.0781,24000,0.2288,24000,1.4141,12000,2.5657600000000005,72000,61.1,2025-11-21_09-33,,
R_LN_3DBall_4232,3DBall,4232,12.0,ppo,200000,122,23028,9.359309746939076e-05,3.0,181,43.5,61.1,1.2658,12000,1.1435,12000,5.5751,142000,7.5647,192000,180000,0.0722,24000,0.3441,24000,1.4168,12000,2.5657600000000005,120000,108.7,2025-11-21_09-33,,
R_LN_3DBall_4233,3DBall,4233,12.0,ppo,200000,85,15999,0.0007994581030517,3.0,179,44.0,61.2,1.9971,12000,1.2559,12000,96.6895,142000,100.0,156000,180000,0.0881,24000,0.52,24000,1.388,12000,2.5657600000000005,60000,47.9,2025-11-21_09-33,,
R_LN_3DBall_4234,3DBall,4234,12.0,ppo,200000,154,28921,0.0001572538202307,3.0,176,44.6,61.3,1.1837,12000,1.1014,12000,3.963,142000,5.3289,192000,180000,0.064,36000,0.2482,36000,1.4185,12000,2.5657600000000005,132000,117.5,2025-11-21_09-33,,
R_LN_3DBall_4235,3DBall,4235,12.0,ppo,200000,101,19124,7.131157249530925e-05,3.0,206,43.4,61.2,1.4333,12000,1.1689,12000,57.2884,142000,74.6333,192000,180000,0.0806,24000,0.2462,24000,1.4164,12000,2.5657600000000005,72000,68.8,2025-11-21_09-33,,
R_LN_3DBall_4236,3DBall,4236,12.0,ppo,200000,176,33040,0.0001327723076663,3.0,181,44.3,61.6,1.2035,12000,1.1626,12000,2.233,142000,2.5691,180000,180000,0.0604,36000,0.3359,36000,1.4189,12000,2.5657600000000005,180000,169.3,2025-11-21_09-33,,
R_LN_3DBall_4237,3DBall,4237,12.0,ppo,200000,157,29496,0.0003008825571832,3.0,181,43.8,61.6,1.2271,12000,1.0981,12000,12.5328,142000,22.9913,192000,180000,0.0654,36000,0.1615,36000,1.4171,12000,2.5657600000000005,96000,84.6,2025-11-21_09-33,,
R_LN_3DBall_4238,3DBall,4238,12.0,ppo,200000,66,12494,0.0006063624299467,3.0,193,44.8,61.3,3.7659,12000,1.3424,12000,96.2903,142000,100.0,168000,180000,0.099,24000,1.0922,24000,1.3739,12000,2.5657600000000005,48000,38.5,2025-11-21_09-33,,
R_LN_3DBall_4239,3DBall,4239,12.0,ppo,200000,111,20959,0.0002826923144155,3.0,178,43.8,61.4,1.2549,12000,1.1002,12000,23.105,142000,38.2767,192000,180000,0.0755,24000,0.2603,24000,1.4198,12000,2.5657600000000005,96000,82.8,2025-11-21_09-33,,
R_LN_3DBall_4240,3DBall,4240,12.0,ppo,200000,38,7308,0.0008659490778961,3.0,248,43.7,61.6,15.3314,12000,1.5052,12000,92.68,142000,100.0,168000,180000,0.128,12000,1.0832,12000,1.3725,12000,2.5657600000000005,36000,33.0,2025-11-21_09-33,,
R_LN_3DBall_4241,3DBall,4241,12.0,ppo,200000,175,32878,0.0007054678282729,3.0,174,43.7,61.5,1.2007,12000,1.1177,12000,5.3169,142000,6.9638,180000,180000,0.063,36000,0.1868,36000,1.414,12000,2.5657600000000005,120000,104.7,2025-11-21_09-33,,
R_LN_3DBall_4242,3DBall,4242,12.0,ppo,200000,72,13651,0.0003608833809571,3.0,183,44.2,61.1,1.7397,12000,1.1532,12000,94.696,142000,100.0,192000,180000,0.096,24000,0.5086,24000,1.4065,12000,2.5657600000000005,60000,48.7,2025-11-21_09-33,,
R_LN_3DBall_4243,3DBall,4243,12.0,ppo,200000,75,14165,7.10899953405612e-05,3.0,184,43.7,61.2,1.6171,12000,1.2134,12000,82.9159,142000,100.0,192000,180000,0.093,24000,0.4452,24000,1.4175,12000,2.5657600000000005,72000,61.5,2025-11-21_09-33,,
R_LN_3DBall_4244,3DBall,4244,12.0,ppo,200000,97,18208,7.843086187720325e-05,3.0,193,48.3,63.4,1.1224,12000,1.0881,12000,1.9721,142000,2.1514,180000,180000,0.0837,24000,0.3214,24000,1.4125,12000,2.5657600000000005,Not reached,Not reached,2025-11-21_09-33,,
R_LN_3DBall_4245,3DBall,4245,12.0,ppo,200000,150,28149,0.0003232675437675,3.0,192,52.1,68.7,1.1357,12000,1.0745,12000,2.8,142000,3.415,192000,180000,0.0664,36000,0.3273,36000,1.4164,12000,2.5657600000000005,156000,153.3,2025-11-21_09-33,,
R_LN_3DBall_4246,3DBall,4246,12.0,ppo,200000,77,14490,0.0006212409406291,3.0,198,53.8,74.0,1.8546,12000,1.2409,12000,96.7698,142000,100.0,168000,180000,0.0922,24000,0.4006,24000,1.3996,12000,2.5657600000000005,60000,52.8,2025-11-21_09-33,,
R_LN_3DBall_4247,3DBall,4247,12.0,ppo,200000,83,15612,0.0004273578531499,3.0,194,48.7,71.2,2.1326,12000,1.222,12000,93.7719,142000,100.0,192000,180000,0.0884,24000,0.5168,24000,1.396,12000,2.5657600000000005,60000,51.9,2025-11-21_09-33,,
R_LN_3DBall_4248,3DBall,4248,12.0,ppo,200000,98,18418,0.0001125386462579,3.0,201,53.1,74.0,1.2542,12000,1.1541,12000,9.4157,142000,13.9709,192000,180000,0.0809,24000,0.3799,24000,1.4094,12000,2.5657600000000005,108000,107.0,2025-11-21_09-33,,
R_LN_3DBall_4249,3DBall,4249,12.0,ppo,200000,136,25618,0.0006418786669871,3.0,169,44.8,69.9,1.2015,12000,1.0972,12000,7.4514,142000,12.2176,192000,180000,0.0679,36000,0.2385,36000,1.4173,12000,2.5657600000000005,120000,101.6,2025-11-21_09-33,,
R_LN_3DBall_4250,3DBall,4250,12.0,ppo,200000,131,24599,9.71897070835467e-05,3.0,175,44.5,69.3,1.2741,12000,1.1919,12000,4.5146,142000,5.6486,192000,180000,0.0667,36000,0.3369,36000,1.4148,12000,2.5657600000000005,132000,116.9,2025-11-21_09-33,,
R_LN_3DBall_4251,3DBall,4251,12.0,ppo,200000,117,22114,0.0006138175988736,3.0,167,45.3,68.9,1.3986,12000,1.1279,12000,49.1479,142000,68.2412,192000,180000,0.0731,24000,0.2608,24000,1.4039,12000,2.5657600000000005,84000,66.9,2025-11-21_09-33,,
R_LN_3DBall_4252,3DBall,4252,12.0,ppo,200000,104,19531,0.0006617573296822,3.0,181,47.8,69.2,1.5942,12000,1.1725,12000,80.3396,142000,93.6769,180000,180000,0.0747,24000,0.2657,24000,1.402,12000,2.5657600000000005,72000,60.5,2025-11-21_09-33,,
R_LN_3DBall_4253,3DBall,4253,12.0,ppo,200000,158,29788,0.0003306573315399,3.0,170,45.1,69.0,1.1474,12000,1.0572,12000,5.3101,142000,8.7661,192000,180000,0.065,36000,0.1907,36000,1.4161,12000,2.5657600000000005,132000,113.4,2025-11-21_09-33,,
R_LN_3DBall_4254,3DBall,4254,12.0,ppo,200000,102,19278,0.0002630097817359,3.0,187,50.5,69.8,1.2499,12000,1.167,12000,11.3507,142000,19.2175,192000,180000,0.079,24000,0.2692,24000,1.4123,12000,2.5657600000000005,108000,99.5,2025-11-21_09-33,,
R_LN_3DBall_4255,3DBall,4255,12.0,ppo,200000,157,29454,9.15897698622294e-05,3.0,191,52.2,70.9,1.1076,12000,1.087,12000,1.2072,142000,1.2817,180000,180000,0.0637,36000,0.3797,36000,1.4182,12000,2.5657600000000005,Not reached,Not reached,2025-11-21_09-33,,
R_LN_3DBall_4256,3DBall,4256,12.0,ppo,200000,50,9412,0.0002058382277965,3.0,210,54.0,69.7,1.7267,12000,1.1255,12000,99.595,142000,100.0,144000,180000,0.1131,12000,0.372,12000,1.416,12000,2.5657600000000005,60000,56.0,2025-11-21_09-33,,
R_LN_3DBall_4257,3DBall,4257,12.0,ppo,200000,96,18144,0.0006587709279736,3.0,198,53.8,69.2,1.7518,12000,1.2025,12000,93.1331,142000,100.0,156000,180000,0.0829,24000,0.2766,24000,1.404,12000,2.5657600000000005,60000,52.8,2025-11-21_09-33,,
R_LN_3DBall_4258,3DBall,4258,12.0,ppo,200000,181,34054,0.0003953069651764,3.0,181,52.6,65.9,1.1944,12000,1.0955,12000,4.0265,142000,5.0092,192000,180000,0.0584,36000,0.2286,36000,1.4183,12000,2.5657600000000005,144000,132.5,2025-11-21_09-33,,
R_LN_3DBall_4259,3DBall,4259,12.0,ppo,200000,107,20162,8.029517704156781e-05,3.0,189,50.8,65.8,1.2147,12000,1.1726,12000,2.8638,142000,3.1776,180000,180000,0.0763,24000,0.3932,24000,1.4151,12000,2.5657600000000005,156000,150.8,2025-11-21_09-33,,
R_LN_3DBall_4260,3DBall,4260,12.0,ppo,200000,108,20381,0.0006998697320917,3.0,201,46.5,65.5,1.539,12000,1.2026,12000,82.3121,142000,96.3692,168000,180000,0.0783,24000,0.2613,24000,1.3969,12000,2.5657600000000005,72000,66.9,2025-11-21_09-33,,
R_LN_3DBall_4261,3DBall,4261,12.0,ppo,200000,51,9725,7.470073376136964e-05,3.0,196,45.7,72.1,2.1236,12000,1.2191,12000,96.9477,142000,100.0,132000,180000,0.1112,12000,0.443,12000,1.4122,12000,2.5657600000000005,60000,52.4,2025-11-21_09-33,,
R_LN_3DBall_4262,3DBall,4262,12.0,ppo,200000,36,6831,0.0003055870339086,3.0,220,45.6,68.8,21.0145,12000,1.6768,12000,98.4985,142000,100.0,144000,180000,0.131,12000,1.3182,12000,1.3745,12000,2.5657600000000005,36000,29.3,2025-11-21_09-33,,
R_LN_3DBall_4263,3DBall,4263,12.0,ppo,200000,130,24517,0.0008425621265188,3.0,175,45.2,63.8,1.2071,12000,1.0874,12000,10.9483,142000,22.772,192000,180000,0.0702,36000,0.2721,36000,1.4099,12000,2.5657600000000005,108000,93.5,2025-11-21_09-33,,
R_LN_3DBall_4264,3DBall,4264,12.0,ppo,200000,81,15340,0.0002331580504846,3.0,183,45.7,63.2,2.0478,12000,1.2781,12000,94.4018,142000,100.0,156000,180000,0.0898,24000,0.5044,24000,1.4048,12000,2.5657600000000005,60000,48.9,2025-11-21_09-33,,
R_LN_3DBall_4265,3DBall,4265,12.0,ppo,200000,165,30937,0.0003706022811408,3.0,175,46.5,63.2,1.2347,12000,1.1876,12000,2.6062,142000,2.9615,192000,180000,0.064,36000,0.4432,36000,1.4202,12000,2.5657600000000005,168000,152.0,2025-11-21_09-33,,
R_LN_3DBall_4266,3DBall,4266,12.0,ppo,200000,49,9298,0.0008193747711717,3.0,210,47.4,62.9,7.5612,12000,1.5492,12000,96.1523,142000,100.0,168000,180000,0.1137,12000,1.1614,12000,1.3541,12000,2.5657600000000005,36000,27.9,2025-11-21_09-33,,
R_LN_3DBall_4267,3DBall,4267,12.0,ppo,200000,48,9182,0.0005476456285194,3.0,205,50.1,64.4,5.4238,12000,1.3117,12000,98.9508,142000,100.0,108000,180000,0.1171,12000,1.0416,12000,1.3768,12000,2.5657600000000005,48000,40.9,2025-11-21_09-33,,
R_LN_3DBall_4268,3DBall,4268,12.0,ppo,200000,71,13492,0.0001033485348464,3.0,201,47.8,63.3,1.1958,12000,1.165,12000,1.8098,142000,1.9376,192000,180000,0.0938,24000,0.4625,24000,1.4155,12000,2.5657600000000005,Not reached,Not reached,2025-11-21_09-33,,
R_LN_3DBall_4269,3DBall,4269,12.0,ppo,200000,111,20994,0.0001194464045865,3.0,200,45.8,63.2,1.4963,12000,1.1877,12000,56.7431,142000,69.9688,192000,180000,0.0782,24000,0.2604,24000,1.4129,12000,2.5657600000000005,72000,66.5,2025-11-21_09-33,,
R_LN_3DBall_4270,3DBall,4270,12.0,ppo,200000,126,23735,0.0004684721363014,3.0,174,46.1,62.6,1.4034,12000,1.1159,12000,42.1465,142000,67.7412,192000,180000,0.0718,24000,0.2349,24000,1.4114,12000,2.5657600000000005,84000,69.7,2025-11-21_09-33,,
R_LN_3DBall_4271,3DBall,4271,12.0,ppo,200000,137,25731,0.0001094756922735,3.0,176,46.4,62.7,1.2137,12000,1.1791,12000,2.2823,142000,2.5157,192000,180000,0.0683,36000,0.3849,36000,1.4135,12000,2.5657600000000005,Not reached,Not reached,2025-11-21_09-33,,
R_LN_3DBall_4272,3DBall,4272,12.0,ppo,200000,139,26125,0.0002210499825636,3.0,173,47.0,62.5,1.2995,12000,1.1067,12000,11.8665,142000,19.6224,192000,180000,0.0675,36000,0.238,36000,1.4144,12000,2.5657600000000005,96000,80.9,2025-11-21_09-33,,
R_LN_3DBall_4273,3DBall,4273,12.0,ppo,200000,159,29812,0.0001139608498656,3.0,195,44.8,63.1,1.353,12000,1.192,12000,11.7282,142000,21.7385,192000,180000,0.0631,36000,0.1959,36000,1.416,12000,2.5657600000000005,96000,90.8,2025-11-21_09-33,,
R_LN_3DBall_4274,3DBall,4274,12.0,ppo,200000,113,21212,0.0007372505805975,3.0,176,44.7,63.1,1.591,12000,1.1889,12000,83.8158,142000,92.3539,192000,180000,0.0738,24000,0.2877,24000,1.4052,12000,2.5657600000000005,72000,58.5,2025-11-21_09-33,,
R_LN_3DBall_4275,3DBall,4275,12.0,ppo,200000,151,28487,8.469354005919383e-05,3.0,186,44.3,62.8,1.1731,12000,1.137,12000,1.3829,142000,1.4764,192000,180000,0.0637,36000,0.4612,36000,1.4194,12000,2.5657600000000005,Not reached,Not reached,2025-11-21_09-33,,
R_LN_3DBall_4276,3DBall,4276,12.0,ppo,200000,134,25137,0.0003390240859594,3.0,173,44.5,62.7,1.2612,12000,1.1558,12000,7.1736,142000,12.3256,192000,180000,0.0682,36000,0.2373,36000,1.4133,12000,2.5657600000000005,108000,92.4,2025-11-21_09-33,,
R_LN_3DBall_4277,3DBall,4277,12.0,ppo,200000,34,6516,0.0001631429133123,3.0,228,44.0,62.8,20.9326,12000,1.6611,12000,97.1723,142000,100.0,84000,180000,0.1358,12000,1.2079,12000,1.3898,12000,2.5657600000000005,36000,30.3,2025-11-21_09-33,,
R_LN_3DBall_4278,3DBall,4278,12.0,ppo,200000,164,30815,0.0006904331967899,3.0,176,44.4,62.4,1.135,12000,1.113,12000,2.9512,142000,4.0464,192000,180000,0.0628,36000,0.2703,36000,1.4195,12000,2.5657600000000005,168000,152.7,2025-11-21_09-33,,
R_LN_3DBall_4279,3DBall,4279,12.0,ppo,200000,125,23440,3.153210634726641e-05,3.0,186,45.0,62.4,1.2259,12000,1.1594,12000,1.7996,142000,1.9528,192000,180000,0.0734,24000,0.452,24000,1.4179,12000,2.5657600000000005,Not reached,Not reached,2025-11-21_09-33,,
R_LN_3DBall_4280,3DBall,4280,12.0,ppo,200000,102,19230,0.000190031027953,3.0,180,44.2,62.4,1.4901,12000,1.1874,12000,67.4745,142000,98.425,192000,180000,0.0822,24000,0.2385,24000,1.4132,12000,2.5657600000000005,72000,60.1,2025-11-21_09-33,,
R_LN_3DBall_4281,3DBall,4281,12.0,ppo,200000,99,18610,0.0002608669906298,3.0,178,44.8,62.3,1.4914,12000,1.1486,12000,74.4033,142000,86.7,192000,180000,0.0807,24000,0.2354,24000,1.4114,12000,2.5657600000000005,72000,59.5,2025-11-21_09-33,,
R_LN_3DBall_4282,3DBall,4282,12.0,ppo,200000,120,22509,0.0004455555063998,3.0,175,45.9,63.0,1.3325,12000,1.1516,12000,25.1226,142000,43.6259,192000,180000,0.0739,24000,0.2931,24000,1.4124,12000,2.5657600000000005,84000,70.1,2025-11-21_09-33,,
R_LN_3DBall_4283,3DBall,4283,12.0,ppo,200000,122,22901,0.000736567599574,3.0,180,44.3,63.1,1.4688,12000,1.1305,12000,48.9393,142000,65.553,192000,180000,0.0724,24000,0.2449,24000,1.4006,12000,2.5657600000000005,84000,72.2,2025-11-21_09-33,,
R_LN_3DBall_4284,3DBall,4284,12.0,ppo,200000,106,20061,0.0006513360453499,3.0,174,44.2,62.8,1.4392,12000,1.1814,12000,52.8812,142000,66.5222,180000,180000,0.0786,24000,0.2641,24000,1.4149,12000,2.5657600000000005,72000,58.1,2025-11-21_09-33,,
R_LN_3DBall_4285,3DBall,4285,12.0,ppo,200000,58,10899,0.0001312353281897,3.0,199,44.8,62.6,1.2616,12000,1.1412,12000,9.2778,142000,12.0021,192000,180000,0.1036,12000,0.3808,12000,1.4161,12000,2.5657600000000005,108000,105.9,2025-11-21_09-33,,
R_LN_3DBall_4286,3DBall,4286,12.0,ppo,200000,168,31510,6.052291927926085e-05,3.0,199,44.4,62.3,1.1781,12000,1.0963,12000,5.1393,142000,6.5212,192000,180000,0.0604,36000,0.1848,36000,1.417,12000,2.5657600000000005,120000,119.3,2025-11-21_09-33,,
R_LN_3DBall_4287,3DBall,4287,12.0,ppo,200000,151,28353,0.0007868126757224,3.0,175,44.3,62.6,1.2159,12000,1.1333,12000,13.1499,142000,21.9327,192000,180000,0.0625,36000,0.1618,36000,1.413,12000,2.5657600000000005,96000,81.8,2025-11-21_09-33,,
R_LN_3DBall_4288,3DBall,4288,12.0,ppo,200000,77,14447,6.715410920858373e-05,3.0,193,44.8,62.4,1.1801,12000,1.1192,12000,2.9899,142000,3.4253,180000,180000,0.0906,24000,0.3241,24000,1.4193,12000,2.5657600000000005,156000,154.2,2025-11-21_09-33,,
R_LN_3DBall_4289,3DBall,4289,12.0,ppo,200000,104,19535,0.0007808421423353,3.0,184,44.2,62.8,1.4873,12000,1.1208,12000,80.7027,142000,100.0,180000,180000,0.078,24000,0.2258,24000,1.4003,12000,2.5657600000000005,72000,61.5,2025-11-21_09-33,,
R_LN_3DBall_4290,3DBall,4290,12.0,ppo,200000,53,10072,0.0005208818475526,3.0,188,45.2,63.3,2.3079,12000,1.1607,12000,99.1767,142000,100.0,108000,180000,0.111,12000,0.378,12000,1.3906,12000,2.5657600000000005,48000,37.5,2025-11-21_09-33,,
R_LN_3DBall_4291,3DBall,4291,12.0,ppo,200000,136,25667,0.0004795434965026,3.0,196,44.6,63.0,1.3898,12000,1.1415,12000,39.0319,142000,69.9611,192000,180000,0.0687,36000,0.2704,36000,1.4119,12000,2.5657600000000005,84000,78.6,2025-11-21_09-33,,
R_LN_3DBall_4292,3DBall,4292,12.0,ppo,200000,78,14673,0.0008054993407887,3.0,209,44.0,63.0,2.09,12000,1.1663,12000,87.8812,142000,96.4846,132000,180000,0.0921,24000,0.5067,24000,1.3958,12000,2.5657600000000005,60000,55.7,2025-11-21_09-33,,
R_LN_3DBall_4293,3DBall,4293,12.0,ppo,200000,90,16897,3.949814092603424e-05,3.0,187,44.7,62.9,1.4756,12000,1.1777,12000,60.6326,142000,89.6231,192000,180000,0.0853,24000,0.3533,24000,1.4185,12000,2.5657600000000005,72000,62.2,2025-11-21_09-33,,
R_LN_3DBall_4294,3DBall,4294,12.0,ppo,200000,139,26066,0.0005291103639698,3.0,174,44.7,62.8,1.3291,12000,1.1291,12000,31.602,142000,52.0429,192000,180000,0.0672,36000,0.267,36000,1.4162,12000,2.5657600000000005,84000,69.7,2025-11-21_09-33,,
R_LN_3DBall_4295,3DBall,4295,12.0,ppo,200000,86,16181,7.334483023933074e-05,3.0,193,47.9,63.0,1.1715,12000,1.1178,12000,2.9669,142000,3.6402,192000,180000,0.0869,24000,0.3304,24000,1.4192,12000,2.5657600000000005,156000,154.1,2025-11-21_09-33,,
R_LN_3DBall_4296,3DBall,4296,12.0,ppo,200000,163,30692,0.0006312004125925,3.0,176,44.8,63.1,1.232,12000,1.1098,12000,10.6012,142000,17.4892,192000,180000,0.0623,36000,0.1659,36000,1.4167,12000,2.5657600000000005,108000,94.1,2025-11-21_09-33,,
R_LN_3DBall_4297,3DBall,4297,12.0,ppo,200000,156,29338,0.0007957518101522,3.0,172,44.5,62.4,1.2671,12000,1.1487,12000,5.9665,142000,8.9881,192000,180000,0.0656,36000,0.2369,36000,1.4135,12000,2.5657600000000005,120000,103.3,2025-11-21_09-33,,
R_LN_3DBall_4298,3DBall,4298,12.0,ppo,200000,181,34032,0.0004830765699066,3.0,177,44.4,62.5,1.2635,12000,1.1296,12000,7.8902,142000,11.1102,180000,180000,0.0587,36000,0.1737,36000,1.417,12000,2.5657600000000005,108000,94.5,2025-11-21_09-33,,
R_LN_3DBall_4299,3DBall,4299,12.0,ppo,200000,105,19767,0.0003486445189916,3.0,201,45.1,68.0,1.6868,12000,1.1728,12000,75.8515,142000,88.1385,192000,180000,0.0799,24000,0.3389,24000,1.4035,12000,2.5657600000000005,72000,67.0,2025-11-21_09-33,,
R_LN_3DBall_4300,3DBall,4300,12.0,ppo,200000,171,32119,0.0002380011365422,3.0,180,44.2,65.8,1.2051,12000,1.1467,12000,2.3641,142000,2.7913,180000,180000,0.059,36000,0.389,36000,1.4172,12000,2.5657600000000005,180000,168.4,2025-11-21_09-33,,
R_LN_3DBall_4301,3DBall,4301,12.0,ppo,200000,65,12286,0.0008279964092415,3.0,185,45.6,62.8,2.1755,12000,1.1386,12000,98.6708,142000,100.0,144000,180000,0.1,24000,0.5931,24000,1.4064,12000,2.5657600000000005,48000,37.1,2025-11-21_09-33,,
R_LN_3DBall_4302,3DBall,4302,12.0,ppo,200000,130,24533,0.000584450083452,3.0,183,44.6,62.8,1.3392,12000,1.0937,12000,39.2287,142000,71.3177,192000,180000,0.0689,36000,0.2232,36000,1.4142,12000,2.5657600000000005,84000,73.1,2025-11-21_09-33,,
R_LN_3DBall_4303,3DBall,4303,12.0,ppo,200000,160,30064,0.0001043467581591,3.0,181,44.3,62.8,1.1508,12000,1.1144,12000,1.371,142000,1.4616,192000,180000,0.0623,36000,0.3836,36000,1.4165,12000,2.5657600000000005,Not reached,Not reached,2025-11-21_09-33,,
R_LN_3DBall_4304,3DBall,4304,12.0,ppo,200000,138,26031,0.0001913748282725,3.0,198,44.4,62.9,1.3111,12000,1.0991,12000,22.4913,142000,41.7822,192000,180000,0.0675,36000,0.2547,36000,1.4103,12000,2.5657600000000005,96000,92.3,2025-11-21_09-33,,
R_LN_3DBall_4305,3DBall,4305,12.0,ppo,200000,52,9787,0.0008362394746126,3.0,229,43.9,62.5,4.4967,12000,1.4381,12000,97.1872,142000,100.0,144000,180000,0.1107,12000,0.9526,12000,1.3529,12000,2.5657600000000005,36000,30.5,2025-11-21_09-33,,
R_LN_3DBall_4306,3DBall,4306,12.0,ppo,200000,71,13373,0.0005004948011848,3.0,192,44.3,62.8,2.3688,12000,1.2,12000,93.9441,142000,99.85,120000,180000,0.0954,24000,0.8377,24000,1.3905,12000,2.5657600000000005,48000,38.5,2025-11-21_09-33,,
R_LN_3DBall_4307,3DBall,4307,12.0,ppo,200000,63,11863,0.0005324733963087,3.0,219,43.8,62.9,4.2928,12000,1.1798,12000,94.165,142000,100.0,156000,180000,0.1039,12000,0.8861,12000,1.3809,12000,2.5657600000000005,48000,43.7,2025-11-21_09-33,,
R_LN_3DBall_4308,3DBall,4308,12.0,ppo,200000,100,18789,0.0002727319627884,3.0,180,44.5,62.8,1.2268,12000,1.1049,12000,8.6287,142000,12.6146,192000,180000,0.0797,24000,0.2982,24000,1.4058,12000,2.5657600000000005,120000,107.8,2025-11-21_09-33,,
R_LN_3DBall_4309,3DBall,4309,12.0,ppo,200000,70,13287,0.0005358015577806,3.0,213,44.9,62.7,2.6941,12000,1.3072,12000,90.2044,142000,98.975,120000,180000,0.0956,24000,0.9519,24000,1.3799,12000,2.5657600000000005,48000,42.6,2025-11-21_09-33,,
R_LN_3DBall_4310,3DBall,4310,12.0,ppo,200000,126,23702,7.731062184154283e-05,3.0,187,45.4,62.7,1.1845,12000,1.1828,12000,1.2696,142000,1.4164,180000,180000,0.0713,24000,0.457,24000,1.4185,12000,2.5657600000000005,Not reached,Not reached,2025-11-21_09-33,,
R_LN_3DBall_4311,3DBall,4311,12.0,ppo,200000,141,26609,0.0006856726965873,3.0,174,45.0,62.9,1.3072,12000,1.1113,12000,32.2776,142000,62.8389,192000,180000,0.0691,36000,0.2364,36000,1.4124,12000,2.5657600000000005,96000,81.4,2025-11-21_09-33,,
R_LN_3DBall_4312,3DBall,4312,12.0,ppo,200000,61,11607,0.0005293673652735,3.0,194,44.6,62.6,3.4671,12000,1.2176,12000,100.0,142000,100.0,144000,180000,0.1026,12000,0.9378,12000,1.3901,12000,2.5657600000000005,48000,38.7,2025-11-21_09-33,,
R_LN_3DBall_4313,3DBall,4313,12.0,ppo,200000,50,9383,0.0003446709665941,3.0,196,40.0,62.6,1.7329,12000,1.1539,12000,100.0,142000,100.0,144000,180000,0.1109,12000,0.3754,12000,1.3798,12000,2.5657600000000005,60000,52.1,2025-11-21_09-33,,
R_LN_3DBall_4314,3DBall,4314,12.0,ppo,200000,103,19412,0.0002897745622553,3.0,177,43.4,62.6,1.3004,12000,1.137,12000,21.7339,142000,46.7615,192000,180000,0.0797,24000,0.2709,24000,1.4045,12000,2.5657600000000005,96000,82.8,2025-11-21_09-33,,
R_LN_3DBall_4315,3DBall,4315,12.0,ppo,200000,158,29627,0.0008645692558733,3.0,171,44.2,62.6,1.2547,12000,1.1392,12000,13.5441,142000,25.6067,192000,180000,0.0628,36000,0.1963,36000,1.4116,12000,2.5657600000000005,96000,79.6,2025-11-21_09-33,,
R_LN_3DBall_4316,3DBall,4316,12.0,ppo,200000,43,8153,0.0001125083124935,3.0,209,44.2,62.6,1.2891,12000,1.1377,12000,17.6883,142000,26.9651,192000,180000,0.1209,12000,0.3213,12000,1.4009,12000,2.5657600000000005,96000,97.3,2025-11-21_09-33,,
R_LN_3DBall_4317,3DBall,4317,12.0,ppo,200000,169,31728,0.0002656315064592,3.0,176,44.0,62.8,1.2733,12000,1.2118,12000,4.8178,142000,5.8376,192000,180000,0.061,36000,0.2511,36000,1.4184,12000,2.5657600000000005,132000,117.5,2025-11-21_09-33,,
R_LN_3DBall_4318,3DBall,4318,12.0,ppo,200000,176,33179,0.0004207045725441,3.0,177,44.6,62.8,1.1833,12000,1.1514,12000,3.7844,142000,4.8217,192000,180000,0.0589,36000,0.2257,36000,1.4182,12000,2.5657600000000005,144000,130.1,2025-11-21_09-33,,
R_LN_3DBall_4319,3DBall,4319,12.0,ppo,200000,173,32506,0.0008787528341417,3.0,198,44.8,63.0,1.2674,12000,1.099,12000,18.3078,142000,31.3421,192000,180000,0.059,36000,0.1904,36000,1.4076,12000,2.5657600000000005,108000,105.5,2025-11-21_09-33,,
R_LN_3DBall_4320,3DBall,4320,12.0,ppo,200000,44,8274,0.0006148233928021,3.0,198,44.8,62.6,8.3376,12000,1.2866,12000,97.2549,142000,100.0,96000,180000,0.1214,12000,1.0843,12000,1.3651,12000,2.5657600000000005,36000,26.4,2025-11-21_09-33,,
R_LN_3DBall_4321,3DBall,4321,12.0,ppo,200000,135,25420,0.0003382279095679,3.0,197,44.5,62.9,1.3376,12000,1.1515,12000,26.2299,142000,51.8227,192000,180000,0.0683,36000,0.2246,36000,1.4169,12000,2.5657600000000005,84000,78.7,2025-11-21_09-33,,
R_LN_3DBall_4322,3DBall,4322,12.0,ppo,200000,89,16836,0.0001666662064826,3.0,180,44.4,62.7,1.5696,12000,1.1822,12000,76.3478,142000,95.5,180000,180000,0.0858,24000,0.3648,24000,1.4063,12000,2.5657600000000005,72000,59.9,2025-11-21_09-33,,
R_LN_3DBall_4323,3DBall,4323,12.0,ppo,200000,43,8107,0.0006545450917178,3.0,212,45.1,63.2,13.4744,12000,1.5831,12000,93.4816,142000,100.0,192000,180000,0.1213,12000,1.0643,12000,1.3387,12000,2.5657600000000005,36000,28.2,2025-11-21_09-33,,
R_LN_3DBall_4324,3DBall,4324,12.0,ppo,200000,179,33574,0.000834905058379,3.0,171,44.5,63.3,1.1958,12000,1.1458,12000,4.1684,142000,5.2596,180000,180000,0.0606,36000,0.2456,36000,1.4155,12000,2.5657600000000005,144000,125.6,2025-11-21_09-33,,
R_LN_3DBall_4325,3DBall,4325,12.0,ppo,200000,95,17816,0.0008272693844194,3.0,179,41.9,63.4,1.4235,12000,1.1584,12000,74.7886,142000,93.3308,192000,180000,0.0841,24000,0.3354,24000,1.3964,12000,2.5657600000000005,72000,59.5,2025-11-21_09-33,,
R_LN_3DBall_4326,3DBall,4326,12.0,ppo,200000,105,19860,0.0001111917090141,3.0,182,44.1,63.3,1.2732,12000,1.134,12000,15.836,142000,24.5978,180000,180000,0.0763,24000,0.2878,24000,1.4186,12000,2.5657600000000005,96000,84.7,2025-11-21_09-33,,
R_LN_3DBall_4327,3DBall,4327,12.0,ppo,200000,96,18096,0.0007724741517861,3.0,174,45.4,63.3,1.6159,12000,1.1801,12000,82.7591,142000,96.35,192000,180000,0.0819,24000,0.2506,24000,1.4024,12000,2.5657600000000005,72000,57.9,2025-11-21_09-33,,
R_LN_3DBall_4328,3DBall,4328,12.0,ppo,200000,134,25188,5.206296567869766e-05,3.0,181,44.6,63.1,1.2975,12000,1.12,12000,8.1332,142000,13.0724,192000,180000,0.0702,36000,0.2634,36000,1.417,12000,2.5657600000000005,108000,96.3,2025-11-21_09-33,,
R_LN_3DBall_4329,3DBall,4329,12.0,ppo,200000,136,25564,0.0005544383684937,3.0,177,44.5,63.2,1.3225,12000,1.096,12000,32.285,142000,67.7111,192000,180000,0.0702,36000,0.2335,36000,1.4174,12000,2.5657600000000005,84000,71.0,2025-11-21_09-33,,
R_LN_3DBall_4330,3DBall,4330,12.0,ppo,200000,106,19963,0.000171619828537,3.0,188,44.7,63.2,1.1593,12000,1.1214,12000,2.1688,142000,2.4381,192000,180000,0.077,24000,0.3364,24000,1.4157,12000,2.5657600000000005,Not reached,Not reached,2025-11-21_09-33,,
R_LN_3DBall_4331,3DBall,4331,12.0,ppo,200000,177,33246,0.0004905271582302,3.0,182,44.0,63.3,1.2717,12000,1.1348,12000,11.6946,142000,18.96,180000,180000,0.0615,36000,0.1652,36000,1.4133,12000,2.5657600000000005,108000,96.8,2025-11-21_09-33,,
R_LN_3DBall_4332,3DBall,4332,12.0,ppo,200000,103,19444,0.0003260356559311,3.0,178,43.3,63.1,1.3174,12000,1.155,12000,24.8428,142000,46.2808,192000,180000,0.08,24000,0.3113,24000,1.4099,12000,2.5657600000000005,96000,83.3,2025-11-21_09-33,,
R_LN_3DBall_4333,3DBall,4333,12.0,ppo,200000,74,13923,0.0002568571731145,3.0,186,44.8,62.9,2.0829,12000,1.2478,12000,99.41,142000,100.0,156000,180000,0.0922,24000,0.7227,24000,1.4007,12000,2.5657600000000005,60000,49.5,2025-11-21_09-33,,
R_LN_3DBall_4334,3DBall,4334,12.0,ppo,200000,93,17517,0.0006687102512018,3.0,181,44.4,62.5,1.6262,12000,1.1496,12000,88.5832,142000,100.0,180000,180000,0.0838,24000,0.4222,24000,1.4046,12000,2.5657600000000005,72000,60.4,2025-11-21_09-33,,
R_LN_3DBall_4335,3DBall,4335,12.0,ppo,200000,129,24285,0.0004243006033182,3.0,178,44.4,63.4,1.3646,12000,1.113,12000,38.9866,142000,74.7647,192000,180000,0.0716,36000,0.2403,36000,1.4053,12000,2.5657600000000005,84000,71.1,2025-11-21_09-33,,
R_LN_3DBall_4336,3DBall,4336,12.0,ppo,200000,61,11575,0.0001781906452862,3.0,192,43.1,62.9,1.2623,12000,1.1503,12000,25.0402,142000,49.5208,192000,180000,0.1008,12000,0.3398,12000,1.4121,12000,2.5657600000000005,108000,102.6,2025-11-21_09-33,,
R_LN_3DBall_4337,3DBall,4337,12.0,ppo,200000,37,7087,0.0007062685267652,3.0,225,44.6,67.6,21.6441,12000,1.7873,12000,96.8323,142000,100.0,156000,180000,0.1322,12000,1.1692,12000,1.3245,12000,2.5657600000000005,36000,30.0,2025-11-21_09-33,,
R_LN_3DBall_4338,3DBall,4338,12.0,ppo,200000,179,33662,0.0006342921156061,3.0,170,44.6,65.8,1.2331,12000,1.1703,12000,7.5375,142000,11.0758,192000,180000,0.0594,36000,0.1826,36000,1.4161,12000,2.5657600000000005,120000,102.3,2025-11-21_09-33,,
R_LN_3DBall_4339,3DBall,4339,12.0,ppo,200000,136,25543,0.0004532749532418,3.0,172,44.6,62.8,1.3384,12000,1.1018,12000,28.5581,142000,56.9619,192000,180000,0.0675,36000,0.27,36000,1.4123,12000,2.5657600000000005,84000,69.0,2025-11-21_09-33,,
R_LN_3DBall_4340,3DBall,4340,12.0,ppo,200000,142,26709,0.0002749130979266,3.0,177,44.1,62.8,1.1392,12000,1.0884,12000,2.808,142000,3.5708,192000,180000,0.0653,36000,0.2617,36000,1.4157,12000,2.5657600000000005,168000,153.8,2025-11-21_09-33,,
R_LN_3DBall_4341,3DBall,4341,12.0,ppo,200000,59,11136,0.0004319995282923,3.0,192,44.6,62.8,4.0926,12000,1.4214,12000,96.4803,142000,100.0,180000,180000,0.1035,12000,0.926,12000,1.3873,12000,2.5657600000000005,48000,38.3,2025-11-21_09-33,,
R_LN_3DBall_4342,3DBall,4342,12.0,ppo,200000,156,29285,0.0005641794130764,3.0,177,44.9,62.9,1.2284,12000,1.1145,12000,21.587,142000,49.2522,192000,180000,0.0634,36000,0.1513,36000,1.4112,12000,2.5657600000000005,96000,82.4,2025-11-21_09-33,,
R_LN_3DBall_4343,3DBall,4343,12.0,ppo,200000,73,13704,0.0003080644151525,3.0,181,44.4,62.5,1.8543,12000,1.1828,12000,98.3594,142000,100.0,168000,180000,0.0925,24000,0.5147,24000,1.4057,12000,2.5657600000000005,60000,48.4,2025-11-21_09-33,,
R_LN_3DBall_4344,3DBall,4344,12.0,ppo,200000,92,17368,0.0006981222155979,3.0,180,45.5,63.0,1.5158,12000,1.1714,12000,86.6323,142000,95.7692,168000,180000,0.0816,24000,0.3169,24000,1.3984,12000,2.5657600000000005,72000,59.8,2025-11-21_09-33,,
R_LN_3DBall_4345,3DBall,4345,12.0,ppo,200000,44,8338,0.000139655909309,3.0,199,44.7,63.5,3.252,12000,1.2512,12000,100.0,142000,100.0,144000,180000,0.1206,12000,0.7826,12000,1.4099,12000,2.5657600000000005,48000,39.7,2025-11-21_09-33,,
R_LN_3DBall_4346,3DBall,4346,12.0,ppo,200000,186,35025,9.033910861558124e-05,3.0,176,44.3,63.1,1.2334,12000,1.1921,12000,3.0616,142000,3.8024,192000,180000,0.056,36000,0.2568,36000,1.4193,12000,2.5657600000000005,156000,140.6,2025-11-21_09-33,,
R_LN_3DBall_4347,3DBall,4347,12.0,ppo,200000,146,27448,0.0004336162289993,3.0,176,44.8,63.4,1.3008,12000,1.1491,12000,9.4581,142000,13.594,192000,180000,0.0671,36000,0.2648,36000,1.4143,12000,2.5657600000000005,96000,82.2,2025-11-21_09-33,,
R_LN_3DBall_4348,3DBall,4348,12.0,ppo,200000,43,8094,0.0003912028475838,3.0,205,44.7,63.7,8.8023,12000,1.4457,12000,98.6683,142000,100.0,132000,180000,0.1236,12000,1.0738,12000,1.3718,12000,2.5657600000000005,36000,27.3,2025-11-21_09-33,,
R_LN_3DBall_4349,3DBall,4349,12.0,ppo,200000,38,7190,0.0002114906077339,3.0,251,44.5,63.7,13.8364,12000,1.6894,12000,99.68,142000,100.0,120000,180000,0.1284,12000,1.1458,12000,1.3727,12000,2.5657600000000005,36000,33.4,2025-11-21_09-33,,
R_LN_3DBall_4350,3DBall,4350,12.0,ppo,200000,158,29793,0.0003758591640247,3.0,175,44.5,63.1,1.2153,12000,1.1219,12000,9.8185,142000,18.5033,192000,180000,0.0631,36000,0.1779,36000,1.4183,12000,2.5657600000000005,108000,93.5,2025-11-21_09-33,,
R_LN_3DBall_4351,3DBall,4351,12.0,ppo,200000,132,24772,0.0004223514624913,3.0,177,44.0,63.4,1.3224,12000,1.1481,12000,21.2211,142000,45.4346,192000,180000,0.0699,36000,0.2312,36000,1.4088,12000,2.5657600000000005,96000,82.7,2025-11-21_09-33,,
R_LN_3DBall_4352,3DBall,4352,12.0,ppo,200000,180,33885,0.000580363948578,3.0,173,44.9,63.7,1.1812,12000,1.1402,12000,2.7931,142000,3.2796,192000,180000,0.0592,36000,0.2466,36000,1.4179,12000,2.5657600000000005,156000,138.1,2025-11-21_09-33,,
R_LN_3DBall_4353,3DBall,4353,12.0,ppo,200000,62,11675,0.000298736456412,3.0,185,45.0,63.8,2.3035,12000,1.2348,12000,100.0,142000,100.0,132000,180000,0.0986,12000,0.529,12000,1.3885,12000,2.5657600000000005,48000,37.1,2025-11-21_09-33,,
R_LN_3DBall_4354,3DBall,4354,12.0,ppo,200000,75,14236,0.0003634757352985,3.0,181,40.9,63.9,1.4816,12000,1.1787,12000,80.9163,142000,99.3,192000,180000,0.0918,24000,0.3595,24000,1.4095,12000,2.5657600000000005,72000,60.5,2025-11-21_09-33,,
R_LN_3DBall_4355,3DBall,4355,12.0,ppo,200000,183,34402,0.0005523193821711,3.0,169,45.1,63.3,1.2551,12000,1.1511,12000,6.1934,142000,7.7219,192000,180000,0.0588,36000,0.1901,36000,1.4135,12000,2.5657600000000005,120000,101.6,2025-11-21_09-33,,
R_LN_3DBall_4356,3DBall,4356,12.0,ppo,200000,131,24749,0.0008349510307558,3.0,182,43.9,63.6,1.4358,12000,1.1434,12000,62.6888,142000,86.8385,192000,180000,0.0692,36000,0.2986,36000,1.4021,12000,2.5657600000000005,84000,72.9,2025-11-21_09-33,,
R_LN_3DBall_4357,3DBall,4357,12.0,ppo,200000,134,25236,0.0005416156293853,3.0,194,44.1,63.8,1.4518,12000,1.1837,12000,48.2177,142000,74.5313,192000,180000,0.0693,36000,0.3148,36000,1.4061,12000,2.5657600000000005,84000,77.5,2025-11-21_09-33,,
R_LN_3DBall_4358,3DBall,4358,12.0,ppo,200000,69,13105,0.0005636629044413,3.0,214,44.2,63.7,2.8472,12000,1.2658,12000,95.48,142000,100.0,168000,180000,0.0977,24000,0.9375,24000,1.3898,12000,2.5657600000000005,48000,42.8,2025-11-21_09-33,,
R_LN_3DBall_4359,3DBall,4359,12.0,ppo,200000,108,20377,0.0008280480489802,3.0,175,45.4,63.9,1.4472,12000,1.1166,12000,79.8254,142000,100.0,180000,180000,0.0769,24000,0.2459,24000,1.4047,12000,2.5657600000000005,72000,58.4,2025-11-21_09-33,,
R_LN_3DBall_4360,3DBall,4360,12.0,ppo,200000,55,10316,0.0006587352599632,3.0,224,44.7,63.7,5.6527,12000,1.3449,12000,96.7542,142000,100.0,180000,180000,0.1069,12000,0.9121,12000,1.3621,12000,2.5657600000000005,36000,29.8,2025-11-21_09-33,,
R_LN_3DBall_4361,3DBall,4361,12.0,ppo,200000,90,16977,0.0004362378544805,3.0,179,42.2,63.7,1.4293,12000,1.2246,12000,54.1666,142000,79.85,192000,180000,0.0849,24000,0.2891,24000,1.4105,12000,2.5657600000000005,84000,71.7,2025-11-21_09-33,,
R_LN_3DBall_4362,3DBall,4362,12.0,ppo,200000,108,20268,0.0004887725571513,3.0,181,44.7,63.8,1.6205,12000,1.1553,12000,88.6171,142000,100.0,180000,180000,0.0762,24000,0.3045,24000,1.4094,12000,2.5657600000000005,72000,60.2,2025-11-21_09-33,,
R_LN_3DBall_4363,3DBall,4363,12.0,ppo,200000,38,7245,0.0004680652838263,3.0,206,44.4,63.6,13.8304,12000,1.6176,12000,99.395,142000,100.0,132000,180000,0.1288,12000,1.2133,12000,1.3749,12000,2.5657600000000005,36000,27.5,2025-11-21_09-33,,
R_LN_3DBall_4364,3DBall,4364,12.0,ppo,200000,135,25334,9.806998971383697e-05,3.0,182,44.7,63.7,1.1403,12000,1.0771,12000,1.3672,142000,1.428,180000,180000,0.071,36000,0.402,36000,1.4202,12000,2.5657600000000005,Not reached,Not reached,2025-11-21_09-33,,
R_LN_3DBall_4365,3DBall,4365,12.0,ppo,200000,157,29529,0.0002208625453537,3.0,175,44.3,63.5,1.1492,12000,1.0908,12000,3.0328,142000,3.9809,192000,180000,0.0648,36000,0.2476,36000,1.4185,12000,2.5657600000000005,156000,140.2,2025-11-21_09-33,,
R_LN_3DBall_4366,3DBall,4366,12.0,ppo,200000,90,16965,9.799391998956292e-05,3.0,188,44.7,63.5,1.2175,12000,1.182,12000,2.3396,142000,2.5546,180000,180000,0.0841,24000,0.3824,24000,1.4143,12000,2.5657600000000005,Not reached,Not reached,2025-11-21_09-33,,
R_LN_3DBall_4367,3DBall,4367,12.0,ppo,200000,42,8050,0.0003421432345775,3.0,203,39.8,64.4,2.4722,12000,1.1879,12000,100.0,142000,100.0,108000,180000,0.1216,12000,0.5172,12000,1.4125,12000,2.5657600000000005,48000,40.5,2025-11-21_09-33,,
R_LN_3DBall_4368,3DBall,4368,12.0,ppo,200000,114,21416,0.0006758599585404,3.0,175,44.9,64.4,1.5461,12000,1.1949,12000,65.986,142000,86.9643,192000,180000,0.075,24000,0.2903,24000,1.4065,12000,2.5657600000000005,72000,58.2,2025-11-21_09-33,,
R_LN_3DBall_4369,3DBall,4369,12.0,ppo,200000,107,20161,0.0005611201371539,3.0,172,44.7,63.9,1.4328,12000,1.143,12000,63.4079,142000,98.6084,192000,180000,0.0763,24000,0.2337,24000,1.4161,12000,2.5657600000000005,72000,57.5,2025-11-21_09-33,,
R_LN_3DBall_4370,3DBall,4370,12.0,ppo,200000,177,33208,6.522093942977677e-05,3.0,201,43.8,64.0,1.317,12000,1.1984,12000,5.429,142000,7.1395,180000,180000,0.0627,36000,0.2364,36000,1.4194,12000,2.5657600000000005,108000,107.1,2025-11-21_09-33,,
R_LN_3DBall_4371,3DBall,4371,12.0,ppo,200000,113,21243,0.0004651830784085,3.0,177,44.8,63.5,1.3741,12000,1.161,12000,52.0674,142000,75.14,192000,180000,0.0762,24000,0.2129,24000,1.4148,12000,2.5657600000000005,84000,70.7,2025-11-21_09-33,,
R_LN_3DBall_4372,3DBall,4372,12.0,ppo,200000,172,32426,0.0008307349984955,3.0,198,43.7,63.8,1.2397,12000,1.1157,12000,12.488,142000,18.571,180000,180000,0.0608,36000,0.1754,36000,1.4101,12000,2.5657600000000005,108000,105.4,2025-11-21_09-33,,
R_LN_3DBall_4373,3DBall,4373,12.0,ppo,200000,36,6764,0.0001181549817141,3.0,222,44.5,63.5,13.222,12000,1.455,12000,100.0,142000,100.0,108000,180000,0.133,12000,1.3218,12000,1.4075,12000,2.5657600000000005,36000,29.6,2025-11-21_09-33,,
R_LN_3DBall_4374,3DBall,4374,12.0,ppo,200000,178,33464,0.0001216953035723,3.0,173,44.4,62.9,1.2368,12000,1.1545,12000,4.2957,142000,5.254,180000,180000,0.058,36000,0.2474,36000,1.4191,12000,2.5657600000000005,132000,115.0,2025-11-21_09-33,,
R_LN_3DBall_4375,3DBall,4375,12.0,ppo,200000,141,26473,0.0008187550719836,3.0,178,44.8,65.4,1.5064,12000,1.1404,12000,60.3977,142000,89.9572,192000,180000,0.067,36000,0.3617,36000,1.4064,12000,2.5657600000000005,72000,59.4,2025-11-21_09-33,,
R_LN_3DBall_4376,3DBall,4376,12.0,ppo,200000,115,21587,0.0004644200044829,3.0,178,44.4,69.3,1.2677,12000,1.1388,12000,11.7256,142000,21.4264,192000,180000,0.0766,24000,0.2561,24000,1.4152,12000,2.5657600000000005,108000,94.7,2025-11-21_09-33,,
R_LN_3DBall_4377,3DBall,4377,12.0,ppo,200000,136,25650,0.0003012862932623,3.0,182,45.0,64.1,1.3326,12000,1.1095,12000,24.381,142000,41.8104,192000,180000,0.0696,36000,0.2703,36000,1.4139,12000,2.5657600000000005,96000,84.8,2025-11-21_09-33,,
R_LN_3DBall_4378,3DBall,4378,12.0,ppo,200000,171,32213,0.0008210363523636,3.0,175,44.7,64.3,1.303,12000,1.2023,12000,10.7384,142000,16.0808,180000,180000,0.059,36000,0.1816,36000,1.4104,12000,2.5657600000000005,108000,93.6,2025-11-21_09-33,,
R_LN_3DBall_4379,3DBall,4379,12.0,ppo,200000,52,9865,0.0001107677387323,3.0,202,44.6,63.6,3.524,12000,1.3674,12000,95.0768,142000,100.0,168000,180000,0.1121,12000,0.7627,12000,1.4049,12000,2.5657600000000005,48000,40.4,2025-11-21_09-33,,
R_LN_3DBall_4380,3DBall,4380,12.0,ppo,200000,98,18385,0.0004694342149932,3.0,174,44.9,63.8,1.5411,12000,1.1877,12000,65.4588,142000,98.5834,180000,180000,0.0803,24000,0.259,24000,1.4099,12000,2.5657600000000005,72000,58.2,2025-11-21_09-33,,
R_LN_3DBall_4381,3DBall,4381,12.0,ppo,200000,69,13057,0.0008364925729444,3.0,181,44.3,63.8,2.026,12000,1.1658,12000,96.7273,142000,100.0,168000,180000,0.0963,24000,0.6436,24000,1.406,12000,2.5657600000000005,60000,48.4,2025-11-21_09-33,,
R_LN_3DBall_4382,3DBall,4382,12.0,ppo,200000,166,31286,0.0004692630130235,3.0,177,43.9,63.7,1.1343,12000,1.0902,12000,2.8448,142000,3.3328,192000,180000,0.0625,36000,0.2815,36000,1.4201,12000,2.5657600000000005,168000,153.6,2025-11-21_09-33,,
R_LN_3DBall_4383,3DBall,4383,12.0,ppo,200000,102,19237,0.0007349069335098,3.0,179,42.1,64.0,1.3199,12000,1.1252,12000,60.2904,142000,86.7692,180000,180000,0.0803,24000,0.2168,24000,1.4141,12000,2.5657600000000005,84000,71.7,2025-11-21_09-33,,
R_LN_3DBall_4384,3DBall,4384,12.0,ppo,200000,101,19082,0.0001361514033383,3.0,186,44.6,63.6,1.5786,12000,1.2348,12000,71.9817,142000,89.6072,192000,180000,0.0818,24000,0.2905,24000,1.4138,12000,2.5657600000000005,72000,62.2,2025-11-21_09-33,,
R_LN_3DBall_4385,3DBall,4385,12.0,ppo,200000,169,31716,0.000838239650243,3.0,175,44.2,63.9,1.202,12000,1.0989,12000,7.4714,142000,9.7464,192000,180000,0.0602,36000,0.1585,36000,1.4139,12000,2.5657600000000005,108000,93.1,2025-11-21_09-33,,
R_LN_3DBall_4386,3DBall,4386,12.0,ppo,200000,111,20849,4.086951483162031e-05,3.0,181,44.8,64.0,1.2439,12000,1.1376,12000,5.9259,142000,8.2085,192000,180000,0.0777,24000,0.2714,24000,1.4181,12000,2.5657600000000005,120000,108.8,2025-11-21_09-33,,
R_LN_3DBall_4387,3DBall,4387,12.0,ppo,200000,148,27888,0.0006422112732015,3.0,182,44.8,63.7,1.3557,12000,1.1636,12000,29.0558,142000,54.2136,192000,180000,0.065,36000,0.2909,36000,1.4138,12000,2.5657600000000005,96000,84.8,2025-11-21_09-33,,
R_LN_3DBall_4388,3DBall,4388,12.0,ppo,200000,138,26011,0.0003991728252741,3.0,176,45.2,63.7,1.2944,12000,1.1714,12000,12.2253,142000,20.1541,192000,180000,0.0699,36000,0.2486,36000,1.4165,12000,2.5657600000000005,108000,94.0,2025-11-21_09-33,,
R_LN_3DBall_4389,3DBall,4389,12.0,ppo,200000,142,26649,0.0008289316228291,3.0,170,44.7,63.4,1.3574,12000,1.121,12000,25.5901,142000,47.464,192000,180000,0.0681,36000,0.2874,36000,1.4093,12000,2.5657600000000005,96000,79.6,2025-11-21_09-33,,
R_LN_3DBall_4390,3DBall,4390,12.0,ppo,200000,122,22960,0.0007578838297691,3.0,198,43.8,63.6,1.4222,12000,1.1215,12000,56.2093,142000,91.0539,192000,180000,0.0713,24000,0.2453,24000,1.408,12000,2.5657600000000005,84000,79.0,2025-11-21_09-33,,
R_LN_3DBall_4391,3DBall,4391,12.0,ppo,200000,104,19654,0.0006004081946228,3.0,179,42.5,63.6,1.2771,12000,1.1391,12000,40.7771,142000,80.0867,192000,180000,0.0801,24000,0.2557,24000,1.4192,12000,2.5657600000000005,84000,71.7,2025-11-21_09-33,,
R_LN_3DBall_4392,3DBall,4392,12.0,ppo,200000,51,9654,0.0003128662635418,3.0,194,39.2,63.5,2.0688,12000,1.253,12000,100.0,142000,100.0,120000,180000,0.1111,12000,0.5053,12000,1.4177,12000,2.5657600000000005,60000,51.6,2025-11-21_09-33,,
R_LN_3DBall_4393,3DBall,4393,12.0,ppo,200000,73,13735,0.0006156205390568,3.0,184,44.1,63.7,2.1712,12000,1.169,12000,97.099,142000,100.0,144000,180000,0.0947,24000,0.7011,24000,1.3877,12000,2.5657600000000005,60000,49.1,2025-11-21_09-33,,
R_LN_3DBall_4394,3DBall,4394,12.0,ppo,200000,135,25464,0.0008276168026579,3.0,172,44.7,63.5,1.2744,12000,1.1222,12000,25.291,142000,43.9593,192000,180000,0.07,36000,0.2219,36000,1.4088,12000,2.5657600000000005,96000,80.5,2025-11-21_09-33,,
R_LN_3DBall_4395,3DBall,4395,12.0,ppo,200000,54,10252,0.0004689337316342,3.0,188,44.3,63.6,2.7548,12000,1.2263,12000,98.4892,142000,100.0,132000,180000,0.1097,12000,0.5678,12000,1.3955,12000,2.5657600000000005,48000,37.5,2025-11-21_09-33,,
R_LN_3DBall_4396,3DBall,4396,12.0,ppo,200000,86,16222,0.0003571139456261,3.0,180,41.2,63.5,1.504,12000,1.1895,12000,77.8443,142000,93.3833,192000,180000,0.0856,24000,0.338,24000,1.4088,12000,2.5657600000000005,72000,60.1,2025-11-21_09-33,,
R_LN_3DBall_4397,3DBall,4397,12.0,ppo,200000,33,6199,0.0002055940405941,3.0,213,44.9,63.6,6.6636,12000,1.3457,12000,97.1686,142000,100.0,96000,180000,0.1362,12000,1.2017,12000,1.3915,12000,2.5657600000000005,36000,28.5,2025-11-21_09-33,,
R_LN_3DBall_4398,3DBall,4398,12.0,ppo,200000,149,27959,0.0004694612085142,3.0,177,44.4,63.9,1.1554,12000,1.0946,12000,5.9076,142000,8.5151,192000,180000,0.0649,36000,0.2189,36000,1.4208,12000,2.5657600000000005,120000,105.9,2025-11-21_09-33,,
R_LN_3DBall_4399,3DBall,4399,12.0,ppo,200000,39,7360,0.000651664539622,3.0,203,39.4,63.4,6.5105,12000,1.3175,12000,100.0,142000,100.0,84000,180000,0.1291,12000,1.0075,12000,1.3765,12000,2.5657600000000005,48000,40.5,2025-11-21_09-33,,
R_LN_3DBall_4400,3DBall,4400,12.0,ppo,200000,127,23993,0.0005437480647198,3.0,176,44.1,63.7,1.3808,12000,1.1357,12000,44.9497,142000,73.6625,192000,180000,0.0707,36000,0.2457,36000,1.4101,12000,2.5657600000000005,84000,70.2,2025-11-21_09-33,,
R_LN_3DBall_4401,3DBall,4401,12.0,ppo,200000,163,30585,0.0003322789446514,3.0,176,44.5,63.7,1.18,12000,1.102,12000,2.7611,142000,3.2424,192000,180000,0.0618,36000,0.2894,36000,1.4105,12000,2.5657600000000005,168000,152.2,2025-11-21_09-33,,
R_LN_3DBall_4402,3DBall,4402,12.0,ppo,200000,143,26889,0.0002426024894055,3.0,200,43.8,63.9,1.2349,12000,1.0889,12000,16.2343,142000,25.7116,192000,180000,0.0675,36000,0.2118,36000,1.4154,12000,2.5657600000000005,96000,93.2,2025-11-21_09-33,,
R_LN_3DBall_4403,3DBall,4403,12.0,ppo,200000,65,12303,0.000107109128508,3.0,185,44.9,63.8,1.6175,12000,1.1995,12000,91.4566,142000,100.0,192000,180000,0.0988,24000,0.3986,24000,1.4145,12000,2.5657600000000005,72000,61.5,2025-11-21_09-33,,
R_LN_3DBall_4404,3DBall,4404,12.0,ppo,200000,89,16741,0.0008254007409653,3.0,173,44.3,63.7,1.7526,12000,1.2389,12000,97.2857,142000,100.0,156000,180000,0.0857,24000,0.4734,24000,1.4117,12000,2.5657600000000005,60000,46.2,2025-11-21_09-33,,
R_LN_3DBall_4405,3DBall,4405,12.0,ppo,200000,79,14859,0.0001611610990281,3.0,186,45.1,63.8,1.6603,12000,1.2067,12000,86.7324,142000,97.3833,192000,180000,0.0884,24000,0.353,24000,1.4076,12000,2.5657600000000005,72000,62.1,2025-11-21_09-33,,
R_LN_3DBall_4406,3DBall,4406,12.0,ppo,200000,48,9106,0.0001332456689036,3.0,195,44.6,64.3,2.3414,12000,1.2165,12000,100.0,142000,100.0,132000,180000,0.1122,12000,0.5026,12000,1.4082,12000,2.5657600000000005,48000,38.9,2025-11-21_09-33,,
R_LN_3DBall_4407,3DBall,4407,12.0,ppo,200000,151,28410,0.0004071364121235,3.0,180,44.5,64.4,1.2131,12000,1.0854,12000,10.2655,142000,14.9203,192000,180000,0.0653,36000,0.1755,36000,1.4179,12000,2.5657600000000005,96000,83.8,2025-11-21_09-33,,
R_LN_3DBall_4408,3DBall,4408,12.0,ppo,200000,136,25676,0.0007613142791189,3.0,171,44.8,64.1,1.33,12000,1.2136,12000,21.7397,142000,43.1111,192000,180000,0.0693,36000,0.2456,36000,1.4133,12000,2.5657600000000005,96000,80.0,2025-11-21_09-33,,
R_LN_3DBall_4409,3DBall,4409,12.0,ppo,200000,136,25598,0.000191049381814,3.0,174,44.9,63.6,1.2413,12000,1.1501,12000,7.6649,142000,13.341,192000,180000,0.0671,36000,0.2527,36000,1.4172,12000,2.5657600000000005,108000,93.1,2025-11-21_09-33,,
R_LN_3DBall_4410,3DBall,4410,12.0,ppo,200000,32,6177,0.0005297274848593,3.0,214,38.8,63.5,10.9816,12000,1.3417,12000,100.0,142000,100.0,84000,180000,0.1395,12000,1.0525,12000,1.3787,12000,2.5657600000000005,36000,28.5,2025-11-21_09-33,,
R_LN_3DBall_4411,3DBall,4411,12.0,ppo,200000,69,13045,0.0008248630157911,3.0,194,47.6,64.4,2.8624,12000,1.2368,12000,97.1637,142000,100.0,120000,180000,0.0978,24000,0.9239,24000,1.3826,12000,2.5657600000000005,48000,38.9,2025-11-21_09-33,,
R_LN_3DBall_4412,3DBall,4412,12.0,ppo,200000,137,25805,0.0008417546251314,3.0,174,44.9,64.5,1.2316,12000,1.0992,12000,16.0088,142000,26.2523,192000,180000,0.069,36000,0.1982,36000,1.411,12000,2.5657600000000005,108000,92.6,2025-11-21_09-33,,
R_LN_3DBall_4413,3DBall,4413,12.0,ppo,200000,70,13244,0.0004346836948699,3.0,182,40.5,64.2,1.4936,12000,1.1172,12000,95.8472,142000,100.0,168000,180000,0.0944,24000,0.351,24000,1.41,12000,2.5657600000000005,72000,60.8,2025-11-21_09-33,,
R_LN_3DBall_4414,3DBall,4414,12.0,ppo,200000,34,6481,0.0004105914143753,3.0,227,44.3,66.5,23.5294,12000,1.6502,12000,96.9985,142000,100.0,96000,180000,0.135,12000,1.0364,12000,1.3687,12000,2.5657600000000005,36000,30.2,2025-11-21_09-33,,
R_LN_3DBall_4415,3DBall,4415,12.0,ppo,200000,142,26733,0.0006962701063991,3.0,179,44.3,69.0,1.4821,12000,1.2052,12000,50.0581,142000,77.5813,192000,180000,0.0685,36000,0.4004,36000,1.4052,12000,2.5657600000000005,72000,59.8,2025-11-21_09-33,,
R_LN_3DBall_4416,3DBall,4416,12.0,ppo,200000,150,28148,3.4784914832933445e-05,3.0,186,44.7,64.2,1.222,12000,1.1296,12000,4.5861,142000,5.7309,192000,180000,0.068,36000,0.234,36000,1.418,12000,2.5657600000000005,120000,111.4,2025-11-21_09-33,,
R_LN_3DBall_4417,3DBall,4417,12.0,ppo,200000,170,31892,0.0007037244151401,3.0,177,44.7,64.2,1.1786,12000,1.1135,12000,6.882,142000,10.3352,180000,180000,0.0616,36000,0.1489,36000,1.4133,12000,2.5657600000000005,108000,94.6,2025-11-21_09-33,,
R_LN_3DBall_4418,3DBall,4418,12.0,ppo,200000,191,35857,0.0007146373700472,3.0,173,44.5,63.8,1.2267,12000,1.1419,12000,4.042,142000,5.553,192000,180000,0.0575,36000,0.2284,36000,1.4193,12000,2.5657600000000005,120000,104.0,2025-11-21_09-33,,
R_LN_3DBall_4419,3DBall,4419,12.0,ppo,200000,131,24646,0.0002252499008342,3.0,181,44.5,64.0,1.2981,12000,1.1169,12000,16.7848,142000,30.0526,192000,180000,0.0707,36000,0.2243,36000,1.4157,12000,2.5657600000000005,84000,72.6,2025-11-21_09-33,,
R_LN_3DBall_4420,3DBall,4420,12.0,ppo,200000,58,10938,0.0005654434227518,3.0,190,44.5,64.0,2.3008,12000,1.1463,12000,100.0,142000,100.0,120000,180000,0.108,12000,0.5165,12000,1.3974,12000,2.5657600000000005,60000,50.8,2025-11-21_09-33,,
R_LN_3DBall_4421,3DBall,4421,12.0,ppo,200000,182,34238,0.0006160718048411,3.0,171,44.7,64.3,1.2183,12000,1.1576,12000,5.3699,142000,7.4964,192000,180000,0.0604,36000,0.1763,36000,1.4141,12000,2.5657600000000005,120000,102.3,2025-11-21_09-33,,
R_LN_3DBall_4422,3DBall,4422,12.0,ppo,200000,80,15152,0.0007874370844891,3.0,177,46.1,65.0,2.0185,12000,1.2146,12000,95.0354,142000,100.0,168000,180000,0.0904,24000,0.5122,24000,1.3914,12000,2.5657600000000005,60000,47.3,2025-11-21_09-33,,
R_LN_3DBall_4423,3DBall,4423,12.0,ppo,200000,65,12266,0.0005424471519327,3.0,186,44.8,64.5,2.8611,12000,1.2019,12000,98.4681,142000,100.0,156000,180000,0.1009,24000,0.7925,24000,1.382,12000,2.5657600000000005,48000,37.3,2025-11-21_09-33,,
R_LN_3DBall_4424,3DBall,4424,12.0,ppo,200000,176,33132,4.408515559212647e-05,3.0,183,44.3,64.7,1.1602,12000,1.1161,12000,1.7374,142000,1.7976,180000,180000,0.0586,36000,0.3388,36000,1.4176,12000,2.5657600000000005,Not reached,Not reached,2025-11-21_09-33,,
R_LN_3DBall_4425,3DBall,4425,12.0,ppo,200000,83,15725,0.0006310521829213,3.0,188,44.1,64.7,1.9095,12000,1.19,12000,96.1145,142000,100.0,180000,180000,0.0893,24000,0.4527,24000,1.3959,12000,2.5657600000000005,60000,50.0,2025-11-21_09-33,,
R_LN_3DBall_4426,3DBall,4426,12.0,ppo,200000,152,28612,0.0001567089318607,3.0,175,44.3,64.7,1.3579,12000,1.1797,12000,10.0592,142000,13.5073,192000,180000,0.0646,36000,0.2063,36000,1.4173,12000,2.5657600000000005,96000,81.9,2025-11-21_09-33,,
R_LN_3DBall_4427,3DBall,4427,12.0,ppo,200000,56,10548,0.0007961676993656,3.0,191,41.0,65.2,2.0682,12000,1.1732,12000,99.0754,142000,100.0,156000,180000,0.107,12000,0.3987,12000,1.3958,12000,2.5657600000000005,60000,51.1,2025-11-21_09-33,,
R_LN_3DBall_4428,3DBall,4428,12.0,ppo,200000,73,13843,0.0002996393651775,3.0,191,44.2,65.2,2.3397,12000,1.2161,12000,93.3086,142000,100.0,144000,180000,0.0928,24000,0.8864,24000,1.3971,12000,2.5657600000000005,48000,38.3,2025-11-21_09-33,,
R_LN_3DBall_4429,3DBall,4429,12.0,ppo,200000,140,26331,0.0007444300934408,3.0,171,44.4,65.0,1.3661,12000,1.1415,12000,28.3183,142000,43.8111,180000,180000,0.0685,36000,0.2828,36000,1.4119,12000,2.5657600000000005,96000,79.9,2025-11-21_09-33,,
R_LN_3DBall_4430,3DBall,4430,12.0,ppo,200000,100,18757,0.000888844910013,3.0,202,43.9,64.8,1.708,12000,1.1814,12000,82.9449,142000,100.0,168000,180000,0.079,24000,0.2721,24000,1.3953,12000,2.5657600000000005,60000,53.8,2025-11-21_09-33,,
R_LN_3DBall_4431,3DBall,4431,12.0,ppo,200000,39,7459,0.0001359059989398,3.0,247,44.1,64.6,12.6181,12000,1.5114,12000,88.6616,142000,100.0,180000,180000,0.1275,12000,1.2536,12000,1.3939,12000,2.5657600000000005,36000,32.9,2025-11-21_09-33,,
R_LN_3DBall_4432,3DBall,4432,12.0,ppo,200000,164,30889,0.0006817871927518,3.0,179,44.8,64.6,1.2451,12000,1.0955,12000,14.4603,142000,21.0038,192000,180000,0.0613,36000,0.1535,36000,1.4137,12000,2.5657600000000005,108000,95.2,2025-11-21_09-33,,
R_LN_3DBall_4433,3DBall,4433,12.0,ppo,200000,172,32378,4.7233650349491e-05,3.0,188,44.4,64.6,1.1725,12000,1.1331,12000,3.2736,142000,4.0038,192000,180000,0.0593,36000,0.2165,36000,1.4189,12000,2.5657600000000005,144000,138.1,2025-11-21_09-33,,
R_LN_3DBall_4434,3DBall,4434,12.0,ppo,200000,179,33586,0.0003703288041921,3.0,175,44.4,64.8,1.2045,12000,1.1286,12000,2.7527,142000,3.3214,192000,180000,0.06,36000,0.2949,36000,1.4162,12000,2.5657600000000005,180000,163.5,2025-11-21_09-33,,
R_LN_3DBall_4435,3DBall,4435,12.0,ppo,200000,184,34501,0.0006295084985255,3.0,176,44.8,64.1,1.2295,12000,1.142,12000,7.8842,142000,12.4506,192000,180000,0.0594,36000,0.1585,36000,1.416,12000,2.5657600000000005,120000,105.9,2025-11-21_09-33,,
R_LN_3DBall_4436,3DBall,4436,12.0,ppo,200000,94,17737,0.0008317801031438,3.0,206,44.1,63.9,1.8647,12000,1.2087,12000,95.2712,142000,100.0,168000,180000,0.0837,24000,0.6272,24000,1.3911,12000,2.5657600000000005,60000,54.9,2025-11-21_09-33,,
R_LN_3DBall_4437,3DBall,4437,12.0,ppo,200000,71,13459,0.0004008464361107,3.0,189,44.2,63.7,2.7738,12000,1.3581,12000,96.5877,142000,100.0,144000,180000,0.0958,24000,0.9279,24000,1.3891,12000,2.5657600000000005,48000,37.9,2025-11-21_09-33,,
R_LN_3DBall_4438,3DBall,4438,12.0,ppo,200000,170,32040,0.0008164916728927,3.0,181,43.7,63.9,1.2721,12000,1.1258,12000,13.1139,142000,21.5491,192000,180000,0.0623,36000,0.1567,36000,1.4142,12000,2.5657600000000005,108000,96.7,2025-11-21_09-33,,
R_LN_3DBall_4439,3DBall,4439,12.0,ppo,200000,85,16085,0.0001750297824488,3.0,186,44.2,63.7,1.1719,12000,1.1036,12000,4.562,142000,6.3671,192000,180000,0.0876,24000,0.3448,24000,1.4113,12000,2.5657600000000005,144000,136.7,2025-11-21_09-33,,
R_LN_3DBall_4440,3DBall,4440,12.0,ppo,200000,54,10242,0.0002793666768174,3.0,200,44.1,63.8,4.1461,12000,1.3261,12000,91.4755,142000,100.0,96000,180000,0.1085,12000,0.7174,12000,1.3887,12000,2.5657600000000005,48000,39.9,2025-11-21_09-33,,
R_LN_3DBall_4441,3DBall,4441,12.0,ppo,200000,183,34368,0.0002040868269258,3.0,174,45.3,64.6,1.1929,12000,1.1552,12000,3.2388,142000,4.0214,192000,180000,0.0581,36000,0.2181,36000,1.4176,12000,2.5657600000000005,156000,139.5,2025-11-21_09-33,,
R_LN_3DBall_4442,3DBall,4442,12.0,ppo,200000,123,23240,0.0001766472059308,3.0,177,44.8,63.5,1.1826,12000,1.1077,12000,4.73,142000,6.3644,192000,180000,0.0725,24000,0.3015,24000,1.4124,12000,2.5657600000000005,132000,118.3,2025-11-21_09-33,,
R_LN_3DBall_4443,3DBall,4443,12.0,ppo,200000,152,28577,0.000312661352281,3.0,173,45.0,63.7,1.1702,12000,1.0734,12000,5.7007,142000,8.0366,192000,180000,0.0643,36000,0.1872,36000,1.4154,12000,2.5657600000000005,120000,104.0,2025-11-21_09-33,,
R_LN_3DBall_4444,3DBall,4444,12.0,ppo,200000,162,30552,0.0001687310240769,3.0,175,44.5,63.7,1.1916,12000,1.1569,12000,4.0988,142000,5.7901,192000,180000,0.061,36000,0.2534,36000,1.421,12000,2.5657600000000005,132000,116.9,2025-11-21_09-33,,
R_LN_3DBall_4445,3DBall,4445,12.0,ppo,200000,108,20297,0.0003657330967643,3.0,175,44.8,63.7,1.3291,12000,1.1682,12000,42.5879,142000,64.4556,192000,180000,0.0757,24000,0.2547,24000,1.4172,12000,2.5657600000000005,84000,70.1,2025-11-21_09-33,,
R_LN_3DBall_4446,3DBall,4446,12.0,ppo,200000,130,24400,0.0001903344888622,3.0,183,44.5,63.8,1.1729,12000,1.0975,12000,2.4993,142000,2.8332,180000,180000,0.0712,36000,0.3515,36000,1.4154,12000,2.5657600000000005,180000,170.5,2025-11-21_09-33,,
R_LN_3DBall_4447,3DBall,4447,12.0,ppo,200000,111,20940,0.0006796284889067,3.0,182,44.5,63.6,1.502,12000,1.1994,12000,71.5813,142000,93.6385,180000,180000,0.0788,24000,0.2705,24000,1.4046,12000,2.5657600000000005,72000,60.7,2025-11-21_09-33,,
R_LN_3DBall_4448,3DBall,4448,12.0,ppo,200000,144,27058,0.0004744356795804,3.0,175,44.5,63.6,1.2992,12000,1.1505,12000,15.3476,142000,25.45,192000,180000,0.067,36000,0.2449,36000,1.4141,12000,2.5657600000000005,96000,81.9,2025-11-21_09-33,,
R_LN_3DBall_4449,3DBall,4449,12.0,ppo,200000,37,7046,0.0008118493496573,3.0,213,44.0,63.3,16.4344,12000,1.623,12000,98.8867,142000,100.0,120000,180000,0.132,12000,1.3624,12000,1.3521,12000,2.5657600000000005,36000,28.3,2025-11-21_09-33,,
R_LN_3DBall_4450,3DBall,4450,12.0,ppo,200000,180,33777,0.0008428987270797,3.0,173,44.6,63.5,1.2037,12000,1.1235,12000,7.752,142000,11.1175,192000,180000,0.0603,36000,0.1497,36000,1.4133,12000,2.5657600000000005,108000,92.0,2025-11-21_09-33,,
R_LN_3DBall_4451,3DBall,4451,12.0,ppo,200000,81,15251,0.0002324929639916,3.0,207,44.5,63.7,2.0104,12000,1.2513,12000,90.2315,142000,100.0,168000,180000,0.089,24000,0.544,24000,1.4018,12000,2.5657600000000005,60000,55.1,2025-11-21_09-33,,
R_LN_3DBall_4452,3DBall,4452,12.0,ppo,200000,159,29930,0.00026860655801,3.0,174,44.5,63.4,1.2232,12000,1.1705,12000,8.0644,142000,14.1588,192000,180000,0.0638,36000,0.1899,36000,1.4174,12000,2.5657600000000005,108000,93.1,2025-11-21_09-33,,
R_LN_3DBall_4453,3DBall,4453,12.0,ppo,200000,163,30595,0.0004786911798922,3.0,175,48.3,67.8,1.2117,12000,1.1745,12000,5.6142,142000,7.1923,192000,180000,0.0619,36000,0.2386,36000,1.4179,12000,2.5657600000000005,132000,116.4,2025-11-21_09-33,,
R_LN_3DBall_4454,3DBall,4454,12.0,ppo,200000,156,29376,0.0004515940261227,3.0,180,44.7,70.5,1.2136,12000,1.1279,12000,16.4746,142000,30.2895,192000,180000,0.0667,36000,0.1575,36000,1.4176,12000,2.5657600000000005,96000,84.2,2025-11-21_09-33,,
R_LN_3DBall_4455,3DBall,4455,12.0,ppo,200000,157,29587,0.0008623522420442,3.0,172,44.6,65.1,1.1938,12000,1.0796,12000,9.8979,142000,18.0286,192000,180000,0.0624,36000,0.1674,36000,1.4141,12000,2.5657600000000005,108000,91.5,2025-11-21_09-33,,
R_LN_3DBall_4456,3DBall,4456,12.0,ppo,200000,190,35746,0.0005461021270602,3.0,172,44.4,64.1,1.1718,12000,1.1268,12000,3.7052,142000,5.4483,192000,180000,0.0572,36000,0.2216,36000,1.4186,12000,2.5657600000000005,132000,114.8,2025-11-21_09-33,,
R_LN_3DBall_4457,3DBall,4457,12.0,ppo,200000,55,10401,7.317863331990701e-05,3.0,194,44.9,63.6,2.0873,12000,1.2399,12000,92.8472,142000,100.0,132000,180000,0.1102,12000,0.4512,12000,1.4135,12000,2.5657600000000005,60000,51.7,2025-11-21_09-33,,
R_LN_3DBall_4458,3DBall,4458,12.0,ppo,200000,41,7844,0.0003867204617364,3.0,203,44.5,63.6,10.6994,12000,1.4267,12000,100.0,142000,100.0,96000,180000,0.1259,12000,1.0585,12000,1.39,12000,2.5657600000000005,36000,27.1,2025-11-21_09-33,,
R_LN_3DBall_4459,3DBall,4459,12.0,ppo,200000,124,23392,0.0007611693199451,3.0,182,44.5,63.8,1.3335,12000,1.0882,12000,49.2501,142000,77.4467,192000,180000,0.0719,24000,0.2145,24000,1.4056,12000,2.5657600000000005,84000,72.7,2025-11-21_09-33,,
R_LN_3DBall_4460,3DBall,4460,12.0,ppo,200000,40,7669,0.0008137882084746,3.0,215,43.8,63.7,21.1223,12000,1.5785,12000,97.3769,142000,100.0,168000,180000,0.1253,12000,0.9603,12000,1.3526,12000,2.5657600000000005,36000,28.7,2025-11-21_09-33,,
R_LN_3DBall_4461,3DBall,4461,12.0,ppo,200000,161,30303,0.0008891119944453,3.0,173,45.2,64.2,1.3203,12000,1.1679,12000,16.4192,142000,28.1932,192000,180000,0.0603,36000,0.1763,36000,1.412,12000,2.5657600000000005,96000,80.9,2025-11-21_09-33,,
R_LN_3DBall_4462,3DBall,4462,12.0,ppo,200000,61,11522,0.0004984244338992,3.0,184,45.2,63.6,2.3085,12000,1.2209,12000,100.0,142000,100.0,144000,180000,0.101,12000,0.5732,12000,1.405,12000,2.5657600000000005,48000,36.9,2025-11-21_09-33,,
R_LN_3DBall_4463,3DBall,4463,12.0,ppo,200000,125,23491,4.203563077424294e-05,3.0,184,44.5,63.8,1.2271,12000,1.1991,12000,2.2074,142000,2.3582,192000,180000,0.071,24000,0.3365,24000,1.4174,12000,2.5657600000000005,Not reached,Not reached,2025-11-21_09-33,,
R_LN_3DBall_4464,3DBall,4464,12.0,ppo,200000,155,29146,0.0006966548185004,3.0,170,44.4,64.1,1.2038,12000,1.1095,12000,9.0208,142000,16.6176,192000,180000,0.0645,36000,0.1987,36000,1.4136,12000,2.5657600000000005,108000,90.8,2025-11-21_09-33,,
R_LN_3DBall_4465,3DBall,4465,12.0,ppo,200000,169,31805,0.0003828730235706,3.0,176,44.4,63.7,1.1971,12000,1.1099,12000,7.1943,142000,9.0758,192000,180000,0.0633,36000,0.1709,36000,1.4144,12000,2.5657600000000005,108000,94.1,2025-11-21_09-33,,
R_LN_3DBall_4466,3DBall,4466,12.0,ppo,200000,51,9706,0.0004139506134917,3.0,227,44.5,63.9,6.0448,12000,1.4638,12000,98.3,142000,100.0,156000,180000,0.1113,12000,0.9122,12000,1.3666,12000,2.5657600000000005,36000,30.2,2025-11-21_09-33,,
R_LN_3DBall_4467,3DBall,4467,12.0,ppo,200000,70,13150,0.0003771557008505,3.0,181,44.8,63.4,1.9904,12000,1.2041,12000,93.1443,142000,100.0,168000,180000,0.0949,24000,0.6299,24000,1.4034,12000,2.5657600000000005,60000,48.4,2025-11-21_09-33,,
R_LN_3DBall_4468,3DBall,4468,12.0,ppo,200000,96,18003,0.0001133039242829,3.0,182,44.8,63.5,1.4008,12000,1.1707,12000,31.888,142000,55.4286,192000,180000,0.0823,24000,0.2793,24000,1.4158,12000,2.5657600000000005,84000,72.9,2025-11-21_09-33,,
R_LN_3DBall_4469,3DBall,4469,12.0,ppo,200000,170,31931,5.682692947004142e-05,3.0,186,45.6,64.1,1.1267,12000,1.1239,12000,1.262,142000,1.3281,180000,180000,0.0622,36000,0.3832,36000,1.4194,12000,2.5657600000000005,Not reached,Not reached,2025-11-21_09-33,,
R_LN_3DBall_4470,3DBall,4470,12.0,ppo,200000,189,35475,0.0007634440733526,3.0,178,44.6,64.6,1.2211,12000,1.1286,12000,7.9049,142000,12.9593,192000,180000,0.0595,36000,0.1496,36000,1.4135,12000,2.5657600000000005,120000,107.1,2025-11-21_09-33,,
R_LN_3DBall_4471,3DBall,4471,12.0,ppo,200000,181,33957,0.0004492787628311,3.0,195,44.7,64.4,1.2698,12000,1.1551,12000,7.9998,142000,11.3137,192000,180000,0.0582,36000,0.1634,36000,1.4164,12000,2.5657600000000005,108000,104.2,2025-11-21_09-33,,
R_LN_3DBall_4472,3DBall,4472,12.0,ppo,200000,54,10247,0.0006561553939033,3.0,188,44.6,64.1,2.811,12000,1.1953,12000,98.3836,142000,100.0,156000,180000,0.1088,12000,0.5673,12000,1.4047,12000,2.5657600000000005,48000,37.5,2025-11-21_09-33,,
R_LN_3DBall_4473,3DBall,4473,12.0,ppo,200000,38,7213,0.0007732417815807,3.0,206,38.9,64.1,7.9258,12000,1.3389,12000,100.0,142000,100.0,96000,180000,0.1296,12000,0.9969,12000,1.3631,12000,2.5657600000000005,36000,27.4,2025-11-21_09-33,,
R_LN_3DBall_4474,3DBall,4474,12.0,ppo,200000,102,19191,0.0004608629503498,3.0,207,43.7,64.2,1.5748,12000,1.1761,12000,83.0572,142000,100.0,192000,180000,0.0782,24000,0.2518,24000,1.4099,12000,2.5657600000000005,72000,69.1,2025-11-21_09-33,,
R_LN_3DBall_4475,3DBall,4475,12.0,ppo,200000,49,9337,0.0006089805122242,3.0,204,44.2,64.2,8.8027,12000,1.4507,12000,98.5687,142000,100.0,120000,180000,0.1121,12000,0.9761,12000,1.3681,12000,2.5657600000000005,36000,27.3,2025-11-21_09-33,,
R_LN_3DBall_4476,3DBall,4476,12.0,ppo,200000,113,21310,5.429018382070314e-05,3.0,183,44.8,64.0,1.2969,12000,1.2181,12000,4.07,142000,4.8416,192000,180000,0.074,24000,0.3959,24000,1.4179,12000,2.5657600000000005,132000,122.3,2025-11-21_09-33,,
R_LN_3DBall_4477,3DBall,4477,12.0,ppo,200000,50,9426,0.0005211943106139,3.0,195,39.3,64.0,2.4963,12000,1.2438,12000,99.5677,142000,100.0,132000,180000,0.115,12000,0.6081,12000,1.4036,12000,2.5657600000000005,48000,39.1,2025-11-21_09-33,,
R_LN_3DBall_4478,3DBall,4478,12.0,ppo,200000,126,23663,0.0001973187053848,3.0,177,44.5,64.2,1.4222,12000,1.1803,12000,30.122,142000,52.0208,192000,180000,0.0724,24000,0.2839,24000,1.414,12000,2.5657600000000005,84000,70.6,2025-11-21_09-33,,
R_LN_3DBall_4479,3DBall,4479,12.0,ppo,200000,182,34134,0.000615273777371,3.0,190,44.3,64.5,1.3411,12000,1.1686,12000,9.828,142000,16.7338,192000,180000,0.0605,36000,0.1909,36000,1.4091,12000,2.5657600000000005,108000,101.2,2025-11-21_09-33,,
R_LN_3DBall_4480,3DBall,4480,12.0,ppo,200000,35,6565,0.0001770276939636,3.0,216,44.9,64.4,20.9135,12000,1.6505,12000,100.0,142000,100.0,84000,180000,0.1352,12000,1.1439,12000,1.3999,12000,2.5657600000000005,36000,28.8,2025-11-21_09-33,,
R_LN_3DBall_4481,3DBall,4481,12.0,ppo,200000,177,33251,5.609132904338462e-05,3.0,186,44.8,64.4,1.2451,12000,1.131,12000,3.7597,142000,4.8034,192000,180000,0.0602,36000,0.243,36000,1.4189,12000,2.5657600000000005,144000,136.0,2025-11-21_09-33,,
R_LN_3DBall_4482,3DBall,4482,12.0,ppo,200000,47,8857,9.698467601698462e-05,3.0,200,45.2,64.6,2.2614,12000,1.2484,12000,100.0,142000,100.0,132000,180000,0.119,12000,0.5807,12000,1.4068,12000,2.5657600000000005,48000,40.0,2025-11-21_09-33,,
R_LN_3DBall_4483,3DBall,4483,12.0,ppo,200000,50,9439,0.0005771591840531,3.0,194,39.6,64.6,2.0415,12000,1.2056,12000,98.5292,142000,100.0,120000,180000,0.1122,12000,0.4238,12000,1.3875,12000,2.5657600000000005,60000,51.6,2025-11-21_09-33,,
R_LN_3DBall_4484,3DBall,4484,12.0,ppo,200000,105,19865,0.0001136407875925,3.0,181,45.2,64.7,1.2517,12000,1.138,12000,5.2202,142000,7.2667,192000,180000,0.081,24000,0.3177,24000,1.4155,12000,2.5657600000000005,120000,108.9,2025-11-21_09-33,,
R_LN_3DBall_4485,3DBall,4485,12.0,ppo,200000,58,10998,0.0003106480868561,3.0,187,40.0,64.2,1.9308,12000,1.2453,12000,99.0066,142000,100.0,156000,180000,0.1064,12000,0.4149,12000,1.3958,12000,2.5657600000000005,60000,49.7,2025-11-21_09-33,,
R_LN_3DBall_4486,3DBall,4486,12.0,ppo,200000,37,7020,0.0005682978552719,3.0,249,43.7,64.3,21.9921,12000,1.646,12000,97.9237,142000,100.0,156000,180000,0.1332,12000,1.0629,12000,1.3489,12000,2.5657600000000005,36000,33.2,2025-11-21_09-33,,
R_LN_3DBall_4487,3DBall,4487,12.0,ppo,200000,145,27251,0.00085722965689,3.0,177,44.3,64.5,1.2395,12000,1.0903,12000,20.0672,142000,34.7382,180000,180000,0.069,36000,0.2203,36000,1.4094,12000,2.5657600000000005,96000,82.8,2025-11-21_09-33,,
R_LN_3DBall_4488,3DBall,4488,12.0,ppo,200000,90,17019,0.0001459147837953,3.0,179,44.0,64.4,1.492,12000,1.1748,12000,60.0002,142000,90.2231,192000,180000,0.0846,24000,0.3525,24000,1.4131,12000,2.5657600000000005,84000,71.7,2025-11-21_09-33,,
R_LN_3DBall_4489,3DBall,4489,12.0,ppo,200000,187,35116,4.364077619013747e-05,3.0,180,44.6,64.8,1.1271,12000,1.1018,12000,1.2811,142000,1.3114,168000,180000,0.0589,36000,0.4189,36000,1.4182,12000,2.5657600000000005,Not reached,Not reached,2025-11-21_09-33,,
R_LN_3DBall_4490,3DBall,4490,12.0,ppo,200000,176,33112,0.0002643953302304,3.0,200,43.7,64.6,1.2908,12000,1.1693,12000,9.0116,142000,12.4034,192000,180000,0.0596,36000,0.176,36000,1.415,12000,2.5657600000000005,108000,106.5,2025-11-21_09-33,,
R_LN_3DBall_4491,3DBall,4491,12.0,ppo,200000,179,33574,0.0002839714995344,3.0,191,45.2,70.1,1.2196,12000,1.1049,12000,8.4533,142000,13.1835,192000,180000,0.0593,36000,0.1636,36000,1.4167,12000,2.5657600000000005,108000,101.7,2025-11-21_09-33,,
R_LN_3DBall_4492,3DBall,4492,12.0,ppo,200000,91,17196,0.0008252157594128,3.0,177,41.0,69.1,1.448,12000,1.1471,12000,80.8085,142000,100.0,192000,180000,0.0836,24000,0.2991,24000,1.4013,12000,2.5657600000000005,72000,59.1,2025-11-21_09-33,,
R_LN_3DBall_4493,3DBall,4493,12.0,ppo,200000,185,34745,0.0003922585454605,3.0,193,45.2,65.0,1.242,12000,1.1485,12000,7.3043,142000,11.5947,192000,180000,0.0607,36000,0.1573,36000,1.4158,12000,2.5657600000000005,120000,115.7,2025-11-21_09-33,,
R_LN_3DBall_4494,3DBall,4494,12.0,ppo,200000,65,12221,0.00020653541547,3.0,185,44.2,64.4,1.957,12000,1.2006,12000,94.7483,142000,100.0,144000,180000,0.099,24000,0.5111,24000,1.4117,12000,2.5657600000000005,60000,49.2,2025-11-21_09-33,,
R_LN_3DBall_4495,3DBall,4495,12.0,ppo,200000,187,35138,0.0006707736134914,3.0,173,45.3,64.2,1.1577,12000,1.1076,12000,3.1824,142000,4.2013,192000,180000,0.0566,36000,0.2251,36000,1.4183,12000,2.5657600000000005,156000,138.1,2025-11-21_09-33,,
R_LN_3DBall_4496,3DBall,4496,12.0,ppo,200000,180,33928,0.000111670327334,3.0,177,44.3,64.3,1.124,12000,1.0995,12000,1.7289,142000,1.9293,192000,180000,0.059,36000,0.3171,36000,1.4182,12000,2.5657600000000005,Not reached,Not reached,2025-11-21_09-33,,
R_LN_3DBall_4497,3DBall,4497,12.0,ppo,200000,166,31157,0.0006808272404231,3.0,176,44.2,64.6,1.1808,12000,1.0938,12000,10.2623,142000,14.07,180000,180000,0.0639,36000,0.1498,36000,1.4152,12000,2.5657600000000005,108000,93.7,2025-11-21_09-33,,
R_LN_3DBall_4498,3DBall,4498,12.0,ppo,200000,46,8632,0.0001445175869782,3.0,204,42.1,64.4,1.4603,12000,1.2115,12000,55.9473,142000,82.9643,180000,180000,0.1166,12000,0.3565,12000,1.4106,12000,2.5657600000000005,84000,81.8,2025-11-21_09-33,,
R_LN_3DBall_4499,3DBall,4499,12.0,ppo,200000,143,26881,0.0005691781274602,3.0,172,44.7,64.8,1.2774,12000,1.1942,12000,7.5007,142000,10.5287,192000,180000,0.0674,36000,0.2818,36000,1.415,12000,2.5657600000000005,120000,103.5,2025-11-21_09-33,,
R_LN_3DBall_4500,3DBall,4500,12.0,ppo,200000,151,28392,8.851102121685742e-05,3.0,186,44.3,64.6,1.194,12000,1.1897,12000,1.3874,142000,1.463,192000,180000,0.0642,36000,0.4771,36000,1.4178,12000,2.5657600000000005,Not reached,Not reached,2025-11-21_09-33,,
R_LN_3DBall_4501,3DBall,4501,12.0,ppo,200000,184,34554,0.0007362981703694,3.0,170,44.9,64.5,1.2161,12000,1.1208,12000,4.6093,142000,6.9238,192000,180000,0.0582,36000,0.2256,36000,1.4127,12000,2.5657600000000005,144000,124.4,2025-11-21_09-33,,
R_LN_3DBall_4502,3DBall,4502,12.0,ppo,200000,131,24724,0.0006527098524987,3.0,203,43.7,64.8,1.3784,12000,1.1164,12000,60.0387,142000,90.4214,180000,180000,0.0712,36000,0.2694,36000,1.4038,12000,2.5657600000000005,84000,81.2,2025-11-21_09-33,,
R_LN_3DBall_4503,3DBall,4503,12.0,ppo,200000,105,19836,0.0003883388861071,3.0,181,45.3,64.8,1.487,12000,1.1568,12000,71.1334,142000,88.2077,168000,180000,0.079,24000,0.251,24000,1.4078,12000,2.5657600000000005,72000,60.2,2025-11-21_09-33,,
R_LN_3DBall_4504,3DBall,4504,12.0,ppo,200000,38,7290,0.0001736380322973,3.0,250,44.5,64.4,13.1134,12000,1.4851,12000,95.4408,142000,100.0,108000,180000,0.1303,12000,1.0547,12000,1.3939,12000,2.5657600000000005,36000,33.3,2025-11-21_09-33,,
R_LN_3DBall_4505,3DBall,4505,12.0,ppo,200000,133,25000,0.0005539790812882,3.0,195,44.9,64.4,1.3775,12000,1.1653,12000,42.9592,142000,76.9063,192000,180000,0.0701,36000,0.2314,36000,1.4061,12000,2.5657600000000005,84000,77.9,2025-11-21_09-33,,
R_LN_3DBall_4506,3DBall,4506,12.0,ppo,200000,145,27249,0.0005879978381483,3.0,176,44.4,64.4,1.3033,12000,1.1356,12000,20.7934,142000,33.5886,192000,180000,0.0651,36000,0.2309,36000,1.4171,12000,2.5657600000000005,96000,81.9,2025-11-21_09-33,,
R_LN_3DBall_4507,3DBall,4507,12.0,ppo,200000,32,6162,0.0001077313275101,3.0,220,44.4,64.3,2.2441,12000,1.1876,12000,100.0,142000,100.0,120000,180000,0.1413,12000,0.5369,12000,1.4036,12000,2.5657600000000005,60000,58.8,2025-11-21_09-33,,
R_LN_3DBall_4508,3DBall,4508,12.0,ppo,200000,143,26919,0.0007793040131348,3.0,173,44.4,64.7,1.4202,12000,1.2256,12000,32.9313,142000,53.5364,192000,180000,0.0675,36000,0.2954,36000,1.4036,12000,2.5657600000000005,84000,69.4,2025-11-21_09-33,,
R_LN_3DBall_4509,3DBall,4509,12.0,ppo,200000,87,16374,0.0008974876446971,3.0,179,44.3,64.3,1.6723,12000,1.2298,12000,91.5396,142000,100.0,192000,180000,0.0877,24000,0.3619,24000,1.4143,12000,2.5657600000000005,60000,47.8,2025-11-21_09-33,,
R_LN_3DBall_4510,3DBall,4510,12.0,ppo,200000,61,11560,0.0003888352756529,3.0,219,43.8,64.4,4.1525,12000,1.2456,12000,90.5609,142000,98.8833,156000,180000,0.1032,12000,0.9624,12000,1.385,12000,2.5657600000000005,48000,43.7,2025-11-21_09-33,,
R_LN_3DBall_4511,3DBall,4511,12.0,ppo,200000,92,17434,0.000276212863996,3.0,181,45.1,64.5,1.54,12000,1.1817,12000,85.3573,142000,100.0,192000,180000,0.0814,24000,0.3621,24000,1.4135,12000,2.5657600000000005,72000,60.2,2025-11-21_09-33,,
R_LN_3DBall_4512,3DBall,4512,12.0,ppo,200000,58,10991,0.0004470914513555,3.0,199,45.7,65.1,3.6034,12000,1.3079,12000,97.0624,142000,100.0,120000,180000,0.104,12000,0.8248,12000,1.3892,12000,2.5657600000000005,48000,39.8,2025-11-21_09-33,,
R_LN_3DBall_4513,3DBall,4513,12.0,ppo,200000,51,9708,0.0003638683824346,3.0,195,44.5,64.7,2.7856,12000,1.2106,12000,99.1017,142000,100.0,120000,180000,0.1122,12000,0.5598,12000,1.3986,12000,2.5657600000000005,48000,39.1,2025-11-21_09-33,,
R_LN_3DBall_4514,3DBall,4514,12.0,ppo,200000,155,29076,0.0001601774678521,3.0,178,44.4,64.9,1.1933,12000,1.1575,12000,1.7852,142000,1.875,192000,180000,0.0656,36000,0.5453,36000,1.419,12000,2.5657600000000005,Not reached,Not reached,2025-11-21_09-33,,
R_LN_3DBall_4515,3DBall,4515,12.0,ppo,200000,159,29828,0.0007549996506441,3.0,171,44.8,64.6,1.1759,12000,1.1482,12000,6.0842,142000,10.3557,192000,180000,0.0628,36000,0.2438,36000,1.4203,12000,2.5657600000000005,132000,113.7,2025-11-21_09-33,,
R_LN_3DBall_4516,3DBall,4516,12.0,ppo,200000,77,14611,3.4615327441859874e-05,3.0,212,44.3,64.5,1.6366,12000,1.1578,12000,90.1626,142000,96.3167,180000,180000,0.0927,24000,0.3742,24000,1.4182,12000,2.5657600000000005,72000,70.6,2025-11-21_09-33,,
R_LN_3DBall_4517,3DBall,4517,12.0,ppo,200000,87,16418,0.0003987552169105,3.0,188,44.7,64.5,2.1115,12000,1.2464,12000,96.7542,142000,100.0,156000,180000,0.0886,24000,0.5468,24000,1.3994,12000,2.5657600000000005,60000,50.2,2025-11-21_09-33,,
R_LN_3DBall_4518,3DBall,4518,12.0,ppo,200000,169,31838,0.0008522965867635,3.0,176,45.0,64.6,1.2514,12000,1.1867,12000,8.1211,142000,11.3364,192000,180000,0.062,36000,0.2047,36000,1.4164,12000,2.5657600000000005,108000,93.6,2025-11-21_09-33,,
R_LN_3DBall_4519,3DBall,4519,12.0,ppo,200000,98,18405,0.0006756091137988,3.0,173,42.0,64.7,1.5012,12000,1.2375,12000,65.494,142000,89.2929,192000,180000,0.0803,24000,0.2583,24000,1.4113,12000,2.5657600000000005,84000,69.4,2025-11-21_09-33,,
R_LN_3DBall_4520,3DBall,4520,12.0,ppo,200000,126,23660,0.0007729181268502,3.0,173,44.2,64.8,1.4091,12000,1.1455,12000,43.396,142000,65.7833,192000,180000,0.0719,24000,0.2411,24000,1.4087,12000,2.5657600000000005,84000,69.3,2025-11-21_09-33,,
R_LN_3DBall_4521,3DBall,4521,12.0,ppo,200000,158,29662,0.0003924604436647,3.0,193,45.0,65.2,1.3111,12000,1.164,12000,19.0816,142000,31.8571,192000,180000,0.0659,36000,0.1791,36000,1.4169,12000,2.5657600000000005,96000,90.0,2025-11-21_09-33,,
R_LN_3DBall_4522,3DBall,4522,12.0,ppo,200000,130,24378,0.0001128293240181,3.0,183,45.7,64.9,1.2256,12000,1.1412,12000,2.8162,142000,3.2391,180000,180000,0.0711,36000,0.3441,36000,1.415,12000,2.5657600000000005,156000,146.2,2025-11-21_09-33,,
R_LN_3DBall_4523,3DBall,4523,12.0,ppo,200000,101,19023,0.0006176614143268,3.0,177,42.4,64.8,1.3114,12000,1.0933,12000,44.5981,142000,70.8235,180000,180000,0.0772,24000,0.232,24000,1.4083,12000,2.5657600000000005,84000,70.6,2025-11-21_09-33,,
R_LN_3DBall_4524,3DBall,4524,12.0,ppo,200000,55,10463,0.0004906844388545,3.0,190,44.8,64.8,2.7435,12000,1.2065,12000,96.0132,142000,100.0,120000,180000,0.1097,12000,0.5069,12000,1.3946,12000,2.5657600000000005,48000,38.1,2025-11-21_09-33,,
R_LN_3DBall_4525,3DBall,4525,12.0,ppo,200000,40,7605,0.0006962893472681,3.0,216,44.5,64.8,20.6898,12000,1.4363,12000,96.3308,142000,100.0,156000,180000,0.1259,12000,0.9748,12000,1.3415,12000,2.5657600000000005,36000,28.8,2025-11-21_09-33,,
R_LN_3DBall_4526,3DBall,4526,12.0,ppo,200000,134,25182,0.0003738650596533,3.0,198,47.7,65.7,1.3639,12000,1.0655,12000,33.5803,142000,59.4158,192000,180000,0.0717,36000,0.2407,36000,1.4089,12000,2.5657600000000005,84000,79.4,2025-11-21_09-33,,
R_LN_3DBall_4527,3DBall,4527,12.0,ppo,200000,172,32377,0.000615056404478,3.0,180,45.1,64.9,1.1431,12000,1.0909,12000,4.034,142000,4.8532,192000,180000,0.0596,36000,0.2003,36000,1.4125,12000,2.5657600000000005,144000,131.7,2025-11-21_09-33,,
R_LN_3DBall_4528,3DBall,4528,12.0,ppo,200000,146,27446,0.0007778952116802,3.0,198,43.8,64.8,1.3664,12000,1.162,12000,26.9417,142000,46.94,192000,180000,0.0655,36000,0.3272,36000,1.4073,12000,2.5657600000000005,96000,92.3,2025-11-21_09-33,,
R_LN_3DBall_4529,3DBall,4529,12.0,ppo,200000,47,8853,7.885898752368348e-05,3.0,202,44.6,69.4,3.1074,12000,1.2909,12000,99.9517,142000,100.0,132000,180000,0.115,12000,0.8393,12000,1.4128,12000,2.5657600000000005,48000,40.3,2025-11-21_09-33,,
R_LN_3DBall_4530,3DBall,4530,12.0,ppo,200000,145,27323,0.0008209117860592,3.0,182,44.7,68.1,1.3064,12000,1.0932,12000,31.8851,142000,54.4546,180000,180000,0.0675,36000,0.2623,36000,1.4075,12000,2.5657600000000005,96000,84.8,2025-11-21_09-33,,
R_LN_3DBall_4531,3DBall,4531,12.0,ppo,200000,91,17079,0.0008347513503851,3.0,177,45.7,64.8,1.7264,12000,1.1787,12000,93.1826,142000,100.0,168000,180000,0.0848,24000,0.4468,24000,1.3915,12000,2.5657600000000005,60000,47.3,2025-11-21_09-33,,
R_LN_3DBall_4532,3DBall,4532,12.0,ppo,200000,113,21209,0.0006572183664213,3.0,201,44.8,65.5,1.5259,12000,1.1235,12000,67.8344,142000,88.5308,168000,180000,0.0741,24000,0.2916,24000,1.3975,12000,2.5657600000000005,72000,66.9,2025-11-21_09-33,,
R_LN_3DBall_4533,3DBall,4533,12.0,ppo,200000,115,21588,0.0002701354456611,3.0,180,44.5,64.8,1.2338,12000,1.0859,12000,17.1537,142000,26.7682,192000,180000,0.0745,24000,0.2483,24000,1.4195,12000,2.5657600000000005,96000,83.8,2025-11-21_09-33,,
R_LN_3DBall_4534,3DBall,4534,12.0,ppo,200000,137,25800,0.0001095868884556,3.0,182,44.4,64.9,1.1587,12000,1.1509,12000,1.4792,142000,1.5107,192000,180000,0.0651,36000,0.4075,36000,1.414,12000,2.5657600000000005,Not reached,Not reached,2025-11-21_09-33,,
R_LN_3DBall_4535,3DBall,4535,12.0,ppo,200000,160,30052,0.0002284370743561,3.0,195,44.2,65.0,1.2274,12000,1.1323,12000,10.8652,142000,21.8396,192000,180000,0.0629,36000,0.1686,36000,1.4161,12000,2.5657600000000005,96000,90.9,2025-11-21_09-33,,
R_LN_3DBall_4536,3DBall,4536,12.0,ppo,200000,168,31568,5.753927203098461e-05,3.0,184,45.4,65.0,1.1652,12000,1.1474,12000,1.2094,142000,1.2557,96000,180000,0.0622,36000,0.548,36000,1.4177,12000,2.5657600000000005,Not reached,Not reached,2025-11-21_09-33,,
R_LN_3DBall_4537,3DBall,4537,12.0,ppo,200000,170,32029,0.000864903102907,3.0,179,43.9,64.9,1.3176,12000,1.1459,12000,16.3232,142000,28.5,180000,180000,0.0589,36000,0.1752,36000,1.4091,12000,2.5657600000000005,108000,95.6,2025-11-21_09-33,,
R_LN_3DBall_4538,3DBall,4538,12.0,ppo,200000,97,18330,0.000792973578685,3.0,177,44.8,64.8,1.4376,12000,1.1586,12000,84.6407,142000,100.0,168000,180000,0.0825,24000,0.2208,24000,1.3984,12000,2.5657600000000005,72000,58.8,2025-11-21_09-33,,
R_LN_3DBall_4539,3DBall,4539,12.0,ppo,200000,83,15731,0.000567252857657,3.0,177,44.1,64.7,1.6741,12000,1.1784,12000,93.274,142000,100.0,180000,180000,0.0887,24000,0.3653,24000,1.4085,12000,2.5657600000000005,60000,47.3,2025-11-21_09-33,,
R_LN_3DBall_4540,3DBall,4540,12.0,ppo,200000,174,32684,5.307523462936681e-05,3.0,184,45.0,65.2,1.1314,12000,1.108,12000,1.1664,142000,1.1927,180000,180000,0.0594,36000,0.7154,36000,1.4182,12000,2.5657600000000005,Not reached,Not reached,2025-11-21_09-33,,
R_LN_3DBall_4541,3DBall,4541,12.0,ppo,200000,151,28314,0.0008746155661222,3.0,174,43.9,64.7,1.2684,12000,1.1406,12000,7.0164,142000,10.2415,192000,180000,0.0685,36000,0.2372,36000,1.4082,12000,2.5657600000000005,120000,104.5,2025-11-21_09-33,,
R_LN_3DBall_4542,3DBall,4542,12.0,ppo,200000,87,16497,0.0003160900240047,3.0,179,45.1,64.5,1.5908,12000,1.172,12000,78.7465,142000,100.0,192000,180000,0.0861,24000,0.3629,24000,1.4108,12000,2.5657600000000005,60000,47.6,2025-11-21_09-33,,
R_LN_3DBall_4543,3DBall,4543,12.0,ppo,200000,177,33337,0.0002331781835341,3.0,191,44.5,64.8,1.2341,12000,1.146,12000,8.0394,142000,12.5784,192000,180000,0.0615,36000,0.1632,36000,1.415,12000,2.5657600000000005,108000,101.6,2025-11-21_09-33,,
R_LN_3DBall_4544,3DBall,4544,12.0,ppo,200000,112,21185,0.0006482937968532,3.0,179,44.3,64.7,1.43,12000,1.1264,12000,56.5195,142000,76.0188,180000,180000,0.0756,24000,0.2351,24000,1.4047,12000,2.5657600000000005,72000,59.5,2025-11-21_09-33,,
R_LN_3DBall_4545,3DBall,4545,12.0,ppo,200000,117,21958,0.0003715530382348,3.0,203,43.8,64.8,1.457,12000,1.1155,12000,71.2797,142000,90.6692,192000,180000,0.0758,24000,0.2753,24000,1.413,12000,2.5657600000000005,72000,67.8,2025-11-21_09-33,,
R_LN_3DBall_4546,3DBall,4546,12.0,ppo,200000,105,19822,0.0004946130466276,3.0,177,44.2,64.7,1.4887,12000,1.1978,12000,64.3004,142000,95.3917,192000,180000,0.0788,24000,0.2434,24000,1.411,12000,2.5657600000000005,72000,59.1,2025-11-21_09-33,,
R_LN_3DBall_4547,3DBall,4547,12.0,ppo,200000,106,19974,0.0005299552742168,3.0,201,44.2,65.0,1.5106,12000,1.1626,12000,69.8823,142000,84.5357,192000,180000,0.0795,24000,0.2595,24000,1.4093,12000,2.5657600000000005,72000,67.2,2025-11-21_09-33,,
R_LN_3DBall_4548,3DBall,4548,12.0,ppo,200000,165,31052,0.0004311809656605,3.0,173,44.7,64.9,1.226,12000,1.1417,12000,4.4827,142000,6.2031,192000,180000,0.0625,36000,0.2345,36000,1.4208,12000,2.5657600000000005,132000,115.6,2025-11-21_09-33,,
R_LN_3DBall_4549,3DBall,4549,12.0,ppo,200000,119,22472,0.0003944249278639,3.0,171,44.7,64.8,1.4512,12000,1.1328,12000,39.4894,142000,75.825,192000,180000,0.0745,24000,0.2818,24000,1.4119,12000,2.5657600000000005,84000,68.5,2025-11-21_09-33,,
R_LN_3DBall_4550,3DBall,4550,12.0,ppo,200000,143,26867,0.0004777728422304,3.0,174,44.5,64.8,1.2794,12000,1.1216,12000,11.2473,142000,20.9528,192000,180000,0.0666,36000,0.2308,36000,1.4192,12000,2.5657600000000005,96000,81.0,2025-11-21_09-33,,
R_LN_3DBall_4551,3DBall,4551,12.0,ppo,200000,135,25417,0.0007344149070034,3.0,175,45.5,65.2,1.3926,12000,1.1794,12000,25.6373,142000,53.2182,192000,180000,0.071,36000,0.2689,36000,1.4111,12000,2.5657600000000005,84000,70.1,2025-11-21_09-33,,
R_LN_3DBall_4552,3DBall,4552,12.0,ppo,200000,55,10459,0.0001277542232832,3.0,196,44.3,65.0,1.2519,12000,1.1227,12000,14.8295,142000,19.7316,192000,180000,0.109,12000,0.3001,12000,1.4089,12000,2.5657600000000005,96000,91.3,2025-11-21_09-33,,
R_LN_3DBall_4553,3DBall,4553,12.0,ppo,200000,87,16477,0.000187592369024,3.0,191,44.6,64.7,1.1645,12000,1.1676,12000,2.5743,142000,3.0795,192000,180000,0.0864,24000,0.2817,24000,1.4125,12000,2.5657600000000005,168000,165.3,2025-11-21_09-33,,
R_LN_3DBall_4554,3DBall,4554,12.0,ppo,200000,154,28905,0.0002491829793682,3.0,179,44.5,65.0,1.2817,12000,1.0686,12000,16.8956,142000,30.7487,192000,180000,0.0633,36000,0.184,36000,1.414,12000,2.5657600000000005,96000,83.7,2025-11-21_09-33,,
R_LN_3DBall_4555,3DBall,4555,12.0,ppo,200000,141,26492,0.0005973924430018,3.0,174,44.4,64.9,1.3811,12000,1.1521,12000,32.3468,142000,53.5273,180000,180000,0.0684,36000,0.2846,36000,1.4154,12000,2.5657600000000005,96000,81.4,2025-11-21_09-33,,
R_LN_3DBall_4556,3DBall,4556,12.0,ppo,200000,90,17043,0.0001909312951884,3.0,183,45.0,65.1,1.5185,12000,1.1413,12000,70.7921,142000,100.0,192000,180000,0.0867,24000,0.3257,24000,1.4176,12000,2.5657600000000005,72000,60.8,2025-11-21_09-33,,
R_LN_3DBall_4557,3DBall,4557,12.0,ppo,200000,89,16737,0.0008511955206482,3.0,175,44.6,64.7,1.6748,12000,1.1765,12000,93.225,142000,100.0,168000,180000,0.0826,24000,0.4076,24000,1.3941,12000,2.5657600000000005,60000,46.7,2025-11-21_09-33,,
R_LN_3DBall_4558,3DBall,4558,12.0,ppo,200000,115,21623,0.0008041355144633,3.0,175,44.5,64.4,1.441,12000,1.1578,12000,60.8167,142000,86.65,192000,180000,0.0734,24000,0.2591,24000,1.411,12000,2.5657600000000005,84000,70.2,2025-11-21_09-33,,
R_LN_3DBall_4559,3DBall,4559,12.0,ppo,200000,136,25523,0.0003502047238204,3.0,196,44.3,64.8,1.3796,12000,1.0879,12000,40.7173,142000,70.5294,192000,180000,0.0707,36000,0.2678,36000,1.4096,12000,2.5657600000000005,84000,78.5,2025-11-21_09-33,,
R_LN_3DBall_4560,3DBall,4560,12.0,ppo,200000,50,9461,0.0003766401262907,3.0,196,44.2,64.6,4.5939,12000,1.3175,12000,98.9216,142000,100.0,120000,180000,0.1128,12000,0.9529,12000,1.3949,12000,2.5657600000000005,48000,39.3,2025-11-21_09-33,,
R_LN_3DBall_4561,3DBall,4561,12.0,ppo,200000,113,21233,0.0001923131592381,3.0,178,45.1,64.8,1.2677,12000,1.1162,12000,16.9291,142000,29.9026,192000,180000,0.0789,24000,0.2649,24000,1.4171,12000,2.5657600000000005,96000,82.9,2025-11-21_09-33,,
R_LN_3DBall_4562,3DBall,4562,12.0,ppo,200000,66,12394,0.0003238232185107,3.0,217,44.1,64.9,2.6571,12000,1.2588,12000,97.6196,142000,100.0,168000,180000,0.0986,24000,0.7836,24000,1.3952,12000,2.5657600000000005,48000,43.4,2025-11-21_09-33,,
R_LN_3DBall_4563,3DBall,4563,12.0,ppo,200000,127,23981,0.0002260863382503,3.0,177,44.4,64.6,1.2506,12000,1.0911,12000,12.3423,142000,17.9365,192000,180000,0.0719,36000,0.2224,36000,1.4186,12000,2.5657600000000005,108000,94.5,2025-11-21_09-33,,
R_LN_3DBall_4564,3DBall,4564,12.0,ppo,200000,112,21086,0.0003933618365584,3.0,176,44.5,64.7,1.4084,12000,1.1495,12000,63.122,142000,97.2833,192000,180000,0.0749,24000,0.2207,24000,1.4175,12000,2.5657600000000005,72000,58.8,2025-11-21_09-33,,
R_LN_3DBall_4565,3DBall,4565,12.0,ppo,200000,32,6057,0.0001177001308255,3.0,219,44.7,64.6,2.1189,12000,1.1795,12000,99.3308,142000,100.0,120000,180000,0.1409,12000,0.5293,12000,1.4086,12000,2.5657600000000005,60000,58.3,2025-11-21_09-33,,
R_LN_3DBall_4566,3DBall,4566,12.0,ppo,200000,111,20924,0.0001514379676232,3.0,182,44.3,65.3,1.2082,12000,1.1613,12000,2.6323,142000,3.1077,192000,180000,0.0785,24000,0.3699,24000,1.418,12000,2.5657600000000005,156000,145.8,2025-11-21_09-33,,
R_LN_3DBall_4567,3DBall,4567,12.0,ppo,200000,32,6046,0.0006945578065857,3.0,214,38.9,65.0,15.462,12000,1.3096,12000,100.0,142000,100.0,96000,180000,0.1403,12000,1.0537,12000,1.3913,12000,2.5657600000000005,36000,28.5,2025-11-21_09-33,,
R_LN_3DBall_4568,3DBall,4568,12.0,ppo,200000,73,13729,0.0002280718848145,3.0,185,45.2,71.6,1.9443,12000,1.2214,12000,97.2572,142000,100.0,132000,180000,0.0924,24000,0.6163,24000,1.4106,12000,2.5657600000000005,60000,49.2,2025-11-21_09-33,,
R_LN_3DBall_4569,3DBall,4569,12.0,ppo,200000,71,13385,0.0007477493035728,3.0,215,45.3,66.8,2.9387,12000,1.2303,12000,91.717,142000,100.0,156000,180000,0.0917,24000,0.9564,24000,1.3891,12000,2.5657600000000005,48000,42.9,2025-11-21_09-33,,
R_LN_3DBall_4570,3DBall,4570,12.0,ppo,200000,86,16189,0.0005294067992067,3.0,210,44.5,65.0,1.7327,12000,1.1021,12000,91.7152,142000,100.0,192000,180000,0.0865,24000,0.4396,24000,1.395,12000,2.5657600000000005,60000,55.9,2025-11-21_09-33,,
R_LN_3DBall_4571,3DBall,4571,12.0,ppo,200000,115,21635,0.0005567407201168,3.0,177,44.2,65.1,1.5396,12000,1.2045,12000,73.1663,142000,98.2417,192000,180000,0.0744,24000,0.2558,24000,1.4009,12000,2.5657600000000005,72000,59.1,2025-11-21_09-33,,
R_LN_3DBall_4572,3DBall,4572,12.0,ppo,200000,165,30941,0.0005335356496491,3.0,173,44.5,65.3,1.2125,12000,1.1195,12000,6.624,142000,8.8554,192000,180000,0.0646,36000,0.1921,36000,1.4133,12000,2.5657600000000005,108000,92.5,2025-11-21_09-33,,
R_LN_3DBall_4573,3DBall,4573,12.0,ppo,200000,179,33593,0.000767186811452,3.0,167,44.7,65.3,1.2642,12000,1.1488,12000,8.3775,142000,12.7907,192000,180000,0.0628,36000,0.1982,36000,1.4179,12000,2.5657600000000005,108000,89.3,2025-11-21_09-33,,
R_LN_3DBall_4574,3DBall,4574,12.0,ppo,200000,187,35113,3.808432416213552e-05,3.0,179,44.9,65.4,1.1109,12000,1.1218,12000,1.1532,142000,1.1857,144000,180000,0.057,36000,0.799,36000,1.4191,12000,2.5657600000000005,Not reached,Not reached,2025-11-21_09-33,,
R_LN_3DBall_4575,3DBall,4575,12.0,ppo,200000,48,9052,0.0006092106432652,3.0,198,45.0,65.6,8.0254,12000,1.4106,12000,96.411,142000,100.0,108000,180000,0.1151,12000,1.0095,12000,1.3798,12000,2.5657600000000005,36000,26.4,2025-11-21_09-33,,
R_LN_3DBall_4576,3DBall,4576,12.0,ppo,200000,107,20239,0.0002866938404687,3.0,175,44.5,65.2,1.3526,12000,1.1826,12000,22.1462,142000,34.1875,192000,180000,0.0799,24000,0.2758,24000,1.4165,12000,2.5657600000000005,96000,81.9,2025-11-21_09-33,,
R_LN_3DBall_4577,3DBall,4577,12.0,ppo,200000,103,19412,0.0008890834857658,3.0,176,42.1,65.1,1.3495,12000,1.1721,12000,57.4336,142000,80.2267,180000,180000,0.0794,24000,0.2585,24000,1.4033,12000,2.5657600000000005,84000,70.6,2025-11-21_09-33,,
R_LN_3DBall_4578,3DBall,4578,12.0,ppo,200000,105,19804,0.0006695476611521,3.0,177,44.6,65.2,1.5094,12000,1.168,12000,76.2398,142000,100.0,192000,180000,0.0787,24000,0.2727,24000,1.4047,12000,2.5657600000000005,72000,58.8,2025-11-21_09-33,,
R_LN_3DBall_4579,3DBall,4579,12.0,ppo,200000,177,33267,0.000384763960689,3.0,180,43.8,65.4,1.3159,12000,1.162,12000,13.1038,142000,21.7868,192000,180000,0.0646,36000,0.1844,36000,1.4117,12000,2.5657600000000005,108000,96.2,2025-11-21_09-33,,
R_LN_3DBall_4580,3DBall,4580,12.0,ppo,200000,103,19485,0.0004022316116742,3.0,207,44.6,65.5,1.4514,12000,1.0817,12000,88.9407,142000,100.0,156000,180000,0.0785,24000,0.2608,24000,1.4041,12000,2.5657600000000005,72000,68.9,2025-11-21_09-33,,
R_LN_3DBall_4581,3DBall,4581,12.0,ppo,200000,63,11910,5.267683535341816e-05,3.0,207,44.5,65.1,1.1563,12000,1.1554,12000,1.2907,142000,1.3396,180000,180000,0.0987,12000,0.5222,12000,1.4172,12000,2.5657600000000005,Not reached,Not reached,2025-11-21_09-33,,
R_LN_3DBall_4582,3DBall,4582,12.0,ppo,200000,98,18435,0.0002350015386131,3.0,176,44.8,64.2,1.507,12000,1.1928,12000,63.8212,142000,87.3072,180000,180000,0.0788,24000,0.2926,24000,1.4117,12000,2.5657600000000005,84000,70.6,2025-11-21_09-33,,
R_LN_3DBall_4583,3DBall,4583,12.0,ppo,200000,171,32204,0.000491586713138,3.0,182,44.3,64.6,1.2357,12000,1.1139,12000,9.3997,142000,13.9813,180000,180000,0.058,36000,0.1575,36000,1.4198,12000,2.5657600000000005,108000,96.8,2025-11-21_09-33,,
R_LN_3DBall_4584,3DBall,4584,12.0,ppo,200000,76,14435,0.0004961701626545,3.0,181,45.3,64.8,1.7113,12000,1.2015,12000,100.0,142000,100.0,144000,180000,0.0914,24000,0.3599,24000,1.4047,12000,2.5657600000000005,60000,48.2,2025-11-21_09-33,,
R_LN_3DBall_4585,3DBall,4585,12.0,ppo,200000,141,26501,0.0004931427550235,3.0,180,45.2,65.5,1.3856,12000,1.1368,12000,23.4565,142000,40.6467,192000,180000,0.0676,36000,0.2707,36000,1.4109,12000,2.5657600000000005,84000,71.8,2025-11-21_09-33,,
R_LN_3DBall_4586,3DBall,4586,12.0,ppo,200000,114,21543,6.578887936229118e-05,3.0,189,44.4,65.2,1.3094,12000,1.1147,12000,17.0533,142000,32.3583,192000,180000,0.074,24000,0.2369,24000,1.418,12000,2.5657600000000005,96000,88.4,2025-11-21_09-33,,
R_LN_3DBall_4587,3DBall,4587,12.0,ppo,200000,98,18417,0.000214983150001,3.0,179,45.6,65.2,1.3322,12000,1.162,12000,30.3668,142000,48.2192,180000,180000,0.0817,24000,0.2738,24000,1.4251,12000,2.5657600000000005,96000,83.8,2025-11-21_09-33,,
R_LN_3DBall_4588,3DBall,4588,12.0,ppo,200000,191,35842,5.175331764479604e-05,3.0,181,44.3,65.1,1.1124,12000,1.1275,12000,1.1397,142000,1.2193,180000,180000,0.0577,36000,0.7622,36000,1.4181,12000,2.5657600000000005,Not reached,Not reached,2025-11-21_09-33,,
R_LN_3DBall_4589,3DBall,4589,12.0,ppo,200000,95,17863,0.000631850007752,3.0,178,44.1,65.1,1.5559,12000,1.1803,12000,89.0549,142000,100.0,192000,180000,0.0814,24000,0.4237,24000,1.3948,12000,2.5657600000000005,72000,59.5,2025-11-21_09-33,,
R_LN_3DBall_4590,3DBall,4590,12.0,ppo,200000,51,9690,0.0007042186302815,3.0,197,39.7,65.1,2.165,12000,1.17,12000,100.0,142000,100.0,144000,180000,0.1139,12000,0.4449,12000,1.3901,12000,2.5657600000000005,60000,52.4,2025-11-21_09-33,,
R_LN_3DBall_4591,3DBall,4591,12.0,ppo,200000,106,20044,0.0008249570614663,3.0,198,44.6,65.4,1.6263,12000,1.1629,12000,74.2017,142000,90.4308,156000,180000,0.078,24000,0.3076,24000,1.4031,12000,2.5657600000000005,72000,65.9,2025-11-21_09-33,,
R_LN_3DBall_4592,3DBall,4592,12.0,ppo,200000,73,13849,0.0005870536832368,3.0,214,44.0,65.5,2.5936,12000,1.219,12000,94.983,142000,100.0,156000,180000,0.0915,24000,0.9256,24000,1.3933,12000,2.5657600000000005,48000,42.8,2025-11-21_09-33,,
R_LN_3DBall_4593,3DBall,4593,12.0,ppo,200000,39,7360,0.0003852408945823,3.0,202,44.4,64.9,4.2056,12000,1.2216,12000,100.0,142000,100.0,108000,180000,0.127,12000,0.9581,12000,1.3799,12000,2.5657600000000005,48000,40.5,2025-11-21_09-33,,
R_LN_3DBall_4594,3DBall,4594,12.0,ppo,200000,141,26564,0.000106489587983,3.0,178,44.7,65.5,1.274,12000,1.1858,12000,4.7391,142000,6.3366,192000,180000,0.0691,36000,0.2929,36000,1.4174,12000,2.5657600000000005,120000,106.5,2025-11-21_09-33,,
R_LN_3DBall_4595,3DBall,4595,12.0,ppo,200000,85,16016,0.0003073646944205,3.0,182,45.4,65.4,1.5502,12000,1.1569,12000,87.4175,142000,100.0,192000,180000,0.0876,24000,0.3136,24000,1.4093,12000,2.5657600000000005,72000,60.5,2025-11-21_09-33,,
R_LN_3DBall_4596,3DBall,4596,12.0,ppo,200000,107,20070,0.0002149150603736,3.0,177,44.8,65.3,1.2288,12000,1.0814,12000,12.3071,142000,21.8404,192000,180000,0.0769,24000,0.2835,24000,1.4152,12000,2.5657600000000005,96000,82.8,2025-11-21_09-33,,
R_LN_3DBall_4597,3DBall,4597,12.0,ppo,200000,86,16174,0.0007029927135152,3.0,178,40.9,65.3,1.5334,12000,1.2115,12000,88.7017,142000,100.0,192000,180000,0.0873,24000,0.3149,24000,1.4112,12000,2.5657600000000005,72000,59.5,2025-11-21_09-33,,
R_LN_3DBall_4598,3DBall,4598,12.0,ppo,200000,83,15711,0.0008880366218291,3.0,179,44.1,65.5,2.264,12000,1.2202,12000,96.8689,142000,100.0,180000,180000,0.0887,24000,0.6256,24000,1.3887,12000,2.5657600000000005,60000,47.8,2025-11-21_09-33,,
R_LN_3DBall_4599,3DBall,4599,12.0,ppo,200000,177,33285,0.0003800496402228,3.0,177,44.5,65.6,1.1632,12000,1.0999,12000,4.6442,142000,5.9912,180000,180000,0.0618,36000,0.1768,36000,1.4176,12000,2.5657600000000005,144000,130.1,2025-11-21_09-33,,
R_LN_3DBall_4600,3DBall,4600,12.0,ppo,200000,138,25996,0.0003056767622793,3.0,175,45.2,65.6,1.2727,12000,1.1552,12000,4.5987,142000,5.8649,192000,180000,0.0674,36000,0.2888,36000,1.4164,12000,2.5657600000000005,132000,116.4,2025-11-21_09-33,,
R_LN_3DBall_4601,3DBall,4601,12.0,ppo,200000,65,12239,0.0002637034109256,3.0,187,44.5,65.2,2.0497,12000,1.0986,12000,98.4383,142000,100.0,156000,180000,0.0989,24000,0.5301,24000,1.4121,12000,2.5657600000000005,60000,49.9,2025-11-21_09-33,,
R_LN_3DBall_4602,3DBall,4602,12.0,ppo,200000,191,35971,0.0006405577694915,3.0,173,44.5,65.2,1.1753,12000,1.1038,12000,3.6668,142000,4.9918,192000,180000,0.0585,36000,0.2046,36000,1.4176,12000,2.5657600000000005,144000,127.2,2025-11-21_09-33,,
R_LN_3DBall_4603,3DBall,4603,12.0,ppo,200000,165,30975,0.0007597410247074,3.0,172,44.7,65.2,1.1798,12000,1.0755,12000,5.8549,142000,7.4383,192000,180000,0.0643,36000,0.1794,36000,1.4142,12000,2.5657600000000005,120000,103.5,2025-11-21_09-33,,
R_LN_3DBall_4604,3DBall,4604,12.0,ppo,200000,58,10974,0.0008093609614227,3.0,219,44.2,65.3,4.4709,12000,1.2413,12000,97.7041,142000,100.0,84000,180000,0.1095,12000,0.9512,12000,1.369,12000,2.5657600000000005,48000,43.8,2025-11-21_09-33,,
R_LN_3DBall_4605,3DBall,4605,12.0,ppo,200000,107,20241,0.0007974320823831,3.0,173,44.9,65.5,1.6574,12000,1.2167,12000,82.8683,142000,100.0,192000,180000,0.0789,24000,0.3094,24000,1.4029,12000,2.5657600000000005,72000,57.8,2025-11-21_09-33,,
R_LN_3DBall_4606,3DBall,4606,12.0,ppo,200000,54,10204,0.0002626780518777,3.0,201,44.9,66.2,4.0993,12000,1.3246,12000,96.2687,142000,100.0,168000,180000,0.1075,12000,0.7388,12000,1.3891,12000,2.5657600000000005,36000,26.7,2025-11-21_09-33,,
R_LN_3DBall_4607,3DBall,4607,12.0,ppo,200000,53,10043,0.0003632947219478,3.0,191,44.5,71.3,2.8309,12000,1.2278,12000,96.8876,142000,100.0,108000,180000,0.1094,12000,0.5072,12000,1.3911,12000,2.5657600000000005,48000,38.3,2025-11-21_09-33,,
R_LN_3DBall_4608,3DBall,4608,12.0,ppo,200000,42,7887,0.0002577738693258,3.0,205,44.6,65.3,5.5411,12000,1.2672,12000,98.6446,142000,100.0,144000,180000,0.1211,12000,1.1576,12000,1.3945,12000,2.5657600000000005,36000,27.3,2025-11-21_09-33,,
R_LN_3DBall_4609,3DBall,4609,12.0,ppo,200000,62,11684,0.0008102041644202,3.0,186,44.7,64.8,3.32,12000,1.2704,12000,96.6092,142000,100.0,108000,180000,0.1014,12000,0.7794,12000,1.369,12000,2.5657600000000005,48000,37.1,2025-11-21_09-33,,
R_LN_3DBall_4610,3DBall,4610,12.0,ppo,200000,177,33219,0.0004696086931697,3.0,199,43.4,65.1,1.2857,12000,1.1761,12000,11.3853,142000,17.5607,180000,180000,0.0586,36000,0.1727,36000,1.4121,12000,2.5657600000000005,108000,105.9,2025-11-21_09-33,,
R_LN_3DBall_4611,3DBall,4611,12.0,ppo,200000,92,17367,0.0003419984351389,3.0,179,44.8,64.8,1.4298,12000,1.202,12000,59.082,142000,86.2357,192000,180000,0.0827,24000,0.3104,24000,1.4063,12000,2.5657600000000005,84000,71.5,2025-11-21_09-33,,
R_LN_3DBall_4612,3DBall,4612,12.0,ppo,200000,116,21769,0.0004389646397905,3.0,187,44.2,64.9,1.4603,12000,1.1572,12000,70.2613,142000,88.8385,192000,180000,0.0718,24000,0.2296,24000,1.4068,12000,2.5657600000000005,72000,62.2,2025-11-21_09-33,,
R_LN_3DBall_4613,3DBall,4613,12.0,ppo,200000,59,11126,0.0005939436404331,3.0,199,44.3,64.9,5.4395,12000,1.4331,12000,97.7612,142000,100.0,156000,180000,0.1056,12000,0.9874,12000,1.3687,12000,2.5657600000000005,36000,26.5,2025-11-21_09-33,,
R_LN_3DBall_4614,3DBall,4614,12.0,ppo,200000,186,34951,0.0003368986751936,3.0,174,44.8,65.1,1.1429,12000,1.0983,12000,2.298,142000,2.7016,192000,180000,0.0579,36000,0.2645,36000,1.4196,12000,2.5657600000000005,192000,174.4,2025-11-21_09-33,,
R_LN_3DBall_4615,3DBall,4615,12.0,ppo,200000,62,11765,0.0001336619605483,3.0,190,44.4,64.7,1.3097,12000,1.109,12000,75.0768,142000,94.4077,192000,180000,0.1017,12000,0.3044,12000,1.4143,12000,2.5657600000000005,84000,76.1,2025-11-21_09-33,,
R_LN_3DBall_4616,3DBall,4616,12.0,ppo,200000,128,24172,0.0004992741828342,3.0,184,44.5,64.9,1.4187,12000,1.1014,12000,38.2951,142000,61.58,180000,180000,0.0714,36000,0.2942,36000,1.4065,12000,2.5657600000000005,84000,73.4,2025-11-21_09-33,,
R_LN_3DBall_4617,3DBall,4617,12.0,ppo,200000,142,26662,0.0001194036238023,3.0,199,44.4,65.7,1.2972,12000,1.1421,12000,12.7608,142000,17.4554,192000,180000,0.0673,36000,0.2312,36000,1.4182,12000,2.5657600000000005,96000,92.8,2025-11-21_09-33,,
R_LN_3DBall_4618,3DBall,4618,12.0,ppo,200000,105,19871,0.0005265053442722,3.0,199,44.9,65.4,1.595,12000,1.139,12000,85.3146,142000,100.0,156000,180000,0.0785,24000,0.2981,24000,1.4021,12000,2.5657600000000005,72000,66.3,2025-11-21_09-33,,
R_LN_3DBall_4619,3DBall,4619,12.0,ppo,200000,78,14791,6.228637075274386e-05,3.0,186,45.3,65.2,1.3522,12000,1.1761,12000,19.9778,142000,34.2389,192000,180000,0.0908,24000,0.3189,24000,1.4168,12000,2.5657600000000005,96000,86.6,2025-11-21_09-33,,
R_LN_3DBall_4620,3DBall,4620,12.0,ppo,200000,163,30636,0.0007441138874624,3.0,174,44.6,65.2,1.2246,12000,1.115,12000,14.9864,142000,24.9978,192000,180000,0.0648,36000,0.1721,36000,1.4112,12000,2.5657600000000005,108000,92.6,2025-11-21_09-33,,
R_LN_3DBall_4621,3DBall,4621,12.0,ppo,200000,35,6624,0.0005094630987541,3.0,209,39.5,64.9,4.0982,12000,1.2706,12000,99.615,142000,100.0,108000,180000,0.1325,12000,0.9795,12000,1.3845,12000,2.5657600000000005,48000,41.9,2025-11-21_09-33,,
R_LN_3DBall_4622,3DBall,4622,12.0,ppo,200000,131,24699,0.0001420823556016,3.0,181,44.9,65.1,1.3642,12000,1.1481,12000,13.028,142000,23.8388,192000,180000,0.0697,36000,0.2938,36000,1.4188,12000,2.5657600000000005,108000,96.3,2025-11-21_09-33,,
R_LN_3DBall_4623,3DBall,4623,12.0,ppo,200000,143,26864,0.0005777382847547,3.0,175,44.7,65.3,1.2102,12000,1.1313,12000,4.7611,142000,6.1162,192000,180000,0.0649,36000,0.2762,36000,1.4105,12000,2.5657600000000005,120000,105.2,2025-11-21_09-33,,
R_LN_3DBall_4624,3DBall,4624,12.0,ppo,200000,166,31191,0.0002460697379044,3.0,181,44.5,65.3,1.1769,12000,1.1035,12000,6.8251,142000,8.8068,192000,180000,0.0628,36000,0.1647,36000,1.4168,12000,2.5657600000000005,108000,96.3,2025-11-21_09-33,,
R_LN_3DBall_4625,3DBall,4625,12.0,ppo,200000,169,31804,0.0002594527084297,3.0,179,44.6,65.4,1.281,12000,1.1769,12000,8.2944,142000,10.4143,180000,180000,0.0624,36000,0.2037,36000,1.4198,12000,2.5657600000000005,108000,95.3,2025-11-21_09-33,,
R_LN_3DBall_4626,3DBall,4626,12.0,ppo,200000,42,7924,0.0002610112548219,3.0,204,44.1,65.3,7.6608,12000,1.4213,12000,98.5919,142000,100.0,120000,180000,0.122,12000,1.2423,12000,1.3837,12000,2.5657600000000005,36000,27.2,2025-11-21_09-33,,
R_LN_3DBall_4627,3DBall,4627,12.0,ppo,200000,79,14950,0.0008288403048246,3.0,177,44.7,65.3,2.2035,12000,1.2605,12000,99.5569,142000,100.0,156000,180000,0.0904,24000,0.5835,24000,1.3819,12000,2.5657600000000005,60000,47.3,2025-11-21_09-33,,
R_LN_3DBall_4628,3DBall,4628,12.0,ppo,200000,144,27038,0.0002204321349221,3.0,198,44.6,65.8,1.3392,12000,1.1214,12000,23.6512,142000,38.2903,192000,180000,0.0686,36000,0.3,36000,1.4146,12000,2.5657600000000005,96000,92.6,2025-11-21_09-33,,
R_LN_3DBall_4629,3DBall,4629,12.0,ppo,200000,124,23376,0.0001715235325764,3.0,178,44.3,65.6,1.2576,12000,1.1682,12000,5.5007,142000,6.9866,180000,180000,0.0693,24000,0.2982,24000,1.4133,12000,2.5657600000000005,132000,118.9,2025-11-21_09-33,,
R_LN_3DBall_4630,3DBall,4630,12.0,ppo,200000,75,14182,0.0004086261456285,3.0,188,44.3,65.2,2.3944,12000,1.2277,12000,95.7648,142000,100.0,180000,180000,0.095,24000,0.8787,24000,1.3975,12000,2.5657600000000005,48000,37.5,2025-11-21_09-33,,
R_LN_3DBall_4631,3DBall,4631,12.0,ppo,200000,129,24288,0.0002852254205551,3.0,179,44.6,65.3,1.2195,12000,1.1406,12000,4.509,142000,5.804,192000,180000,0.0699,36000,0.309,36000,1.4111,12000,2.5657600000000005,132000,119.1,2025-11-21_09-33,,
R_LN_3DBall_4632,3DBall,4632,12.0,ppo,200000,96,18095,6.955177692039946e-05,3.0,192,44.4,65.2,1.2335,12000,1.1684,12000,1.5373,142000,1.5837,168000,180000,0.0838,24000,0.5446,24000,1.4172,12000,2.5657600000000005,Not reached,Not reached,2025-11-21_09-33,,
R_LN_3DBall_4633,3DBall,4633,12.0,ppo,200000,123,23118,0.0007378199670047,3.0,172,44.7,65.5,1.5038,12000,1.1651,12000,59.2557,142000,90.7,180000,180000,0.0709,24000,0.2664,24000,1.401,12000,2.5657600000000005,84000,68.9,2025-11-21_09-33,,
R_LN_3DBall_4634,3DBall,4634,12.0,ppo,200000,182,34282,0.000769743052045,3.0,174,44.3,65.6,1.3813,12000,1.245,12000,16.4946,142000,34.1576,192000,180000,0.0611,36000,0.208,36000,1.4117,12000,2.5657600000000005,84000,69.7,2025-11-21_09-33,,
R_LN_3DBall_4635,3DBall,4635,12.0,ppo,200000,138,25879,0.0007659745709805,3.0,178,44.6,65.6,1.3086,12000,1.0763,12000,38.6389,142000,62.0895,180000,180000,0.068,36000,0.2476,36000,1.4076,12000,2.5657600000000005,84000,71.0,2025-11-21_09-33,,
R_LN_3DBall_4636,3DBall,4636,12.0,ppo,200000,33,6334,0.0001894578662532,3.0,266,44.4,65.6,23.3301,12000,1.695,12000,91.765,142000,100.0,108000,180000,0.1385,12000,1.0241,12000,1.3782,12000,2.5657600000000005,36000,35.4,2025-11-21_09-33,,
R_LN_3DBall_4637,3DBall,4637,12.0,ppo,200000,100,18914,0.0002062320018451,3.0,187,44.5,65.3,1.5036,12000,1.1715,12000,76.55,142000,100.0,180000,180000,0.0817,24000,0.2384,24000,1.4069,12000,2.5657600000000005,72000,62.4,2025-11-21_09-33,,
R_LN_3DBall_4638,3DBall,4638,12.0,ppo,200000,117,22095,0.000106170375341,3.0,206,43.9,65.3,1.4227,12000,1.1472,12000,43.0161,142000,75.9733,192000,180000,0.0748,24000,0.2418,24000,1.415,12000,2.5657600000000005,84000,82.3,2025-11-21_09-33,,
R_LN_3DBall_4639,3DBall,4639,12.0,ppo,200000,178,33427,0.000343736994448,3.0,175,44.7,65.1,1.1363,12000,1.12,12000,2.326,142000,2.7262,180000,180000,0.0585,36000,0.2854,36000,1.4174,12000,2.5657600000000005,180000,163.8,2025-11-21_09-33,,
R_LN_3DBall_4640,3DBall,4640,12.0,ppo,200000,99,18657,0.0005864670809254,3.0,175,44.7,65.1,1.4852,12000,1.1975,12000,76.9631,142000,94.0846,180000,180000,0.0777,24000,0.2629,24000,1.3993,12000,2.5657600000000005,72000,58.5,2025-11-21_09-33,,
R_LN_3DBall_4641,3DBall,4641,12.0,ppo,200000,174,32747,0.0003032308199483,3.0,181,45.0,65.2,1.1561,12000,1.1246,12000,2.1116,142000,2.5622,192000,180000,0.0607,36000,0.387,36000,1.4165,12000,2.5657600000000005,Not reached,Not reached,2025-11-21_09-33,,
R_LN_3DBall_4642,3DBall,4642,12.0,ppo,200000,125,23440,0.0007858974633588,3.0,184,45.1,65.2,1.4086,12000,1.1027,12000,58.3667,142000,92.3462,180000,180000,0.0735,24000,0.25,24000,1.4087,12000,2.5657600000000005,84000,73.7,2025-11-21_09-33,,
R_LN_3DBall_4643,3DBall,4643,12.0,ppo,200000,71,13324,0.0007595213998499,3.0,180,40.5,65.4,1.9013,12000,1.2631,12000,97.9708,142000,100.0,144000,180000,0.0946,24000,0.6457,24000,1.403,12000,2.5657600000000005,60000,48.1,2025-11-21_09-33,,
R_LN_3DBall_4644,3DBall,4644,12.0,ppo,200000,144,27073,0.0004355932549948,3.0,176,44.6,65.6,1.3358,12000,1.1735,12000,26.9571,142000,45.8423,192000,180000,0.0681,36000,0.2781,36000,1.4151,12000,2.5657600000000005,96000,82.3,2025-11-21_09-33,,
R_LN_3DBall_4645,3DBall,4645,12.0,ppo,200000,110,20725,0.0005451994209428,3.0,173,45.4,71.9,1.4287,12000,1.2044,12000,51.3589,142000,75.7867,180000,180000,0.0764,24000,0.2409,24000,1.4105,12000,2.5657600000000005,72000,57.8,2025-11-21_09-33,,
R_LN_3DBall_4646,3DBall,4646,12.0,ppo,200000,116,21760,0.0001464028067997,3.0,179,44.7,67.8,1.3202,12000,1.1915,12000,14.0568,142000,23.1204,192000,180000,0.0742,24000,0.2938,24000,1.4173,12000,2.5657600000000005,96000,83.3,2025-11-21_09-33,,
R_AK_3DBall_2000,3DBall,2000,12.0,ppo,500000,162,30377,0.0004856410069133,3.0,240,43.9,85.1,1.2743,12000,1.0988,12000,100.0,442000,100.0,228000,480000,0.0634,36000,0.1676,36000,1.4124,12000,2.5657600000000005,96000,42.1,2025-11-21_09-33,,
R_AK_3DBall_2001,3DBall,2001,12.0,ppo,500000,109,20513,0.0003833345940848,3.0,231,41.9,85.3,1.6296,12000,1.1792,12000,97.2443,442000,100.0,180000,480000,0.076,24000,0.3029,24000,1.4116,12000,2.5657600000000005,72000,28.8,2025-11-21_09-33,,
R_AK_3DBall_2002,3DBall,2002,12.0,ppo,500000,103,19495,0.0001010099858087,3.0,233,41.7,85.1,1.3402,12000,1.1107,12000,100.0,442000,100.0,180000,480000,0.0804,24000,0.203,24000,1.4174,12000,2.5657600000000005,72000,29.2,2025-11-21_09-33,,
R_AK_3DBall_2003,3DBall,2003,12.0,ppo,500000,141,26521,0.0005522311776104,3.0,241,42.7,85.2,1.4141,12000,1.1819,12000,97.3908,442000,100.0,180000,480000,0.0677,36000,0.3465,36000,1.4048,12000,2.5657600000000005,84000,36.1,2025-11-21_09-33,,
R_AK_3DBall_2004,3DBall,2004,12.0,ppo,500000,38,7291,0.0004042798403166,3.0,296,49.2,85.0,15.9429,12000,1.49,12000,98.5077,442000,100.0,120000,480000,0.1263,12000,1.1851,12000,1.3552,12000,2.5657600000000005,36000,14.8,2025-11-21_09-33,,
R_AK_3DBall_2005,3DBall,2005,12.0,ppo,500000,176,33037,0.0002889431697868,3.0,247,42.4,84.1,1.2344,12000,1.1118,12000,100.0,442000,100.0,300000,480000,0.0594,36000,0.1682,36000,1.4157,12000,2.5657600000000005,108000,49.4,2025-11-21_09-33,,
R_AK_3DBall_2006,3DBall,2006,12.0,ppo,500000,160,30182,0.0004484140276834,3.0,214,29.7,84.1,1.1959,12000,1.1218,12000,100.0,442000,100.0,312000,480000,0.0626,36000,0.2263,36000,1.4181,12000,2.5657600000000005,108000,42.8,2025-11-21_09-33,,
R_AK_3DBall_2007,3DBall,2007,12.0,ppo,500000,49,9237,0.0008772381257862,3.0,225,27.6,84.6,4.7264,12000,1.3238,12000,100.0,442000,100.0,96000,480000,0.1151,12000,0.933,12000,1.3722,12000,2.5657600000000005,48000,16.9,2025-11-21_09-33,,
R_AK_3DBall_2008,3DBall,2008,12.0,ppo,500000,46,8806,0.0001746904286791,3.0,227,27.3,84.5,2.3742,12000,1.2297,12000,100.0,442000,100.0,120000,480000,0.1147,12000,0.5224,12000,1.4008,12000,2.5657600000000005,60000,22.7,2025-11-21_09-33,,
R_AK_3DBall_2009,3DBall,2009,12.0,ppo,500000,105,19733,0.0003684686373524,3.0,222,39.8,84.7,1.4941,12000,1.177,12000,99.785,442000,100.0,192000,480000,0.0801,24000,0.2546,24000,1.4133,12000,2.5657600000000005,72000,27.7,2025-11-21_09-33,,
R_AK_3DBall_2010,3DBall,2010,12.0,ppo,500000,45,8488,0.0001822124001138,3.0,243,43.4,84.6,3.7882,12000,1.2739,12000,100.0,442000,100.0,108000,480000,0.1199,12000,0.8532,12000,1.4088,12000,2.5657600000000005,48000,18.2,2025-11-21_09-33,,
R_AK_3DBall_2011,3DBall,2011,12.0,ppo,500000,140,26433,0.0008774973417153,3.0,251,43.7,84.9,1.4671,12000,1.1227,12000,96.9831,442000,100.0,252000,480000,0.07,36000,0.3667,36000,1.4096,12000,2.5657600000000005,72000,31.4,2025-11-21_09-33,,
R_AK_3DBall_2012,3DBall,2012,12.0,ppo,500000,148,27865,0.0004847235209034,3.0,213,28.8,84.1,1.2809,12000,1.2002,12000,100.0,442000,100.0,276000,480000,0.0668,36000,0.3506,36000,1.4175,12000,2.5657600000000005,120000,47.9,2025-11-21_09-33,,
R_AK_3DBall_2013,3DBall,2013,12.0,ppo,500000,144,27141,0.0006942231562629,3.0,226,41.9,84.2,1.3118,12000,1.1313,12000,100.0,442000,100.0,228000,480000,0.0679,36000,0.2781,36000,1.4123,12000,2.5657600000000005,96000,39.5,2025-11-21_09-33,,
R_AK_3DBall_2014,3DBall,2014,12.0,ppo,500000,134,25206,0.0003161008530917,3.0,213,29.1,84.2,1.2214,12000,1.1572,12000,100.0,442000,100.0,300000,480000,0.0695,36000,0.3357,36000,1.4178,12000,2.5657600000000005,120000,47.9,2025-11-21_09-33,,
R_AK_3DBall_2015,3DBall,2015,12.0,ppo,500000,99,18636,0.0003089811330572,3.0,225,41.6,84.3,1.4223,12000,1.1622,12000,100.0,442000,100.0,192000,480000,0.078,24000,0.2433,24000,1.4166,12000,2.5657600000000005,72000,28.1,2025-11-21_09-33,,
R_AK_3DBall_2016,3DBall,2016,12.0,ppo,500000,37,6965,0.0002425029553758,3.0,301,47.2,83.8,21.4713,12000,1.6011,12000,97.7357,442000,100.0,96000,480000,0.1278,12000,1.1384,12000,1.3786,12000,2.5657600000000005,36000,15.1,2025-11-21_09-33,,
R_AK_3DBall_2017,3DBall,2017,12.0,ppo,500000,156,29421,0.0004832450337158,3.0,223,40.9,83.9,1.2785,12000,1.1449,12000,99.3817,442000,100.0,264000,480000,0.0646,36000,0.1862,36000,1.4158,12000,2.5657600000000005,96000,39.0,2025-11-21_09-33,,
R_AK_3DBall_2018,3DBall,2018,12.0,ppo,500000,123,23101,0.0002840070609391,3.0,225,37.8,84.0,1.3186,12000,1.1352,12000,100.0,442000,100.0,228000,480000,0.0726,24000,0.246,24000,1.4141,12000,2.5657600000000005,84000,33.7,2025-11-21_09-33,,
R_AK_3DBall_2019,3DBall,2019,12.0,ppo,500000,166,31126,0.0005939561153102,3.0,223,39.2,84.5,1.1893,12000,1.0815,12000,98.4723,442000,100.0,276000,480000,0.0602,36000,0.1783,36000,1.4136,12000,2.5657600000000005,108000,44.5,2025-11-21_09-33,,
R_AK_3DBall_2020,3DBall,2020,12.0,ppo,500000,140,26434,0.000617720748082,3.0,229,44.3,84.7,1.4575,12000,1.1953,12000,98.5031,442000,100.0,216000,480000,0.0681,36000,0.3342,36000,1.4098,12000,2.5657600000000005,84000,34.3,2025-11-21_09-33,,
R_AK_3DBall_2021,3DBall,2021,12.0,ppo,500000,175,32912,0.000848695215761,3.0,222,37.5,84.2,1.2323,12000,1.1103,12000,98.8733,442000,100.0,276000,480000,0.062,36000,0.1746,36000,1.4153,12000,2.5657600000000005,108000,44.4,2025-11-21_09-33,,
R_AK_3DBall_2022,3DBall,2022,12.0,ppo,500000,151,28406,0.0006294342313035,3.0,213,28.2,84.4,1.2271,12000,1.0818,12000,100.0,442000,100.0,264000,480000,0.0681,36000,0.1872,36000,1.4123,12000,2.5657600000000005,96000,37.2,2025-11-21_09-33,,
R_AK_3DBall_2023,3DBall,2023,12.0,ppo,500000,130,24413,0.0005139110434227,3.0,226,40.0,84.4,1.4767,12000,1.1497,12000,96.8431,442000,100.0,228000,480000,0.0695,36000,0.3044,36000,1.4084,12000,2.5657600000000005,84000,33.9,2025-11-21_09-33,,
R_AK_3DBall_2024,3DBall,2024,12.0,ppo,500000,36,6846,0.0004707996792515,3.0,256,44.9,84.4,24.6345,12000,1.6228,12000,100.0,442000,100.0,120000,480000,0.1338,12000,1.0946,12000,1.3556,12000,2.5657600000000005,36000,12.8,2025-11-21_09-33,,
R_AK_3DBall_2025,3DBall,2025,12.0,ppo,500000,165,30959,0.000130176299526,3.0,238,40.7,84.8,1.2906,12000,1.1985,12000,98.3462,442000,100.0,300000,480000,0.0614,36000,0.2205,36000,1.4169,12000,2.5657600000000005,108000,47.6,2025-11-21_09-33,,
R_AK_3DBall_2026,3DBall,2026,12.0,ppo,500000,125,23580,0.0008248133404876,3.0,252,43.0,84.7,1.4696,12000,1.097,12000,100.0,442000,100.0,264000,480000,0.0717,24000,0.3123,24000,1.4054,12000,2.5657600000000005,84000,37.8,2025-11-21_09-33,,
R_AK_3DBall_2027,3DBall,2027,12.0,ppo,500000,156,29290,0.0007063408929922,3.0,226,40.2,84.7,1.2844,12000,1.1199,12000,100.0,442000,100.0,264000,480000,0.0655,36000,0.1744,36000,1.4091,12000,2.5657600000000005,96000,39.5,2025-11-21_09-33,,
R_AK_3DBall_2028,3DBall,2028,12.0,ppo,500000,131,24622,0.0004660699196522,3.0,214,29.6,84.4,1.2066,12000,1.1339,12000,100.0,442000,100.0,240000,480000,0.0685,36000,0.2618,36000,1.4132,12000,2.5657600000000005,120000,48.1,2025-11-21_09-33,,
R_AK_3DBall_2029,3DBall,2029,12.0,ppo,500000,89,16816,0.0002466390584454,3.0,232,44.3,83.2,1.6927,12000,1.164,12000,100.0,442000,100.0,168000,480000,0.0834,24000,0.4499,24000,1.4089,12000,2.5657600000000005,60000,23.2,2025-11-21_09-33,,
R_AK_3DBall_2030,3DBall,2030,12.0,ppo,500000,143,26958,0.0003023239085524,3.0,223,40.0,83.3,1.3285,12000,1.1306,12000,100.0,442000,100.0,192000,480000,0.0668,36000,0.2587,36000,1.4126,12000,2.5657600000000005,96000,39.0,2025-11-21_09-33,,
R_AK_3DBall_2031,3DBall,2031,12.0,ppo,500000,45,8532,0.0001073071836538,3.0,230,26.9,83.0,1.3598,12000,1.184,12000,98.4877,442000,100.0,204000,480000,0.1211,12000,0.4217,12000,1.4112,12000,2.5657600000000005,84000,34.5,2025-11-21_09-33,,
R_AK_3DBall_2032,3DBall,2032,12.0,ppo,500000,140,26391,0.0007594961601551,3.0,212,27.4,83.8,1.2728,12000,1.1644,12000,100.0,442000,100.0,252000,480000,0.0666,36000,0.2666,36000,1.4125,12000,2.5657600000000005,96000,37.1,2025-11-21_09-33,,
R_AK_3DBall_2033,3DBall,2033,12.0,ppo,500000,55,10359,0.0004101612254287,3.0,249,45.0,83.6,4.5746,12000,1.28,12000,100.0,442000,100.0,132000,480000,0.1066,12000,0.7901,12000,1.3771,12000,2.5657600000000005,36000,12.5,2025-11-21_09-33,,
R_AK_3DBall_2034,3DBall,2034,12.0,ppo,500000,135,25497,0.000256304435196,3.0,226,39.4,83.9,1.3211,12000,1.1727,12000,100.0,442000,100.0,252000,480000,0.0688,36000,0.2551,36000,1.4158,12000,2.5657600000000005,96000,39.5,2025-11-21_09-33,,
R_AK_3DBall_2035,3DBall,2035,12.0,ppo,500000,130,24443,9.525935843945289e-05,3.0,216,32.0,84.0,1.1905,12000,1.1643,12000,98.5216,442000,100.0,324000,480000,0.0717,36000,0.3139,36000,1.4155,12000,2.5657600000000005,156000,64.7,2025-11-21_09-33,,
R_AK_3DBall_2036,3DBall,2036,12.0,ppo,500000,164,30847,0.000352706949563,3.0,220,38.4,83.4,1.3086,12000,1.216,12000,100.0,442000,100.0,288000,480000,0.063,36000,0.2148,36000,1.4167,12000,2.5657600000000005,108000,44.0,2025-11-21_09-33,,
R_AK_3DBall_2037,3DBall,2037,12.0,ppo,500000,68,12822,0.0006926845779501,3.0,235,43.4,83.1,2.7201,12000,1.2209,12000,98.4923,442000,100.0,108000,480000,0.096,24000,0.8706,24000,1.3889,12000,2.5657600000000005,48000,17.6,2025-11-21_09-33,,
R_AK_3DBall_2038,3DBall,2038,12.0,ppo,500000,45,8579,0.0007645543768822,3.0,227,26.9,83.0,3.5175,12000,1.2829,12000,100.0,442000,100.0,108000,480000,0.118,12000,0.6529,12000,1.3665,12000,2.5657600000000005,48000,17.0,2025-11-21_09-33,,
R_AK_3DBall_2039,3DBall,2039,12.0,ppo,500000,154,28999,9.412864483136053e-05,3.0,226,39.7,82.2,1.2624,12000,1.1516,12000,100.0,442000,100.0,276000,480000,0.0651,36000,0.2178,36000,1.4181,12000,2.5657600000000005,96000,39.5,2025-11-21_09-33,,
R_AK_3DBall_2040,3DBall,2040,12.0,ppo,500000,95,17980,0.0001263283554586,3.0,251,44.2,82.6,1.7298,12000,1.1954,12000,100.0,442000,100.0,192000,480000,0.0828,24000,0.2772,24000,1.4134,12000,2.5657600000000005,60000,25.1,2025-11-21_09-33,,
R_AK_3DBall_2041,3DBall,2041,12.0,ppo,500000,32,6010,0.0002447855692357,3.0,263,43.5,82.4,24.4791,12000,1.5915,12000,100.0,442000,100.0,96000,480000,0.1398,12000,1.0142,12000,1.3885,12000,2.5657600000000005,36000,13.2,2025-11-21_09-33,,
R_AK_3DBall_2042,3DBall,2042,12.0,ppo,500000,163,30571,0.0006811453503469,3.0,210,26.9,82.5,1.183,12000,1.1118,12000,100.0,442000,100.0,276000,480000,0.0614,36000,0.1905,36000,1.4129,12000,2.5657600000000005,108000,41.9,2025-11-21_09-33,,
R_AK_3DBall_2043,3DBall,2043,12.0,ppo,500000,160,30051,0.0005997060212327,3.0,242,44.1,82.4,1.3321,12000,1.1415,12000,97.0477,442000,100.0,360000,480000,0.0631,36000,0.1995,36000,1.4086,12000,2.5657600000000005,96000,42.3,2025-11-21_09-33,,
R_AK_3DBall_2044,3DBall,2044,12.0,ppo,500000,67,12612,0.000582148956217,3.0,279,46.7,81.6,3.0669,12000,1.1999,12000,100.0,442000,100.0,192000,480000,0.0998,24000,0.8228,24000,1.3833,12000,2.5657600000000005,48000,20.9,2025-11-21_09-33,,
R_AK_3DBall_2045,3DBall,2045,12.0,ppo,500000,53,10123,0.0007165780822598,3.0,222,26.3,80.8,2.9766,12000,1.1788,12000,98.5154,442000,100.0,132000,480000,0.1107,12000,0.512,12000,1.395,12000,2.5657600000000005,48000,16.6,2025-11-21_09-33,,
R_AK_3DBall_2046,3DBall,2046,12.0,ppo,500000,179,33646,0.0007890612973777,3.0,237,42.6,82.0,1.2862,12000,1.128,12000,98.4816,442000,100.0,264000,480000,0.0611,36000,0.1777,36000,1.4091,12000,2.5657600000000005,84000,35.5,2025-11-21_09-33,,
R_AK_3DBall_2047,3DBall,2047,12.0,ppo,500000,139,26071,0.0007973029229475,3.0,212,27.8,81.9,1.2641,12000,1.0871,12000,100.0,442000,100.0,228000,480000,0.0671,36000,0.237,36000,1.4174,12000,2.5657600000000005,96000,37.1,2025-11-21_09-33,,
R_AK_3DBall_2048,3DBall,2048,12.0,ppo,500000,63,11829,0.0001101893014954,3.0,244,44.5,82.1,2.8281,12000,1.2747,12000,100.0,442000,100.0,120000,480000,0.1018,12000,0.724,12000,1.4061,12000,2.5657600000000005,48000,18.3,2025-11-21_09-33,,
R_AK_3DBall_2049,3DBall,2049,12.0,ppo,500000,117,22054,4.59903783577824e-05,3.0,249,44.2,82.2,1.3682,12000,1.1292,12000,99.7617,442000,100.0,240000,480000,0.0743,24000,0.2533,24000,1.4147,12000,2.5657600000000005,84000,37.3,2025-11-21_09-33,,
R_AK_3DBall_2050,3DBall,2050,12.0,ppo,500000,158,29729,0.0005626153803667,3.0,211,28.2,82.5,1.2675,12000,1.1353,12000,100.0,442000,100.0,276000,480000,0.0668,36000,0.2063,36000,1.4148,12000,2.5657600000000005,96000,36.9,2025-11-21_09-33,,
R_AK_3DBall_2051,3DBall,2051,12.0,ppo,500000,40,7580,0.0007016852057175,3.0,229,30.6,82.6,7.0667,12000,1.2913,12000,100.0,442000,100.0,96000,480000,0.1238,12000,1.2365,12000,1.3774,12000,2.5657600000000005,36000,11.4,2025-11-21_09-33,,
R_AK_3DBall_2052,3DBall,2052,12.0,ppo,500000,79,14833,0.0004185184423286,3.0,234,42.3,81.8,1.9697,12000,1.1823,12000,98.5733,442000,100.0,132000,480000,0.0904,24000,0.4469,24000,1.3991,12000,2.5657600000000005,60000,23.4,2025-11-21_09-33,,
R_AK_3DBall_2053,3DBall,2053,12.0,ppo,500000,115,21671,8.762159478465068e-05,3.0,226,40.3,81.9,1.3512,12000,1.1604,12000,100.0,442000,100.0,216000,480000,0.0735,24000,0.2976,24000,1.4169,12000,2.5657600000000005,96000,39.5,2025-11-21_09-33,,
R_AK_3DBall_2054,3DBall,2054,12.0,ppo,500000,153,28851,0.0005535718030008,3.0,211,30.4,82.6,1.1692,12000,1.0911,12000,99.0583,442000,100.0,300000,480000,0.0643,36000,0.2486,36000,1.412,12000,2.5657600000000005,120000,47.4,2025-11-21_09-33,,
R_AK_3DBall_2055,3DBall,2055,12.0,ppo,500000,142,26681,0.0005385917769596,3.0,213,26.8,82.6,1.157,12000,1.0745,12000,100.0,442000,100.0,300000,480000,0.0688,36000,0.2594,36000,1.4138,12000,2.5657600000000005,120000,47.9,2025-11-21_09-33,,
R_AK_3DBall_2056,3DBall,2056,12.0,ppo,500000,106,20039,0.0004863600020942,3.0,215,27.0,82.4,1.2327,12000,1.118,12000,100.0,442000,100.0,216000,480000,0.079,24000,0.2384,24000,1.4203,12000,2.5657600000000005,96000,37.6,2025-11-21_09-33,,
R_AK_3DBall_2057,3DBall,2057,12.0,ppo,500000,148,27909,0.0002077621433484,3.0,221,39.1,83.1,1.1939,12000,1.0925,12000,100.0,442000,100.0,276000,480000,0.0646,36000,0.2227,36000,1.4156,12000,2.5657600000000005,96000,38.6,2025-11-21_09-33,,
R_AK_3DBall_2058,3DBall,2058,12.0,ppo,500000,191,35968,4.319485147533221e-05,3.0,227,39.2,82.7,1.2588,12000,1.1841,12000,100.0,442000,100.0,336000,480000,0.0592,36000,0.2478,36000,1.418,12000,2.5657600000000005,132000,56.7,2025-11-21_09-33,,
R_AK_3DBall_2059,3DBall,2059,12.0,ppo,500000,135,25344,0.0002044200694003,3.0,254,43.3,83.1,1.2872,12000,1.0934,12000,95.476,442000,100.0,216000,480000,0.0709,36000,0.2365,36000,1.4163,12000,2.5657600000000005,96000,44.4,2025-11-21_09-33,,
R_AK_3DBall_2060,3DBall,2060,12.0,ppo,500000,106,19981,0.0003094647739946,3.0,229,39.6,82.5,1.3609,12000,1.1192,12000,100.0,442000,100.0,204000,480000,0.0766,24000,0.2542,24000,1.4155,12000,2.5657600000000005,72000,28.6,2025-11-21_09-33,,
R_AK_3DBall_2061,3DBall,2061,12.0,ppo,500000,131,24642,0.000273697737906,3.0,239,43.3,83.1,1.4341,12000,1.1285,12000,98.3733,442000,100.0,192000,480000,0.0691,36000,0.3001,36000,1.4134,12000,2.5657600000000005,84000,35.8,2025-11-21_09-33,,
R_AK_3DBall_2062,3DBall,2062,12.0,ppo,500000,84,15809,0.000394670481533,3.0,239,41.8,83.2,1.8363,12000,1.1878,12000,100.0,442000,100.0,156000,480000,0.0851,24000,0.4296,24000,1.4021,12000,2.5657600000000005,60000,23.9,2025-11-21_09-33,,
R_AK_3DBall_2063,3DBall,2063,12.0,ppo,500000,53,9947,0.0001601973543069,3.0,252,43.9,83.7,3.3172,12000,1.3157,12000,100.0,442000,100.0,108000,480000,0.1127,12000,0.6973,12000,1.4014,12000,2.5657600000000005,48000,18.9,2025-11-21_09-33,,
R_AK_3DBall_2064,3DBall,2064,12.0,ppo,500000,48,9170,0.0007053264322056,3.0,226,26.6,83.9,4.4883,12000,1.2728,12000,100.0,442000,100.0,108000,480000,0.1152,12000,0.8589,12000,1.3671,12000,2.5657600000000005,48000,17.0,2025-11-21_09-33,,
R_AK_3DBall_2065,3DBall,2065,12.0,ppo,500000,181,34097,0.0002648613929425,3.0,243,43.2,84.2,1.2497,12000,1.1346,12000,99.3016,442000,100.0,324000,480000,0.0588,36000,0.169,36000,1.4167,12000,2.5657600000000005,108000,48.5,2025-11-21_09-33,,
R_AK_3DBall_2066,3DBall,2066,12.0,ppo,500000,76,14290,0.0002788173231979,3.0,253,46.6,84.5,2.1393,12000,1.2084,12000,98.4816,442000,100.0,144000,480000,0.0897,24000,0.8072,24000,1.395,12000,2.5657600000000005,60000,25.3,2025-11-21_09-33,,
R_AK_3DBall_2067,3DBall,2067,12.0,ppo,500000,134,25162,0.0004813845333584,3.0,214,28.1,84.0,1.1837,12000,1.077,12000,100.0,442000,100.0,264000,480000,0.068,36000,0.2173,36000,1.4121,12000,2.5657600000000005,108000,42.7,2025-11-21_09-33,,
R_AK_3DBall_2068,3DBall,2068,12.0,ppo,500000,133,25042,0.0003105623535349,3.0,229,43.9,84.3,1.3425,12000,1.0428,12000,100.0,442000,100.0,300000,480000,0.0692,36000,0.2574,36000,1.4048,12000,2.5657600000000005,84000,34.3,2025-11-21_09-33,,
R_AK_3DBall_2069,3DBall,2069,12.0,ppo,500000,53,10098,0.0006025056701649,3.0,252,43.0,83.8,5.9122,12000,1.4125,12000,98.5631,442000,100.0,168000,480000,0.1073,12000,0.9446,12000,1.3842,12000,2.5657600000000005,36000,12.6,2025-11-21_09-33,,
R_AK_3DBall_2070,3DBall,2070,12.0,ppo,500000,160,30119,0.0002989551820544,3.0,226,37.0,82.6,1.2852,12000,1.1842,12000,100.0,442000,100.0,264000,480000,0.0621,36000,0.246,36000,1.4173,12000,2.5657600000000005,108000,45.2,2025-11-21_09-33,,
R_AK_3DBall_2071,3DBall,2071,12.0,ppo,500000,39,7438,0.0005460036675083,3.0,264,44.2,83.3,18.5871,12000,1.5269,12000,100.0,442000,100.0,204000,480000,0.1272,12000,1.0702,12000,1.3696,12000,2.5657600000000005,36000,13.2,2025-11-21_09-33,,
R_AK_3DBall_2072,3DBall,2072,12.0,ppo,500000,130,24462,0.0001305916656084,3.0,241,43.7,83.5,1.3094,12000,1.1036,12000,100.0,442000,100.0,216000,480000,0.073,36000,0.2407,36000,1.4178,12000,2.5657600000000005,84000,36.1,2025-11-21_09-33,,
R_AK_3DBall_2073,3DBall,2073,12.0,ppo,500000,73,13720,0.000807950411505,3.0,217,27.7,83.2,2.0685,12000,1.2166,12000,100.0,442000,100.0,144000,480000,0.0941,24000,0.7171,24000,1.4034,12000,2.5657600000000005,60000,21.7,2025-11-21_09-33,,
R_AK_3DBall_2074,3DBall,2074,12.0,ppo,500000,74,14055,6.6275238468222e-05,3.0,221,27.1,83.7,1.1931,12000,1.1017,12000,100.0,442000,100.0,264000,480000,0.095,24000,0.3439,24000,1.4124,12000,2.5657600000000005,120000,49.7,2025-11-21_09-33,,
R_AK_3DBall_2075,3DBall,2075,12.0,ppo,500000,52,9914,0.0008851221230694,3.0,244,44.4,82.8,7.4837,12000,1.3124,12000,100.0,442000,100.0,168000,480000,0.1127,12000,0.9081,12000,1.3704,12000,2.5657600000000005,36000,12.2,2025-11-21_09-33,,
R_AK_3DBall_2076,3DBall,2076,12.0,ppo,500000,51,9670,0.0004238951042446,3.0,254,45.8,83.1,8.9194,12000,1.4207,12000,100.0,442000,100.0,120000,480000,0.1132,12000,0.9481,12000,1.376,12000,2.5657600000000005,36000,12.7,2025-11-21_09-33,,
R_AK_3DBall_2077,3DBall,2077,12.0,ppo,500000,44,8373,0.0008008413588498,3.0,280,45.9,83.5,22.3606,12000,1.6822,12000,100.0,442000,100.0,120000,480000,0.1177,12000,1.0322,12000,1.3527,12000,2.5657600000000005,36000,14.0,2025-11-21_09-33,,
R_AK_3DBall_2078,3DBall,2078,12.0,ppo,500000,82,15486,0.0006748705008507,3.0,269,44.8,83.8,2.1979,12000,1.2608,12000,100.0,442000,100.0,132000,480000,0.0895,24000,0.5873,24000,1.3795,12000,2.5657600000000005,60000,26.9,2025-11-21_09-33,,
R_AK_3DBall_2079,3DBall,2079,12.0,ppo,500000,185,34791,0.0006959223258599,3.0,227,37.9,84.0,1.2605,12000,1.1385,12000,98.4923,442000,100.0,300000,480000,0.0595,36000,0.1738,36000,1.414,12000,2.5657600000000005,108000,45.4,2025-11-21_09-33,,
R_AK_3DBall_2080,3DBall,2080,12.0,ppo,500000,179,33693,0.0004792360989514,3.0,229,38.7,83.7,1.1964,12000,1.1219,12000,99.7017,442000,100.0,288000,480000,0.059,36000,0.1606,36000,1.4158,12000,2.5657600000000005,108000,45.7,2025-11-21_09-33,,
R_AK_3DBall_2081,3DBall,2081,12.0,ppo,500000,138,26039,0.0004812642763635,3.0,230,41.8,83.9,1.3451,12000,1.1674,12000,98.5016,442000,100.0,252000,480000,0.0686,36000,0.267,36000,1.4074,12000,2.5657600000000005,96000,40.2,2025-11-21_09-33,,
R_AK_3DBall_2082,3DBall,2082,12.0,ppo,500000,174,32740,0.0004365162204531,3.0,213,29.1,83.6,1.2853,12000,1.2149,12000,100.0,442000,100.0,300000,480000,0.0625,36000,0.3037,36000,1.4176,12000,2.5657600000000005,120000,47.9,2025-11-21_09-33,,
R_AK_3DBall_2083,3DBall,2083,12.0,ppo,500000,189,35460,0.000773170464049,3.0,210,27.2,83.0,1.1384,12000,1.1195,12000,100.0,442000,100.0,348000,480000,0.0598,36000,0.2357,36000,1.4176,12000,2.5657600000000005,156000,62.9,2025-11-21_09-33,,
R_AK_3DBall_2084,3DBall,2084,12.0,ppo,500000,155,29121,0.0001102715259546,3.0,240,44.8,83.2,1.2524,12000,1.1089,12000,99.5483,442000,100.0,276000,480000,0.0636,36000,0.1725,36000,1.4177,12000,2.5657600000000005,96000,42.0,2025-11-21_09-33,,
R_AK_3DBall_2085,3DBall,2085,12.0,ppo,500000,115,21722,0.0007655964111689,3.0,211,27.6,82.9,1.4958,12000,1.1698,12000,99.4954,442000,100.0,192000,480000,0.0773,24000,0.278,24000,1.408,12000,2.5657600000000005,72000,26.3,2025-11-21_09-33,,
R_AK_3DBall_2086,3DBall,2086,12.0,ppo,500000,110,20807,0.0006263614697653,3.0,223,39.7,83.5,1.5063,12000,1.1517,12000,100.0,442000,100.0,192000,480000,0.0772,24000,0.274,24000,1.4076,12000,2.5657600000000005,72000,27.9,2025-11-21_09-33,,
R_AK_3DBall_2087,3DBall,2087,12.0,ppo,500000,70,13267,0.0004886671089547,3.0,219,26.6,81.6,1.4633,12000,1.1101,12000,100.0,442000,100.0,156000,480000,0.0959,24000,0.2863,24000,1.3929,12000,2.5657600000000005,72000,27.4,2025-11-21_09-33,,
R_AK_3DBall_2088,3DBall,2088,12.0,ppo,500000,38,7234,0.0004353554663267,3.0,288,46.2,82.1,22.3132,12000,1.5262,12000,100.0,442000,100.0,156000,480000,0.1289,12000,0.919,12000,1.3597,12000,2.5657600000000005,36000,14.4,2025-11-21_09-33,,
R_AK_3DBall_2089,3DBall,2089,12.0,ppo,500000,82,15548,0.000492532509947,3.0,253,43.3,82.4,2.3281,12000,1.3037,12000,100.0,442000,100.0,132000,480000,0.0887,24000,0.6664,24000,1.3922,12000,2.5657600000000005,48000,19.0,2025-11-21_09-33,,
R_AK_3DBall_2090,3DBall,2090,12.0,ppo,500000,159,29854,0.0001096586046063,3.0,238,41.9,82.3,1.2744,12000,1.1736,12000,100.0,442000,100.0,264000,480000,0.0632,36000,0.2114,36000,1.418,12000,2.5657600000000005,96000,41.6,2025-11-21_09-33,,
R_AK_3DBall_2091,3DBall,2091,12.0,ppo,500000,56,10668,0.000827466593466,3.0,250,44.4,82.0,5.5145,12000,1.3036,12000,100.0,442000,100.0,96000,480000,0.1058,12000,0.8838,12000,1.3695,12000,2.5657600000000005,48000,18.7,2025-11-21_09-33,,
R_AK_3DBall_2092,3DBall,2092,12.0,ppo,500000,152,28680,0.0002220065381393,3.0,214,27.4,82.2,1.167,12000,1.1187,12000,100.0,442000,100.0,276000,480000,0.0642,36000,0.2688,36000,1.4178,12000,2.5657600000000005,132000,53.4,2025-11-21_09-33,,
R_AK_3DBall_2093,3DBall,2093,12.0,ppo,500000,160,30163,0.0006074680982465,3.0,219,37.9,82.3,1.237,12000,1.1074,12000,100.0,442000,100.0,252000,480000,0.062,36000,0.1773,36000,1.4106,12000,2.5657600000000005,96000,38.3,2025-11-21_09-33,,
R_AK_3DBall_2094,3DBall,2094,12.0,ppo,500000,71,13413,0.0007509720889301,3.0,219,26.5,82.3,2.0638,12000,1.177,12000,100.0,442000,100.0,132000,480000,0.094,24000,0.6156,24000,1.408,12000,2.5657600000000005,60000,21.9,2025-11-21_09-33,,
R_AK_3DBall_2095,3DBall,2095,12.0,ppo,500000,139,26097,0.0002837984223807,3.0,222,39.1,82.4,1.3217,12000,1.1328,12000,100.0,442000,100.0,252000,480000,0.0669,36000,0.2752,36000,1.4144,12000,2.5657600000000005,96000,38.8,2025-11-21_09-33,,
R_AK_3DBall_2096,3DBall,2096,12.0,ppo,500000,103,19428,0.0003471248315893,3.0,235,43.7,82.9,1.8035,12000,1.2445,12000,100.0,442000,100.0,192000,480000,0.0799,24000,0.3253,24000,1.4032,12000,2.5657600000000005,60000,23.5,2025-11-21_09-33,,
R_AK_3DBall_2097,3DBall,2097,12.0,ppo,500000,151,28491,0.0008099744822643,3.0,241,44.5,82.9,1.3311,12000,1.1384,12000,95.2269,442000,100.0,300000,480000,0.0648,36000,0.1901,36000,1.4124,12000,2.5657600000000005,84000,36.1,2025-11-21_09-33,,
R_AK_3DBall_2098,3DBall,2098,12.0,ppo,500000,119,22314,0.000572613242314,3.0,243,42.3,82.6,1.398,12000,1.1163,12000,100.0,442000,100.0,204000,480000,0.0723,24000,0.2289,24000,1.4109,12000,2.5657600000000005,72000,30.4,2025-11-21_09-33,,
R_AK_3DBall_2099,3DBall,2099,12.0,ppo,500000,137,25803,0.0004570396612269,3.0,212,28.5,82.4,1.2884,12000,1.1707,12000,100.0,442000,100.0,264000,480000,0.0695,36000,0.3111,36000,1.4163,12000,2.5657600000000005,108000,42.4,2025-11-21_09-33,,
R_AK_3DBall_2100,3DBall,2100,12.0,ppo,500000,149,28055,0.000177374553711,3.0,212,29.2,82.5,1.1909,12000,1.1322,12000,100.0,442000,100.0,276000,480000,0.0663,36000,0.3004,36000,1.415,12000,2.5657600000000005,132000,52.9,2025-11-21_09-33,,
R_AK_3DBall_2101,3DBall,2101,12.0,ppo,500000,130,24450,0.0003403336044125,3.0,222,38.5,82.8,1.3486,12000,1.1571,12000,100.0,442000,100.0,228000,480000,0.073,36000,0.2453,36000,1.4116,12000,2.5657600000000005,84000,33.3,2025-11-21_09-33,,
R_AK_3DBall_2102,3DBall,2102,12.0,ppo,500000,158,29766,0.0005025721838418,3.0,249,42.2,82.9,1.2369,12000,1.1301,12000,100.0,442000,100.0,264000,480000,0.0628,36000,0.1534,36000,1.4116,12000,2.5657600000000005,96000,43.6,2025-11-21_09-33,,
R_AK_3DBall_2103,3DBall,2103,12.0,ppo,500000,111,20883,0.0002848636287275,3.0,232,46.3,84.0,1.4802,12000,1.1084,12000,100.0,442000,100.0,216000,480000,0.0769,24000,0.2456,24000,1.4125,12000,2.5657600000000005,72000,29.1,2025-11-21_09-33,,
R_AK_3DBall_2104,3DBall,2104,12.0,ppo,500000,162,30409,0.0006338281716155,3.0,217,38.8,83.2,1.1912,12000,1.1295,12000,99.9333,442000,100.0,276000,480000,0.0617,36000,0.1751,36000,1.4173,12000,2.5657600000000005,108000,43.3,2025-11-21_09-33,,
R_AK_3DBall_2105,3DBall,2105,12.0,ppo,500000,143,26862,0.0008880471164655,3.0,239,43.6,83.5,1.2944,12000,1.1053,12000,100.0,442000,100.0,288000,480000,0.0674,36000,0.2646,36000,1.4087,12000,2.5657600000000005,96000,41.8,2025-11-21_09-33,,
R_AK_3DBall_2106,3DBall,2106,12.0,ppo,500000,182,34278,0.000445486972608,3.0,237,42.2,83.0,1.1965,12000,1.0697,12000,96.203,442000,100.0,288000,480000,0.0602,36000,0.1547,36000,1.4108,12000,2.5657600000000005,108000,47.4,2025-11-21_09-33,,
R_AK_3DBall_2107,3DBall,2107,12.0,ppo,500000,126,23634,0.0008951739512821,3.0,243,44.0,83.7,1.4642,12000,1.1124,12000,100.0,442000,100.0,276000,480000,0.0719,24000,0.3244,24000,1.4004,12000,2.5657600000000005,84000,36.4,2025-11-21_09-33,,
R_AK_3DBall_2108,3DBall,2108,12.0,ppo,500000,187,35090,0.0004038384757639,3.0,213,26.9,83.2,1.1332,12000,1.0799,12000,98.8477,442000,100.0,348000,480000,0.057,36000,0.222,36000,1.4223,12000,2.5657600000000005,144000,58.5,2025-11-21_09-33,,
R_AK_3DBall_2109,3DBall,2109,12.0,ppo,500000,87,16313,0.000290456777881,3.0,234,42.7,83.3,1.9796,12000,1.2102,12000,98.5,442000,100.0,144000,480000,0.086,24000,0.5407,24000,1.3945,12000,2.5657600000000005,60000,23.4,2025-11-21_09-33,,
R_AK_3DBall_2110,3DBall,2110,12.0,ppo,500000,102,19309,0.0008803538519038,3.0,234,42.2,83.5,1.7605,12000,1.1941,12000,95.7048,442000,100.0,156000,480000,0.0787,24000,0.312,24000,1.3959,12000,2.5657600000000005,60000,23.4,2025-11-21_09-33,,
R_AK_3DBall_2111,3DBall,2111,12.0,ppo,500000,184,34604,0.0002566200330483,3.0,212,27.5,83.0,1.2776,12000,1.2269,12000,100.0,442000,100.0,324000,480000,0.0583,36000,0.2884,36000,1.4171,12000,2.5657600000000005,120000,47.6,2025-11-21_09-33,,
R_AK_3DBall_2112,3DBall,2112,12.0,ppo,500000,43,8236,0.0008894789570823,3.0,252,45.8,82.8,13.8178,12000,1.3761,12000,100.0,442000,100.0,96000,480000,0.1206,12000,1.0454,12000,1.3627,12000,2.5657600000000005,36000,12.6,2025-11-21_09-33,,
R_AK_3DBall_2113,3DBall,2113,12.0,ppo,500000,151,28369,0.0003413181815241,3.0,213,28.1,83.3,1.2491,12000,1.1373,12000,100.0,442000,100.0,252000,480000,0.065,36000,0.2536,36000,1.417,12000,2.5657600000000005,96000,37.2,2025-11-21_09-33,,
R_AK_3DBall_2114,3DBall,2114,12.0,ppo,500000,34,6452,0.0008865070818249,3.0,310,47.5,82.3,10.8334,12000,1.773,12000,94.2776,442000,100.0,132000,480000,0.1376,12000,1.1832,12000,1.3205,12000,2.5657600000000005,36000,15.5,2025-11-21_09-33,,
R_AK_3DBall_2115,3DBall,2115,12.0,ppo,500000,73,13731,0.000554833225968,3.0,218,27.1,82.9,1.4204,12000,1.1488,12000,100.0,442000,100.0,168000,480000,0.0934,24000,0.3334,24000,1.3994,12000,2.5657600000000005,72000,27.2,2025-11-21_09-33,,
R_AK_3DBall_2116,3DBall,2116,12.0,ppo,500000,102,19294,0.0004128083956244,3.0,242,41.4,83.2,1.5548,12000,1.1535,12000,96.1592,442000,100.0,204000,480000,0.0784,24000,0.2907,24000,1.404,12000,2.5657600000000005,72000,30.2,2025-11-21_09-33,,
R_AK_3DBall_2117,3DBall,2117,12.0,ppo,500000,145,27374,0.0007306364714301,3.0,228,38.2,83.1,1.3932,12000,1.1301,12000,98.48,442000,100.0,252000,480000,0.0673,36000,0.3495,36000,1.4075,12000,2.5657600000000005,96000,39.9,2025-11-21_09-33,,
R_AK_3DBall_2118,3DBall,2118,12.0,ppo,500000,94,17779,0.0005660644183243,3.0,237,43.2,83.5,1.599,12000,1.11,12000,100.0,442000,100.0,168000,480000,0.0787,24000,0.3832,24000,1.4028,12000,2.5657600000000005,72000,29.6,2025-11-21_09-33,,
R_AK_3DBall_2119,3DBall,2119,12.0,ppo,500000,168,31658,0.0002647661900952,3.0,213,28.3,83.2,1.2003,12000,1.1834,12000,98.9817,442000,100.0,336000,480000,0.062,36000,0.2664,36000,1.4208,12000,2.5657600000000005,144000,58.5,2025-11-21_09-33,,
R_AK_3DBall_2120,3DBall,2120,12.0,ppo,500000,169,31834,0.0003517918004969,3.0,218,36.5,83.1,1.2189,12000,1.1038,12000,100.0,442000,100.0,276000,480000,0.0609,36000,0.1906,36000,1.4163,12000,2.5657600000000005,108000,43.6,2025-11-21_09-33,,
R_AK_3DBall_2121,3DBall,2121,12.0,ppo,500000,175,32988,0.0002987577912168,3.0,262,42.0,83.0,1.2642,12000,1.1265,12000,100.0,442000,100.0,276000,480000,0.0609,36000,0.1744,36000,1.4122,12000,2.5657600000000005,108000,52.4,2025-11-21_09-33,,
R_AK_3DBall_2122,3DBall,2122,12.0,ppo,500000,56,10505,0.0006108579701191,3.0,221,26.4,83.0,1.9368,12000,1.1474,12000,100.0,442000,100.0,132000,480000,0.1068,12000,0.3511,12000,1.4074,12000,2.5657600000000005,60000,22.1,2025-11-21_09-33,,
R_AK_3DBall_2123,3DBall,2123,12.0,ppo,500000,140,26286,0.0004073697800308,3.0,220,38.2,82.8,1.2406,12000,1.0585,12000,99.7033,442000,100.0,252000,480000,0.0673,36000,0.2265,36000,1.4133,12000,2.5657600000000005,96000,38.5,2025-11-21_09-33,,
R_AK_3DBall_2124,3DBall,2124,12.0,ppo,500000,35,6658,0.0003059170513987,3.0,233,25.9,83.0,5.1252,12000,1.2133,12000,100.0,442000,100.0,96000,480000,0.1338,12000,1.0537,12000,1.3813,12000,2.5657600000000005,48000,17.5,2025-11-21_09-33,,
R_AK_3DBall_2125,3DBall,2125,12.0,ppo,500000,164,30924,0.0002430393797697,3.0,214,27.4,83.1,1.162,12000,1.1294,12000,98.271,442000,100.0,384000,480000,0.0651,36000,0.442,36000,1.4183,12000,2.5657600000000005,156000,64.1,2025-11-21_09-33,,
R_AK_3DBall_2126,3DBall,2126,12.0,ppo,500000,133,25025,0.0007062802284239,3.0,211,27.0,83.1,1.3239,12000,1.1199,12000,100.0,442000,100.0,240000,480000,0.0674,36000,0.2708,36000,1.4151,12000,2.5657600000000005,84000,31.6,2025-11-21_09-33,,
R_AK_3DBall_2127,3DBall,2127,12.0,ppo,500000,90,16893,5.618484327129745e-05,3.0,228,27.8,83.1,1.12,12000,1.1165,12000,2.318,442000,2.4534,480000,480000,0.0851,24000,0.4373,24000,1.4165,12000,2.5657600000000005,Not reached,Not reached,2025-11-21_09-33,,
R_AK_3DBall_2128,3DBall,2128,12.0,ppo,500000,75,14138,0.0005229803032376,3.0,232,42.7,83.3,2.1645,12000,1.2336,12000,97.7796,442000,100.0,156000,480000,0.0919,24000,0.8172,24000,1.3941,12000,2.5657600000000005,60000,23.2,2025-11-21_09-33,,
R_AK_3DBall_2129,3DBall,2129,12.0,ppo,500000,176,33036,0.0006808967836083,3.0,224,39.6,83.1,1.2677,12000,1.1465,12000,98.4637,442000,100.0,240000,480000,0.0587,36000,0.1799,36000,1.4119,12000,2.5657600000000005,108000,44.7,2025-11-21_09-33,,
R_AK_3DBall_2130,3DBall,2130,12.0,ppo,500000,119,22376,0.0003147968205438,3.0,231,39.5,83.1,1.3172,12000,1.128,12000,100.0,442000,100.0,216000,480000,0.0738,24000,0.2595,24000,1.4131,12000,2.5657600000000005,84000,34.6,2025-11-21_09-33,,
R_AK_3DBall_2131,3DBall,2131,12.0,ppo,500000,133,24954,0.0006512806983864,3.0,211,27.0,83.5,1.2702,12000,1.1145,12000,100.0,442000,100.0,216000,480000,0.0694,36000,0.2249,36000,1.4145,12000,2.5657600000000005,84000,31.6,2025-11-21_09-33,,
R_AK_3DBall_2132,3DBall,2132,12.0,ppo,500000,102,19185,0.0002807394034627,3.0,214,28.5,83.9,1.3099,12000,1.1749,12000,100.0,442000,100.0,204000,480000,0.0783,24000,0.2919,24000,1.4108,12000,2.5657600000000005,84000,32.1,2025-11-21_09-33,,
R_AK_3DBall_2133,3DBall,2133,12.0,ppo,500000,166,31232,0.0001030896079207,3.0,215,30.5,84.2,1.1893,12000,1.159,12000,97.3103,442000,100.0,396000,480000,0.0586,36000,0.4115,36000,1.4169,12000,2.5657600000000005,168000,69.8,2025-11-21_09-33,,
R_AK_3DBall_2134,3DBall,2134,12.0,ppo,500000,67,12647,0.0004240715132033,3.0,222,32.9,84.4,1.442,12000,1.1461,12000,100.0,442000,100.0,180000,480000,0.0973,24000,0.3137,24000,1.4035,12000,2.5657600000000005,72000,27.7,2025-11-21_09-33,,
R_AK_3DBall_2135,3DBall,2135,12.0,ppo,500000,143,26842,0.0003578952793,3.0,225,41.1,84.1,1.2995,12000,1.1177,12000,100.0,442000,100.0,216000,480000,0.0678,36000,0.2422,36000,1.4114,12000,2.5657600000000005,96000,39.3,2025-11-21_09-33,,
R_AK_3DBall_2136,3DBall,2136,12.0,ppo,500000,85,15995,0.0002417184643096,3.0,248,44.9,83.9,2.0429,12000,1.1939,12000,100.0,442000,100.0,156000,480000,0.0854,24000,0.5332,24000,1.3985,12000,2.5657600000000005,60000,24.8,2025-11-21_09-33,,
R_AK_3DBall_2137,3DBall,2137,12.0,ppo,500000,166,31198,0.0007642208240177,3.0,227,37.5,83.7,1.2594,12000,1.1344,12000,99.385,442000,100.0,240000,480000,0.0631,36000,0.1679,36000,1.4169,12000,2.5657600000000005,108000,45.3,2025-11-21_09-33,,
R_AK_3DBall_2138,3DBall,2138,12.0,ppo,500000,152,28624,8.139645006702269e-05,3.0,236,39.9,83.8,1.3136,12000,1.1595,12000,99.5277,442000,100.0,252000,480000,0.0658,36000,0.2178,36000,1.4181,12000,2.5657600000000005,96000,41.3,2025-11-21_09-33,,
R_AK_3DBall_2139,3DBall,2139,12.0,ppo,500000,49,9217,0.0001658486733505,3.0,226,26.5,83.6,1.3945,12000,1.2118,12000,100.0,442000,100.0,168000,480000,0.1122,12000,0.543,12000,1.399,12000,2.5657600000000005,84000,33.9,2025-11-21_09-33,,
R_AK_3DBall_2140,3DBall,2140,12.0,ppo,500000,114,21545,0.0002149513108966,3.0,215,27.4,83.6,1.1588,12000,1.1248,12000,100.0,442000,100.0,312000,480000,0.0736,24000,0.3191,24000,1.4179,12000,2.5657600000000005,144000,59.1,2025-11-21_09-33,,
R_AK_3DBall_2141,3DBall,2141,12.0,ppo,500000,101,19108,0.0002081320060876,3.0,236,41.4,83.9,1.4512,12000,1.1418,12000,100.0,442000,100.0,168000,480000,0.0819,24000,0.2372,24000,1.4162,12000,2.5657600000000005,72000,29.5,2025-11-21_09-33,,
R_AK_3DBall_2142,3DBall,2142,12.0,ppo,500000,178,33526,4.248515749630988e-05,3.0,238,40.8,84.0,1.1904,12000,1.1492,12000,98.4954,442000,100.0,372000,480000,0.0606,36000,0.2364,36000,1.4183,12000,2.5657600000000005,144000,65.4,2025-11-21_09-33,,
R_AK_3DBall_2143,3DBall,2143,12.0,ppo,500000,36,6898,0.0001054040352981,3.0,235,27.1,83.3,1.3752,12000,1.1424,12000,100.0,442000,100.0,168000,480000,0.131,12000,0.3713,12000,1.3999,12000,2.5657600000000005,84000,35.2,2025-11-21_09-33,,
R_AK_3DBall_2144,3DBall,2144,12.0,ppo,500000,173,32593,0.0002188737760987,3.0,226,40.0,83.0,1.2937,12000,1.1397,12000,100.0,442000,100.0,276000,480000,0.0618,36000,0.1794,36000,1.4162,12000,2.5657600000000005,108000,45.2,2025-11-21_09-33,,
R_AK_3DBall_2145,3DBall,2145,12.0,ppo,500000,158,29700,0.0005559629572958,3.0,233,42.2,83.6,1.2524,12000,1.1619,12000,99.6267,442000,100.0,264000,480000,0.0651,36000,0.1692,36000,1.4154,12000,2.5657600000000005,96000,40.7,2025-11-21_09-33,,
R_AK_3DBall_2146,3DBall,2146,12.0,ppo,500000,83,15563,0.0002968018669491,3.0,243,41.3,83.6,1.996,12000,1.2445,12000,98.4658,442000,100.0,144000,480000,0.0912,24000,0.505,24000,1.4072,12000,2.5657600000000005,60000,24.3,2025-11-21_09-33,,
R_AK_3DBall_2147,3DBall,2147,12.0,ppo,500000,149,28019,0.0004396992528728,3.0,230,38.8,83.9,1.3353,12000,1.2018,12000,99.7733,442000,100.0,264000,480000,0.0671,36000,0.1967,36000,1.4181,12000,2.5657600000000005,96000,40.2,2025-11-21_09-33,,
R_AK_3DBall_2148,3DBall,2148,12.0,ppo,500000,184,34544,0.0003382730125187,3.0,213,28.2,83.9,1.1846,12000,1.0928,12000,100.0,442000,100.0,336000,480000,0.0576,36000,0.2393,36000,1.4148,12000,2.5657600000000005,120000,47.9,2025-11-21_09-33,,
R_AK_3DBall_2149,3DBall,2149,12.0,ppo,500000,156,29403,0.0005296781427218,3.0,218,38.1,84.0,1.2385,12000,1.1446,12000,100.0,442000,100.0,252000,480000,0.0633,36000,0.1779,36000,1.413,12000,2.5657600000000005,96000,38.1,2025-11-21_09-33,,
R_AK_3DBall_2150,3DBall,2150,12.0,ppo,500000,101,19059,0.0001014946063345,3.0,232,42.7,84.0,1.3714,12000,1.1193,12000,100.0,442000,100.0,180000,480000,0.0804,24000,0.2428,24000,1.4167,12000,2.5657600000000005,84000,34.8,2025-11-21_09-33,,
R_AK_3DBall_2151,3DBall,2151,12.0,ppo,500000,113,21288,0.0001161459910445,3.0,249,42.6,83.2,1.4852,12000,1.2175,12000,100.0,442000,100.0,216000,480000,0.0756,24000,0.2947,24000,1.4148,12000,2.5657600000000005,72000,31.1,2025-11-21_09-33,,
R_AK_3DBall_2152,3DBall,2152,12.0,ppo,500000,111,20945,0.0006099170806932,3.0,235,40.7,83.4,1.4608,12000,1.1039,12000,100.0,442000,100.0,156000,480000,0.0755,24000,0.2503,24000,1.4115,12000,2.5657600000000005,72000,29.4,2025-11-21_09-33,,
R_AK_3DBall_2153,3DBall,2153,12.0,ppo,500000,88,16557,0.000518489809566,3.0,249,43.5,83.4,1.8231,12000,1.1956,12000,98.5308,442000,100.0,156000,480000,0.0851,24000,0.4517,24000,1.4058,12000,2.5657600000000005,60000,24.9,2025-11-21_09-33,,
R_AK_3DBall_2154,3DBall,2154,12.0,ppo,500000,164,30934,8.858842901156243e-05,3.0,215,27.0,83.4,1.1501,12000,1.1301,12000,88.3103,442000,96.4,468000,480000,0.0605,36000,0.325,36000,1.4167,12000,2.5657600000000005,192000,80.5,2025-11-21_09-33,,
R_AK_3DBall_2155,3DBall,2155,12.0,ppo,500000,82,15552,0.0002348232586967,3.0,230,41.3,83.4,1.8178,12000,1.2339,12000,100.0,442000,100.0,168000,480000,0.0881,24000,0.4115,24000,1.3995,12000,2.5657600000000005,60000,23.0,2025-11-21_09-33,,
R_AK_3DBall_2156,3DBall,2156,12.0,ppo,500000,132,24816,0.0007409934017844,3.0,210,27.2,83.2,1.2194,12000,1.0736,12000,100.0,442000,100.0,240000,480000,0.0701,36000,0.2452,36000,1.4147,12000,2.5657600000000005,96000,36.7,2025-11-21_09-33,,
R_AK_3DBall_2157,3DBall,2157,12.0,ppo,500000,171,32065,7.01182809277509e-05,3.0,242,45.1,83.5,1.1679,12000,1.0692,12000,98.1494,442000,100.0,336000,480000,0.0622,36000,0.1633,36000,1.4181,12000,2.5657600000000005,108000,48.4,2025-11-21_09-33,,
R_AK_3DBall_2158,3DBall,2158,12.0,ppo,500000,76,14424,0.0002371126834805,3.0,274,45.5,83.4,2.5595,12000,1.2785,12000,96.0046,442000,100.0,132000,480000,0.0911,24000,0.6038,24000,1.3934,12000,2.5657600000000005,48000,20.6,2025-11-21_09-33,,
R_AK_3DBall_2159,3DBall,2159,12.0,ppo,500000,65,12240,0.0005632109611891,3.0,222,28.6,84.1,1.6198,12000,1.1446,12000,100.0,442000,100.0,144000,480000,0.1012,24000,0.3767,24000,1.3972,12000,2.5657600000000005,60000,22.2,2025-11-21_09-33,,
R_AK_3DBall_2160,3DBall,2160,12.0,ppo,500000,36,6885,0.0004224342343351,3.0,256,45.1,83.9,25.0546,12000,1.5598,12000,98.3155,442000,100.0,84000,480000,0.1353,12000,1.1106,12000,1.3657,12000,2.5657600000000005,36000,12.8,2025-11-21_09-33,,
R_AK_3DBall_2161,3DBall,2161,12.0,ppo,500000,54,10148,0.0005449180809069,3.0,224,27.0,83.8,2.1116,12000,1.173,12000,100.0,442000,100.0,132000,480000,0.1109,12000,0.4186,12000,1.3947,12000,2.5657600000000005,60000,22.4,2025-11-21_09-33,,
R_AK_3DBall_2162,3DBall,2162,12.0,ppo,500000,132,24909,0.0001587382323489,3.0,228,41.1,84.1,1.2977,12000,1.0917,12000,99.01,442000,100.0,252000,480000,0.0679,36000,0.2345,36000,1.4156,12000,2.5657600000000005,84000,34.2,2025-11-21_09-33,,
R_AK_3DBall_2163,3DBall,2163,12.0,ppo,500000,177,33257,0.0007265518480178,3.0,218,36.9,84.2,1.166,12000,1.0898,12000,100.0,442000,100.0,300000,480000,0.0602,36000,0.1474,36000,1.4165,12000,2.5657600000000005,108000,43.5,2025-11-21_09-33,,
R_AK_3DBall_2164,3DBall,2164,12.0,ppo,500000,67,12705,0.0001922515364175,3.0,220,26.7,83.9,1.6468,12000,1.219,12000,100.0,442000,100.0,156000,480000,0.0972,24000,0.3933,24000,1.4039,12000,2.5657600000000005,72000,27.5,2025-11-21_09-33,,
R_AK_3DBall_2165,3DBall,2165,12.0,ppo,500000,130,24427,0.0008755425156795,3.0,213,31.4,83.9,1.2852,12000,1.1542,12000,100.0,442000,100.0,228000,480000,0.0689,36000,0.2372,36000,1.4084,12000,2.5657600000000005,96000,37.2,2025-11-21_09-33,,
R_AK_3DBall_2166,3DBall,2166,12.0,ppo,500000,94,17784,0.0006071976789302,3.0,227,40.9,83.8,1.6344,12000,1.1428,12000,100.0,442000,100.0,168000,480000,0.0824,24000,0.469,24000,1.3999,12000,2.5657600000000005,60000,22.7,2025-11-21_09-33,,
R_AK_3DBall_2167,3DBall,2167,12.0,ppo,500000,189,35543,0.0002273177441067,3.0,245,45.1,83.9,1.2509,12000,1.1309,12000,98.4769,442000,100.0,276000,480000,0.0572,36000,0.1753,36000,1.4145,12000,2.5657600000000005,120000,55.1,2025-11-21_09-33,,
R_AK_3DBall_2168,3DBall,2168,12.0,ppo,500000,103,19380,4.328495481705952e-05,3.0,220,27.0,83.7,1.2031,12000,1.1444,12000,70.7124,442000,84.35,468000,480000,0.0792,24000,0.3719,24000,1.4167,12000,2.5657600000000005,192000,82.4,2025-11-21_09-33,,
R_AK_3DBall_2169,3DBall,2169,12.0,ppo,500000,67,12579,0.0005465993137829,3.0,253,44.1,83.8,3.8655,12000,1.2748,12000,98.5739,442000,100.0,108000,480000,0.0978,24000,0.9191,24000,1.3833,12000,2.5657600000000005,48000,19.0,2025-11-21_09-33,,
R_AK_3DBall_2170,3DBall,2170,12.0,ppo,500000,180,33797,0.000633472916735,3.0,253,42.6,83.9,1.2361,12000,1.0811,12000,96.7585,442000,100.0,300000,480000,0.0597,36000,0.1691,36000,1.4093,12000,2.5657600000000005,108000,50.6,2025-11-21_09-33,,
R_AK_3DBall_2171,3DBall,2171,12.0,ppo,500000,37,7059,0.0007070081115114,3.0,277,45.2,83.6,27.1119,12000,1.5219,12000,98.6831,442000,100.0,168000,480000,0.131,12000,0.8317,12000,1.3574,12000,2.5657600000000005,36000,13.9,2025-11-21_09-33,,
R_AK_3DBall_2172,3DBall,2172,12.0,ppo,500000,119,22453,0.0005117670903477,3.0,213,27.4,83.8,1.3752,12000,1.1529,12000,100.0,442000,100.0,216000,480000,0.0743,24000,0.2795,24000,1.4142,12000,2.5657600000000005,84000,31.9,2025-11-21_09-33,,
R_AK_3DBall_2173,3DBall,2173,12.0,ppo,500000,127,23959,0.0002016142196896,3.0,247,43.6,84.0,1.4431,12000,1.1163,12000,100.0,442000,100.0,228000,480000,0.0704,24000,0.2583,24000,1.408,12000,2.5657600000000005,84000,37.0,2025-11-21_09-33,,
R_AK_3DBall_2174,3DBall,2174,12.0,ppo,500000,172,32308,0.0008924167395008,3.0,231,39.2,83.0,1.2992,12000,1.1259,12000,98.1055,442000,100.0,276000,480000,0.0611,36000,0.1811,36000,1.4112,12000,2.5657600000000005,96000,40.4,2025-11-21_09-33,,
R_AK_3DBall_2175,3DBall,2175,12.0,ppo,500000,140,26402,0.0006819482583149,3.0,232,39.4,82.7,1.3239,12000,1.115,12000,100.0,442000,100.0,216000,480000,0.0667,36000,0.2527,36000,1.4081,12000,2.5657600000000005,84000,34.8,2025-11-21_09-33,,
R_AK_3DBall_2176,3DBall,2176,12.0,ppo,500000,156,29433,0.0007956395359548,3.0,251,41.8,83.0,1.2587,12000,1.1185,12000,96.9677,442000,100.0,228000,480000,0.0653,36000,0.167,36000,1.4111,12000,2.5657600000000005,96000,43.9,2025-11-21_09-33,,
R_AK_3DBall_2177,3DBall,2177,12.0,ppo,500000,42,7876,0.0002493127618609,3.0,272,46.1,83.2,20.0127,12000,1.6321,12000,99.95,442000,100.0,96000,480000,0.1251,12000,1.1558,12000,1.379,12000,2.5657600000000005,36000,13.6,2025-11-21_09-33,,
R_AK_3DBall_2178,3DBall,2178,12.0,ppo,500000,95,17829,0.0008293266048383,3.0,234,40.4,82.8,1.6451,12000,1.2046,12000,100.0,442000,100.0,192000,480000,0.0822,24000,0.477,24000,1.404,12000,2.5657600000000005,60000,23.4,2025-11-21_09-33,,
R_AK_3DBall_2179,3DBall,2179,12.0,ppo,500000,58,10949,0.0005059178124043,3.0,260,46.4,83.1,5.5757,12000,1.3023,12000,100.0,442000,100.0,180000,480000,0.1058,12000,0.9241,12000,1.3705,12000,2.5657600000000005,48000,19.5,2025-11-21_09-33,,
R_AK_3DBall_2180,3DBall,2180,12.0,ppo,500000,65,12290,0.0004405489910274,3.0,282,49.1,83.2,3.2922,12000,1.2041,12000,100.0,442000,100.0,120000,480000,0.0993,24000,0.9119,24000,1.3775,12000,2.5657600000000005,48000,21.2,2025-11-21_09-33,,
R_AK_3DBall_2181,3DBall,2181,12.0,ppo,500000,186,34998,7.377993547386481e-05,3.0,264,45.2,83.3,1.2559,12000,1.1213,12000,99.3083,442000,100.0,324000,480000,0.059,36000,0.2128,36000,1.4166,12000,2.5657600000000005,120000,59.4,2025-11-21_09-33,,
R_AK_3DBall_2182,3DBall,2182,12.0,ppo,500000,183,34407,0.0007010896543104,3.0,257,45.7,83.4,1.264,12000,1.1492,12000,98.7369,442000,100.0,288000,480000,0.0595,36000,0.1809,36000,1.4083,12000,2.5657600000000005,96000,45.0,2025-11-21_09-33,,
R_AK_3DBall_2183,3DBall,2183,12.0,ppo,500000,69,12938,0.0003382948955831,3.0,247,42.8,83.5,2.6057,12000,1.2358,12000,100.0,442000,100.0,132000,480000,0.0984,24000,0.9193,24000,1.3944,12000,2.5657600000000005,48000,18.5,2025-11-21_09-33,,
R_AK_3DBall_2184,3DBall,2184,12.0,ppo,500000,128,24186,0.0002079033630912,3.0,234,38.7,83.6,1.2978,12000,1.0826,12000,100.0,442000,100.0,240000,480000,0.0722,36000,0.258,36000,1.4129,12000,2.5657600000000005,84000,35.1,2025-11-21_09-33,,
R_AK_3DBall_2185,3DBall,2185,12.0,ppo,500000,42,7959,0.0005410778727008,3.0,266,44.1,83.2,13.496,12000,1.3933,12000,100.0,442000,100.0,132000,480000,0.1233,12000,1.2171,12000,1.3648,12000,2.5657600000000005,36000,13.3,2025-11-21_09-33,,
R_AK_3DBall_2186,3DBall,2186,12.0,ppo,500000,164,30871,0.0008639816187252,3.0,228,37.3,82.7,1.3121,12000,1.1868,12000,99.0108,442000,100.0,240000,480000,0.0641,36000,0.1873,36000,1.4118,12000,2.5657600000000005,108000,45.6,2025-11-21_09-33,,
R_AK_3DBall_2187,3DBall,2187,12.0,ppo,500000,107,20069,0.0003426733853084,3.0,214,27.0,83.2,1.3409,12000,1.1752,12000,100.0,442000,100.0,192000,480000,0.0779,24000,0.2902,24000,1.4204,12000,2.5657600000000005,84000,32.1,2025-11-21_09-33,,
R_AK_3DBall_2188,3DBall,2188,12.0,ppo,500000,152,28619,7.776816430570614e-05,3.0,256,45.1,83.0,1.3236,12000,1.1373,12000,100.0,442000,100.0,276000,480000,0.0654,36000,0.1936,36000,1.4164,12000,2.5657600000000005,96000,44.8,2025-11-21_09-33,,
R_AK_3DBall_2189,3DBall,2189,12.0,ppo,500000,59,11184,0.0002973350534187,3.0,222,29.9,82.9,1.8494,12000,1.1917,12000,100.0,442000,100.0,132000,480000,0.1035,12000,0.3958,12000,1.4062,12000,2.5657600000000005,60000,22.2,2025-11-21_09-33,,
R_AK_3DBall_2190,3DBall,2190,12.0,ppo,500000,177,33320,0.0005664227045876,3.0,219,36.5,82.7,1.2024,12000,1.1191,12000,99.0108,442000,100.0,324000,480000,0.0592,36000,0.1667,36000,1.418,12000,2.5657600000000005,108000,43.8,2025-11-21_09-33,,
R_AK_3DBall_2191,3DBall,2191,12.0,ppo,500000,176,33145,0.0005383599829499,3.0,231,37.1,83.0,1.1828,12000,1.1073,12000,100.0,442000,100.0,288000,480000,0.0632,36000,0.1682,36000,1.4165,12000,2.5657600000000005,108000,46.1,2025-11-21_09-33,,
R_AK_3DBall_2192,3DBall,2192,12.0,ppo,500000,169,31723,0.0004988193437362,3.0,240,39.7,82.9,1.2025,12000,1.0831,12000,98.58,442000,100.0,288000,480000,0.0634,36000,0.149,36000,1.4143,12000,2.5657600000000005,108000,48.0,2025-11-21_09-33,,
R_AK_3DBall_2193,3DBall,2193,12.0,ppo,500000,53,10085,0.00020532843733,3.0,292,45.0,82.8,5.0479,12000,1.2969,12000,100.0,442000,100.0,192000,480000,0.1108,12000,0.8883,12000,1.3982,12000,2.5657600000000005,36000,14.6,2025-11-21_09-33,,
R_AK_3DBall_2194,3DBall,2194,12.0,ppo,500000,131,24716,6.786695263541327e-05,3.0,266,44.4,83.1,1.4335,12000,1.1474,12000,100.0,442000,100.0,228000,480000,0.0691,36000,0.3255,36000,1.4145,12000,2.5657600000000005,84000,39.9,2025-11-21_09-33,,
R_AK_3DBall_2195,3DBall,2195,12.0,ppo,500000,181,33939,0.0008419685409612,3.0,231,41.0,83.2,1.2107,12000,1.1154,12000,98.6457,442000,100.0,252000,480000,0.06,36000,0.1659,36000,1.4184,12000,2.5657600000000005,108000,46.2,2025-11-21_09-33,,
R_AK_3DBall_2196,3DBall,2196,12.0,ppo,500000,63,11878,0.0001289211580682,3.0,253,44.3,82.9,1.9499,12000,1.1949,12000,100.0,442000,100.0,156000,480000,0.1021,12000,0.4879,12000,1.4083,12000,2.5657600000000005,60000,25.3,2025-11-21_09-33,,
R_AK_3DBall_2197,3DBall,2197,12.0,ppo,500000,96,18021,0.0001515773648528,3.0,238,39.5,83.0,1.5486,12000,1.2462,12000,100.0,442000,100.0,192000,480000,0.0823,24000,0.2951,24000,1.413,12000,2.5657600000000005,84000,35.7,2025-11-21_09-33,,
R_AK_3DBall_2198,3DBall,2198,12.0,ppo,500000,37,7012,0.0004702067195905,3.0,285,46.6,83.0,13.4359,12000,1.4575,12000,100.0,442000,100.0,156000,480000,0.1333,12000,1.3736,12000,1.3584,12000,2.5657600000000005,36000,14.3,2025-11-21_09-33,,
R_AK_3DBall_2199,3DBall,2199,12.0,ppo,500000,166,31193,0.0006481679043201,3.0,233,38.7,83.4,1.2111,12000,1.11,12000,100.0,442000,100.0,252000,480000,0.0639,36000,0.1661,36000,1.4157,12000,2.5657600000000005,108000,46.6,2025-11-21_09-33,,
R_AK_3DBall_2200,3DBall,2200,12.0,ppo,500000,66,12463,0.0001907292513757,3.0,220,26.9,83.0,1.6647,12000,1.1644,12000,100.0,442000,100.0,132000,480000,0.0994,24000,0.3913,24000,1.4074,12000,2.5657600000000005,60000,22.0,2025-11-21_09-33,,
R_AK_3DBall_2201,3DBall,2201,12.0,ppo,500000,79,14879,0.0007257767294934,3.0,238,40.3,82.9,2.1701,12000,1.2324,12000,97.1814,442000,100.0,132000,480000,0.0885,24000,0.5637,24000,1.4043,12000,2.5657600000000005,60000,23.8,2025-11-21_09-33,,
R_AK_3DBall_2202,3DBall,2202,12.0,ppo,500000,77,14582,0.0001019592577126,3.0,275,43.8,83.3,1.8093,12000,1.1389,12000,98.4017,442000,100.0,168000,480000,0.0932,24000,0.3726,24000,1.4075,12000,2.5657600000000005,60000,27.5,2025-11-21_09-33,,
R_AK_3DBall_2203,3DBall,2203,12.0,ppo,500000,33,6300,0.0006398229701975,3.0,238,28.4,82.9,8.9553,12000,1.287,12000,100.0,442000,100.0,84000,480000,0.1356,12000,1.0304,12000,1.352,12000,2.5657600000000005,36000,11.9,2025-11-21_09-33,,
R_AK_3DBall_2204,3DBall,2204,12.0,ppo,500000,155,29101,4.90122362854653e-05,3.0,256,42.8,82.6,1.2637,12000,1.1405,12000,100.0,442000,100.0,276000,480000,0.0657,36000,0.2037,36000,1.4177,12000,2.5657600000000005,108000,51.2,2025-11-21_09-33,,
R_AK_3DBall_2205,3DBall,2205,12.0,ppo,500000,103,19327,0.0007151705698544,3.0,237,39.5,83.0,1.5586,12000,1.2491,12000,100.0,442000,100.0,156000,480000,0.0787,24000,0.2435,24000,1.4001,12000,2.5657600000000005,72000,29.6,2025-11-21_09-33,,
R_AK_3DBall_2206,3DBall,2206,12.0,ppo,500000,121,22821,0.0005024872483985,3.0,262,42.4,83.3,1.4338,12000,1.1323,12000,98.9769,442000,100.0,204000,480000,0.0744,24000,0.267,24000,1.4032,12000,2.5657600000000005,84000,39.3,2025-11-21_09-33,,
R_AK_3DBall_2207,3DBall,2207,12.0,ppo,500000,188,35277,0.0002740306755548,3.0,238,39.1,83.0,1.2418,12000,1.1227,12000,99.6133,442000,100.0,288000,480000,0.0578,36000,0.1841,36000,1.416,12000,2.5657600000000005,120000,53.5,2025-11-21_09-33,,
R_AK_3DBall_2208,3DBall,2208,12.0,ppo,500000,86,16260,0.0001816216295337,3.0,216,28.7,83.5,1.359,12000,1.1849,12000,100.0,442000,100.0,252000,480000,0.0865,24000,0.352,24000,1.4142,12000,2.5657600000000005,96000,37.8,2025-11-21_09-33,,
R_AK_3DBall_2209,3DBall,2209,12.0,ppo,500000,129,24216,0.0006550700573992,3.0,230,41.3,83.5,1.4368,12000,1.1413,12000,96.1644,442000,100.0,204000,480000,0.0718,36000,0.2509,36000,1.409,12000,2.5657600000000005,84000,34.5,2025-11-21_09-33,,
R_AK_3DBall_2210,3DBall,2210,12.0,ppo,500000,129,24223,0.000508202092383,3.0,215,29.0,83.3,1.2527,12000,1.1242,12000,100.0,442000,100.0,240000,480000,0.0696,36000,0.262,36000,1.4095,12000,2.5657600000000005,108000,43.0,2025-11-21_09-33,,
R_AK_3DBall_2211,3DBall,2211,12.0,ppo,500000,48,9051,0.0008018506721135,3.0,272,46.0,83.2,10.0148,12000,1.3245,12000,93.98,442000,100.0,84000,480000,0.1147,12000,0.9061,12000,1.3776,12000,2.5657600000000005,36000,13.6,2025-11-21_09-33,,
R_AK_3DBall_2212,3DBall,2212,12.0,ppo,500000,61,11619,0.0001841318985738,3.0,220,26.7,83.0,1.612,12000,1.1219,12000,100.0,442000,100.0,156000,480000,0.1046,12000,0.3752,12000,1.4072,12000,2.5657600000000005,60000,22.0,2025-11-21_09-33,,
R_AK_3DBall_2213,3DBall,2213,12.0,ppo,500000,128,24024,0.0001168358715727,3.0,214,26.9,82.9,1.2334,12000,1.1201,12000,100.0,442000,100.0,288000,480000,0.0693,36000,0.2985,36000,1.4156,12000,2.5657600000000005,120000,48.1,2025-11-21_09-33,,
R_AK_3DBall_2214,3DBall,2214,12.0,ppo,500000,75,14227,0.0004469316399792,3.0,254,44.4,83.3,2.3758,12000,1.2046,12000,99.3017,442000,100.0,144000,480000,0.0942,24000,0.8714,24000,1.3858,12000,2.5657600000000005,48000,19.0,2025-11-21_09-33,,
R_AK_3DBall_2215,3DBall,2215,12.0,ppo,500000,138,26041,0.0005064621364616,3.0,235,38.0,83.2,1.3093,12000,1.1203,12000,100.0,442000,100.0,216000,480000,0.0689,36000,0.2595,36000,1.4077,12000,2.5657600000000005,96000,41.1,2025-11-21_09-33,,
R_AK_3DBall_2216,3DBall,2216,12.0,ppo,500000,156,29403,0.0008428468041169,3.0,230,38.9,83.2,1.3992,12000,1.1914,12000,98.94,442000,100.0,276000,480000,0.0634,36000,0.1994,36000,1.404,12000,2.5657600000000005,72000,28.7,2025-11-21_09-33,,
R_AK_3DBall_2217,3DBall,2217,12.0,ppo,500000,125,23570,0.0006090179438792,3.0,211,27.1,82.8,1.3333,12000,1.1001,12000,100.0,442000,100.0,228000,480000,0.0733,24000,0.2272,24000,1.408,12000,2.5657600000000005,84000,31.6,2025-11-21_09-33,,
R_AK_3DBall_2218,3DBall,2218,12.0,ppo,500000,103,19353,0.0003201525116807,3.0,215,28.1,83.1,1.4476,12000,1.1972,12000,100.0,442000,100.0,204000,480000,0.0801,24000,0.2994,24000,1.4128,12000,2.5657600000000005,72000,26.9,2025-11-21_09-33,,
R_AK_3DBall_2219,3DBall,2219,12.0,ppo,500000,121,22844,0.0006508001071971,3.0,214,29.5,82.9,1.2522,12000,1.131,12000,100.0,442000,100.0,240000,480000,0.0717,24000,0.2412,24000,1.4183,12000,2.5657600000000005,96000,37.4,2025-11-21_09-33,,
R_AK_3DBall_2220,3DBall,2220,12.0,ppo,500000,60,11396,0.0007128822090359,3.0,222,26.9,83.1,2.7373,12000,1.2111,12000,100.0,442000,100.0,132000,480000,0.1045,12000,0.6623,12000,1.4015,12000,2.5657600000000005,48000,16.6,2025-11-21_09-33,,
R_AK_3DBall_2221,3DBall,2221,12.0,ppo,500000,70,13160,0.0001367296718447,3.0,221,26.7,82.4,1.3163,12000,1.1047,12000,100.0,442000,100.0,180000,480000,0.0947,24000,0.3597,24000,1.413,12000,2.5657600000000005,84000,33.1,2025-11-21_09-33,,
R_AK_3DBall_2222,3DBall,2222,12.0,ppo,500000,74,13965,9.963540264670796e-05,3.0,263,44.6,83.3,2.2227,12000,1.2177,12000,100.0,442000,100.0,132000,480000,0.0939,24000,0.8342,24000,1.4133,12000,2.5657600000000005,60000,26.3,2025-11-21_09-33,,
R_AK_3DBall_2223,3DBall,2223,12.0,ppo,500000,63,11955,0.0002428908336372,3.0,250,42.9,83.2,2.3533,12000,1.169,12000,100.0,442000,100.0,132000,480000,0.1,12000,0.5889,12000,1.4019,12000,2.5657600000000005,48000,18.7,2025-11-21_09-33,,
R_AK_3DBall_2224,3DBall,2224,12.0,ppo,500000,138,25997,0.0008409436340157,3.0,215,30.9,83.9,1.2897,12000,1.1898,12000,100.0,442000,100.0,228000,480000,0.0672,36000,0.2476,36000,1.418,12000,2.5657600000000005,96000,37.6,2025-11-21_09-33,,
R_AK_3DBall_2225,3DBall,2225,12.0,ppo,500000,64,12106,0.0001498803620875,3.0,225,34.7,84.4,1.2407,12000,1.1412,12000,100.0,442000,100.0,204000,480000,0.1012,24000,0.3482,24000,1.4105,12000,2.5657600000000005,108000,45.0,2025-11-21_09-33,,
R_AK_3DBall_2226,3DBall,2226,12.0,ppo,500000,40,7502,4.49377818442038e-05,3.0,269,48.5,83.8,2.5813,12000,1.2279,12000,100.0,442000,100.0,120000,480000,0.1276,12000,0.6459,12000,1.414,12000,2.5657600000000005,48000,20.2,2025-11-21_09-33,,
R_AK_3DBall_2227,3DBall,2227,12.0,ppo,500000,147,27707,0.0003929239413307,3.0,213,31.6,83.8,1.2034,12000,1.0927,12000,100.0,442000,100.0,288000,480000,0.0678,36000,0.2429,36000,1.4128,12000,2.5657600000000005,120000,47.9,2025-11-21_09-33,,
R_AK_3DBall_2228,3DBall,2228,12.0,ppo,500000,158,29715,0.0005580982530036,3.0,260,44.3,83.8,1.3068,12000,1.1477,12000,100.0,442000,100.0,252000,480000,0.0649,36000,0.1758,36000,1.4106,12000,2.5657600000000005,72000,32.5,2025-11-21_09-33,,
R_AK_3DBall_2229,3DBall,2229,12.0,ppo,500000,119,22323,0.0001791965433492,3.0,233,42.3,84.0,1.2518,12000,1.1067,12000,98.48,442000,100.0,216000,480000,0.0728,24000,0.2156,24000,1.4166,12000,2.5657600000000005,96000,40.7,2025-11-21_09-33,,
R_AK_3DBall_2230,3DBall,2230,12.0,ppo,500000,96,18170,0.0008613651931387,3.0,241,43.9,84.2,1.5566,12000,1.1479,12000,100.0,442000,100.0,180000,480000,0.0841,24000,0.2366,24000,1.4128,12000,2.5657600000000005,72000,30.1,2025-11-21_09-33,,
R_AK_3DBall_2231,3DBall,2231,12.0,ppo,500000,171,32129,0.0003941354025507,3.0,271,51.8,83.0,1.2722,12000,1.1207,12000,98.5046,442000,100.0,264000,480000,0.0624,36000,0.164,36000,1.4133,12000,2.5657600000000005,108000,54.2,2025-11-21_09-33,,
R_AK_3DBall_2232,3DBall,2232,12.0,ppo,500000,71,13403,0.0001210194691384,3.0,250,48.0,83.3,1.4775,12000,1.1525,12000,100.0,442000,100.0,168000,480000,0.0947,24000,0.4022,24000,1.4154,12000,2.5657600000000005,84000,37.5,2025-11-21_09-33,,
R_AK_3DBall_2233,3DBall,2233,12.0,ppo,500000,181,33937,0.000724369917461,3.0,233,39.4,83.0,1.2219,12000,1.1064,12000,98.8683,442000,100.0,264000,480000,0.0604,36000,0.151,36000,1.4077,12000,2.5657600000000005,120000,52.4,2025-11-21_09-33,,
R_AK_3DBall_2234,3DBall,2234,12.0,ppo,500000,141,26509,0.0006643152324434,3.0,242,42.4,82.3,1.3699,12000,1.1052,12000,98.5092,442000,100.0,204000,480000,0.0703,36000,0.311,36000,1.4043,12000,2.5657600000000005,84000,36.3,2025-11-21_09-33,,
R_AK_3DBall_2235,3DBall,2235,12.0,ppo,500000,175,32827,0.0006176365432966,3.0,212,27.4,82.5,1.1984,12000,1.0989,12000,100.0,442000,100.0,288000,480000,0.0614,36000,0.2196,36000,1.4173,12000,2.5657600000000005,108000,42.4,2025-11-21_09-33,,
R_AK_3DBall_2236,3DBall,2236,12.0,ppo,500000,150,28186,0.0006008428727631,3.0,212,28.4,82.5,1.2533,12000,1.1654,12000,100.0,442000,100.0,276000,480000,0.0644,36000,0.2697,36000,1.4106,12000,2.5657600000000005,108000,42.3,2025-11-21_09-33,,
R_AK_3DBall_2237,3DBall,2237,12.0,ppo,500000,73,13715,0.0002058494097062,3.0,234,42.2,82.2,1.8788,12000,1.2059,12000,98.5754,442000,100.0,132000,480000,0.092,24000,0.5881,24000,1.4101,12000,2.5657600000000005,60000,23.4,2025-11-21_09-33,,
R_AK_3DBall_2238,3DBall,2238,12.0,ppo,500000,172,32383,0.0004667726824267,3.0,269,42.6,82.6,1.2556,12000,1.1687,12000,98.5077,442000,100.0,300000,480000,0.0588,36000,0.1638,36000,1.4155,12000,2.5657600000000005,108000,53.8,2025-11-21_09-33,,
R_AK_3DBall_2239,3DBall,2239,12.0,ppo,500000,43,8090,0.0003610773954886,3.0,266,43.8,82.6,13.3578,12000,1.3719,12000,98.5262,442000,100.0,96000,480000,0.1214,12000,1.0052,12000,1.376,12000,2.5657600000000005,36000,13.3,2025-11-21_09-33,,
R_AK_3DBall_2240,3DBall,2240,12.0,ppo,500000,188,35301,0.000707462001204,3.0,229,37.1,83.2,1.2236,12000,1.1213,12000,100.0,442000,100.0,300000,480000,0.0587,36000,0.1763,36000,1.4124,12000,2.5657600000000005,120000,51.5,2025-11-21_09-33,,
R_AK_3DBall_2241,3DBall,2241,12.0,ppo,500000,159,29831,0.00072400423947,3.0,266,46.8,82.2,1.3487,12000,1.1377,12000,97.1943,442000,100.0,228000,480000,0.0645,36000,0.2194,36000,1.4027,12000,2.5657600000000005,72000,33.2,2025-11-21_09-33,,
R_AK_3DBall_2242,3DBall,2242,12.0,ppo,500000,139,26179,0.0004833753468259,3.0,236,39.0,82.0,1.3481,12000,1.1303,12000,100.0,442000,100.0,252000,480000,0.0665,36000,0.2531,36000,1.4132,12000,2.5657600000000005,96000,41.3,2025-11-21_09-33,,
R_AK_3DBall_2243,3DBall,2243,12.0,ppo,500000,184,34503,7.341099120934507e-05,3.0,223,27.3,82.0,1.1332,12000,1.1178,12000,2.0045,442000,2.0955,468000,480000,0.0575,36000,0.5329,36000,1.4176,12000,2.5657600000000005,Not reached,Not reached,2025-11-21_09-33,,
R_AK_3DBall_2244,3DBall,2244,12.0,ppo,500000,107,20075,0.0004164275671122,3.0,235,39.8,82.5,1.4723,12000,1.1731,12000,100.0,442000,100.0,192000,480000,0.0788,24000,0.2358,24000,1.4143,12000,2.5657600000000005,72000,29.4,2025-11-21_09-33,,
R_AK_3DBall_2245,3DBall,2245,12.0,ppo,500000,130,24553,0.0003101621760868,3.0,245,40.3,82.2,1.5484,12000,1.2105,12000,100.0,442000,100.0,204000,480000,0.0702,36000,0.3111,36000,1.4081,12000,2.5657600000000005,84000,36.7,2025-11-21_09-33,,
R_AK_3DBall_2246,3DBall,2246,12.0,ppo,500000,37,6942,0.0001162449220978,3.0,317,45.8,82.1,17.2087,12000,1.5997,12000,99.7233,442000,100.0,72000,480000,0.131,12000,1.328,12000,1.3899,12000,2.5657600000000005,36000,15.8,2025-11-21_09-33,,
R_AK_3DBall_2247,3DBall,2247,12.0,ppo,500000,63,11914,0.0005412082718938,3.0,320,51.7,84.4,2.8571,12000,1.2078,12000,100.0,442000,100.0,132000,480000,0.1001,12000,0.7892,12000,1.373,12000,2.5657600000000005,48000,24.0,2025-11-21_09-33,,
R_AK_3DBall_2248,3DBall,2248,12.0,ppo,500000,152,28589,7.13894353020465e-05,3.0,247,42.1,83.5,1.2257,12000,1.1824,12000,100.0,442000,100.0,336000,480000,0.0628,36000,0.35,36000,1.419,12000,2.5657600000000005,132000,61.7,2025-11-21_09-33,,
R_AK_3DBall_2249,3DBall,2249,12.0,ppo,500000,159,29918,0.0004028018906385,3.0,255,44.8,83.7,1.1514,12000,1.0948,12000,100.0,442000,100.0,240000,480000,0.0649,36000,0.1637,36000,1.4188,12000,2.5657600000000005,108000,51.0,2025-11-21_09-33,,
R_AK_3DBall_2250,3DBall,2250,12.0,ppo,500000,75,14124,0.0005663518105335,3.0,270,45.9,83.5,1.9104,12000,1.1588,12000,97.4686,442000,100.0,144000,480000,0.091,24000,0.6707,24000,1.3885,12000,2.5657600000000005,60000,27.0,2025-11-21_09-33,,
R_AK_3DBall_2251,3DBall,2251,12.0,ppo,500000,128,24079,0.0008702483260871,3.0,251,42.7,83.4,1.3989,12000,1.0959,12000,100.0,442000,100.0,180000,480000,0.0724,36000,0.2686,36000,1.4158,12000,2.5657600000000005,84000,37.6,2025-11-21_09-33,,
R_AK_3DBall_2252,3DBall,2252,12.0,ppo,500000,103,19468,0.0003965248088707,3.0,220,32.0,83.5,1.3523,12000,1.0801,12000,100.0,442000,100.0,180000,480000,0.0769,24000,0.2249,24000,1.407,12000,2.5657600000000005,72000,27.5,2025-11-21_09-33,,
R_AK_3DBall_2253,3DBall,2253,12.0,ppo,500000,164,30891,0.000437957471431,3.0,288,47.6,83.4,1.2933,12000,1.1449,12000,100.0,442000,100.0,312000,480000,0.0603,36000,0.1682,36000,1.4139,12000,2.5657600000000005,96000,50.4,2025-11-21_09-33,,
R_AK_3DBall_2254,3DBall,2254,12.0,ppo,500000,115,21636,0.0008904312830875,3.0,296,50.0,83.5,1.6746,12000,1.1334,12000,100.0,442000,100.0,144000,480000,0.0744,24000,0.3635,24000,1.3914,12000,2.5657600000000005,60000,29.6,2025-11-21_09-33,,
R_AK_3DBall_2255,3DBall,2255,12.0,ppo,500000,52,9874,0.0003797957949875,3.0,307,52.1,82.9,7.3965,12000,1.3292,12000,95.4185,442000,100.0,144000,480000,0.1107,12000,0.8535,12000,1.3833,12000,2.5657600000000005,36000,15.4,2025-11-21_09-33,,
R_AK_3DBall_2256,3DBall,2256,12.0,ppo,500000,135,25461,0.0007694734223986,3.0,266,46.2,83.4,1.6223,12000,1.2188,12000,97.5954,442000,100.0,216000,480000,0.0697,36000,0.4025,36000,1.4022,12000,2.5657600000000005,72000,33.2,2025-11-21_09-33,,
R_AK_3DBall_2257,3DBall,2257,12.0,ppo,500000,60,11314,0.0002104032738993,3.0,278,47.4,83.2,2.7447,12000,1.2094,12000,99.905,442000,100.0,108000,480000,0.106,12000,0.624,12000,1.4044,12000,2.5657600000000005,48000,20.9,2025-11-21_09-33,,
R_AK_3DBall_2258,3DBall,2258,12.0,ppo,500000,112,21020,0.0008879661633656,3.0,219,32.2,83.4,1.5575,12000,1.2066,12000,100.0,442000,100.0,168000,480000,0.075,24000,0.2825,24000,1.4083,12000,2.5657600000000005,72000,27.4,2025-11-21_09-33,,
R_AK_3DBall_2259,3DBall,2259,12.0,ppo,500000,58,11020,0.0001944631699462,3.0,318,49.9,83.3,4.4362,12000,1.3773,12000,98.4846,442000,100.0,144000,480000,0.109,12000,0.8935,12000,1.3963,12000,2.5657600000000005,48000,23.9,2025-11-21_09-33,,
R_AK_3DBall_2260,3DBall,2260,12.0,ppo,500000,172,32409,0.0006083006811456,3.0,261,44.3,83.7,1.2183,12000,1.0967,12000,100.0,442000,100.0,288000,480000,0.0612,36000,0.1611,36000,1.417,12000,2.5657600000000005,108000,52.2,2025-11-21_09-33,,
R_AK_3DBall_2261,3DBall,2261,12.0,ppo,500000,157,29441,0.0006892770133058,3.0,285,47.2,83.3,1.3087,12000,1.164,12000,99.4317,442000,100.0,228000,480000,0.0642,36000,0.1697,36000,1.4059,12000,2.5657600000000005,72000,35.6,2025-11-21_09-33,,
R_AK_3DBall_2262,3DBall,2262,12.0,ppo,500000,50,9411,0.0002268737706201,3.0,298,50.1,82.6,5.08,12000,1.3576,12000,100.0,442000,100.0,132000,480000,0.1136,12000,1.0062,12000,1.3895,12000,2.5657600000000005,36000,14.9,2025-11-21_09-33,,
R_AK_3DBall_2263,3DBall,2263,12.0,ppo,500000,72,13574,0.0007904038363383,3.0,225,32.2,82.4,2.1851,12000,1.182,12000,100.0,442000,100.0,156000,480000,0.0948,24000,0.7944,24000,1.3843,12000,2.5657600000000005,60000,22.5,2025-11-21_09-33,,
R_AK_3DBall_2264,3DBall,2264,12.0,ppo,500000,39,7393,0.0004969358999128,3.0,313,51.3,83.5,18.1843,12000,1.64,12000,95.6514,442000,100.0,96000,480000,0.1266,12000,1.237,12000,1.3804,12000,2.5657600000000005,36000,15.7,2025-11-21_09-33,,
R_AK_3DBall_2265,3DBall,2265,12.0,ppo,500000,36,6794,0.0003555935358768,3.0,306,49.8,83.4,15.1604,12000,1.5432,12000,100.0,442000,100.0,84000,480000,0.1322,12000,1.1721,12000,1.3816,12000,2.5657600000000005,36000,15.3,2025-11-21_09-33,,
R_AK_3DBall_2266,3DBall,2266,12.0,ppo,500000,156,29344,0.0001628633493801,3.0,290,47.8,84.0,1.2682,12000,1.1384,12000,95.5203,442000,100.0,276000,480000,0.0681,36000,0.1782,36000,1.4163,12000,2.5657600000000005,96000,50.8,2025-11-21_09-33,,
R_AK_3DBall_2267,3DBall,2267,12.0,ppo,500000,146,27514,4.958683297110998e-05,3.0,271,48.3,84.0,1.2864,12000,1.1445,12000,100.0,442000,100.0,312000,480000,0.066,36000,0.3037,36000,1.4182,12000,2.5657600000000005,96000,47.4,2025-11-21_09-33,,
R_AK_3DBall_2268,3DBall,2268,12.0,ppo,500000,64,12025,0.0004318033098356,3.0,330,52.4,82.8,3.8197,12000,1.1759,12000,100.0,442000,100.0,180000,480000,0.0997,24000,0.9099,24000,1.3862,12000,2.5657600000000005,48000,24.8,2025-11-21_09-33,,
R_AK_3DBall_2269,3DBall,2269,12.0,ppo,500000,140,26295,0.0008100562153883,3.0,236,38.9,81.7,1.4314,12000,1.1684,12000,100.0,442000,100.0,264000,480000,0.0675,36000,0.3124,36000,1.4066,12000,2.5657600000000005,84000,35.5,2025-11-21_09-33,,
R_AK_3DBall_2270,3DBall,2270,12.0,ppo,500000,79,14835,0.0003611747498694,3.0,278,44.0,81.8,2.2384,12000,1.1646,12000,100.0,442000,100.0,144000,480000,0.0885,24000,0.5269,24000,1.3975,12000,2.5657600000000005,48000,20.9,2025-11-21_09-33,,
R_AK_3DBall_2271,3DBall,2271,12.0,ppo,500000,125,23471,0.0005584988791248,3.0,266,46.3,84.1,1.4683,12000,1.1229,12000,98.5062,442000,100.0,168000,480000,0.0726,24000,0.2895,24000,1.4034,12000,2.5657600000000005,84000,39.9,2025-11-21_09-33,,
R_AK_3DBall_2272,3DBall,2272,12.0,ppo,500000,37,7007,0.0007287497879564,3.0,238,31.5,83.7,14.7796,12000,1.4727,12000,98.4954,442000,100.0,96000,480000,0.1315,12000,1.2832,12000,1.3801,12000,2.5657600000000005,36000,11.9,2025-11-21_09-33,,
R_AK_3DBall_2273,3DBall,2273,12.0,ppo,500000,174,32685,0.0005368664538865,3.0,218,30.6,82.8,1.1726,12000,1.1859,12000,95.8172,442000,100.0,324000,480000,0.059,36000,0.326,36000,1.413,12000,2.5657600000000005,144000,59.9,2025-11-21_09-33,,
R_AK_3DBall_2274,3DBall,2274,12.0,ppo,500000,142,26731,0.000114520883432,3.0,268,43.6,82.1,1.3281,12000,1.0965,12000,99.6517,442000,100.0,276000,480000,0.0685,36000,0.2724,36000,1.4141,12000,2.5657600000000005,96000,46.8,2025-11-21_09-33,,
R_AK_3DBall_2275,3DBall,2275,12.0,ppo,500000,61,11502,0.0005471949337303,3.0,219,26.7,81.4,2.2488,12000,1.1629,12000,100.0,442000,100.0,120000,480000,0.1023,12000,0.4936,12000,1.3883,12000,2.5657600000000005,48000,16.4,2025-11-21_09-33,,
R_AK_3DBall_2276,3DBall,2276,12.0,ppo,500000,172,32368,0.0006706933840517,3.0,256,44.7,81.5,1.2142,12000,1.0846,12000,98.5154,442000,100.0,276000,480000,0.0631,36000,0.18,36000,1.4077,12000,2.5657600000000005,108000,51.2,2025-11-21_09-33,,
R_AK_3DBall_2277,3DBall,2277,12.0,ppo,500000,150,28144,0.0003924887850942,3.0,213,28.4,82.1,1.1967,12000,1.0874,12000,100.0,442000,100.0,312000,480000,0.0641,36000,0.2629,36000,1.416,12000,2.5657600000000005,120000,47.9,2025-11-21_09-33,,
R_AK_3DBall_2278,3DBall,2278,12.0,ppo,500000,82,15480,0.00025157396092,3.0,235,40.5,81.9,1.7266,12000,1.2621,12000,100.0,442000,100.0,168000,480000,0.088,24000,0.3836,24000,1.4062,12000,2.5657600000000005,60000,23.5,2025-11-21_09-33,,
R_AK_3DBall_2279,3DBall,2279,12.0,ppo,500000,46,8693,0.000521973701391,3.0,225,26.4,81.8,6.8981,12000,1.3681,12000,100.0,442000,100.0,96000,480000,0.1169,12000,1.1344,12000,1.3941,12000,2.5657600000000005,36000,11.2,2025-11-21_09-33,,
R_AK_3DBall_2280,3DBall,2280,12.0,ppo,500000,119,22355,0.0007194759948891,3.0,235,40.6,82.2,1.4658,12000,1.1226,12000,100.0,442000,100.0,192000,480000,0.0736,24000,0.293,24000,1.4062,12000,2.5657600000000005,72000,29.3,2025-11-21_09-33,,
R_AK_3DBall_2281,3DBall,2281,12.0,ppo,500000,135,25469,0.0006576397280827,3.0,267,46.6,82.3,1.488,12000,1.1491,12000,100.0,442000,100.0,216000,480000,0.0677,36000,0.3661,36000,1.4076,12000,2.5657600000000005,72000,33.4,2025-11-21_09-33,,
R_AK_3DBall_2282,3DBall,2282,12.0,ppo,500000,150,28297,0.0003860639852624,3.0,231,38.8,82.2,1.2463,12000,1.1499,12000,100.0,442000,100.0,252000,480000,0.0664,36000,0.2005,36000,1.4186,12000,2.5657600000000005,96000,40.4,2025-11-21_09-33,,
R_AK_3DBall_2283,3DBall,2283,12.0,ppo,500000,72,13571,0.0008687033743798,3.0,253,43.8,81.8,2.163,12000,1.2158,12000,98.2648,442000,100.0,156000,480000,0.0948,24000,0.7755,24000,1.3934,12000,2.5657600000000005,60000,25.3,2025-11-21_09-33,,
R_AK_3DBall_2284,3DBall,2284,12.0,ppo,500000,106,20021,0.0007490499340054,3.0,213,26.8,81.9,1.4807,12000,1.165,12000,100.0,442000,100.0,180000,480000,0.0762,24000,0.2601,24000,1.4048,12000,2.5657600000000005,72000,26.6,2025-11-21_09-33,,
R_AK_3DBall_2285,3DBall,2285,12.0,ppo,500000,137,25800,0.0006134485000555,3.0,221,38.1,81.8,1.4152,12000,1.134,12000,100.0,442000,100.0,228000,480000,0.0698,36000,0.3178,36000,1.4067,12000,2.5657600000000005,84000,33.1,2025-11-21_09-33,,
R_AK_3DBall_2286,3DBall,2286,12.0,ppo,500000,99,18668,4.676114555087069e-05,3.0,251,42.6,82.4,1.3868,12000,1.1344,12000,98.4877,442000,100.0,228000,480000,0.0804,24000,0.2535,24000,1.4177,12000,2.5657600000000005,84000,37.6,2025-11-21_09-33,,
R_AK_3DBall_2287,3DBall,2287,12.0,ppo,500000,54,10282,0.0003805965829444,3.0,222,26.4,82.4,2.025,12000,1.1706,12000,100.0,442000,100.0,156000,480000,0.1088,12000,0.3985,12000,1.4083,12000,2.5657600000000005,60000,22.2,2025-11-21_09-33,,
R_AK_3DBall_2288,3DBall,2288,12.0,ppo,500000,127,23933,3.9282991780528994e-05,3.0,221,36.5,82.3,1.2325,12000,1.1625,12000,99.2817,442000,100.0,444000,480000,0.0693,24000,0.3742,24000,1.4177,12000,2.5657600000000005,156000,66.2,2025-11-21_09-33,,
R_AK_3DBall_2289,3DBall,2289,12.0,ppo,500000,170,31981,0.0001274622555552,3.0,244,39.4,82.3,1.1737,12000,1.0832,12000,100.0,442000,100.0,324000,480000,0.0611,36000,0.1675,36000,1.4186,12000,2.5657600000000005,108000,48.8,2025-11-21_09-33,,
R_AK_3DBall_2290,3DBall,2290,12.0,ppo,500000,145,27308,0.0008852292173052,3.0,214,28.5,81.9,1.2988,12000,1.1741,12000,100.0,442000,100.0,240000,480000,0.068,36000,0.2524,36000,1.4121,12000,2.5657600000000005,96000,37.4,2025-11-21_09-33,,
R_AK_3DBall_2291,3DBall,2291,12.0,ppo,500000,101,19059,0.0005673584079307,3.0,213,26.5,81.4,1.5221,12000,1.2014,12000,100.0,442000,100.0,204000,480000,0.0794,24000,0.246,24000,1.4116,12000,2.5657600000000005,72000,26.6,2025-11-21_09-33,,
R_AK_3DBall_2292,3DBall,2292,12.0,ppo,500000,132,24830,9.003598662420214e-05,3.0,223,41.1,81.8,1.2777,12000,1.1334,12000,100.0,442000,100.0,264000,480000,0.0689,36000,0.2646,36000,1.4189,12000,2.5657600000000005,108000,44.6,2025-11-21_09-33,,
R_AK_3DBall_2293,3DBall,2293,12.0,ppo,500000,36,6882,0.0007565344047382,3.0,233,27.8,82.2,9.2235,12000,1.3475,12000,98.6108,442000,100.0,96000,480000,0.1328,12000,1.2639,12000,1.3693,12000,2.5657600000000005,36000,11.7,2025-11-21_09-33,,
R_AK_3DBall_2294,3DBall,2294,12.0,ppo,500000,41,7736,0.00038969044482,3.0,298,47.4,82.9,15.0541,12000,1.5463,12000,96.7176,442000,100.0,132000,480000,0.1235,12000,1.1851,12000,1.3621,12000,2.5657600000000005,36000,14.9,2025-11-21_09-33,,
R_AK_3DBall_2295,3DBall,2295,12.0,ppo,500000,171,32078,0.0008229615975854,3.0,237,39.6,82.4,1.2047,12000,1.0736,12000,98.3269,442000,100.0,300000,480000,0.0627,36000,0.1571,36000,1.4143,12000,2.5657600000000005,108000,47.4,2025-11-21_09-33,,
R_AK_3DBall_2296,3DBall,2296,12.0,ppo,500000,115,21665,0.0008898528900939,3.0,235,43.1,83.2,1.4404,12000,1.1073,12000,98.5123,442000,100.0,168000,480000,0.0754,24000,0.2448,24000,1.4134,12000,2.5657600000000005,72000,29.4,2025-11-21_09-33,,
R_AK_3DBall_2297,3DBall,2297,12.0,ppo,500000,127,23982,0.0001046090736335,3.0,214,28.4,83.3,1.1764,12000,1.0877,12000,100.0,442000,100.0,324000,480000,0.0717,36000,0.2797,36000,1.4132,12000,2.5657600000000005,132000,53.4,2025-11-21_09-33,,
R_AK_3DBall_2298,3DBall,2298,12.0,ppo,500000,177,33326,0.000718393776871,3.0,218,37.5,82.9,1.2677,12000,1.1635,12000,98.4969,442000,100.0,276000,480000,0.0608,36000,0.1799,36000,1.4123,12000,2.5657600000000005,108000,43.5,2025-11-21_09-33,,
R_AK_3DBall_2299,3DBall,2299,12.0,ppo,500000,120,22560,0.0003428000983607,3.0,264,45.7,83.6,1.562,12000,1.1771,12000,100.0,442000,100.0,192000,480000,0.0751,24000,0.3238,24000,1.412,12000,2.5657600000000005,72000,33.0,2025-11-21_09-33,,
R_AK_3DBall_2300,3DBall,2300,12.0,ppo,500000,32,6159,0.0003933175862116,3.0,321,49.3,83.6,26.915,12000,1.7919,12000,98.5492,442000,100.0,144000,480000,0.1425,12000,0.9711,12000,1.3449,12000,2.5657600000000005,36000,16.1,2025-11-21_09-33,,
R_AK_3DBall_2301,3DBall,2301,12.0,ppo,500000,51,9748,0.0006324211532186,3.0,254,43.5,83.4,4.66,12000,1.3347,12000,94.2066,442000,100.0,108000,480000,0.1112,12000,0.8042,12000,1.3748,12000,2.5657600000000005,48000,19.1,2025-11-21_09-33,,
R_AK_3DBall_2302,3DBall,2302,12.0,ppo,500000,133,24999,0.0008000718463291,3.0,211,27.5,83.7,1.3171,12000,1.1118,12000,100.0,442000,100.0,228000,480000,0.0711,36000,0.2595,36000,1.4163,12000,2.5657600000000005,84000,31.6,2025-11-21_09-33,,
R_AK_3DBall_2303,3DBall,2303,12.0,ppo,500000,167,31323,0.000586571970875,3.0,221,38.3,84.2,1.2679,12000,1.1445,12000,97.8471,442000,100.0,264000,480000,0.0628,36000,0.1856,36000,1.4167,12000,2.5657600000000005,96000,38.6,2025-11-21_09-33,,
R_AK_3DBall_2304,3DBall,2304,12.0,ppo,500000,176,33083,0.000878684082483,3.0,236,43.4,84.6,1.308,12000,1.1662,12000,95.4985,442000,100.0,312000,480000,0.0617,36000,0.1716,36000,1.4107,12000,2.5657600000000005,108000,47.3,2025-11-21_09-33,,
R_AK_3DBall_2305,3DBall,2305,12.0,ppo,500000,165,31058,0.0005496897347374,3.0,212,27.7,84.2,1.1891,12000,1.1482,12000,100.0,442000,100.0,300000,480000,0.0627,36000,0.2156,36000,1.4156,12000,2.5657600000000005,120000,47.6,2025-11-21_09-33,,
R_AK_3DBall_2306,3DBall,2306,12.0,ppo,500000,159,29968,0.0002441354513837,3.0,211,28.4,84.3,1.1581,12000,1.1011,12000,100.0,442000,100.0,348000,480000,0.0619,36000,0.225,36000,1.4167,12000,2.5657600000000005,132000,52.7,2025-11-21_09-33,,
R_AK_3DBall_2307,3DBall,2307,12.0,ppo,500000,42,7890,0.0003710290397349,3.0,240,40.7,84.1,8.2628,12000,1.3544,12000,98.4769,442000,100.0,96000,480000,0.1239,12000,1.203,12000,1.3819,12000,2.5657600000000005,36000,12.0,2025-11-21_09-33,,
R_AK_3DBall_2308,3DBall,2308,12.0,ppo,500000,143,26840,0.000765236987096,3.0,240,41.6,84.5,1.5091,12000,1.1899,12000,90.9368,442000,100.0,180000,480000,0.0673,36000,0.417,36000,1.4033,12000,2.5657600000000005,72000,30.0,2025-11-21_09-33,,
R_AK_3DBall_2309,3DBall,2309,12.0,ppo,500000,166,31234,0.0006085766358022,3.0,211,25.5,84.3,1.2464,12000,1.1359,12000,100.0,442000,100.0,300000,480000,0.0604,36000,0.2326,36000,1.4208,12000,2.5657600000000005,108000,42.1,2025-11-21_09-33,,
R_AK_3DBall_2310,3DBall,2310,12.0,ppo,500000,104,19575,0.0001247437044513,3.0,247,42.3,84.0,1.5315,12000,1.1788,12000,100.0,442000,100.0,192000,480000,0.0768,24000,0.2583,24000,1.4156,12000,2.5657600000000005,72000,30.9,2025-11-21_09-33,,
R_AK_3DBall_2311,3DBall,2311,12.0,ppo,500000,98,18383,0.0005720206149923,3.0,226,39.2,83.7,1.7262,12000,1.2118,12000,97.2057,442000,100.0,240000,480000,0.0803,24000,0.2876,24000,1.4034,12000,2.5657600000000005,60000,22.6,2025-11-21_09-33,,
R_AK_3DBall_2312,3DBall,2312,12.0,ppo,500000,189,35538,0.0006139294845435,3.0,223,39.6,83.7,1.236,12000,1.0948,12000,98.48,442000,100.0,276000,480000,0.0605,36000,0.1732,36000,1.415,12000,2.5657600000000005,120000,50.1,2025-11-21_09-33,,
R_AK_3DBall_2313,3DBall,2313,12.0,ppo,500000,161,30283,0.0006561389770543,3.0,214,25.8,83.1,1.2526,12000,1.1284,12000,100.0,442000,100.0,276000,480000,0.0648,36000,0.1989,36000,1.4145,12000,2.5657600000000005,108000,42.7,2025-11-21_09-33,,
R_AK_3DBall_2314,3DBall,2314,12.0,ppo,500000,130,24395,0.0002646738556388,3.0,215,25.9,83.2,1.2371,12000,1.1386,12000,100.0,442000,100.0,276000,480000,0.0688,36000,0.2534,36000,1.4183,12000,2.5657600000000005,108000,43.0,2025-11-21_09-33,,
R_AK_3DBall_2315,3DBall,2315,12.0,ppo,500000,112,21088,0.0002680634193869,3.0,245,42.8,83.4,1.5068,12000,1.1569,12000,98.5646,442000,100.0,228000,480000,0.0767,24000,0.2851,24000,1.4105,12000,2.5657600000000005,72000,30.6,2025-11-21_09-33,,
R_AK_3DBall_2316,3DBall,2316,12.0,ppo,500000,167,31326,0.0008974853391121,3.0,239,41.1,83.4,1.254,12000,1.1448,12000,98.8092,442000,100.0,276000,480000,0.0646,36000,0.1725,36000,1.412,12000,2.5657600000000005,96000,41.8,2025-11-21_09-33,,
R_AK_3DBall_2317,3DBall,2317,12.0,ppo,500000,155,29074,0.0003311492961843,3.0,211,29.4,83.9,1.2065,12000,1.0992,12000,99.115,442000,100.0,288000,480000,0.0647,36000,0.2086,36000,1.4188,12000,2.5657600000000005,108000,42.2,2025-11-21_09-33,,
R_AK_3DBall_2318,3DBall,2318,12.0,ppo,500000,137,25689,0.0001419798669469,3.0,244,44.3,83.8,1.4116,12000,1.1659,12000,98.5031,442000,100.0,264000,480000,0.0688,36000,0.3029,36000,1.4171,12000,2.5657600000000005,84000,36.6,2025-11-21_09-33,,
R_AK_3DBall_2319,3DBall,2319,12.0,ppo,500000,82,15510,0.0008849099328638,3.0,257,48.2,83.8,2.2096,12000,1.152,12000,99.535,442000,100.0,108000,480000,0.0885,24000,0.5221,24000,1.387,12000,2.5657600000000005,48000,19.3,2025-11-21_09-33,,
R_AK_3DBall_2320,3DBall,2320,12.0,ppo,500000,48,9174,0.0004894247989946,3.0,256,46.9,83.4,10.3387,12000,1.3428,12000,98.705,442000,100.0,108000,480000,0.1152,12000,1.0383,12000,1.3694,12000,2.5657600000000005,36000,12.8,2025-11-21_09-33,,
R_AK_3DBall_2321,3DBall,2321,12.0,ppo,500000,158,29803,0.0004905111907708,3.0,224,37.2,83.0,1.2593,12000,1.1178,12000,100.0,442000,100.0,252000,480000,0.0635,36000,0.1892,36000,1.417,12000,2.5657600000000005,96000,39.2,2025-11-21_09-33,,
R_AK_3DBall_2322,3DBall,2322,12.0,ppo,500000,36,6832,0.0003131458641929,3.0,262,47.1,83.4,23.9186,12000,1.6006,12000,98.4739,442000,100.0,108000,480000,0.1355,12000,1.3135,12000,1.3817,12000,2.5657600000000005,36000,13.1,2025-11-21_09-33,,
R_AK_3DBall_2323,3DBall,2323,12.0,ppo,500000,187,35126,0.0005031033125135,3.0,218,36.5,83.2,1.2416,12000,1.0877,12000,98.4969,442000,100.0,300000,480000,0.0603,36000,0.1836,36000,1.4139,12000,2.5657600000000005,120000,49.0,2025-11-21_09-33,,
R_AK_3DBall_2324,3DBall,2324,12.0,ppo,500000,104,19606,0.0006853765927953,3.0,215,28.4,83.6,1.3173,12000,1.138,12000,100.0,442000,100.0,180000,480000,0.0793,24000,0.2295,24000,1.4043,12000,2.5657600000000005,84000,32.2,2025-11-21_09-33,,
R_AK_3DBall_2325,3DBall,2325,12.0,ppo,500000,78,14800,0.0002742817893243,3.0,234,42.9,83.6,1.8939,12000,1.1816,12000,100.0,442000,100.0,156000,480000,0.0904,24000,0.4369,24000,1.398,12000,2.5657600000000005,60000,23.4,2025-11-21_09-33,,
R_AK_3DBall_2326,3DBall,2326,12.0,ppo,500000,175,32934,0.0001381644562665,3.0,221,38.0,84.7,1.2304,12000,1.1463,12000,97.0662,442000,100.0,384000,480000,0.0599,36000,0.213,36000,1.4172,12000,2.5657600000000005,108000,44.2,2025-11-21_09-33,,
R_AK_3DBall_2327,3DBall,2327,12.0,ppo,500000,182,34158,0.0002443476382319,3.0,224,40.2,84.6,1.3018,12000,1.1509,12000,100.0,442000,100.0,252000,480000,0.0599,36000,0.2012,36000,1.4147,12000,2.5657600000000005,108000,44.7,2025-11-21_09-33,,
R_AK_3DBall_2328,3DBall,2328,12.0,ppo,500000,150,28294,3.86776023213681e-05,3.0,232,44.6,84.4,1.2017,12000,1.093,12000,100.0,442000,100.0,300000,480000,0.0672,36000,0.2209,36000,1.4183,12000,2.5657600000000005,120000,52.1,2025-11-21_09-33,,
R_AK_3DBall_2329,3DBall,2329,12.0,ppo,500000,162,30390,0.0006969983662362,3.0,254,44.7,84.1,1.274,12000,1.1377,12000,100.0,442000,100.0,324000,480000,0.0643,36000,0.1694,36000,1.4116,12000,2.5657600000000005,72000,31.7,2025-11-21_09-33,,
R_AK_3DBall_2330,3DBall,2330,12.0,ppo,500000,188,35355,0.0004997250145006,3.0,221,37.9,84.1,1.2763,12000,1.1317,12000,99.825,442000,100.0,300000,480000,0.0585,36000,0.2037,36000,1.4105,12000,2.5657600000000005,120000,49.7,2025-11-21_09-33,,
R_AK_3DBall_2331,3DBall,2331,12.0,ppo,500000,131,24670,0.0003287721456953,3.0,232,39.7,84.0,1.3627,12000,1.0924,12000,100.0,442000,100.0,240000,480000,0.0707,36000,0.2527,36000,1.4137,12000,2.5657600000000005,84000,34.8,2025-11-21_09-33,,
R_AK_3DBall_2332,3DBall,2332,12.0,ppo,500000,78,14677,0.0002072309881298,3.0,236,42.1,84.2,1.8059,12000,1.1581,12000,100.0,442000,100.0,156000,480000,0.0914,24000,0.3726,24000,1.4053,12000,2.5657600000000005,60000,23.6,2025-11-21_09-33,,
R_AK_3DBall_2333,3DBall,2333,12.0,ppo,500000,142,26761,0.000257278218335,3.0,214,27.1,84.2,1.1499,12000,1.1066,12000,100.0,442000,100.0,336000,480000,0.0665,36000,0.3401,36000,1.4149,12000,2.5657600000000005,144000,58.8,2025-11-21_09-33,,
R_AK_3DBall_2334,3DBall,2334,12.0,ppo,500000,74,14022,0.000412325613071,3.0,256,47.0,84.4,3.4024,12000,1.3295,12000,99.8483,442000,100.0,156000,480000,0.0917,24000,1.1055,24000,1.3754,12000,2.5657600000000005,48000,19.2,2025-11-21_09-33,,
R_AK_3DBall_2335,3DBall,2335,12.0,ppo,500000,97,18359,0.0001690890666107,3.0,236,46.1,84.4,1.6174,12000,1.1585,12000,100.0,442000,100.0,180000,480000,0.0807,24000,0.2674,24000,1.4127,12000,2.5657600000000005,72000,29.5,2025-11-21_09-33,,
R_AK_3DBall_2336,3DBall,2336,12.0,ppo,500000,133,24977,0.000493141491463,3.0,225,44.8,84.3,1.4009,12000,1.148,12000,97.7939,442000,100.0,204000,480000,0.0689,36000,0.265,36000,1.4095,12000,2.5657600000000005,84000,33.7,2025-11-21_09-33,,
R_AK_3DBall_2337,3DBall,2337,12.0,ppo,500000,72,13541,0.0006171845893206,3.0,248,43.1,83.9,2.811,12000,1.2013,12000,100.0,442000,100.0,180000,480000,0.0972,24000,1.0318,24000,1.3792,12000,2.5657600000000005,48000,18.6,2025-11-21_09-33,,
R_AK_3DBall_2338,3DBall,2338,12.0,ppo,500000,102,19235,0.0007600641572179,3.0,229,40.5,84.0,1.6634,12000,1.2209,12000,96.9759,442000,100.0,180000,480000,0.0781,24000,0.3177,24000,1.393,12000,2.5657600000000005,72000,28.6,2025-11-21_09-33,,
R_AK_3DBall_2339,3DBall,2339,12.0,ppo,500000,78,14733,0.000542304506617,3.0,231,41.1,83.8,1.8908,12000,1.2546,12000,97.9877,442000,100.0,132000,480000,0.0895,24000,0.3922,24000,1.3996,12000,2.5657600000000005,60000,23.1,2025-11-21_09-33,,
R_AK_3DBall_2340,3DBall,2340,12.0,ppo,500000,80,15099,0.0006567247370088,3.0,216,27.3,83.2,1.9519,12000,1.3051,12000,100.0,442000,100.0,180000,480000,0.0898,24000,0.4387,24000,1.4065,12000,2.5657600000000005,60000,21.6,2025-11-21_09-33,,
R_AK_3DBall_2341,3DBall,2341,12.0,ppo,500000,83,15707,8.438999123902009e-05,3.0,229,40.4,82.9,1.516,12000,1.1271,12000,100.0,442000,100.0,156000,480000,0.0885,24000,0.3295,24000,1.4178,12000,2.5657600000000005,72000,28.6,2025-11-21_09-33,,
R_AK_3DBall_2342,3DBall,2342,12.0,ppo,500000,86,16164,0.0001329789486236,3.0,250,44.1,83.5,1.8097,12000,1.2042,12000,98.4939,442000,100.0,168000,480000,0.0884,24000,0.4228,24000,1.4106,12000,2.5657600000000005,60000,25.0,2025-11-21_09-33,,
R_AK_3DBall_2343,3DBall,2343,12.0,ppo,500000,168,31516,0.0003986687269981,3.0,221,39.0,83.0,1.2075,12000,1.0718,12000,100.0,442000,100.0,276000,480000,0.0628,36000,0.1708,36000,1.4167,12000,2.5657600000000005,108000,44.2,2025-11-21_09-33,,
R_AK_3DBall_2344,3DBall,2344,12.0,ppo,500000,158,29681,0.0004372291879993,3.0,242,43.6,83.1,1.329,12000,1.1883,12000,96.7708,442000,100.0,324000,480000,0.0651,36000,0.1827,36000,1.4181,12000,2.5657600000000005,96000,42.3,2025-11-21_09-33,,
R_AK_3DBall_2345,3DBall,2345,12.0,ppo,500000,184,34636,7.402737415364043e-05,3.0,223,37.0,82.6,1.1755,12000,1.1259,12000,99.0569,442000,100.0,372000,480000,0.0593,36000,0.2291,36000,1.4177,12000,2.5657600000000005,144000,61.3,2025-11-21_09-33,,
R_AK_3DBall_2346,3DBall,2346,12.0,ppo,500000,120,22584,0.0006334399628706,3.0,248,42.7,82.4,1.4329,12000,1.0625,12000,95.4825,442000,100.0,192000,480000,0.0754,24000,0.2658,24000,1.4034,12000,2.5657600000000005,84000,37.2,2025-11-21_09-33,,
R_AK_3DBall_2347,3DBall,2347,12.0,ppo,500000,151,28436,0.0002296054607617,3.0,213,26.7,82.4,1.129,12000,1.0781,12000,100.0,442000,100.0,372000,480000,0.0651,36000,0.3937,36000,1.4176,12000,2.5657600000000005,156000,63.8,2025-11-21_09-33,,
R_AK_3DBall_2348,3DBall,2348,12.0,ppo,500000,54,10184,0.0008132221915936,3.0,240,43.9,82.9,6.224,12000,1.3279,12000,95.7554,442000,100.0,168000,480000,0.1087,12000,0.9365,12000,1.3567,12000,2.5657600000000005,36000,12.0,2025-11-21_09-33,,
R_AK_3DBall_2349,3DBall,2349,12.0,ppo,500000,145,27369,0.0005327244580999,3.0,216,38.2,83.0,1.2923,12000,1.0894,12000,100.0,442000,100.0,240000,480000,0.0672,36000,0.2726,36000,1.4107,12000,2.5657600000000005,96000,37.8,2025-11-21_09-33,,
R_AK_3DBall_2350,3DBall,2350,12.0,ppo,500000,32,6126,0.0007468464308279,3.0,302,50.5,83.0,22.1552,12000,1.9301,12000,98.1585,442000,100.0,300000,480000,0.1398,12000,1.1118,12000,1.3351,12000,2.5657600000000005,24000,7.6,2025-11-21_09-33,,
R_AK_3DBall_2351,3DBall,2351,12.0,ppo,500000,150,28302,6.220353589468255e-05,3.0,222,37.2,82.6,1.1665,12000,1.1378,12000,98.0587,442000,100.0,384000,480000,0.0661,36000,0.3268,36000,1.4169,12000,2.5657600000000005,156000,66.5,2025-11-21_09-33,,
R_AK_3DBall_2352,3DBall,2352,12.0,ppo,500000,190,35646,0.0006922327107721,3.0,229,40.0,82.8,1.303,12000,1.1412,12000,96.9457,442000,100.0,288000,480000,0.0573,36000,0.1918,36000,1.4105,12000,2.5657600000000005,84000,34.3,2025-11-21_09-33,,
R_AK_3DBall_2353,3DBall,2353,12.0,ppo,500000,177,33192,0.0008386040593472,3.0,246,43.2,82.9,1.3002,12000,1.1533,12000,98.3681,442000,100.0,336000,480000,0.0619,36000,0.1775,36000,1.41,12000,2.5657600000000005,84000,36.9,2025-11-21_09-33,,
R_AK_3DBall_2354,3DBall,2354,12.0,ppo,500000,138,25907,0.0006066104940717,3.0,221,38.0,82.9,1.3038,12000,1.1338,12000,100.0,442000,100.0,216000,480000,0.0697,36000,0.233,36000,1.413,12000,2.5657600000000005,96000,38.6,2025-11-21_09-33,,
R_AK_3DBall_2355,3DBall,2355,12.0,ppo,500000,46,8688,0.0002525795350055,3.0,257,44.8,82.8,9.6376,12000,1.4276,12000,100.0,442000,100.0,144000,480000,0.1153,12000,1.2505,12000,1.3872,12000,2.5657600000000005,36000,12.9,2025-11-21_09-33,,
R_AK_3DBall_2356,3DBall,2356,12.0,ppo,500000,171,32078,0.0004735912370491,3.0,221,37.4,82.8,1.2155,12000,1.112,12000,98.9433,442000,100.0,276000,480000,0.0599,36000,0.1664,36000,1.4163,12000,2.5657600000000005,108000,44.1,2025-11-21_09-33,,
R_AK_3DBall_2357,3DBall,2357,12.0,ppo,500000,42,7973,0.0005345273953166,3.0,256,45.1,83.2,15.1411,12000,1.4335,12000,100.0,442000,100.0,84000,480000,0.1238,12000,1.1668,12000,1.3876,12000,2.5657600000000005,36000,12.8,2025-11-21_09-33,,
R_AK_3DBall_2358,3DBall,2358,12.0,ppo,500000,97,18289,0.0003381969177261,3.0,241,44.1,83.4,1.6906,12000,1.1387,12000,97.9159,442000,100.0,192000,480000,0.0796,24000,0.2297,24000,1.4037,12000,2.5657600000000005,60000,24.1,2025-11-21_09-33,,
R_AK_3DBall_2359,3DBall,2359,12.0,ppo,500000,172,32433,0.0007202786975017,3.0,225,40.8,83.6,1.2496,12000,1.1455,12000,97.2872,442000,100.0,288000,480000,0.0615,36000,0.1742,36000,1.4115,12000,2.5657600000000005,108000,45.0,2025-11-21_09-33,,
R_AK_3DBall_2360,3DBall,2360,12.0,ppo,500000,99,18735,0.0006961827470658,3.0,227,40.0,83.0,1.9108,12000,1.2959,12000,100.0,442000,100.0,168000,480000,0.082,24000,0.354,24000,1.3953,12000,2.5657600000000005,60000,22.7,2025-11-21_09-33,,
R_AK_3DBall_2361,3DBall,2361,12.0,ppo,500000,178,33499,0.0008094188901991,3.0,245,43.2,83.5,1.296,12000,1.118,12000,98.4846,442000,100.0,252000,480000,0.0599,36000,0.1896,36000,1.4118,12000,2.5657600000000005,84000,36.7,2025-11-21_09-33,,
R_AK_3DBall_2362,3DBall,2362,12.0,ppo,500000,146,27416,0.0007505890405792,3.0,211,27.4,83.5,1.2765,12000,1.1489,12000,100.0,442000,100.0,240000,480000,0.0663,36000,0.2721,36000,1.4179,12000,2.5657600000000005,96000,36.9,2025-11-21_09-33,,
R_AK_3DBall_2363,3DBall,2363,12.0,ppo,500000,115,21671,0.0005979984701977,3.0,221,38.9,83.6,1.3201,12000,1.1009,12000,98.4754,442000,100.0,192000,480000,0.0764,24000,0.2195,24000,1.4077,12000,2.5657600000000005,84000,33.1,2025-11-21_09-33,,
R_AK_3DBall_2364,3DBall,2364,12.0,ppo,500000,179,33737,0.0006354365098826,3.0,224,39.9,83.3,1.3139,12000,1.1772,12000,98.2509,442000,100.0,276000,480000,0.0601,36000,0.1894,36000,1.4132,12000,2.5657600000000005,84000,33.6,2025-11-21_09-33,,
R_AK_3DBall_2365,3DBall,2365,12.0,ppo,500000,141,26439,0.000462513252879,3.0,224,43.0,83.7,1.3338,12000,1.0849,12000,100.0,442000,100.0,228000,480000,0.0671,36000,0.2511,36000,1.4129,12000,2.5657600000000005,84000,33.6,2025-11-21_09-33,,
R_AK_3DBall_2366,3DBall,2366,12.0,ppo,500000,139,26074,0.0002647593118685,3.0,244,45.3,83.7,1.4222,12000,1.1754,12000,98.5046,442000,100.0,300000,480000,0.0705,36000,0.3027,36000,1.4107,12000,2.5657600000000005,84000,36.6,2025-11-21_09-33,,
R_AK_3DBall_2367,3DBall,2367,12.0,ppo,500000,54,10151,0.0005661897399102,3.0,221,29.4,83.1,2.3102,12000,1.1916,12000,98.4222,442000,100.0,108000,480000,0.1089,12000,0.402,12000,1.4122,12000,2.5657600000000005,60000,22.1,2025-11-21_09-33,,
R_AK_3DBall_2368,3DBall,2368,12.0,ppo,500000,37,7115,0.0003329550991985,3.0,251,44.0,83.0,18.0689,12000,1.4563,12000,100.0,442000,100.0,96000,480000,0.1317,12000,1.2157,12000,1.3818,12000,2.5657600000000005,36000,12.6,2025-11-21_09-33,,
R_AK_3DBall_2369,3DBall,2369,12.0,ppo,500000,151,28404,0.0004055016928323,3.0,220,37.6,82.8,1.1829,12000,1.0956,12000,100.0,442000,100.0,300000,480000,0.0655,36000,0.1621,36000,1.4127,12000,2.5657600000000005,96000,38.5,2025-11-21_09-33,,
R_AK_3DBall_2370,3DBall,2370,12.0,ppo,500000,51,9655,0.0004453773772851,3.0,242,44.2,83.1,6.4275,12000,1.3049,12000,98.5077,442000,100.0,192000,480000,0.1138,12000,0.7799,12000,1.3725,12000,2.5657600000000005,36000,12.1,2025-11-21_09-33,,
R_AK_3DBall_2371,3DBall,2371,12.0,ppo,500000,65,12304,0.0006004054419071,3.0,220,27.1,82.7,1.8521,12000,1.1326,12000,100.0,442000,100.0,120000,480000,0.0971,24000,0.4895,24000,1.3881,12000,2.5657600000000005,60000,22.0,2025-11-21_09-33,,
R_AK_3DBall_2372,3DBall,2372,12.0,ppo,500000,103,19373,0.0008792691099341,3.0,213,26.9,82.3,1.5659,12000,1.2271,12000,99.0217,442000,100.0,192000,480000,0.0759,24000,0.307,24000,1.408,12000,2.5657600000000005,72000,26.6,2025-11-21_09-33,,
R_AK_3DBall_2373,3DBall,2373,12.0,ppo,500000,169,31813,0.0001520016136862,3.0,212,27.6,82.8,1.2183,12000,1.1731,12000,100.0,442000,100.0,372000,480000,0.0594,36000,0.3378,36000,1.4161,12000,2.5657600000000005,144000,58.2,2025-11-21_09-33,,
R_AK_3DBall_2374,3DBall,2374,12.0,ppo,500000,41,7770,0.0005806349110064,3.0,246,47.6,83.1,17.3617,12000,1.5099,12000,95.4696,442000,100.0,84000,480000,0.126,12000,1.0849,12000,1.3596,12000,2.5657600000000005,36000,12.3,2025-11-21_09-33,,
R_AK_3DBall_2375,3DBall,2375,12.0,ppo,500000,177,33285,0.0007402177791973,3.0,218,37.6,83.4,1.2175,12000,1.1423,12000,100.0,442000,100.0,288000,480000,0.062,36000,0.1495,36000,1.4112,12000,2.5657600000000005,108000,43.5,2025-11-21_09-33,,
R_AK_3DBall_2376,3DBall,2376,12.0,ppo,500000,144,27137,0.0003350672475272,3.0,214,26.7,82.8,1.2242,12000,1.185,12000,99.9517,442000,100.0,276000,480000,0.0654,36000,0.2943,36000,1.4159,12000,2.5657600000000005,120000,48.1,2025-11-21_09-33,,
R_AK_3DBall_2377,3DBall,2377,12.0,ppo,500000,46,8763,5.199682896443426e-05,3.0,245,45.5,83.4,3.0063,12000,1.2478,12000,100.0,442000,100.0,108000,480000,0.1164,12000,0.8109,12000,1.4149,12000,2.5657600000000005,48000,18.4,2025-11-21_09-33,,
R_AK_3DBall_2378,3DBall,2378,12.0,ppo,500000,76,14390,0.0007368816339409,3.0,216,26.4,83.0,1.6528,12000,1.181,12000,100.0,442000,100.0,168000,480000,0.0915,24000,0.3318,24000,1.4117,12000,2.5657600000000005,72000,27.0,2025-11-21_09-33,,
R_AK_3DBall_2379,3DBall,2379,12.0,ppo,500000,38,7247,0.0008374651924554,3.0,230,26.0,83.4,9.5702,12000,1.3702,12000,100.0,442000,100.0,120000,480000,0.1285,12000,1.0701,12000,1.3707,12000,2.5657600000000005,36000,11.5,2025-11-21_09-33,,
R_AK_3DBall_2380,3DBall,2380,12.0,ppo,500000,47,8931,0.0007774313096043,3.0,274,46.7,83.7,24.6521,12000,1.6978,12000,96.6296,442000,100.0,168000,480000,0.1168,12000,0.8435,12000,1.3575,12000,2.5657600000000005,36000,13.7,2025-11-21_09-33,,
R_AK_3DBall_2381,3DBall,2381,12.0,ppo,500000,102,19302,0.0004052329558535,3.0,234,45.1,83.8,1.6647,12000,1.2088,12000,98.4486,442000,100.0,180000,480000,0.0798,24000,0.2984,24000,1.4024,12000,2.5657600000000005,72000,29.2,2025-11-21_09-33,,
R_AK_3DBall_2382,3DBall,2382,12.0,ppo,500000,166,31142,0.000128381679988,3.0,218,28.0,83.3,1.1649,12000,1.1622,12000,34.1953,442000,41.9857,492000,480000,0.0633,36000,0.4433,36000,1.4171,12000,2.5657600000000005,252000,108.9,2025-11-21_09-33,,
R_AK_3DBall_2383,3DBall,2383,12.0,ppo,500000,151,28404,0.0004971695080559,3.0,211,27.1,83.0,1.2823,12000,1.1461,12000,100.0,442000,100.0,252000,480000,0.0654,36000,0.2124,36000,1.4139,12000,2.5657600000000005,96000,36.9,2025-11-21_09-33,,
R_AK_3DBall_2384,3DBall,2384,12.0,ppo,500000,147,27723,0.0003057019228814,3.0,223,40.6,83.2,1.4364,12000,1.2475,12000,96.46,442000,100.0,240000,480000,0.0659,36000,0.3543,36000,1.4105,12000,2.5657600000000005,72000,27.8,2025-11-21_09-33,,
R_AK_3DBall_2385,3DBall,2385,12.0,ppo,500000,139,26240,0.0002587595368308,3.0,213,27.4,83.1,1.2667,12000,1.1559,12000,100.0,442000,100.0,240000,480000,0.0693,36000,0.2724,36000,1.4158,12000,2.5657600000000005,108000,42.5,2025-11-21_09-33,,
R_AK_3DBall_2386,3DBall,2386,12.0,ppo,500000,65,12201,0.0008376420696857,3.0,218,26.4,82.9,2.0267,12000,1.1574,12000,100.0,442000,100.0,144000,480000,0.0989,24000,0.503,24000,1.403,12000,2.5657600000000005,60000,21.8,2025-11-21_09-33,,
R_AK_3DBall_2387,3DBall,2387,12.0,ppo,500000,83,15562,0.0005796106323489,3.0,216,26.6,83.2,1.774,12000,1.1923,12000,100.0,442000,100.0,168000,480000,0.0893,24000,0.4278,24000,1.4125,12000,2.5657600000000005,60000,21.6,2025-11-21_09-33,,
R_AK_3DBall_2388,3DBall,2388,12.0,ppo,500000,186,34906,0.0008855840941596,3.0,212,27.6,82.9,1.2001,12000,1.1248,12000,100.0,442000,100.0,300000,480000,0.0579,36000,0.2081,36000,1.416,12000,2.5657600000000005,120000,47.6,2025-11-21_09-33,,
R_AK_3DBall_2389,3DBall,2389,12.0,ppo,500000,170,32048,8.284541777983729e-05,3.0,220,37.4,83.5,1.1624,12000,1.0716,12000,100.0,442000,100.0,348000,480000,0.0623,36000,0.2195,36000,1.4184,12000,2.5657600000000005,132000,55.0,2025-11-21_09-33,,
R_AK_3DBall_2390,3DBall,2390,12.0,ppo,500000,71,13420,0.0002859415768086,3.0,231,44.3,83.3,1.9901,12000,1.2017,12000,98.9723,442000,100.0,180000,480000,0.0967,24000,0.64,24000,1.4096,12000,2.5657600000000005,60000,23.1,2025-11-21_09-33,,
R_AK_3DBall_2391,3DBall,2391,12.0,ppo,500000,96,18140,0.0002983759858916,3.0,214,28.1,83.5,1.3924,12000,1.1335,12000,100.0,442000,100.0,180000,480000,0.0813,24000,0.2297,24000,1.4133,12000,2.5657600000000005,84000,32.1,2025-11-21_09-33,,
R_AK_3DBall_2392,3DBall,2392,12.0,ppo,500000,184,34602,0.0002004329840699,3.0,239,42.3,83.1,1.2337,12000,1.1107,12000,97.6331,442000,100.0,300000,480000,0.0613,36000,0.1766,36000,1.4161,12000,2.5657600000000005,108000,47.8,2025-11-21_09-33,,
R_AK_3DBall_2393,3DBall,2393,12.0,ppo,500000,55,10457,0.0004743213421397,3.0,221,26.7,83.0,2.506,12000,1.24,12000,100.0,442000,100.0,108000,480000,0.1064,12000,0.4766,12000,1.4038,12000,2.5657600000000005,48000,16.6,2025-11-21_09-33,,
R_AK_3DBall_2394,3DBall,2394,12.0,ppo,500000,190,35801,0.0007094241843102,3.0,215,36.3,83.3,1.165,12000,1.0835,12000,100.0,442000,100.0,300000,480000,0.0565,36000,0.1593,36000,1.4202,12000,2.5657600000000005,120000,48.3,2025-11-21_09-33,,
R_AK_3DBall_2395,3DBall,2395,12.0,ppo,500000,147,27689,6.598352626777892e-05,3.0,225,40.0,83.6,1.2759,12000,1.1388,12000,100.0,442000,100.0,300000,480000,0.0673,36000,0.2639,36000,1.4176,12000,2.5657600000000005,96000,39.3,2025-11-21_09-33,,
R_AK_3DBall_2396,3DBall,2396,12.0,ppo,500000,43,8094,0.0005083232804162,3.0,228,27.0,83.2,3.7283,12000,1.2414,12000,100.0,442000,100.0,108000,480000,0.122,12000,0.7957,12000,1.3884,12000,2.5657600000000005,48000,17.1,2025-11-21_09-33,,
R_AK_3DBall_2397,3DBall,2397,12.0,ppo,500000,38,7152,0.0007277464532201,3.0,255,54.4,84.4,22.3452,12000,1.5131,12000,98.4954,442000,100.0,84000,480000,0.13,12000,1.1295,12000,1.342,12000,2.5657600000000005,36000,12.8,2025-11-21_09-33,,
R_AK_3DBall_2398,3DBall,2398,12.0,ppo,500000,133,24956,5.3497092702818606e-05,3.0,222,38.8,83.9,1.2033,12000,1.1254,12000,98.9262,442000,100.0,360000,480000,0.0675,36000,0.2882,36000,1.4181,12000,2.5657600000000005,132000,55.4,2025-11-21_09-33,,
R_AK_3DBall_2399,3DBall,2399,12.0,ppo,500000,137,25696,0.0001479694978062,3.0,253,45.8,83.5,1.2709,12000,1.0674,12000,98.5754,442000,100.0,228000,480000,0.0677,36000,0.2447,36000,1.4167,12000,2.5657600000000005,84000,37.9,2025-11-21_09-33,,
R_AK_3DBall_2400,3DBall,2400,12.0,ppo,500000,58,11026,0.0007614536596917,3.0,221,26.3,83.0,2.8507,12000,1.281,12000,100.0,442000,100.0,144000,480000,0.1059,12000,0.6788,12000,1.3758,12000,2.5657600000000005,48000,16.6,2025-11-21_09-33,,
R_AK_3DBall_2401,3DBall,2401,12.0,ppo,500000,143,26976,0.0003574065429829,3.0,219,38.1,83.4,1.2701,12000,1.0893,12000,100.0,442000,100.0,288000,480000,0.0676,36000,0.2868,36000,1.413,12000,2.5657600000000005,96000,38.3,2025-11-21_09-33,,
R_AK_3DBall_2402,3DBall,2402,12.0,ppo,500000,49,9195,0.0001873748464858,3.0,240,43.3,83.2,3.1168,12000,1.2266,12000,100.0,442000,100.0,132000,480000,0.1137,12000,0.6805,12000,1.4024,12000,2.5657600000000005,48000,18.0,2025-11-21_09-33,,
R_AK_3DBall_2403,3DBall,2403,12.0,ppo,500000,149,27986,0.0008081312738097,3.0,229,40.3,83.5,1.329,12000,1.1346,12000,96.9877,442000,100.0,216000,480000,0.0654,36000,0.171,36000,1.4098,12000,2.5657600000000005,96000,40.0,2025-11-21_09-33,,
R_AK_3DBall_2404,3DBall,2404,12.0,ppo,500000,119,22399,0.0001736772544659,3.0,247,42.7,83.6,1.4375,12000,1.1726,12000,100.0,442000,100.0,204000,480000,0.0746,24000,0.2467,24000,1.4162,12000,2.5657600000000005,84000,37.0,2025-11-21_09-33,,
R_AK_3DBall_2405,3DBall,2405,12.0,ppo,500000,60,11259,0.0004657212022226,3.0,221,27.0,83.6,2.122,12000,1.1761,12000,96.94,442000,100.0,108000,480000,0.1012,12000,0.4222,12000,1.4026,12000,2.5657600000000005,60000,22.1,2025-11-21_09-33,,
R_AK_3DBall_2406,3DBall,2406,12.0,ppo,500000,72,13598,0.0003003780274473,3.0,222,28.6,83.2,1.4491,12000,1.1057,12000,100.0,442000,100.0,180000,480000,0.0942,24000,0.3614,24000,1.4059,12000,2.5657600000000005,72000,27.7,2025-11-21_09-33,,
R_AK_3DBall_2407,3DBall,2407,12.0,ppo,500000,101,18991,0.0003718859307552,3.0,226,43.4,83.2,1.6869,12000,1.2119,12000,100.0,442000,100.0,216000,480000,0.0821,24000,0.3066,24000,1.4074,12000,2.5657600000000005,72000,28.2,2025-11-21_09-33,,
R_AK_3DBall_2408,3DBall,2408,12.0,ppo,500000,111,20930,0.0007460958417932,3.0,221,38.7,83.1,1.4287,12000,1.1499,12000,100.0,442000,100.0,180000,480000,0.0727,24000,0.2525,24000,1.4063,12000,2.5657600000000005,72000,27.6,2025-11-21_09-33,,
R_AK_3DBall_2409,3DBall,2409,12.0,ppo,500000,46,8709,0.0007695551351266,3.0,297,43.4,83.2,11.3566,12000,1.5332,12000,6.1063,442000,70.1,84000,480000,0.1191,12000,1.042,12000,1.3515,12000,2.5657600000000005,36000,14.9,2025-11-21_09-33,,
R_AK_3DBall_2410,3DBall,2410,12.0,ppo,500000,141,26569,3.704833094424246e-05,3.0,230,40.4,83.4,1.2723,12000,1.1372,12000,100.0,442000,100.0,276000,480000,0.0668,36000,0.2539,36000,1.4183,12000,2.5657600000000005,120000,51.7,2025-11-21_09-33,,
R_AK_3DBall_2411,3DBall,2411,12.0,ppo,500000,68,12880,0.0008205698570517,3.0,234,41.5,83.1,2.9876,12000,1.2171,12000,100.0,442000,100.0,120000,480000,0.097,24000,0.8257,24000,1.3898,12000,2.5657600000000005,48000,17.5,2025-11-21_09-33,,
R_AK_3DBall_2412,3DBall,2412,12.0,ppo,500000,116,21847,0.0008306567158243,3.0,212,27.8,83.4,1.3704,12000,1.1455,12000,100.0,442000,100.0,216000,480000,0.0748,24000,0.2711,24000,1.4127,12000,2.5657600000000005,84000,31.8,2025-11-21_09-33,,
R_AK_3DBall_2413,3DBall,2413,12.0,ppo,500000,84,15769,0.0004286217894845,3.0,238,47.0,83.8,1.8784,12000,1.1971,12000,100.0,442000,100.0,120000,480000,0.0886,24000,0.4442,24000,1.3988,12000,2.5657600000000005,60000,23.8,2025-11-21_09-33,,
R_AK_3DBall_2414,3DBall,2414,12.0,ppo,500000,82,15392,0.000145358590225,3.0,230,41.5,83.1,1.59,12000,1.1964,12000,100.0,442000,100.0,192000,480000,0.0882,24000,0.3513,24000,1.4125,12000,2.5657600000000005,72000,28.8,2025-11-21_09-33,,
R_AK_3DBall_2415,3DBall,2415,12.0,ppo,500000,176,33172,0.0003161108151762,3.0,211,27.8,83.0,1.1953,12000,1.1197,12000,99.75,442000,100.0,324000,480000,0.058,36000,0.2406,36000,1.4165,12000,2.5657600000000005,144000,58.0,2025-11-21_09-33,,
R_AK_3DBall_2416,3DBall,2416,12.0,ppo,500000,79,14907,0.0008133755171059,3.0,216,26.5,83.0,1.9121,12000,1.2097,12000,100.0,442000,100.0,132000,480000,0.0858,24000,0.4019,24000,1.3967,12000,2.5657600000000005,60000,21.6,2025-11-21_09-33,,
R_AK_3DBall_2417,3DBall,2417,12.0,ppo,500000,124,23400,0.0005318924663555,3.0,243,42.8,83.6,1.3324,12000,1.0676,12000,100.0,442000,100.0,204000,480000,0.0723,24000,0.2576,24000,1.4086,12000,2.5657600000000005,84000,36.4,2025-11-21_09-33,,
R_AK_3DBall_2418,3DBall,2418,12.0,ppo,500000,160,30036,0.0005264417109463,3.0,211,26.8,83.3,1.1751,12000,1.108,12000,100.0,442000,100.0,300000,480000,0.0637,36000,0.2493,36000,1.4204,12000,2.5657600000000005,132000,52.7,2025-11-21_09-33,,
R_AK_3DBall_2419,3DBall,2419,12.0,ppo,500000,130,24468,0.000188015150169,3.0,245,43.8,83.4,1.4047,12000,1.1036,12000,99.8617,442000,100.0,204000,480000,0.0723,36000,0.2662,36000,1.4125,12000,2.5657600000000005,84000,36.7,2025-11-21_09-33,,
R_AK_3DBall_2420,3DBall,2420,12.0,ppo,500000,99,18685,0.0008908877860595,3.0,216,27.3,83.6,1.5178,12000,1.1217,12000,100.0,442000,100.0,180000,480000,0.0799,24000,0.2395,24000,1.4114,12000,2.5657600000000005,72000,27.0,2025-11-21_09-33,,
R_AK_3DBall_2421,3DBall,2421,12.0,ppo,500000,164,30899,0.0005721041948728,3.0,214,28.8,83.8,1.1268,12000,1.0724,12000,100.0,442000,100.0,324000,480000,0.0643,36000,0.2027,36000,1.4217,12000,2.5657600000000005,120000,48.1,2025-11-21_09-33,,
R_AK_3DBall_2422,3DBall,2422,12.0,ppo,500000,124,23308,0.0001826081461615,3.0,230,42.2,83.5,1.511,12000,1.1989,12000,99.2323,442000,100.0,228000,480000,0.0705,24000,0.3015,24000,1.4114,12000,2.5657600000000005,84000,34.5,2025-11-21_09-33,,
R_AK_3DBall_2423,3DBall,2423,12.0,ppo,500000,174,32736,0.0008783457815546,3.0,217,40.4,83.4,1.2233,12000,1.1222,12000,100.0,442000,100.0,312000,480000,0.0626,36000,0.1749,36000,1.4137,12000,2.5657600000000005,108000,43.3,2025-11-21_09-33,,
R_AK_3DBall_2424,3DBall,2424,12.0,ppo,500000,111,20919,0.0001957230985119,3.0,249,42.4,83.6,1.5725,12000,1.1643,12000,98.7462,442000,100.0,156000,480000,0.0764,24000,0.2785,24000,1.4084,12000,2.5657600000000005,72000,31.1,2025-11-21_09-33,,
R_AK_3DBall_2425,3DBall,2425,12.0,ppo,500000,107,20194,0.0006905463247561,3.0,226,39.6,83.6,1.4394,12000,1.1174,12000,100.0,442000,100.0,192000,480000,0.0769,24000,0.2332,24000,1.4111,12000,2.5657600000000005,72000,28.2,2025-11-21_09-33,,
R_AK_3DBall_2426,3DBall,2426,12.0,ppo,500000,172,32299,0.0005226243923714,3.0,212,27.6,83.6,1.1675,12000,1.0921,12000,100.0,442000,100.0,312000,480000,0.0611,36000,0.2153,36000,1.4115,12000,2.5657600000000005,120000,47.6,2025-11-21_09-33,,
R_AK_3DBall_2427,3DBall,2427,12.0,ppo,500000,161,30303,0.0002719429948597,3.0,223,39.1,83.7,1.2953,12000,1.1682,12000,98.4877,442000,100.0,264000,480000,0.0654,36000,0.2071,36000,1.4187,12000,2.5657600000000005,96000,39.0,2025-11-21_09-33,,
R_AK_3DBall_2428,3DBall,2428,12.0,ppo,500000,168,31637,0.0002476536926259,3.0,241,43.3,83.9,1.2643,12000,1.087,12000,100.0,442000,100.0,264000,480000,0.0624,36000,0.166,36000,1.4148,12000,2.5657600000000005,108000,48.2,2025-11-21_09-33,,
R_AK_3DBall_2429,3DBall,2429,12.0,ppo,500000,99,18704,0.0006906405986757,3.0,256,52.9,84.4,2.0761,12000,1.2769,12000,100.0,442000,100.0,192000,480000,0.0823,24000,0.3925,24000,1.3924,12000,2.5657600000000005,48000,19.2,2025-11-21_09-33,,
R_AK_3DBall_2430,3DBall,2430,12.0,ppo,500000,36,6860,0.0007944401849507,3.0,330,48.9,84.2,12.7644,12000,1.9094,12000,96.9969,442000,100.0,84000,480000,0.1337,12000,1.5511,12000,1.356,12000,2.5657600000000005,24000,8.2,2025-11-21_09-33,,
R_AK_3DBall_2431,3DBall,2431,12.0,ppo,500000,157,29497,0.0004433302609215,3.0,247,43.1,84.1,1.3207,12000,1.1217,12000,100.0,442000,100.0,300000,480000,0.0632,36000,0.1835,36000,1.4114,12000,2.5657600000000005,72000,30.9,2025-11-21_09-33,,
R_AK_3DBall_2432,3DBall,2432,12.0,ppo,500000,180,33880,0.0002481188146913,3.0,221,37.7,84.3,1.172,12000,1.1478,12000,100.0,442000,100.0,324000,480000,0.0593,36000,0.2061,36000,1.4168,12000,2.5657600000000005,120000,49.7,2025-11-21_09-33,,
R_AK_3DBall_2433,3DBall,2433,12.0,ppo,500000,54,10138,0.0001215387549163,3.0,225,27.2,84.3,1.2046,12000,1.1291,12000,100.0,442000,100.0,204000,480000,0.1069,12000,0.4042,12000,1.4156,12000,2.5657600000000005,108000,45.0,2025-11-21_09-33,,
R_AK_3DBall_2434,3DBall,2434,12.0,ppo,500000,159,29825,0.0007276253298747,3.0,219,38.9,84.1,1.296,12000,1.1461,12000,98.5062,442000,100.0,252000,480000,0.0633,36000,0.19,36000,1.4182,12000,2.5657600000000005,96000,38.3,2025-11-21_09-33,,
R_AK_3DBall_2435,3DBall,2435,12.0,ppo,500000,43,8123,0.0006251114816407,3.0,228,26.4,82.9,6.4798,12000,1.2989,12000,98.5446,442000,100.0,96000,480000,0.1204,12000,1.0018,12000,1.3782,12000,2.5657600000000005,36000,11.4,2025-11-21_09-33,,
R_AK_3DBall_2436,3DBall,2436,12.0,ppo,500000,175,32853,0.0008705662677613,3.0,214,33.3,84.5,1.2241,12000,1.1292,12000,100.0,442000,100.0,276000,480000,0.0596,36000,0.1927,36000,1.417,12000,2.5657600000000005,108000,42.7,2025-11-21_09-33,,
R_AK_3DBall_2437,3DBall,2437,12.0,ppo,500000,107,20157,0.0002952818857044,3.0,217,33.6,83.7,1.2199,12000,1.1189,12000,100.0,442000,100.0,228000,480000,0.0792,24000,0.3166,24000,1.4144,12000,2.5657600000000005,96000,38.0,2025-11-21_09-33,,
R_AK_3DBall_2438,3DBall,2438,12.0,ppo,500000,43,8074,0.0004840085034848,3.0,267,50.9,83.4,15.4758,12000,1.5013,12000,99.6,442000,100.0,96000,480000,0.1208,12000,1.1888,12000,1.3733,12000,2.5657600000000005,36000,13.4,2025-11-21_09-33,,
R_AK_3DBall_2439,3DBall,2439,12.0,ppo,500000,40,7608,0.0001072215623858,3.0,265,49.3,83.4,2.995,12000,1.1958,12000,100.0,442000,100.0,120000,480000,0.1267,12000,0.7542,12000,1.4073,12000,2.5657600000000005,48000,19.9,2025-11-21_09-33,,
R_AK_3DBall_2440,3DBall,2440,12.0,ppo,500000,123,23166,7.575797641620891e-05,3.0,232,43.4,83.9,1.2256,12000,1.1165,12000,100.0,442000,100.0,288000,480000,0.0714,24000,0.2605,24000,1.417,12000,2.5657600000000005,108000,46.4,2025-11-21_09-33,,
R_AK_3DBall_2441,3DBall,2441,12.0,ppo,500000,84,15750,0.0001792906793996,3.0,244,46.0,83.8,1.6657,12000,1.165,12000,98.8708,442000,100.0,156000,480000,0.0883,24000,0.3308,24000,1.4166,12000,2.5657600000000005,60000,24.4,2025-11-21_09-33,,
R_AK_3DBall_2442,3DBall,2442,12.0,ppo,500000,112,21041,0.0001596028554787,3.0,240,45.8,83.7,1.3358,12000,1.097,12000,100.0,442000,100.0,180000,480000,0.0785,24000,0.232,24000,1.414,12000,2.5657600000000005,84000,36.0,2025-11-21_09-33,,
R_AK_3DBall_2443,3DBall,2443,12.0,ppo,500000,137,25732,0.000522938309255,3.0,217,38.2,84.0,1.3365,12000,1.2227,12000,100.0,442000,100.0,228000,480000,0.0674,36000,0.2929,36000,1.4151,12000,2.5657600000000005,96000,37.9,2025-11-21_09-33,,
R_AK_3DBall_2444,3DBall,2444,12.0,ppo,500000,67,12576,0.0004950657173679,3.0,222,37.6,83.9,2.0873,12000,1.2062,12000,97.1886,442000,100.0,156000,480000,0.0963,24000,0.5663,24000,1.4045,12000,2.5657600000000005,60000,22.2,2025-11-21_09-33,,
R_AK_3DBall_2445,3DBall,2445,12.0,ppo,500000,37,6986,0.0006871536969176,3.0,329,54.6,83.8,23.9781,12000,1.5191,12000,98.4985,442000,100.0,132000,480000,0.1296,12000,0.9508,12000,1.3418,12000,2.5657600000000005,36000,16.5,2025-11-21_09-33,,
R_AK_3DBall_2446,3DBall,2446,12.0,ppo,500000,95,17997,0.0008836870804738,3.0,216,33.1,83.9,1.5539,12000,1.1779,12000,98.65,442000,100.0,168000,480000,0.0849,24000,0.2574,24000,1.4127,12000,2.5657600000000005,72000,27.0,2025-11-21_09-33,,
R_AK_3DBall_2447,3DBall,2447,12.0,ppo,500000,167,31399,0.0008105780011302,3.0,231,44.5,84.0,1.2584,12000,1.1213,12000,98.7831,442000,100.0,240000,480000,0.0632,36000,0.1538,36000,1.4096,12000,2.5657600000000005,108000,46.2,2025-11-21_09-33,,
R_AK_3DBall_2448,3DBall,2448,12.0,ppo,500000,78,14731,8.14982351603076e-05,3.0,220,33.4,84.3,1.2846,12000,1.1494,12000,100.0,442000,100.0,228000,480000,0.0928,24000,0.3498,24000,1.412,12000,2.5657600000000005,96000,38.5,2025-11-21_09-33,,
R_AK_3DBall_2449,3DBall,2449,12.0,ppo,500000,82,15457,0.0001852251574726,3.0,239,46.3,84.0,1.693,12000,1.1723,12000,100.0,442000,100.0,180000,480000,0.0876,24000,0.3688,24000,1.4138,12000,2.5657600000000005,60000,23.9,2025-11-21_09-33,,
R_AK_3DBall_2450,3DBall,2450,12.0,ppo,500000,118,22140,0.0005478850207008,3.0,241,45.0,84.0,1.5398,12000,1.2202,12000,98.5046,442000,100.0,180000,480000,0.0743,24000,0.2689,24000,1.4071,12000,2.5657600000000005,72000,30.1,2025-11-21_09-33,,
R_AK_3DBall_2451,3DBall,2451,12.0,ppo,500000,169,31828,0.0008079326070225,3.0,213,34.0,84.2,1.1802,12000,1.1199,12000,100.0,442000,100.0,300000,480000,0.061,36000,0.2107,36000,1.4162,12000,2.5657600000000005,108000,42.6,2025-11-21_09-33,,
R_AK_3DBall_2452,3DBall,2452,12.0,ppo,500000,33,6219,0.0006747781358872,3.0,240,34.1,83.7,10.0641,12000,1.2488,12000,99.025,442000,100.0,108000,480000,0.1401,12000,0.9829,12000,1.3676,12000,2.5657600000000005,36000,12.0,2025-11-21_09-33,,
R_AK_3DBall_2453,3DBall,2453,12.0,ppo,500000,127,23938,0.0001776903438793,3.0,215,34.9,84.1,1.1674,12000,1.0734,12000,100.0,442000,100.0,300000,480000,0.071,24000,0.2684,24000,1.4138,12000,2.5657600000000005,132000,53.7,2025-11-21_09-33,,
R_AK_3DBall_2454,3DBall,2454,12.0,ppo,500000,95,17915,0.0001888803257288,3.0,242,47.0,84.0,1.7806,12000,1.2207,12000,100.0,442000,100.0,156000,480000,0.0825,24000,0.5278,24000,1.4037,12000,2.5657600000000005,60000,24.2,2025-11-21_09-33,,
R_AK_3DBall_2455,3DBall,2455,12.0,ppo,500000,45,8508,0.0002714415605649,3.0,273,49.7,83.9,7.6787,12000,1.3045,12000,98.4939,442000,100.0,132000,480000,0.1172,12000,1.1142,12000,1.3763,12000,2.5657600000000005,36000,13.7,2025-11-21_09-33,,
R_AK_3DBall_2456,3DBall,2456,12.0,ppo,500000,170,31953,0.0003084193542431,3.0,238,44.6,83.9,1.3117,12000,1.1743,12000,99.5733,442000,100.0,336000,480000,0.0616,36000,0.2124,36000,1.4107,12000,2.5657600000000005,108000,47.6,2025-11-21_09-33,,
R_AK_3DBall_2457,3DBall,2457,12.0,ppo,500000,67,12633,0.0001820929070742,3.0,244,46.0,83.9,1.7145,12000,1.1333,12000,100.0,442000,100.0,132000,480000,0.0964,24000,0.4227,24000,1.4109,12000,2.5657600000000005,60000,24.4,2025-11-21_09-33,,
R_AK_3DBall_2458,3DBall,2458,12.0,ppo,500000,114,21410,0.0002760627943407,3.0,246,47.7,83.9,1.5017,12000,1.1646,12000,96.5558,442000,100.0,168000,480000,0.0766,24000,0.2579,24000,1.4121,12000,2.5657600000000005,72000,30.7,2025-11-21_09-33,,
R_AK_3DBall_2459,3DBall,2459,12.0,ppo,500000,83,15633,0.0003879476648901,3.0,254,51.4,83.4,1.971,12000,1.2191,12000,100.0,442000,100.0,132000,480000,0.086,24000,0.4544,24000,1.4039,12000,2.5657600000000005,60000,25.4,2025-11-21_09-33,,
R_AK_3DBall_2460,3DBall,2460,12.0,ppo,500000,169,31756,0.0002403936692071,3.0,234,47.2,83.8,1.1633,12000,1.0991,12000,100.0,442000,100.0,300000,480000,0.062,36000,0.1793,36000,1.4152,12000,2.5657600000000005,108000,46.8,2025-11-21_09-33,,
R_AK_3DBall_2461,3DBall,2461,12.0,ppo,500000,73,13694,0.00073580668532,3.0,218,32.4,83.6,1.9013,12000,1.2842,12000,100.0,442000,100.0,132000,480000,0.0953,24000,0.6056,24000,1.3977,12000,2.5657600000000005,60000,21.8,2025-11-21_09-33,,
R_AK_3DBall_2462,3DBall,2462,12.0,ppo,500000,42,7940,0.0005940018348563,3.0,250,48.7,83.5,12.9412,12000,1.3283,12000,100.0,442000,100.0,84000,480000,0.122,12000,0.9863,12000,1.3715,12000,2.5657600000000005,36000,12.5,2025-11-21_09-33,,
R_AK_3DBall_2463,3DBall,2463,12.0,ppo,500000,141,26446,0.0006389475833467,3.0,214,32.3,83.4,1.3164,12000,1.1749,12000,96.022,442000,100.0,240000,480000,0.067,36000,0.2727,36000,1.4152,12000,2.5657600000000005,96000,37.4,2025-11-21_09-33,,
R_AK_3DBall_2464,3DBall,2464,12.0,ppo,500000,181,34041,0.0006192466635233,3.0,224,43.2,83.6,1.2092,12000,1.0955,12000,100.0,442000,100.0,300000,480000,0.0609,36000,0.1636,36000,1.4134,12000,2.5657600000000005,108000,44.8,2025-11-21_09-33,,
R_AK_3DBall_2465,3DBall,2465,12.0,ppo,500000,91,17096,8.652374314319183e-05,3.0,247,45.7,84.0,1.4785,12000,1.1683,12000,100.0,442000,100.0,192000,480000,0.0838,24000,0.3352,24000,1.4142,12000,2.5657600000000005,72000,30.9,2025-11-21_09-33,,
R_AK_3DBall_2466,3DBall,2466,12.0,ppo,500000,153,28873,0.0006745743906597,3.0,214,32.2,83.8,1.1923,12000,1.0995,12000,100.0,442000,100.0,276000,480000,0.0647,36000,0.2133,36000,1.4088,12000,2.5657600000000005,120000,48.1,2025-11-21_09-33,,
R_AK_3DBall_2467,3DBall,2467,12.0,ppo,500000,83,15691,0.0005811787536821,3.0,271,51.3,83.5,2.6782,12000,1.2935,12000,100.0,442000,100.0,132000,480000,0.0866,24000,0.7974,24000,1.376,12000,2.5657600000000005,48000,20.3,2025-11-21_09-33,,
R_AK_3DBall_2468,3DBall,2468,12.0,ppo,500000,114,21517,0.0002910963117778,3.0,234,43.8,83.0,1.3286,12000,1.1442,12000,100.0,442000,100.0,240000,480000,0.0743,24000,0.2263,24000,1.4142,12000,2.5657600000000005,84000,35.1,2025-11-21_09-33,,
R_AK_3DBall_2469,3DBall,2469,12.0,ppo,500000,155,29240,6.45803011018218e-05,3.0,228,40.7,83.4,1.1299,12000,1.0942,12000,96.7583,442000,100.0,408000,480000,0.0668,36000,0.353,36000,1.4186,12000,2.5657600000000005,156000,68.3,2025-11-21_09-33,,
R_AK_3DBall_2470,3DBall,2470,12.0,ppo,500000,172,32371,0.0003044788032746,3.0,234,45.6,83.4,1.2319,12000,1.1278,12000,100.0,442000,100.0,240000,480000,0.0608,36000,0.1797,36000,1.4129,12000,2.5657600000000005,108000,46.8,2025-11-21_09-33,,
R_AK_3DBall_2471,3DBall,2471,12.0,ppo,500000,121,22855,0.0004364083575641,3.0,243,45.6,83.3,1.4624,12000,1.115,12000,100.0,442000,100.0,180000,480000,0.0732,24000,0.2786,24000,1.4005,12000,2.5657600000000005,72000,30.4,2025-11-21_09-33,,
R_AK_3DBall_2472,3DBall,2472,12.0,ppo,500000,41,7753,0.0004668860577097,3.0,267,49.5,83.3,15.5332,12000,1.4683,12000,96.1246,442000,100.0,84000,480000,0.1237,12000,1.2898,12000,1.3736,12000,2.5657600000000005,36000,13.4,2025-11-21_09-33,,
R_AK_3DBall_2473,3DBall,2473,12.0,ppo,500000,177,33219,0.0002852746998942,3.0,226,41.9,83.6,1.2033,12000,1.1298,12000,100.0,442000,100.0,288000,480000,0.0597,36000,0.2095,36000,1.4137,12000,2.5657600000000005,120000,50.8,2025-11-21_09-33,,
R_AK_3DBall_2474,3DBall,2474,12.0,ppo,500000,126,23737,0.0002052098767696,3.0,246,49.7,83.6,1.5545,12000,1.1978,12000,100.0,442000,100.0,204000,480000,0.0753,24000,0.3034,24000,1.4094,12000,2.5657600000000005,84000,36.9,2025-11-21_09-33,,
R_AK_3DBall_2475,3DBall,2475,12.0,ppo,500000,185,34694,0.000715079059167,3.0,231,42.4,82.9,1.3242,12000,1.194,12000,100.0,442000,100.0,264000,480000,0.0607,36000,0.1937,36000,1.4123,12000,2.5657600000000005,108000,46.2,2025-11-21_09-33,,
R_AK_3DBall_2476,3DBall,2476,12.0,ppo,500000,177,33228,0.0008825719045079,3.0,210,35.6,82.9,1.2868,12000,1.2112,12000,99.44,442000,100.0,276000,480000,0.0611,36000,0.2049,36000,1.4148,12000,2.5657600000000005,108000,42.0,2025-11-21_09-33,,
R_AK_3DBall_2477,3DBall,2477,12.0,ppo,500000,124,23383,7.747749568175991e-05,3.0,259,48.6,83.3,1.2967,12000,1.097,12000,97.6508,442000,100.0,216000,480000,0.0732,24000,0.223,24000,1.4168,12000,2.5657600000000005,84000,38.9,2025-11-21_09-33,,
R_AK_3DBall_2478,3DBall,2478,12.0,ppo,500000,177,33313,0.0006285656975956,3.0,231,42.5,83.1,1.2626,12000,1.1747,12000,92.6276,442000,100.0,324000,480000,0.0594,36000,0.1694,36000,1.4139,12000,2.5657600000000005,108000,46.2,2025-11-21_09-33,,
R_AK_3DBall_2479,3DBall,2479,12.0,ppo,500000,68,12889,0.0001145454275183,3.0,242,45.4,83.1,1.6307,12000,1.1686,12000,100.0,442000,100.0,144000,480000,0.0961,24000,0.3959,24000,1.4119,12000,2.5657600000000005,72000,30.2,2025-11-21_09-33,,
R_AK_3DBall_2480,3DBall,2480,12.0,ppo,500000,120,22605,0.0006251094243823,3.0,215,32.5,83.0,1.3935,12000,1.1131,12000,100.0,442000,100.0,192000,480000,0.0745,24000,0.2462,24000,1.4168,12000,2.5657600000000005,84000,32.2,2025-11-21_09-33,,
R_AK_3DBall_2481,3DBall,2481,12.0,ppo,500000,126,23704,0.0004271361250021,3.0,232,45.1,83.0,1.59,12000,1.2142,12000,100.0,442000,100.0,216000,480000,0.0694,24000,0.346,24000,1.4098,12000,2.5657600000000005,84000,34.8,2025-11-21_09-33,,
R_AK_3DBall_2482,3DBall,2482,12.0,ppo,500000,136,25535,0.0005098031802715,3.0,237,44.9,83.0,1.3349,12000,1.1091,12000,100.0,442000,100.0,264000,480000,0.069,36000,0.2491,36000,1.4113,12000,2.5657600000000005,84000,35.5,2025-11-21_09-33,,
R_AK_3DBall_2483,3DBall,2483,12.0,ppo,500000,124,23290,0.000642468184445,3.0,237,48.0,83.4,1.6352,12000,1.158,12000,100.0,442000,100.0,192000,480000,0.0737,24000,0.3469,24000,1.3946,12000,2.5657600000000005,60000,23.7,2025-11-21_09-33,,
R_AK_3DBall_2484,3DBall,2484,12.0,ppo,500000,40,7577,5.628560763727482e-05,3.0,262,47.8,83.1,1.8324,12000,1.1858,12000,100.0,442000,100.0,120000,480000,0.1287,12000,0.5331,12000,1.4138,12000,2.5657600000000005,60000,26.2,2025-11-21_09-33,,
R_AK_3DBall_2485,3DBall,2485,12.0,ppo,500000,57,10771,0.0007444456975991,3.0,223,33.0,83.2,3.232,12000,1.2874,12000,100.0,442000,100.0,144000,480000,0.1055,12000,0.7262,12000,1.3742,12000,2.5657600000000005,48000,16.7,2025-11-21_09-33,,
R_AK_3DBall_2486,3DBall,2486,12.0,ppo,500000,112,21166,0.0005406810403078,3.0,254,48.4,83.4,1.4992,12000,1.1538,12000,100.0,442000,100.0,204000,480000,0.0772,24000,0.2652,24000,1.4046,12000,2.5657600000000005,72000,31.7,2025-11-21_09-33,,
R_AK_3DBall_2487,3DBall,2487,12.0,ppo,500000,61,11448,0.000557448609599,3.0,251,47.1,83.2,3.0723,12000,1.2202,12000,100.0,442000,100.0,108000,480000,0.1027,12000,0.7596,12000,1.367,12000,2.5657600000000005,48000,18.8,2025-11-21_09-33,,
R_AK_3DBall_2488,3DBall,2488,12.0,ppo,500000,114,21490,0.0005283238389876,3.0,215,33.7,83.5,1.2815,12000,1.141,12000,100.0,442000,100.0,216000,480000,0.0758,24000,0.241,24000,1.4063,12000,2.5657600000000005,96000,37.6,2025-11-21_09-33,,
R_AK_3DBall_2489,3DBall,2489,12.0,ppo,500000,136,25572,0.0007156766188891,3.0,254,51.5,84.0,1.4028,12000,1.1745,12000,99.7883,442000,100.0,276000,480000,0.0704,36000,0.2732,36000,1.4102,12000,2.5657600000000005,84000,38.1,2025-11-21_09-33,,
R_AK_3DBall_2490,3DBall,2490,12.0,ppo,500000,40,7553,0.0008508233014198,3.0,342,47.0,83.1,13.4613,12000,1.4268,12000,0.0978,442000,92.6231,84000,480000,0.1293,12000,1.0111,12000,1.3441,12000,2.5657600000000005,36000,17.1,2025-11-21_09-33,,
R_AK_3DBall_2491,3DBall,2491,12.0,ppo,500000,76,14301,0.000836458951957,3.0,244,46.6,83.3,2.4947,12000,1.261,12000,97.0,442000,100.0,132000,480000,0.0923,24000,0.9449,24000,1.3809,12000,2.5657600000000005,48000,18.3,2025-11-21_09-33,,
R_AK_3DBall_2492,3DBall,2492,12.0,ppo,500000,35,6720,0.0003682012671476,3.0,319,51.7,83.4,29.2641,12000,1.9657,12000,97.5153,442000,100.0,132000,480000,0.1359,12000,1.1163,12000,1.3608,12000,2.5657600000000005,36000,15.9,2025-11-21_09-33,,
R_AK_3DBall_2493,3DBall,2493,12.0,ppo,500000,89,16816,7.222768057835257e-05,3.0,250,46.9,83.3,1.5465,12000,1.1442,12000,100.0,442000,100.0,204000,480000,0.0865,24000,0.3711,24000,1.4161,12000,2.5657600000000005,72000,31.2,2025-11-21_09-33,,
R_AK_3DBall_2494,3DBall,2494,12.0,ppo,500000,127,23897,0.0001268426005745,3.0,228,42.2,83.3,1.2247,12000,1.1103,12000,100.0,442000,100.0,264000,480000,0.0721,24000,0.2883,24000,1.4208,12000,2.5657600000000005,108000,45.6,2025-11-21_09-33,,
R_AK_3DBall_2495,3DBall,2495,12.0,ppo,500000,104,19555,9.77961476296405e-05,3.0,220,33.3,83.6,1.196,12000,1.1339,12000,100.0,442000,100.0,336000,480000,0.0788,24000,0.3648,24000,1.4157,12000,2.5657600000000005,132000,54.9,2025-11-21_09-33,,
R_AK_3DBall_2496,3DBall,2496,12.0,ppo,500000,65,12263,5.440959252229104e-05,3.0,243,47.9,83.4,1.925,12000,1.2353,12000,100.0,442000,100.0,156000,480000,0.1002,24000,0.5461,24000,1.4156,12000,2.5657600000000005,60000,24.3,2025-11-21_09-33,,
R_AK_3DBall_2497,3DBall,2497,12.0,ppo,500000,100,18821,0.0001076410789874,3.0,249,45.8,82.9,1.4668,12000,1.1926,12000,100.0,442000,100.0,192000,480000,0.0775,24000,0.296,24000,1.4183,12000,2.5657600000000005,72000,31.1,2025-11-21_09-33,,
R_AK_3DBall_2498,3DBall,2498,12.0,ppo,500000,159,29822,0.000722783597871,3.0,234,45.3,83.7,1.2278,12000,1.1031,12000,100.0,442000,100.0,300000,480000,0.0638,36000,0.1615,36000,1.4128,12000,2.5657600000000005,96000,40.9,2025-11-21_09-33,,
R_AK_3DBall_2499,3DBall,2499,12.0,ppo,500000,34,6426,0.0003144206225058,3.0,324,54.3,83.6,23.1705,12000,1.6176,12000,100.0,442000,100.0,132000,480000,0.135,12000,0.9126,12000,1.3645,12000,2.5657600000000005,36000,16.2,2025-11-21_09-33,,
R_AK_3DBall_2500,3DBall,2500,12.0,ppo,500000,130,24443,0.0008618624955302,3.0,236,44.0,83.5,1.5,12000,1.2163,12000,98.4831,442000,100.0,192000,480000,0.0709,36000,0.2908,36000,1.405,12000,2.5657600000000005,84000,35.4,2025-11-21_09-33,,
R_AK_3DBall_2501,3DBall,2501,12.0,ppo,500000,175,32901,0.0007353503849045,3.0,214,28.0,85.0,1.205,12000,1.1701,12000,99.8017,442000,100.0,312000,480000,0.0593,36000,0.2311,36000,1.4192,12000,2.5657600000000005,120000,48.3,2025-11-21_09-33,,
R_AK_3DBall_2502,3DBall,2502,12.0,ppo,500000,99,18630,0.0004151065706449,3.0,221,39.1,84.8,1.5581,12000,1.141,12000,98.1099,442000,100.0,180000,480000,0.0773,24000,0.2548,24000,1.4029,12000,2.5657600000000005,72000,27.6,2025-11-21_09-33,,
R_AK_3DBall_2503,3DBall,2503,12.0,ppo,500000,77,14468,0.0005417250053504,3.0,229,41.9,84.8,2.3785,12000,1.2034,12000,98.4903,442000,100.0,168000,480000,0.0911,24000,0.5364,24000,1.3836,12000,2.5657600000000005,48000,17.2,2025-11-21_09-33,,
R_AK_3DBall_2504,3DBall,2504,12.0,ppo,500000,159,29815,0.0006320633204448,3.0,237,41.4,84.5,1.2787,12000,1.1074,12000,100.0,442000,100.0,240000,480000,0.0639,36000,0.1617,36000,1.412,12000,2.5657600000000005,96000,41.5,2025-11-21_09-33,,
R_AK_3DBall_2505,3DBall,2505,12.0,ppo,500000,143,26903,0.0001775753262285,3.0,223,42.1,83.8,1.3313,12000,1.0837,12000,100.0,442000,100.0,228000,480000,0.0678,36000,0.259,36000,1.4133,12000,2.5657600000000005,96000,39.0,2025-11-21_09-33,,
R_AK_3DBall_2506,3DBall,2506,12.0,ppo,500000,111,20894,0.0005701995254493,3.0,215,28.1,83.8,1.2773,12000,1.093,12000,100.0,442000,100.0,204000,480000,0.0745,24000,0.2855,24000,1.4188,12000,2.5657600000000005,96000,37.6,2025-11-21_09-33,,
R_AK_3DBall_2507,3DBall,2507,12.0,ppo,500000,169,31864,0.0002533006310968,3.0,232,43.5,82.1,1.2096,12000,1.0996,12000,99.3917,442000,100.0,300000,480000,0.0625,36000,0.1716,36000,1.415,12000,2.5657600000000005,108000,46.4,2025-11-21_09-33,,
R_AK_3DBall_2508,3DBall,2508,12.0,ppo,500000,153,28842,6.484436193423839e-05,3.0,221,31.2,82.6,1.1274,12000,1.0971,12000,43.8516,442000,61.1421,492000,480000,0.0653,36000,0.4052,36000,1.4161,12000,2.5657600000000005,240000,104.8,2025-11-21_09-33,,
R_AK_3DBall_2509,3DBall,2509,12.0,ppo,500000,105,19712,3.714788071268449e-05,3.0,225,40.8,82.0,1.3358,12000,1.1323,12000,100.0,442000,100.0,228000,480000,0.0772,24000,0.3579,24000,1.4175,12000,2.5657600000000005,96000,39.3,2025-11-21_09-33,,
R_AK_3DBall_2510,3DBall,2510,12.0,ppo,500000,141,26577,0.0002019560287681,3.0,227,47.4,85.3,1.2572,12000,1.096,12000,100.0,442000,100.0,264000,480000,0.0682,36000,0.2335,36000,1.4141,12000,2.5657600000000005,96000,39.7,2025-11-21_09-33,,
R_AK_3DBall_2511,3DBall,2511,12.0,ppo,500000,40,7604,0.0004365043654325,3.0,232,31.9,85.1,2.6775,12000,1.1823,12000,100.0,442000,100.0,132000,480000,0.1259,12000,0.5731,12000,1.3717,12000,2.5657600000000005,48000,17.4,2025-11-21_09-33,,
R_AK_3DBall_2512,3DBall,2512,12.0,ppo,500000,41,7832,0.000889617082899,3.0,305,51.4,84.7,9.6501,12000,1.3801,12000,67.3147,442000,79.94,456000,480000,0.1242,12000,1.3108,12000,1.3361,12000,2.5657600000000005,36000,15.3,2025-11-21_09-33,,
R_AK_3DBall_2513,3DBall,2513,12.0,ppo,500000,128,24092,0.0002872808703999,3.0,234,45.4,84.4,1.3395,12000,1.1362,12000,100.0,442000,100.0,192000,480000,0.0707,36000,0.2459,36000,1.4156,12000,2.5657600000000005,84000,35.1,2025-11-21_09-33,,
R_AK_3DBall_2514,3DBall,2514,12.0,ppo,500000,123,23208,0.0007859301154096,3.0,239,47.6,84.8,1.5176,12000,1.067,12000,100.0,442000,100.0,264000,480000,0.0745,24000,0.2944,24000,1.3963,12000,2.5657600000000005,84000,35.8,2025-11-21_09-33,,
R_AK_3DBall_2515,3DBall,2515,12.0,ppo,500000,137,25764,0.0004465971254862,3.0,225,43.4,84.7,1.2775,12000,1.1125,12000,100.0,442000,100.0,252000,480000,0.0688,36000,0.2291,36000,1.4118,12000,2.5657600000000005,96000,39.3,2025-11-21_09-33,,
R_AK_3DBall_2516,3DBall,2516,12.0,ppo,500000,32,6115,0.0008648308898889,3.0,285,50.6,84.9,18.4644,12000,2.1889,12000,97.9385,442000,100.0,168000,480000,0.143,12000,1.2877,12000,1.3333,12000,2.5657600000000005,24000,7.1,2025-11-21_09-33,,
R_AK_3DBall_2517,3DBall,2517,12.0,ppo,500000,67,12682,0.0008554599246992,3.0,221,32.3,85.0,1.8402,12000,1.1011,12000,98.5016,442000,100.0,132000,480000,0.0962,24000,0.5258,24000,1.4024,12000,2.5657600000000005,60000,22.1,2025-11-21_09-33,,
R_AK_3DBall_2518,3DBall,2518,12.0,ppo,500000,129,24276,0.0006526172703378,3.0,215,32.3,85.1,1.2194,12000,1.0948,12000,100.0,442000,100.0,264000,480000,0.0703,36000,0.2141,36000,1.4156,12000,2.5657600000000005,108000,43.0,2025-11-21_09-33,,
R_AK_3DBall_2519,3DBall,2519,12.0,ppo,500000,107,20096,0.0008799244654622,3.0,216,33.2,85.0,1.4495,12000,1.1561,12000,100.0,442000,100.0,156000,480000,0.0772,24000,0.2746,24000,1.3984,12000,2.5657600000000005,72000,27.0,2025-11-21_09-33,,
R_AK_3DBall_2520,3DBall,2520,12.0,ppo,500000,97,18275,0.000523090234217,3.0,216,34.6,84.6,1.546,12000,1.1853,12000,100.0,442000,100.0,180000,480000,0.0811,24000,0.2756,24000,1.4083,12000,2.5657600000000005,72000,27.0,2025-11-21_09-33,,
R_AK_3DBall_2521,3DBall,2521,12.0,ppo,500000,111,20987,0.0002289347255457,3.0,226,44.3,84.8,1.2432,12000,1.0762,12000,100.0,442000,100.0,228000,480000,0.0744,24000,0.2755,24000,1.4156,12000,2.5657600000000005,96000,39.5,2025-11-21_09-33,,
R_AK_3DBall_2522,3DBall,2522,12.0,ppo,500000,141,26600,5.5753132546634e-05,3.0,229,44.9,85.0,1.184,12000,1.0918,12000,100.0,442000,100.0,300000,480000,0.0659,36000,0.2762,36000,1.4194,12000,2.5657600000000005,120000,51.5,2025-11-21_09-33,,
R_AK_3DBall_2523,3DBall,2523,12.0,ppo,500000,144,27169,0.0001838148530181,3.0,230,44.6,85.1,1.3087,12000,1.1618,12000,100.0,442000,100.0,264000,480000,0.068,36000,0.2805,36000,1.4146,12000,2.5657600000000005,96000,40.2,2025-11-21_09-33,,
R_AK_3DBall_2524,3DBall,2524,12.0,ppo,500000,52,9866,6.829360133178191e-05,3.0,291,52.2,84.9,3.8544,12000,1.2997,12000,97.5472,442000,100.0,108000,480000,0.111,12000,0.7726,12000,1.406,12000,2.5657600000000005,48000,21.8,2025-11-21_09-33,,
R_AK_3DBall_2525,3DBall,2525,12.0,ppo,500000,181,34111,4.8625013669368856e-05,3.0,225,38.3,84.9,1.1243,12000,1.1009,12000,65.0716,442000,78.76,432000,480000,0.059,36000,0.3096,36000,1.4186,12000,2.5657600000000005,216000,95.5,2025-11-21_09-33,,
R_AK_3DBall_2526,3DBall,2526,12.0,ppo,500000,101,19070,0.0002025401720788,3.0,233,45.0,85.0,1.4283,12000,1.1218,12000,100.0,442000,100.0,192000,480000,0.0795,24000,0.2386,24000,1.4143,12000,2.5657600000000005,72000,29.1,2025-11-21_09-33,,
R_AK_3DBall_2527,3DBall,2527,12.0,ppo,500000,146,27432,0.0008515016538806,3.0,229,43.9,84.7,1.3508,12000,1.1271,12000,100.0,442000,100.0,228000,480000,0.0665,36000,0.2761,36000,1.4121,12000,2.5657600000000005,96000,40.0,2025-11-21_09-33,,
R_AK_3DBall_2528,3DBall,2528,12.0,ppo,500000,122,23058,0.000661805999342,3.0,231,44.1,84.8,1.311,12000,1.0826,12000,98.5108,442000,100.0,204000,480000,0.0702,24000,0.2127,24000,1.4055,12000,2.5657600000000005,84000,34.6,2025-11-21_09-33,,
R_AK_3DBall_2529,3DBall,2529,12.0,ppo,500000,47,8855,0.0008527688539902,3.0,228,32.7,84.9,7.0074,12000,1.3934,12000,98.0695,442000,100.0,96000,480000,0.119,12000,1.1625,12000,1.3653,12000,2.5657600000000005,36000,11.4,2025-11-21_09-33,,
R_AK_3DBall_2530,3DBall,2530,12.0,ppo,500000,37,7097,0.000316065133323,3.0,235,32.6,85.1,9.9925,12000,1.3567,12000,100.0,442000,100.0,96000,480000,0.1295,12000,1.2067,12000,1.3778,12000,2.5657600000000005,36000,11.7,2025-11-21_09-33,,
R_AK_3DBall_2531,3DBall,2531,12.0,ppo,500000,185,34768,0.0001165091005316,3.0,250,50.2,85.2,1.2121,12000,1.1002,12000,94.2497,442000,100.0,336000,480000,0.058,36000,0.1798,36000,1.4174,12000,2.5657600000000005,120000,56.2,2025-11-21_09-33,,
R_AK_3DBall_2532,3DBall,2532,12.0,ppo,500000,72,13531,5.438349259790714e-05,3.0,252,47.6,84.4,1.8726,12000,1.2265,12000,100.0,442000,100.0,144000,480000,0.0954,24000,0.553,24000,1.4151,12000,2.5657600000000005,60000,25.2,2025-11-21_09-33,,
R_AK_3DBall_2533,3DBall,2533,12.0,ppo,500000,142,26757,0.0005760058905559,3.0,237,45.3,84.3,1.3061,12000,1.0883,12000,98.5062,442000,100.0,204000,480000,0.0672,36000,0.2725,36000,1.4111,12000,2.5657600000000005,84000,35.5,2025-11-21_09-33,,
R_AK_3DBall_2534,3DBall,2534,12.0,ppo,500000,96,18176,0.0008380502293853,3.0,238,45.7,84.3,1.6741,12000,1.1688,12000,97.84,442000,100.0,132000,480000,0.0818,24000,0.2299,24000,1.3908,12000,2.5657600000000005,60000,23.8,2025-11-21_09-33,,
R_AK_3DBall_2535,3DBall,2535,12.0,ppo,500000,123,23092,0.0006875386791696,3.0,216,35.1,84.5,1.252,12000,1.0912,12000,100.0,442000,100.0,228000,480000,0.0711,24000,0.2175,24000,1.4139,12000,2.5657600000000005,96000,37.8,2025-11-21_09-33,,
R_AK_3DBall_2536,3DBall,2536,12.0,ppo,500000,87,16433,7.346013492774299e-05,3.0,227,34.3,85.0,1.181,12000,1.1997,12000,44.2549,442000,54.8524,468000,480000,0.0854,24000,0.5301,24000,1.4147,12000,2.5657600000000005,252000,113.4,2025-11-21_09-33,,
R_AK_3DBall_2537,3DBall,2537,12.0,ppo,500000,179,33642,0.0005172866094953,3.0,214,32.8,84.8,1.2423,12000,1.1748,12000,100.0,442000,100.0,300000,480000,0.06,36000,0.2189,36000,1.4164,12000,2.5657600000000005,120000,48.1,2025-11-21_09-33,,
R_AK_3DBall_2538,3DBall,2538,12.0,ppo,500000,32,6141,0.0004928222498746,3.0,270,52.2,84.8,24.752,12000,2.1136,12000,100.0,442000,100.0,84000,480000,0.1391,12000,1.1951,12000,1.346,12000,2.5657600000000005,24000,6.8,2025-11-21_09-33,,
R_AK_3DBall_2539,3DBall,2539,12.0,ppo,500000,126,23745,0.0002029449287051,3.0,217,36.0,84.6,1.3221,12000,1.1466,12000,100.0,442000,100.0,252000,480000,0.0709,24000,0.3058,24000,1.4158,12000,2.5657600000000005,108000,43.4,2025-11-21_09-33,,
R_AK_3DBall_2540,3DBall,2540,12.0,ppo,500000,59,11161,0.0006803578522158,3.0,223,33.0,84.6,2.9214,12000,1.2487,12000,98.9923,442000,100.0,108000,480000,0.1035,12000,0.7116,12000,1.4023,12000,2.5657600000000005,48000,16.7,2025-11-21_09-33,,
R_AK_3DBall_2541,3DBall,2541,12.0,ppo,500000,87,16314,0.0006840689178406,3.0,232,45.1,84.5,1.704,12000,1.1049,12000,98.3567,442000,100.0,132000,480000,0.0866,24000,0.4065,24000,1.3931,12000,2.5657600000000005,60000,23.2,2025-11-21_09-33,,
R_AK_3DBall_2542,3DBall,2542,12.0,ppo,500000,118,22157,0.0007906108878554,3.0,214,32.3,84.6,1.2681,12000,1.1292,12000,100.0,442000,100.0,228000,480000,0.073,24000,0.2119,24000,1.4213,12000,2.5657600000000005,84000,32.1,2025-11-21_09-33,,
R_AK_3DBall_2543,3DBall,2543,12.0,ppo,500000,113,21215,0.0002984501278321,3.0,218,34.2,84.2,1.1722,12000,1.0667,12000,100.0,442000,100.0,252000,480000,0.0737,24000,0.2807,24000,1.4115,12000,2.5657600000000005,120000,49.0,2025-11-21_09-33,,
R_AK_3DBall_2544,3DBall,2544,12.0,ppo,500000,149,28031,0.0007462200002404,3.0,239,47.7,84.1,1.3335,12000,1.1275,12000,99.2662,442000,100.0,276000,480000,0.0662,36000,0.1725,36000,1.4094,12000,2.5657600000000005,96000,41.8,2025-11-21_09-33,,
R_AK_3DBall_2545,3DBall,2545,12.0,ppo,500000,36,6894,0.0004212200290733,3.0,272,49.3,83.7,17.9084,12000,1.5839,12000,100.0,442000,100.0,84000,480000,0.1291,12000,1.3943,12000,1.3844,12000,2.5657600000000005,36000,13.6,2025-11-21_09-33,,
R_AK_3DBall_2546,3DBall,2546,12.0,ppo,500000,107,20113,0.0008008140777543,3.0,215,33.3,84.4,1.6146,12000,1.2342,12000,100.0,442000,100.0,180000,480000,0.0766,24000,0.3002,24000,1.3973,12000,2.5657600000000005,72000,26.8,2025-11-21_09-33,,
R_AK_3DBall_2547,3DBall,2547,12.0,ppo,500000,67,12705,0.0005804874150247,3.0,291,46.3,84.1,2.141,12000,1.1869,12000,99.1383,442000,100.0,132000,480000,0.098,24000,0.6289,24000,1.3929,12000,2.5657600000000005,60000,29.1,2025-11-21_09-33,,
R_AK_3DBall_2548,3DBall,2548,12.0,ppo,500000,35,6644,0.0004652070639085,3.0,376,49.2,84.3,27.5426,12000,1.6747,12000,99.1567,442000,100.0,96000,480000,0.1356,12000,1.0685,12000,1.3567,12000,2.5657600000000005,36000,18.8,2025-11-21_09-33,,
R_AK_3DBall_2549,3DBall,2549,12.0,ppo,500000,185,34779,0.0001628593351499,3.0,22378,53.8,82.4,1.2285,12000,1.0902,12000,98.836,442000,100.0,300000,480000,0.0603,36000,0.1877,36000,1.4165,12000,2.5657600000000005,120000,5035.1,2025-11-21_09-33,,
R_AK_3DBall_2550,3DBall,2550,12.0,ppo,500000,142,26727,0.0003777860255017,3.0,278,42.3,79.2,1.2989,12000,1.1182,12000,100.0,442000,100.0,240000,480000,0.067,36000,0.2673,36000,1.4143,12000,2.5657600000000005,96000,48.6,2025-11-21_09-33,,
R_AK_3DBall_2551,3DBall,2551,12.0,ppo,500000,163,30632,0.0004149381976142,3.0,250,38.2,80.2,1.3189,12000,1.152,12000,97.0019,442000,100.0,228000,480000,0.064,36000,0.1865,36000,1.4128,12000,2.5657600000000005,84000,37.5,2025-11-21_09-33,,
R_AK_3DBall_2552,3DBall,2552,12.0,ppo,500000,136,25510,0.0007791284284388,3.0,218,36.6,80.2,1.4427,12000,1.1108,12000,98.3717,442000,100.0,204000,480000,0.0708,36000,0.3171,36000,1.4045,12000,2.5657600000000005,84000,32.7,2025-11-21_09-33,,
R_AK_3DBall_2553,3DBall,2553,12.0,ppo,500000,91,17085,0.0006041850015441,3.0,248,48.5,80.5,1.7272,12000,1.1641,12000,99.6139,442000,100.0,180000,480000,0.0858,24000,0.4814,24000,1.4062,12000,2.5657600000000005,60000,24.8,2025-11-21_09-33,,
R_AK_3DBall_2554,3DBall,2554,12.0,ppo,500000,154,28890,4.574284718948022e-05,3.0,222,37.9,80.1,1.2774,12000,1.1841,12000,100.0,442000,100.0,348000,480000,0.0651,36000,0.3015,36000,1.4192,12000,2.5657600000000005,120000,49.9,2025-11-21_09-33,,
R_AK_3DBall_2555,3DBall,2555,12.0,ppo,500000,98,18548,0.0002691403896417,3.0,214,25.3,79.5,1.367,12000,1.1862,12000,100.0,442000,100.0,216000,480000,0.0805,24000,0.2713,24000,1.4195,12000,2.5657600000000005,84000,32.1,2025-11-21_09-33,,
R_AK_3DBall_2556,3DBall,2556,12.0,ppo,500000,146,27458,0.0003844068249589,3.0,212,25.0,79.4,1.2075,12000,1.1247,12000,100.0,442000,100.0,276000,480000,0.0652,36000,0.2477,36000,1.4194,12000,2.5657600000000005,120000,47.6,2025-11-21_09-33,,
R_AK_3DBall_2557,3DBall,2557,12.0,ppo,500000,108,20300,0.0001941131603557,3.0,225,47.3,80.9,1.4101,12000,1.1691,12000,100.0,442000,100.0,216000,480000,0.0765,24000,0.2621,24000,1.4146,12000,2.5657600000000005,72000,28.1,2025-11-21_09-33,,
R_AK_3DBall_2558,3DBall,2558,12.0,ppo,500000,173,32486,7.932891920030707e-05,3.0,227,38.6,82.0,1.2159,12000,1.1532,12000,100.0,442000,100.0,360000,480000,0.0602,36000,0.249,36000,1.4163,12000,2.5657600000000005,144000,62.3,2025-11-21_09-33,,
R_AK_3DBall_2559,3DBall,2559,12.0,ppo,500000,100,18911,0.000765870381118,3.0,217,25.8,81.5,1.4214,12000,1.1684,12000,100.0,442000,100.0,216000,480000,0.0835,24000,0.2774,24000,1.4121,12000,2.5657600000000005,72000,27.1,2025-11-21_09-33,,
R_AK_3DBall_2560,3DBall,2560,12.0,ppo,500000,188,35402,0.0006070306980832,3.0,215,33.2,84.8,1.2291,12000,1.1324,12000,100.0,442000,100.0,300000,480000,0.0596,36000,0.206,36000,1.4164,12000,2.5657600000000005,120000,48.3,2025-11-21_09-33,,
R_AK_3DBall_2561,3DBall,2561,12.0,ppo,500000,62,11807,0.0003697642578401,3.0,223,30.4,84.4,1.9463,12000,1.1886,12000,100.0,442000,100.0,144000,480000,0.1009,12000,0.4363,12000,1.3945,12000,2.5657600000000005,60000,22.3,2025-11-21_09-33,,
R_AK_3DBall_2562,3DBall,2562,12.0,ppo,500000,187,35152,0.0001292413638492,3.0,252,49.6,85.2,1.2302,12000,1.1494,12000,96.6451,442000,100.0,300000,480000,0.0598,36000,0.1873,36000,1.4189,12000,2.5657600000000005,120000,56.7,2025-11-21_09-33,,
R_AK_3DBall_2563,3DBall,2563,12.0,ppo,500000,51,9641,0.0004718979714184,3.0,227,30.0,84.7,2.5076,12000,1.2302,12000,100.0,442000,100.0,120000,480000,0.111,12000,0.5503,12000,1.4044,12000,2.5657600000000005,48000,17.0,2025-11-21_09-33,,
R_AK_3DBall_2564,3DBall,2564,12.0,ppo,500000,95,17821,0.0007333993971622,3.0,239,46.2,84.7,1.7874,12000,1.1732,12000,100.0,442000,100.0,156000,480000,0.0846,24000,0.492,24000,1.3916,12000,2.5657600000000005,60000,23.9,2025-11-21_09-33,,
R_AK_3DBall_2565,3DBall,2565,12.0,ppo,500000,45,8618,0.0005023742157307,3.0,230,32.7,85.0,2.7818,12000,1.1485,12000,100.0,442000,100.0,132000,480000,0.1178,12000,0.5688,12000,1.3947,12000,2.5657600000000005,48000,17.2,2025-11-21_09-33,,
R_AK_3DBall_2566,3DBall,2566,12.0,ppo,500000,118,22202,0.000898506792771,3.0,242,46.1,84.6,1.2815,12000,1.059,12000,100.0,442000,100.0,252000,480000,0.073,24000,0.1867,24000,1.4114,12000,2.5657600000000005,84000,36.3,2025-11-21_09-33,,
R_AK_3DBall_2567,3DBall,2567,12.0,ppo,500000,156,29374,0.0001935206906799,3.0,264,46.1,84.1,1.2626,12000,1.1233,12000,97.7351,442000,100.0,240000,480000,0.0634,36000,0.1768,36000,1.4136,12000,2.5657600000000005,96000,46.2,2025-11-21_09-33,,
R_AK_3DBall_2568,3DBall,2568,12.0,ppo,500000,87,16372,0.000779585738445,3.0,248,44.3,84.2,2.2303,12000,1.2156,12000,100.0,442000,100.0,180000,480000,0.0859,24000,0.6715,24000,1.3881,12000,2.5657600000000005,60000,24.8,2025-11-21_09-33,,
R_AK_3DBall_2569,3DBall,2569,12.0,ppo,500000,73,13720,0.0003242045757753,3.0,223,37.8,84.4,1.527,12000,1.1699,12000,100.0,442000,100.0,156000,480000,0.0963,24000,0.4176,24000,1.4039,12000,2.5657600000000005,72000,27.9,2025-11-21_09-33,,
R_AK_3DBall_2570,3DBall,2570,12.0,ppo,500000,148,27782,0.000407056186146,3.0,251,46.0,84.4,1.2635,12000,1.12,12000,99.7617,442000,100.0,240000,480000,0.0646,36000,0.2385,36000,1.4103,12000,2.5657600000000005,96000,43.9,2025-11-21_09-33,,
R_AK_3DBall_2571,3DBall,2571,12.0,ppo,500000,44,8301,0.0001354034612166,3.0,276,49.3,84.2,4.7112,12000,1.2888,12000,100.0,442000,100.0,108000,480000,0.1171,12000,0.9119,12000,1.4013,12000,2.5657600000000005,48000,20.7,2025-11-21_09-33,,
R_AK_3DBall_2572,3DBall,2572,12.0,ppo,500000,32,6069,0.0008892019699683,3.0,284,52.1,84.2,25.6218,12000,1.669,12000,100.0,442000,100.0,108000,480000,0.1439,12000,1.1672,12000,1.3354,12000,2.5657600000000005,36000,14.2,2025-11-21_09-33,,
R_AK_3DBall_2573,3DBall,2573,12.0,ppo,500000,127,23845,0.000333506132434,3.0,277,49.7,84.0,1.5159,12000,1.1993,12000,100.0,442000,100.0,204000,480000,0.0741,24000,0.2852,24000,1.4113,12000,2.5657600000000005,84000,41.6,2025-11-21_09-33,,
R_AK_3DBall_2574,3DBall,2574,12.0,ppo,500000,72,13516,0.0008609219582769,3.0,221,34.9,84.2,2.1096,12000,1.1893,12000,100.0,442000,100.0,168000,480000,0.0931,24000,0.6868,24000,1.401,12000,2.5657600000000005,60000,22.1,2025-11-21_09-33,,
R_AK_3DBall_2575,3DBall,2575,12.0,ppo,500000,132,24840,0.0003727777780052,3.0,271,48.3,84.4,1.4077,12000,1.1357,12000,100.0,442000,100.0,216000,480000,0.0677,36000,0.2477,36000,1.4111,12000,2.5657600000000005,84000,40.7,2025-11-21_09-33,,
R_AK_3DBall_2576,3DBall,2576,12.0,ppo,500000,55,10392,0.0001956890874578,3.0,270,51.6,84.3,3.2553,12000,1.3063,12000,98.5077,442000,100.0,120000,480000,0.1082,12000,0.5811,12000,1.4034,12000,2.5657600000000005,48000,20.3,2025-11-21_09-33,,
R_AK_3DBall_2577,3DBall,2577,12.0,ppo,500000,113,21197,0.0004292655657585,3.0,217,33.2,84.5,1.3025,12000,1.1707,12000,100.0,442000,100.0,228000,480000,0.0742,24000,0.2676,24000,1.4033,12000,2.5657600000000005,96000,37.9,2025-11-21_09-33,,
R_AK_3DBall_2578,3DBall,2578,12.0,ppo,500000,67,12705,0.0004504912715919,3.0,268,49.0,84.4,3.0621,12000,1.2209,12000,97.5723,442000,100.0,168000,480000,0.0979,24000,0.939,24000,1.3839,12000,2.5657600000000005,48000,20.1,2025-11-21_09-33,,
R_AK_3DBall_2579,3DBall,2579,12.0,ppo,500000,93,17605,0.0001698226647193,3.0,217,33.4,84.7,1.3311,12000,1.1511,12000,100.0,442000,100.0,180000,480000,0.0826,24000,0.328,24000,1.4081,12000,2.5657600000000005,84000,32.5,2025-11-21_09-33,,
R_AK_3DBall_2580,3DBall,2580,12.0,ppo,500000,88,16612,0.0002360367082877,3.0,253,48.0,84.2,1.5909,12000,1.1807,12000,100.0,442000,100.0,156000,480000,0.082,24000,0.3458,24000,1.4128,12000,2.5657600000000005,72000,31.6,2025-11-21_09-33,,
R_AK_3DBall_2581,3DBall,2581,12.0,ppo,500000,131,24565,0.0003105863792629,3.0,219,36.7,84.5,1.3319,12000,1.1381,12000,100.0,442000,100.0,252000,480000,0.0701,36000,0.2857,36000,1.4163,12000,2.5657600000000005,96000,38.3,2025-11-21_09-33,,
R_AK_3DBall_2582,3DBall,2582,12.0,ppo,500000,139,26126,0.0002397040073036,3.0,251,42.3,84.8,1.3537,12000,1.1068,12000,99.335,442000,100.0,252000,480000,0.0694,36000,0.2592,36000,1.4126,12000,2.5657600000000005,84000,37.6,2025-11-21_09-33,,
R_AK_3DBall_2583,3DBall,2583,12.0,ppo,500000,127,23888,0.0007661828493708,3.0,227,39.1,84.8,1.3232,12000,1.0612,12000,100.0,442000,100.0,228000,480000,0.0697,24000,0.2305,24000,1.4114,12000,2.5657600000000005,84000,34.0,2025-11-21_09-33,,
R_AK_3DBall_2584,3DBall,2584,12.0,ppo,500000,114,21426,0.0006146010572941,3.0,260,47.1,85.0,1.5663,12000,1.206,12000,97.1814,442000,100.0,216000,480000,0.0766,24000,0.2872,24000,1.4093,12000,2.5657600000000005,72000,32.5,2025-11-21_09-33,,
R_AK_3DBall_2585,3DBall,2585,12.0,ppo,500000,110,20687,0.0001449934668862,3.0,230,41.2,84.8,1.2924,12000,1.1299,12000,100.0,442000,100.0,204000,480000,0.075,24000,0.2171,24000,1.4159,12000,2.5657600000000005,84000,34.5,2025-11-21_09-33,,
R_AK_3DBall_2586,3DBall,2586,12.0,ppo,500000,140,26346,6.261735600791438e-05,3.0,219,27.2,84.3,1.1135,12000,1.0815,12000,74.9304,442000,89.4539,492000,480000,0.068,36000,0.3398,36000,1.4166,12000,2.5657600000000005,216000,93.0,2025-11-21_09-33,,
R_AK_3DBall_2587,3DBall,2587,12.0,ppo,500000,54,10172,0.000108340587052,3.0,241,45.9,84.2,2.4163,12000,1.209,12000,98.7954,442000,100.0,120000,480000,0.111,12000,0.4749,12000,1.4133,12000,2.5657600000000005,48000,18.1,2025-11-21_09-33,,
R_AK_3DBall_2588,3DBall,2588,12.0,ppo,500000,115,21651,0.0003051765148033,3.0,226,42.1,84.4,1.3369,12000,1.0893,12000,100.0,442000,100.0,240000,480000,0.0746,24000,0.2191,24000,1.4155,12000,2.5657600000000005,84000,33.9,2025-11-21_09-33,,
R_AK_3DBall_2589,3DBall,2589,12.0,ppo,500000,145,27347,0.0006719020942517,3.0,223,38.2,84.3,1.2845,12000,1.1024,12000,100.0,442000,100.0,240000,480000,0.0651,36000,0.2489,36000,1.4127,12000,2.5657600000000005,96000,39.0,2025-11-21_09-33,,
R_AK_3DBall_2590,3DBall,2590,12.0,ppo,500000,76,14306,0.0003238531741342,3.0,233,41.1,84.1,1.8129,12000,1.2126,12000,100.0,442000,100.0,156000,480000,0.0924,24000,0.6176,24000,1.4053,12000,2.5657600000000005,60000,23.3,2025-11-21_09-33,,
R_AK_3DBall_2591,3DBall,2591,12.0,ppo,500000,114,21402,0.0002928040631685,3.0,213,28.0,84.4,1.2235,12000,1.1115,12000,100.0,442000,100.0,228000,480000,0.0734,24000,0.2975,24000,1.4086,12000,2.5657600000000005,120000,47.9,2025-11-21_09-33,,
R_AK_3DBall_2592,3DBall,2592,12.0,ppo,500000,44,8380,0.0007424315027255,3.0,229,26.9,84.1,4.1259,12000,1.295,12000,100.0,442000,100.0,96000,480000,0.121,12000,0.8066,12000,1.3772,12000,2.5657600000000005,48000,17.2,2025-11-21_09-33,,
R_AK_3DBall_2593,3DBall,2593,12.0,ppo,500000,71,13313,0.0005738530119001,3.0,217,27.1,84.2,1.9795,12000,1.2208,12000,100.0,442000,100.0,132000,480000,0.0943,24000,0.592,24000,1.4013,12000,2.5657600000000005,60000,21.7,2025-11-21_09-33,,
R_AK_3DBall_2594,3DBall,2594,12.0,ppo,500000,38,7128,0.0007081627145247,3.0,249,45.0,84.5,18.9976,12000,1.4981,12000,100.0,442000,100.0,156000,480000,0.1299,12000,1.2859,12000,1.3668,12000,2.5657600000000005,36000,12.5,2025-11-21_09-33,,
R_AK_3DBall_2595,3DBall,2595,12.0,ppo,500000,42,7948,0.0003057601601031,3.0,251,46.2,84.4,15.688,12000,1.4716,12000,100.0,442000,100.0,96000,480000,0.1237,12000,1.0646,12000,1.3888,12000,2.5657600000000005,36000,12.6,2025-11-21_09-33,,
R_AK_3DBall_2596,3DBall,2596,12.0,ppo,500000,107,20109,0.0008914891217331,3.0,230,40.8,84.3,1.5795,12000,1.1508,12000,100.0,442000,100.0,192000,480000,0.0766,24000,0.2884,24000,1.3982,12000,2.5657600000000005,72000,28.7,2025-11-21_09-33,,
R_AK_3DBall_2597,3DBall,2597,12.0,ppo,500000,34,6555,0.000438971744136,3.0,303,46.9,84.1,18.562,12000,1.9279,12000,86.9047,442000,100.0,180000,480000,0.1371,12000,1.0905,12000,1.3437,12000,2.5657600000000005,36000,15.2,2025-11-21_09-33,,
R_AK_3DBall_2598,3DBall,2598,12.0,ppo,500000,63,11938,0.0002573765017008,3.0,222,29.4,84.6,1.8813,12000,1.1914,12000,100.0,442000,100.0,144000,480000,0.1014,12000,0.4982,12000,1.4157,12000,2.5657600000000005,60000,22.2,2025-11-21_09-33,,
R_AK_3DBall_2599,3DBall,2599,12.0,ppo,500000,81,15299,0.0004180885396771,3.0,230,44.9,84.4,1.5768,12000,1.1455,12000,100.0,442000,100.0,144000,480000,0.0846,24000,0.3005,24000,1.4104,12000,2.5657600000000005,72000,28.7,2025-11-21_09-33,,
R_AK_3DBall_2600,3DBall,2600,12.0,ppo,500000,156,29303,0.0006857748298402,3.0,226,41.0,84.5,1.259,12000,1.1004,12000,100.0,442000,100.0,252000,480000,0.0668,36000,0.1505,36000,1.4099,12000,2.5657600000000005,96000,39.5,2025-11-21_09-33,,
R_AK_3DBall_2601,3DBall,2601,12.0,ppo,500000,99,18571,0.0003931019843242,3.0,250,44.0,84.3,2.0024,12000,1.2136,12000,100.0,442000,100.0,204000,480000,0.0819,24000,0.3913,24000,1.3882,12000,2.5657600000000005,48000,18.8,2025-11-21_09-33,,
R_AK_3DBall_2602,3DBall,2602,12.0,ppo,500000,165,31050,0.0002110973450839,3.0,217,38.8,84.9,1.182,12000,1.1348,12000,98.4785,442000,100.0,336000,480000,0.0617,36000,0.2798,36000,1.4177,12000,2.5657600000000005,132000,54.2,2025-11-21_09-33,,
R_AK_3DBall_2603,3DBall,2603,12.0,ppo,500000,144,27088,0.0001430523845259,3.0,219,34.6,84.3,1.1653,12000,1.095,12000,98.995,442000,100.0,396000,480000,0.0677,36000,0.3517,36000,1.4152,12000,2.5657600000000005,156000,65.6,2025-11-21_09-33,,
R_AK_3DBall_2604,3DBall,2604,12.0,ppo,500000,94,17700,0.0006444487514344,3.0,246,47.8,84.2,1.8782,12000,1.1903,12000,100.0,442000,100.0,144000,480000,0.0835,24000,0.6154,24000,1.401,12000,2.5657600000000005,60000,24.6,2025-11-21_09-33,,
R_AK_3DBall_2605,3DBall,2605,12.0,ppo,500000,48,9085,0.0007834621350953,3.0,227,32.3,84.2,4.4109,12000,1.2231,12000,100.0,442000,100.0,108000,480000,0.1129,12000,0.9225,12000,1.3925,12000,2.5657600000000005,48000,17.0,2025-11-21_09-33,,
R_AK_3DBall_2606,3DBall,2606,12.0,ppo,500000,139,26183,0.0007352890211209,3.0,215,34.1,85.4,1.2676,12000,1.1095,12000,100.0,442000,100.0,228000,480000,0.0694,36000,0.248,36000,1.4091,12000,2.5657600000000005,96000,37.6,2025-11-21_09-33,,
R_AK_3DBall_2607,3DBall,2607,12.0,ppo,500000,134,25130,0.0005318626356657,3.0,215,33.1,85.3,1.342,12000,1.1196,12000,98.48,442000,100.0,216000,480000,0.0675,36000,0.2775,36000,1.4113,12000,2.5657600000000005,96000,37.6,2025-11-21_09-33,,
R_AK_3DBall_2608,3DBall,2608,12.0,ppo,500000,117,22044,0.0002781098497261,3.0,230,44.9,84.9,1.4216,12000,1.1428,12000,98.9583,442000,100.0,192000,480000,0.0764,24000,0.2608,24000,1.4169,12000,2.5657600000000005,84000,34.5,2025-11-21_09-33,,
R_AK_3DBall_2609,3DBall,2609,12.0,ppo,500000,136,25653,0.0007604150465483,3.0,216,35.4,84.6,1.3854,12000,1.1531,12000,98.4892,442000,100.0,228000,480000,0.0719,36000,0.2977,36000,1.4131,12000,2.5657600000000005,84000,32.4,2025-11-21_09-33,,
R_AK_3DBall_2610,3DBall,2610,12.0,ppo,500000,34,6396,0.0007080301712182,3.0,334,46.5,83.5,19.3364,12000,1.5629,12000,0.3157,442000,89.9539,84000,480000,0.1387,12000,1.005,12000,1.3554,12000,2.5657600000000005,36000,16.7,2025-11-21_09-33,,
R_AK_3DBall_2611,3DBall,2611,12.0,ppo,500000,67,12572,0.0003192075544555,3.0,222,33.0,83.3,1.8812,12000,1.1812,12000,100.0,442000,100.0,144000,480000,0.098,24000,0.5098,24000,1.4153,12000,2.5657600000000005,60000,22.2,2025-11-21_09-33,,
R_AK_3DBall_2612,3DBall,2612,12.0,ppo,500000,59,11198,0.0005738101348333,3.0,243,48.9,83.3,2.9938,12000,1.2272,12000,100.0,442000,100.0,120000,480000,0.1051,12000,0.6659,12000,1.3926,12000,2.5657600000000005,48000,18.2,2025-11-21_09-33,,
R_AK_3DBall_2613,3DBall,2613,12.0,ppo,500000,127,23984,0.0004522268134516,3.0,236,43.7,83.6,1.4086,12000,1.1642,12000,98.4954,442000,100.0,180000,480000,0.0728,36000,0.28,36000,1.4148,12000,2.5657600000000005,84000,35.4,2025-11-21_09-33,,
R_AK_3DBall_2614,3DBall,2614,12.0,ppo,500000,151,28439,0.0006653555103318,3.0,247,49.9,84.2,1.3818,12000,1.1389,12000,97.8129,442000,100.0,228000,480000,0.0641,36000,0.1924,36000,1.411,12000,2.5657600000000005,72000,30.9,2025-11-21_09-33,,
R_AK_3DBall_2615,3DBall,2615,12.0,ppo,500000,142,26653,0.0003205162470493,3.0,241,45.6,83.9,1.3628,12000,1.1371,12000,98.9881,442000,100.0,252000,480000,0.0659,36000,0.2546,36000,1.409,12000,2.5657600000000005,96000,42.2,2025-11-21_09-33,,
R_AK_3DBall_2616,3DBall,2616,12.0,ppo,500000,100,18814,0.000468279662962,3.0,250,47.7,84.0,1.7078,12000,1.1547,12000,100.0,442000,100.0,192000,480000,0.0814,24000,0.2936,24000,1.406,12000,2.5657600000000005,60000,25.0,2025-11-21_09-33,,
R_AK_3DBall_2617,3DBall,2617,12.0,ppo,500000,170,31877,0.0006984200854828,3.0,239,45.5,84.2,1.2181,12000,1.0914,12000,100.0,442000,100.0,252000,480000,0.0613,36000,0.1556,36000,1.4142,12000,2.5657600000000005,108000,47.8,2025-11-21_09-33,,
R_AK_3DBall_2618,3DBall,2618,12.0,ppo,500000,186,34988,0.0004475284793145,3.0,215,38.7,84.1,1.1886,12000,1.1235,12000,98.4862,442000,100.0,360000,480000,0.0594,36000,0.2464,36000,1.4191,12000,2.5657600000000005,120000,48.3,2025-11-21_09-33,,
R_AK_3DBall_2619,3DBall,2619,12.0,ppo,500000,73,13731,0.0003288931693297,3.0,221,33.8,84.0,1.5581,12000,1.1508,12000,100.0,442000,100.0,156000,480000,0.0934,24000,0.3862,24000,1.4082,12000,2.5657600000000005,72000,27.6,2025-11-21_09-33,,
R_AK_3DBall_2620,3DBall,2620,12.0,ppo,500000,58,10976,3.7535447217927925e-05,3.0,244,48.0,84.2,1.4756,12000,1.2188,12000,100.0,442000,100.0,228000,480000,0.1022,12000,0.417,12000,1.4163,12000,2.5657600000000005,84000,36.6,2025-11-21_09-33,,
R_AK_3DBall_2621,3DBall,2621,12.0,ppo,500000,119,22339,0.0006437590177206,3.0,215,33.4,84.4,1.3678,12000,1.1849,12000,98.4831,442000,100.0,192000,480000,0.0731,24000,0.2368,24000,1.4087,12000,2.5657600000000005,84000,32.2,2025-11-21_09-33,,
R_AK_3DBall_2622,3DBall,2622,12.0,ppo,500000,113,21264,0.0008478532584479,3.0,237,47.4,84.6,1.6439,12000,1.1775,12000,97.43,442000,100.0,216000,480000,0.0751,24000,0.3311,24000,1.3945,12000,2.5657600000000005,60000,23.7,2025-11-21_09-33,,
R_AK_3DBall_2623,3DBall,2623,12.0,ppo,500000,154,29060,0.0003119280442765,3.0,213,33.0,84.6,1.191,12000,1.1012,12000,100.0,442000,100.0,288000,480000,0.0644,36000,0.2291,36000,1.4145,12000,2.5657600000000005,108000,42.6,2025-11-21_09-33,,
R_AK_3DBall_2624,3DBall,2624,12.0,ppo,500000,182,34166,0.0001376359912429,3.0,226,42.5,84.7,1.2097,12000,1.1677,12000,99.9317,442000,100.0,324000,480000,0.0579,36000,0.2443,36000,1.4182,12000,2.5657600000000005,120000,50.8,2025-11-21_09-33,,
R_AK_3DBall_2625,3DBall,2625,12.0,ppo,500000,174,32654,0.0005373031002007,3.0,228,44.5,84.8,1.2146,12000,1.0902,12000,100.0,442000,100.0,240000,480000,0.0601,36000,0.1724,36000,1.4132,12000,2.5657600000000005,108000,45.6,2025-11-21_09-33,,
R_AK_3DBall_2626,3DBall,2626,12.0,ppo,500000,42,7905,0.0004013204980163,3.0,233,34.4,83.9,6.3773,12000,1.1803,12000,100.0,442000,100.0,96000,480000,0.1235,12000,1.0069,12000,1.3831,12000,2.5657600000000005,48000,17.5,2025-11-21_09-33,,
R_AK_3DBall_2627,3DBall,2627,12.0,ppo,500000,111,20860,0.0004708376653287,3.0,232,45.0,83.8,1.3678,12000,1.146,12000,99.8517,442000,100.0,180000,480000,0.0772,24000,0.2181,24000,1.4103,12000,2.5657600000000005,72000,29.0,2025-11-21_09-33,,
R_AK_3DBall_2628,3DBall,2628,12.0,ppo,500000,93,17488,0.0003566763195076,3.0,216,32.9,84.0,1.3827,12000,1.2194,12000,100.0,442000,100.0,216000,480000,0.0833,24000,0.3453,24000,1.4074,12000,2.5657600000000005,96000,37.8,2025-11-21_09-33,,
R_AK_3DBall_2629,3DBall,2629,12.0,ppo,500000,185,34816,0.000344191258659,3.0,226,44.7,84.8,1.2329,12000,1.1254,12000,100.0,442000,100.0,300000,480000,0.0598,36000,0.1849,36000,1.4177,12000,2.5657600000000005,120000,50.8,2025-11-21_09-33,,
R_AK_3DBall_2630,3DBall,2630,12.0,ppo,500000,190,35681,0.0006771268783424,3.0,242,49.0,84.8,1.3096,12000,1.1768,12000,100.0,442000,100.0,336000,480000,0.0589,36000,0.1938,36000,1.4127,12000,2.5657600000000005,84000,36.3,2025-11-21_09-33,,
R_AK_3DBall_2631,3DBall,2631,12.0,ppo,500000,167,31405,0.0002315362796995,3.0,215,33.1,84.8,1.1418,12000,1.12,12000,98.5092,442000,100.0,420000,480000,0.062,36000,0.4108,36000,1.4134,12000,2.5657600000000005,168000,69.8,2025-11-21_09-33,,
R_AK_3DBall_2632,3DBall,2632,12.0,ppo,500000,93,17489,0.0001661146616451,3.0,240,47.7,84.5,1.8474,12000,1.2252,12000,98.5877,442000,100.0,168000,480000,0.0833,24000,0.488,24000,1.4089,12000,2.5657600000000005,60000,24.0,2025-11-21_09-33,,
R_AK_3DBall_2633,3DBall,2633,12.0,ppo,500000,72,13587,0.0008793573071949,3.0,261,49.5,84.6,2.6704,12000,1.2059,12000,100.0,442000,100.0,180000,480000,0.0968,24000,0.8922,24000,1.3849,12000,2.5657600000000005,48000,19.6,2025-11-21_09-33,,
R_AK_3DBall_2634,3DBall,2634,12.0,ppo,500000,74,14020,0.0001904202232774,3.0,222,32.7,84.0,1.3342,12000,1.2007,12000,100.0,442000,100.0,192000,480000,0.092,24000,0.3796,24000,1.4088,12000,2.5657600000000005,96000,38.8,2025-11-21_09-33,,
R_AK_3DBall_2635,3DBall,2635,12.0,ppo,500000,113,21312,0.0004169140654692,3.0,238,47.7,83.9,1.4359,12000,1.1306,12000,99.0017,442000,100.0,228000,480000,0.0785,24000,0.2321,24000,1.4075,12000,2.5657600000000005,72000,29.7,2025-11-21_09-33,,
R_AK_3DBall_2636,3DBall,2636,12.0,ppo,500000,87,16328,0.0005044904302607,3.0,243,45.1,84.1,1.8674,12000,1.1837,12000,98.5092,442000,100.0,144000,480000,0.0847,24000,0.4787,24000,1.4096,12000,2.5657600000000005,60000,24.3,2025-11-21_09-33,,
R_AK_3DBall_2637,3DBall,2637,12.0,ppo,500000,187,35125,0.0002154351427139,3.0,239,45.0,84.2,1.3055,12000,1.1723,12000,98.13,442000,100.0,288000,480000,0.0581,36000,0.207,36000,1.4141,12000,2.5657600000000005,108000,47.8,2025-11-21_09-33,,
R_AK_3DBall_2638,3DBall,2638,12.0,ppo,500000,171,32227,4.3715300418814754e-05,3.0,241,45.2,84.5,1.2688,12000,1.1669,12000,99.3339,442000,100.0,336000,480000,0.0612,36000,0.2758,36000,1.4181,12000,2.5657600000000005,120000,54.2,2025-11-21_09-33,,
R_AK_3DBall_2639,3DBall,2639,12.0,ppo,500000,174,32642,0.0008689057802925,3.0,213,33.3,84.3,1.2369,12000,1.1324,12000,100.0,442000,100.0,276000,480000,0.0594,36000,0.1858,36000,1.4142,12000,2.5657600000000005,108000,42.5,2025-11-21_09-33,,
R_AK_3DBall_2640,3DBall,2640,12.0,ppo,500000,93,17599,7.767658355494472e-05,3.0,221,33.1,84.4,1.1845,12000,1.1444,12000,100.0,442000,100.0,312000,480000,0.0852,24000,0.3233,24000,1.4165,12000,2.5657600000000005,132000,55.2,2025-11-21_09-33,,
R_AK_3DBall_2641,3DBall,2641,12.0,ppo,500000,130,24439,0.0004891893320735,3.0,230,46.6,84.4,1.4709,12000,1.0984,12000,100.0,442000,100.0,252000,480000,0.0707,36000,0.2861,36000,1.4108,12000,2.5657600000000005,84000,34.5,2025-11-21_09-33,,
R_AK_3DBall_2642,3DBall,2642,12.0,ppo,500000,147,27587,0.000769971691539,3.0,252,49.4,84.7,1.3594,12000,1.1315,12000,100.0,442000,100.0,180000,480000,0.0656,36000,0.3459,36000,1.4069,12000,2.5657600000000005,72000,31.5,2025-11-21_09-33,,
R_AK_3DBall_2643,3DBall,2643,12.0,ppo,500000,182,34190,0.0002607390945252,3.0,232,44.8,84.6,1.2006,12000,1.1146,12000,98.9354,442000,100.0,300000,480000,0.06,36000,0.1849,36000,1.4192,12000,2.5657600000000005,120000,52.2,2025-11-21_09-33,,
R_AK_3DBall_2644,3DBall,2644,12.0,ppo,500000,38,7187,0.0001745344678723,3.0,233,34.7,84.5,1.9575,12000,1.1876,12000,100.0,442000,100.0,120000,480000,0.1311,12000,0.528,12000,1.3986,12000,2.5657600000000005,60000,23.3,2025-11-21_09-33,,
R_AK_3DBall_2645,3DBall,2645,12.0,ppo,500000,156,29392,0.0002068215993281,3.0,228,48.9,85.2,1.2144,12000,1.1016,12000,98.5231,442000,100.0,288000,480000,0.0617,36000,0.1892,36000,1.4185,12000,2.5657600000000005,108000,45.5,2025-11-21_09-33,,
R_AK_3DBall_2646,3DBall,2646,12.0,ppo,500000,45,8483,0.0001137507218731,3.0,264,49.2,84.9,3.6692,12000,1.3206,12000,100.0,442000,100.0,108000,480000,0.1208,12000,0.838,12000,1.4053,12000,2.5657600000000005,48000,19.8,2025-11-21_09-33,,
R_AK_3DBall_2647,3DBall,2647,12.0,ppo,500000,150,28197,0.0001721863304943,3.0,217,33.3,84.7,1.1648,12000,1.1291,12000,100.0,442000,100.0,432000,480000,0.0653,36000,0.4018,36000,1.4153,12000,2.5657600000000005,168000,70.5,2025-11-21_09-33,,
R_AK_3DBall_2648,3DBall,2648,12.0,ppo,500000,136,25679,0.0002943623668212,3.0,215,32.9,84.5,1.2133,12000,1.1326,12000,98.4877,442000,100.0,300000,480000,0.0669,36000,0.3009,36000,1.4172,12000,2.5657600000000005,120000,48.3,2025-11-21_09-33,,
R_AK_3DBall_2649,3DBall,2649,12.0,ppo,500000,176,33105,0.000494343851532,3.0,214,36.7,84.5,1.1737,12000,1.0902,12000,100.0,442000,100.0,324000,480000,0.0607,36000,0.2105,36000,1.4171,12000,2.5657600000000005,120000,48.1,2025-11-21_09-33,,
R_AK_3DBall_2650,3DBall,2650,12.0,ppo,500000,188,35314,0.0008092872466863,3.0,232,48.7,84.5,1.2931,12000,1.1257,12000,98.5092,442000,100.0,228000,480000,0.0608,36000,0.1965,36000,1.4078,12000,2.5657600000000005,84000,34.8,2025-11-21_09-33,,
R_AK_3DBall_2651,3DBall,2651,12.0,ppo,500000,175,32827,0.0006055485990784,3.0,215,33.5,84.7,1.1754,12000,1.1045,12000,98.3667,442000,100.0,276000,480000,0.0614,36000,0.1878,36000,1.418,12000,2.5657600000000005,108000,43.0,2025-11-21_09-33,,
R_AK_3DBall_2652,3DBall,2652,12.0,ppo,500000,120,22631,0.0007573665587131,3.0,214,33.0,84.4,1.3717,12000,1.1054,12000,100.0,442000,100.0,228000,480000,0.0721,24000,0.2366,24000,1.4045,12000,2.5657600000000005,84000,32.1,2025-11-21_09-33,,
R_AK_3DBall_2653,3DBall,2653,12.0,ppo,500000,151,28374,0.0004954494089895,3.0,214,33.1,84.6,1.3263,12000,1.1595,12000,100.0,442000,100.0,252000,480000,0.0653,36000,0.2229,36000,1.4129,12000,2.5657600000000005,96000,37.4,2025-11-21_09-33,,
R_AK_3DBall_2654,3DBall,2654,12.0,ppo,500000,191,35877,0.0002621868816596,3.0,224,42.7,84.7,1.2609,12000,1.1825,12000,100.0,442000,100.0,312000,480000,0.059,36000,0.1891,36000,1.4157,12000,2.5657600000000005,120000,50.4,2025-11-21_09-33,,
R_AK_3DBall_2655,3DBall,2655,12.0,ppo,500000,143,26929,0.0004737557057688,3.0,213,33.1,84.8,1.2774,12000,1.1526,12000,100.0,442000,100.0,264000,480000,0.0639,36000,0.3092,36000,1.4126,12000,2.5657600000000005,120000,47.9,2025-11-21_09-33,,
R_AK_3DBall_2656,3DBall,2656,12.0,ppo,500000,72,13560,0.0007844904694817,3.0,220,34.5,84.9,1.699,12000,1.1239,12000,100.0,442000,100.0,120000,480000,0.0944,24000,0.5072,24000,1.395,12000,2.5657600000000005,60000,22.0,2025-11-21_09-33,,
R_AK_3DBall_2657,3DBall,2657,12.0,ppo,500000,76,14436,0.0003126257108671,3.0,232,46.8,84.0,1.9999,12000,1.2291,12000,98.5185,442000,100.0,132000,480000,0.0917,24000,0.4094,24000,1.4089,12000,2.5657600000000005,60000,23.2,2025-11-21_09-33,,
R_AK_3DBall_2658,3DBall,2658,12.0,ppo,500000,116,21838,0.0008177717689444,3.0,213,35.4,83.7,1.3345,12000,1.1106,12000,100.0,442000,100.0,228000,480000,0.0736,24000,0.2276,24000,1.4153,12000,2.5657600000000005,84000,31.9,2025-11-21_09-33,,
R_AK_3DBall_2659,3DBall,2659,12.0,ppo,500000,38,7219,0.0008585445594085,3.0,269,51.0,83.8,22.9059,12000,1.7745,12000,94.4692,442000,100.0,120000,480000,0.1283,12000,1.0866,12000,1.3405,12000,2.5657600000000005,36000,13.5,2025-11-21_09-33,,
R_AK_3DBall_2660,3DBall,2660,12.0,ppo,500000,44,8323,0.0008973552791514,3.0,228,32.0,83.9,4.561,12000,1.2566,12000,100.0,442000,100.0,120000,480000,0.118,12000,0.888,12000,1.382,12000,2.5657600000000005,48000,17.1,2025-11-21_09-33,,
R_AK_3DBall_2661,3DBall,2661,12.0,ppo,500000,187,35119,0.0007589082249021,3.0,250,51.1,84.3,1.2553,12000,1.1172,12000,98.5169,442000,100.0,324000,480000,0.0584,36000,0.1681,36000,1.4111,12000,2.5657600000000005,108000,50.0,2025-11-21_09-33,,
R_AK_3DBall_2662,3DBall,2662,12.0,ppo,500000,80,15080,0.0003846902379312,3.0,244,47.9,84.1,2.2853,12000,1.2608,12000,98.7785,442000,100.0,120000,480000,0.089,24000,0.542,24000,1.3916,12000,2.5657600000000005,60000,24.4,2025-11-21_09-33,,
R_AK_3DBall_2663,3DBall,2663,12.0,ppo,500000,89,16699,0.0004112517416155,3.0,216,32.7,84.1,1.5472,12000,1.1222,12000,100.0,442000,100.0,168000,480000,0.0831,24000,0.3236,24000,1.413,12000,2.5657600000000005,72000,27.0,2025-11-21_09-33,,
R_AK_3DBall_2664,3DBall,2664,12.0,ppo,500000,76,14340,0.0008612010783877,3.0,219,33.7,84.3,1.7426,12000,1.1612,12000,100.0,442000,100.0,144000,480000,0.0925,24000,0.6267,24000,1.3891,12000,2.5657600000000005,60000,21.9,2025-11-21_09-33,,
R_AK_3DBall_2665,3DBall,2665,12.0,ppo,500000,60,11429,5.606532693938161e-05,3.0,254,51.7,83.8,2.2274,12000,1.2454,12000,100.0,442000,100.0,144000,480000,0.1052,12000,0.5559,12000,1.4154,12000,2.5657600000000005,48000,19.1,2025-11-21_09-33,,
R_AK_3DBall_2666,3DBall,2666,12.0,ppo,500000,83,15732,0.0003374743986859,3.0,219,33.1,83.6,1.5137,12000,1.1366,12000,100.0,442000,100.0,156000,480000,0.0873,24000,0.3365,24000,1.4135,12000,2.5657600000000005,72000,27.3,2025-11-21_09-33,,
R_AK_3DBall_2667,3DBall,2667,12.0,ppo,500000,71,13478,0.0003477536633078,3.0,265,49.2,83.7,2.6638,12000,1.1594,12000,100.0,442000,100.0,144000,480000,0.0957,24000,0.9191,24000,1.4013,12000,2.5657600000000005,48000,19.9,2025-11-21_09-33,,
R_AK_3DBall_2668,3DBall,2668,12.0,ppo,500000,126,23760,0.0005150143326208,3.0,215,37.4,84.1,1.2208,12000,1.0677,12000,100.0,442000,100.0,288000,480000,0.0737,24000,0.27,24000,1.4107,12000,2.5657600000000005,108000,42.9,2025-11-21_09-33,,
R_AK_3DBall_2669,3DBall,2669,12.0,ppo,500000,156,29321,0.0004150332877971,3.0,247,48.2,84.5,1.3421,12000,1.187,12000,100.0,442000,100.0,288000,480000,0.0631,36000,0.182,36000,1.4101,12000,2.5657600000000005,72000,30.9,2025-11-21_09-33,,
R_AK_3DBall_2670,3DBall,2670,12.0,ppo,500000,173,32441,0.0007653795800904,3.0,214,32.3,84.3,1.1933,12000,1.1154,12000,100.0,442000,100.0,276000,480000,0.0618,36000,0.1847,36000,1.4152,12000,2.5657600000000005,108000,42.7,2025-11-21_09-33,,
R_AK_3DBall_2671,3DBall,2671,12.0,ppo,500000,64,12015,0.0008900806145801,3.0,221,34.4,84.0,2.4943,12000,1.1903,12000,95.6624,442000,100.0,120000,480000,0.1008,24000,0.6838,24000,1.3829,12000,2.5657600000000005,48000,16.6,2025-11-21_09-33,,
R_AK_3DBall_2672,3DBall,2672,12.0,ppo,500000,148,27876,0.0007992429180702,3.0,249,49.8,84.3,1.4575,12000,1.1313,12000,98.5016,442000,100.0,216000,480000,0.068,36000,0.3635,36000,1.402,12000,2.5657600000000005,72000,31.1,2025-11-21_09-33,,
R_AK_3DBall_2673,3DBall,2673,12.0,ppo,500000,135,25491,0.0004179895200912,3.0,269,49.5,83.8,1.468,12000,1.1211,12000,99.6333,442000,100.0,228000,480000,0.0689,36000,0.3267,36000,1.4051,12000,2.5657600000000005,84000,40.3,2025-11-21_09-33,,
R_AK_3DBall_2674,3DBall,2674,12.0,ppo,500000,83,15585,0.0004764837140586,3.0,216,34.7,83.7,1.7994,12000,1.2681,12000,100.0,442000,100.0,168000,480000,0.0888,24000,0.5007,24000,1.3962,12000,2.5657600000000005,60000,21.6,2025-11-21_09-33,,
R_AK_3DBall_2675,3DBall,2675,12.0,ppo,500000,165,31046,0.0002017875235557,3.0,215,33.9,84.1,1.1604,12000,1.1381,12000,100.0,442000,100.0,444000,480000,0.0635,36000,0.3355,36000,1.4162,12000,2.5657600000000005,168000,69.8,2025-11-21_09-33,,
R_AK_3DBall_2676,3DBall,2676,12.0,ppo,500000,67,12592,0.0001079603279174,3.0,240,51.1,84.2,1.5301,12000,1.1401,12000,100.0,442000,100.0,144000,480000,0.096,24000,0.3594,24000,1.4132,12000,2.5657600000000005,72000,30.0,2025-11-21_09-33,,
R_AK_3DBall_2677,3DBall,2677,12.0,ppo,500000,36,6915,0.0004687778385275,3.0,331,47.1,84.9,18.3364,12000,1.7128,12000,0.1438,442000,100.0,108000,480000,0.1356,12000,1.3175,12000,1.3624,12000,2.5657600000000005,36000,16.5,2025-11-21_09-33,,
R_AK_3DBall_2678,3DBall,2678,12.0,ppo,500000,88,16627,0.0004524357185463,3.0,242,47.2,84.4,1.8571,12000,1.1926,12000,98.7317,442000,100.0,144000,480000,0.0873,24000,0.4869,24000,1.3982,12000,2.5657600000000005,60000,24.2,2025-11-21_09-33,,
R_AK_3DBall_2679,3DBall,2679,12.0,ppo,500000,77,14537,0.0006116217539606,3.0,253,49.1,84.6,2.2074,12000,1.1674,12000,98.5046,442000,100.0,156000,480000,0.0921,24000,0.5258,24000,1.3837,12000,2.5657600000000005,60000,25.3,2025-11-21_09-33,,
R_AK_3DBall_2680,3DBall,2680,12.0,ppo,500000,57,10694,0.0002311598864982,3.0,226,34.8,84.4,1.8693,12000,1.1406,12000,100.0,442000,100.0,132000,480000,0.1045,12000,0.3771,12000,1.402,12000,2.5657600000000005,60000,22.6,2025-11-21_09-33,,
R_AK_3DBall_2681,3DBall,2681,12.0,ppo,500000,133,25042,0.0004875566451141,3.0,225,46.4,84.6,1.4301,12000,1.1702,12000,98.6846,442000,100.0,192000,480000,0.0688,36000,0.3103,36000,1.4129,12000,2.5657600000000005,84000,33.7,2025-11-21_09-33,,
R_AK_3DBall_2682,3DBall,2682,12.0,ppo,500000,58,10946,0.0002390007732128,3.0,287,51.6,85.0,4.4103,12000,1.3613,12000,98.5523,442000,100.0,108000,480000,0.1035,12000,0.922,12000,1.3797,12000,2.5657600000000005,36000,14.4,2025-11-21_09-33,,
R_AK_3DBall_2683,3DBall,2683,12.0,ppo,500000,153,28746,0.0001518528004523,3.0,218,33.6,85.1,1.159,12000,1.1435,12000,92.8444,442000,100.0,432000,480000,0.0628,36000,0.5019,36000,1.4178,12000,2.5657600000000005,180000,76.2,2025-11-21_09-33,,
R_AK_3DBall_2684,3DBall,2684,12.0,ppo,500000,89,16848,0.0007415341244155,3.0,235,46.8,84.6,1.7849,12000,1.1255,12000,100.0,442000,100.0,144000,480000,0.0874,24000,0.4831,24000,1.4015,12000,2.5657600000000005,60000,23.5,2025-11-21_09-33,,
R_AK_3DBall_2685,3DBall,2685,12.0,ppo,500000,36,6836,0.0007308342755637,3.0,283,50.5,84.6,22.7653,12000,1.7188,12000,95.2361,442000,100.0,132000,480000,0.1294,12000,1.1068,12000,1.353,12000,2.5657600000000005,36000,14.2,2025-11-21_09-33,,
R_AK_3DBall_2686,3DBall,2686,12.0,ppo,500000,117,22080,0.00083673259022,3.0,233,44.0,84.9,1.3918,12000,1.116,12000,98.7354,442000,100.0,192000,480000,0.0746,24000,0.2311,24000,1.4018,12000,2.5657600000000005,84000,34.9,2025-11-21_09-33,,
R_AK_3DBall_2687,3DBall,2687,12.0,ppo,500000,55,10471,0.0005412594327483,3.0,226,34.9,84.5,1.9375,12000,1.1208,12000,100.0,442000,100.0,108000,480000,0.1084,12000,0.3586,12000,1.3958,12000,2.5657600000000005,60000,22.6,2025-11-21_09-33,,
R_AK_3DBall_2688,3DBall,2688,12.0,ppo,500000,127,23819,0.0004741638613895,3.0,213,35.3,84.6,1.2227,12000,1.0955,12000,100.0,442000,100.0,252000,480000,0.0701,24000,0.222,24000,1.417,12000,2.5657600000000005,96000,37.2,2025-11-21_09-33,,
R_AK_3DBall_2689,3DBall,2689,12.0,ppo,500000,164,30868,0.0003500068093711,3.0,227,44.8,84.8,1.2147,12000,1.1147,12000,100.0,442000,100.0,264000,480000,0.062,36000,0.1698,36000,1.4164,12000,2.5657600000000005,108000,45.4,2025-11-21_09-33,,
R_AK_3DBall_2690,3DBall,2690,12.0,ppo,500000,70,13189,0.000816454231429,3.0,238,48.5,84.9,3.0501,12000,1.2744,12000,100.0,442000,100.0,144000,480000,0.0955,24000,1.0296,24000,1.3945,12000,2.5657600000000005,48000,17.8,2025-11-21_09-33,,
R_AK_3DBall_2691,3DBall,2691,12.0,ppo,500000,110,20732,0.0004049400278563,3.0,217,37.3,84.8,1.3081,12000,1.1247,12000,100.0,442000,100.0,204000,480000,0.0762,24000,0.243,24000,1.4069,12000,2.5657600000000005,84000,32.5,2025-11-21_09-33,,
R_AK_3DBall_2692,3DBall,2692,12.0,ppo,500000,113,21322,0.0008267082613299,3.0,214,32.9,84.5,1.3914,12000,1.0982,12000,100.0,442000,100.0,168000,480000,0.0769,24000,0.2412,24000,1.409,12000,2.5657600000000005,84000,32.1,2025-11-21_09-33,,
R_AK_3DBall_2693,3DBall,2693,12.0,ppo,500000,65,12280,0.0008221395432584,3.0,220,32.3,84.2,2.4049,12000,1.1786,12000,100.0,442000,100.0,156000,480000,0.0973,24000,0.7004,24000,1.3902,12000,2.5657600000000005,48000,16.5,2025-11-21_09-33,,
R_AK_3DBall_2694,3DBall,2694,12.0,ppo,500000,125,23514,0.0008416718330584,3.0,213,33.3,84.3,1.3232,12000,1.1573,12000,96.5262,442000,100.0,180000,480000,0.0724,24000,0.2392,24000,1.4073,12000,2.5657600000000005,84000,31.9,2025-11-21_09-33,,
R_AK_3DBall_2695,3DBall,2695,12.0,ppo,500000,38,7225,0.000228843010714,3.0,258,52.0,84.4,7.2622,12000,1.3307,12000,100.0,442000,100.0,108000,480000,0.1316,12000,1.1126,12000,1.3955,12000,2.5657600000000005,36000,12.9,2025-11-21_09-33,,
R_AK_3DBall_2696,3DBall,2696,12.0,ppo,500000,80,15106,5.042067908716269e-05,3.0,238,45.9,83.9,1.3367,12000,1.2272,12000,100.0,442000,100.0,216000,480000,0.0879,24000,0.375,24000,1.4157,12000,2.5657600000000005,96000,41.6,2025-11-21_09-33,,
R_AK_3DBall_2697,3DBall,2697,12.0,ppo,500000,124,23378,0.0008337612985944,3.0,239,46.3,84.1,1.5282,12000,1.0818,12000,98.4723,442000,100.0,276000,480000,0.0722,24000,0.3261,24000,1.396,12000,2.5657600000000005,60000,23.9,2025-11-21_09-33,,
R_AK_3DBall_2698,3DBall,2698,12.0,ppo,500000,137,25829,0.0001578625769392,3.0,228,42.8,84.2,1.2346,12000,1.1135,12000,100.0,442000,100.0,288000,480000,0.0701,36000,0.2642,36000,1.4168,12000,2.5657600000000005,108000,45.6,2025-11-21_09-33,,
R_AK_3DBall_2699,3DBall,2699,12.0,ppo,500000,72,13503,0.0008347687419273,3.0,219,32.4,83.8,1.7584,12000,1.195,12000,100.0,442000,100.0,144000,480000,0.0975,24000,0.4766,24000,1.4119,12000,2.5657600000000005,60000,21.9,2025-11-21_09-33,,
R_AK_3DBall_2700,3DBall,2700,12.0,ppo,500000,67,12734,0.0005732848874434,3.0,238,48.3,84.4,2.8614,12000,1.2879,12000,100.0,442000,100.0,144000,480000,0.0982,24000,0.8871,24000,1.3866,12000,2.5657600000000005,48000,17.8,2025-11-21_09-33,,
R_AK_3DBall_2701,3DBall,2701,12.0,ppo,500000,152,28665,0.0002922067786987,3.0,213,32.9,84.4,1.2513,12000,1.1941,12000,100.0,442000,100.0,312000,480000,0.0653,36000,0.3045,36000,1.414,12000,2.5657600000000005,132000,53.2,2025-11-21_09-33,,
R_AK_3DBall_2702,3DBall,2702,12.0,ppo,500000,105,19694,7.181536784237783e-05,3.0,226,50.6,84.2,1.2265,12000,1.1023,12000,100.0,442000,100.0,252000,480000,0.0795,24000,0.3072,24000,1.4158,12000,2.5657600000000005,96000,39.6,2025-11-21_09-33,,
R_AK_3DBall_2703,3DBall,2703,12.0,ppo,500000,166,31152,0.0006070370298522,3.0,222,41.5,83.5,1.2577,12000,1.1186,12000,94.9158,442000,100.0,252000,480000,0.0629,36000,0.1634,36000,1.4109,12000,2.5657600000000005,108000,44.3,2025-11-21_09-33,,
R_AK_3DBall_2704,3DBall,2704,12.0,ppo,500000,42,8060,0.0002020746758862,3.0,251,45.7,83.8,10.2957,12000,1.3502,12000,97.2846,442000,100.0,192000,480000,0.1231,12000,1.0677,12000,1.392,12000,2.5657600000000005,36000,12.6,2025-11-21_09-33,,
R_AK_3DBall_2705,3DBall,2705,12.0,ppo,500000,140,26431,0.0003984145168508,3.0,213,28.8,83.4,1.2283,12000,1.1377,12000,100.0,442000,100.0,264000,480000,0.0681,36000,0.2927,36000,1.4158,12000,2.5657600000000005,120000,47.9,2025-11-21_09-33,,
R_AK_3DBall_2706,3DBall,2706,12.0,ppo,500000,46,8730,0.0006240973121714,3.0,272,47.0,83.0,12.9447,12000,1.5289,12000,100.0,442000,100.0,120000,480000,0.1187,12000,1.1585,12000,1.3597,12000,2.5657600000000005,36000,13.6,2025-11-21_09-33,,
R_AK_3DBall_2707,3DBall,2707,12.0,ppo,500000,155,29123,0.0001384386672587,3.0,237,42.8,83.2,1.2749,12000,1.1421,12000,97.0203,442000,100.0,288000,480000,0.067,36000,0.1853,36000,1.4188,12000,2.5657600000000005,96000,41.5,2025-11-21_09-33,,
R_AK_3DBall_2708,3DBall,2708,12.0,ppo,500000,67,12677,0.0008716694284055,3.0,242,46.8,83.3,2.981,12000,1.2119,12000,100.0,442000,100.0,108000,480000,0.0986,24000,0.8921,24000,1.3777,12000,2.5657600000000005,48000,18.1,2025-11-21_09-33,,
R_AK_3DBall_2709,3DBall,2709,12.0,ppo,500000,91,17199,0.0001204590629803,3.0,252,47.0,83.4,1.8293,12000,1.2359,12000,100.0,442000,100.0,168000,480000,0.0851,24000,0.5642,24000,1.4153,12000,2.5657600000000005,60000,25.2,2025-11-21_09-33,,
R_AK_3DBall_2710,3DBall,2710,12.0,ppo,500000,55,10347,0.0003086772251822,3.0,250,45.3,83.2,3.8805,12000,1.36,12000,100.0,442000,100.0,96000,480000,0.1128,12000,0.8169,12000,1.3858,12000,2.5657600000000005,48000,18.7,2025-11-21_09-33,,
R_AK_3DBall_2711,3DBall,2711,12.0,ppo,500000,172,32256,0.0004733599227608,3.0,217,38.3,84.8,1.1479,12000,1.1094,12000,100.0,442000,100.0,336000,480000,0.0607,36000,0.1929,36000,1.4155,12000,2.5657600000000005,132000,54.2,2025-11-21_09-33,,
R_AK_3DBall_2712,3DBall,2712,12.0,ppo,500000,136,25651,0.0006895250779092,3.0,215,33.5,83.4,1.2698,12000,1.1231,12000,100.0,442000,100.0,252000,480000,0.0682,36000,0.2603,36000,1.4151,12000,2.5657600000000005,96000,37.6,2025-11-21_09-33,,
R_AK_3DBall_2713,3DBall,2713,12.0,ppo,500000,154,28892,0.000122842052219,3.0,227,43.2,83.1,1.1275,12000,1.0619,12000,100.0,442000,100.0,300000,480000,0.064,36000,0.2503,36000,1.4198,12000,2.5657600000000005,132000,56.7,2025-11-21_09-33,,
R_AK_3DBall_2714,3DBall,2714,12.0,ppo,500000,82,15504,0.0004292220338011,3.0,244,48.7,83.0,1.8192,12000,1.1623,12000,100.0,442000,100.0,192000,480000,0.0891,24000,0.4099,24000,1.3959,12000,2.5657600000000005,60000,24.4,2025-11-21_09-33,,
R_AK_3DBall_2715,3DBall,2715,12.0,ppo,500000,90,16946,0.0004014397365554,3.0,249,46.3,83.2,1.5505,12000,1.1172,12000,98.4923,442000,100.0,156000,480000,0.0876,24000,0.3229,24000,1.4013,12000,2.5657600000000005,72000,31.1,2025-11-21_09-33,,
R_AK_3DBall_2716,3DBall,2716,12.0,ppo,500000,165,31028,7.756954432565695e-05,3.0,216,33.0,83.4,1.1437,12000,1.1018,12000,93.3005,442000,98.075,492000,480000,0.0632,36000,0.3769,36000,1.4184,12000,2.5657600000000005,192000,80.9,2025-11-21_09-33,,
R_AK_3DBall_2717,3DBall,2717,12.0,ppo,500000,189,35555,0.0002122559134762,3.0,215,32.8,83.4,1.1819,12000,1.1053,12000,90.2316,442000,99.7583,444000,480000,0.0579,36000,0.3247,36000,1.4165,12000,2.5657600000000005,192000,80.5,2025-11-21_09-33,,
R_AK_3DBall_2718,3DBall,2718,12.0,ppo,500000,130,24473,0.0003237806022489,3.0,252,49.3,84.0,1.524,12000,1.1853,12000,100.0,442000,100.0,204000,480000,0.0726,36000,0.3369,36000,1.4055,12000,2.5657600000000005,72000,31.5,2025-11-21_09-33,,
R_AK_3DBall_2719,3DBall,2719,12.0,ppo,500000,102,19296,0.0001817309022091,3.0,248,47.2,84.0,1.5287,12000,1.1698,12000,100.0,442000,100.0,168000,480000,0.0801,24000,0.2755,24000,1.409,12000,2.5657600000000005,72000,31.0,2025-11-21_09-33,,
R_AK_3DBall_2720,3DBall,2720,12.0,ppo,500000,78,14627,0.0008737522021287,3.0,257,48.1,83.8,2.2841,12000,1.1688,12000,98.64,442000,100.0,144000,480000,0.0892,24000,0.5841,24000,1.39,12000,2.5657600000000005,48000,19.3,2025-11-21_09-33,,
R_AK_3DBall_2721,3DBall,2721,12.0,ppo,500000,73,13738,0.0007138723744444,3.0,281,50.5,83.8,2.5008,12000,1.1501,12000,95.6862,442000,100.0,156000,480000,0.0943,24000,0.9086,24000,1.3954,12000,2.5657600000000005,48000,21.1,2025-11-21_09-33,,
R_AK_3DBall_2722,3DBall,2722,12.0,ppo,500000,156,29434,0.0005711715799925,3.0,261,46.8,83.9,1.2087,12000,1.1179,12000,99.465,442000,100.0,300000,480000,0.0639,36000,0.1492,36000,1.4159,12000,2.5657600000000005,96000,45.7,2025-11-21_09-33,,
R_AK_3DBall_2723,3DBall,2723,12.0,ppo,500000,69,12979,0.0004300585507907,3.0,281,49.6,83.8,2.8685,12000,1.1697,12000,94.1564,442000,100.0,108000,480000,0.0961,24000,0.85,24000,1.3912,12000,2.5657600000000005,48000,21.1,2025-11-21_09-33,,
R_AK_3DBall_2724,3DBall,2724,12.0,ppo,500000,109,20523,0.0008771259956834,3.0,267,48.4,84.2,1.5384,12000,1.1569,12000,98.1103,442000,100.0,264000,480000,0.077,24000,0.2733,24000,1.4033,12000,2.5657600000000005,72000,33.4,2025-11-21_09-33,,
R_AK_3DBall_2725,3DBall,2725,12.0,ppo,500000,67,12671,0.0006596546509027,3.0,223,36.0,84.2,2.4478,12000,1.2245,12000,98.4739,442000,100.0,120000,480000,0.0977,24000,0.7242,24000,1.3942,12000,2.5657600000000005,48000,16.7,2025-11-21_09-33,,
R_AK_3DBall_2726,3DBall,2726,12.0,ppo,500000,112,21128,0.0001206409872831,3.0,237,46.0,84.6,1.3783,12000,1.1612,12000,100.0,442000,100.0,276000,480000,0.0753,24000,0.2623,24000,1.4163,12000,2.5657600000000005,84000,35.5,2025-11-21_09-33,,
R_AK_3DBall_2727,3DBall,2727,12.0,ppo,500000,139,26082,0.000703027411706,3.0,213,34.3,84.0,1.3208,12000,1.1317,12000,100.0,442000,100.0,228000,480000,0.0687,36000,0.2842,36000,1.414,12000,2.5657600000000005,96000,37.2,2025-11-21_09-33,,
R_AK_3DBall_2728,3DBall,2728,12.0,ppo,500000,98,18403,7.037844396292568e-05,3.0,221,32.9,83.2,1.2229,12000,1.1728,12000,63.5784,442000,71.4353,468000,480000,0.08,24000,0.4337,24000,1.4149,12000,2.5657600000000005,192000,82.8,2025-11-21_09-33,,
R_AK_3DBall_2729,3DBall,2729,12.0,ppo,500000,164,30886,0.0005163027366178,3.0,215,36.5,84.1,1.197,12000,1.134,12000,100.0,442000,100.0,324000,480000,0.0638,36000,0.2445,36000,1.42,12000,2.5657600000000005,132000,53.7,2025-11-21_09-33,,
R_AK_3DBall_2730,3DBall,2730,12.0,ppo,500000,64,12179,0.0002718111215082,3.0,252,49.5,84.1,2.6078,12000,1.1557,12000,98.48,442000,100.0,108000,480000,0.0989,24000,0.7631,24000,1.4014,12000,2.5657600000000005,48000,18.9,2025-11-21_09-33,,
R_AK_3DBall_2731,3DBall,2731,12.0,ppo,500000,32,6089,0.0008975978533374,3.0,239,31.9,84.0,18.8422,12000,1.4342,12000,98.5092,442000,100.0,96000,480000,0.1399,12000,1.1572,12000,1.3208,12000,2.5657600000000005,36000,11.9,2025-11-21_09-33,,
R_AK_3DBall_2732,3DBall,2732,12.0,ppo,500000,116,21931,0.0007007945018788,3.0,232,46.0,84.2,1.493,12000,1.1479,12000,98.5169,442000,100.0,216000,480000,0.0748,24000,0.2893,24000,1.4049,12000,2.5657600000000005,72000,29.0,2025-11-21_09-33,,
R_AK_3DBall_2733,3DBall,2733,12.0,ppo,500000,145,27313,6.932519833179758e-05,3.0,238,43.7,84.4,1.2182,12000,1.0706,12000,100.0,442000,100.0,264000,480000,0.0671,36000,0.2541,36000,1.418,12000,2.5657600000000005,120000,53.5,2025-11-21_09-33,,
R_AK_3DBall_2734,3DBall,2734,12.0,ppo,500000,42,7982,0.0002849882260481,3.0,279,50.1,84.2,11.8519,12000,1.3289,12000,98.4923,442000,100.0,84000,480000,0.1224,12000,1.0482,12000,1.386,12000,2.5657600000000005,36000,14.0,2025-11-21_09-33,,
R_AK_3DBall_2735,3DBall,2735,12.0,ppo,500000,62,11806,0.0004054524543906,3.0,270,50.7,83.9,4.6251,12000,1.241,12000,97.0092,442000,100.0,144000,480000,0.1038,12000,0.9957,12000,1.3786,12000,2.5657600000000005,48000,20.3,2025-11-21_09-33,,
R_AK_3DBall_2736,3DBall,2736,12.0,ppo,500000,189,35462,0.0008631987323464,3.0,212,34.6,83.7,1.2899,12000,1.1776,12000,100.0,442000,100.0,264000,480000,0.0575,36000,0.2095,36000,1.4136,12000,2.5657600000000005,120000,47.6,2025-11-21_09-33,,
R_AK_3DBall_2737,3DBall,2737,12.0,ppo,500000,169,31783,0.0002857408541921,3.0,226,44.2,83.5,1.2648,12000,1.1614,12000,99.48,442000,100.0,276000,480000,0.0618,36000,0.1996,36000,1.4167,12000,2.5657600000000005,108000,45.2,2025-11-21_09-33,,
R_AK_3DBall_2738,3DBall,2738,12.0,ppo,500000,92,17254,0.0007609346117655,3.0,276,48.3,83.7,1.9635,12000,1.202,12000,97.2514,442000,100.0,156000,480000,0.0828,24000,0.5678,24000,1.3946,12000,2.5657600000000005,60000,27.6,2025-11-21_09-33,,
R_AK_3DBall_2739,3DBall,2739,12.0,ppo,500000,130,24472,0.0006648456813513,3.0,239,47.3,83.9,1.4992,12000,1.1338,12000,99.5567,442000,100.0,180000,480000,0.0716,36000,0.3235,36000,1.4015,12000,2.5657600000000005,84000,35.8,2025-11-21_09-33,,
R_AK_3DBall_2740,3DBall,2740,12.0,ppo,500000,71,13449,0.0007728216020792,3.0,252,50.4,83.6,2.7258,12000,1.1861,12000,99.78,442000,100.0,168000,480000,0.0948,24000,0.9254,24000,1.3939,12000,2.5657600000000005,48000,18.9,2025-11-21_09-33,,
R_AK_3DBall_2741,3DBall,2741,12.0,ppo,500000,82,15503,0.0008118735307702,3.0,219,32.8,84.0,1.725,12000,1.2065,12000,100.0,442000,100.0,156000,480000,0.089,24000,0.3765,24000,1.4039,12000,2.5657600000000005,60000,21.9,2025-11-21_09-33,,
R_AK_3DBall_2742,3DBall,2742,12.0,ppo,500000,165,31002,0.000439444701386,3.0,224,43.3,83.8,1.3082,12000,1.1827,12000,100.0,442000,100.0,240000,480000,0.0617,36000,0.1913,36000,1.4147,12000,2.5657600000000005,96000,39.2,2025-11-21_09-33,,
R_AK_3DBall_2743,3DBall,2743,12.0,ppo,500000,33,6342,0.0004984518536103,3.0,286,50.0,82.9,22.2844,12000,1.7105,12000,100.0,442000,100.0,156000,480000,0.1377,12000,1.2813,12000,1.3503,12000,2.5657600000000005,36000,14.3,2025-11-21_09-33,,
R_AK_3DBall_2744,3DBall,2744,12.0,ppo,500000,72,13503,0.0006176928317556,3.0,220,35.6,83.2,1.9851,12000,1.1849,12000,100.0,442000,100.0,120000,480000,0.0961,24000,0.6668,24000,1.4079,12000,2.5657600000000005,60000,22.0,2025-11-21_09-33,,
R_AK_3DBall_2745,3DBall,2745,12.0,ppo,500000,170,31915,0.0008772297992322,3.0,233,45.4,83.7,1.2102,12000,1.1129,12000,96.6457,442000,100.0,276000,480000,0.0634,36000,0.1409,36000,1.4142,12000,2.5657600000000005,108000,46.6,2025-11-21_09-33,,
R_AK_3DBall_2746,3DBall,2746,12.0,ppo,500000,191,35860,0.0007799525196328,3.0,213,33.3,83.7,1.1499,12000,1.1141,12000,100.0,442000,100.0,312000,480000,0.0572,36000,0.2117,36000,1.4132,12000,2.5657600000000005,120000,47.9,2025-11-21_09-33,,
R_AK_3DBall_2747,3DBall,2747,12.0,ppo,500000,85,16043,0.0007936448160721,3.0,271,48.8,83.7,2.0469,12000,1.1768,12000,100.0,442000,100.0,144000,480000,0.0849,24000,0.537,24000,1.3965,12000,2.5657600000000005,60000,27.1,2025-11-21_09-33,,
R_AK_3DBall_2748,3DBall,2748,12.0,ppo,500000,190,35648,0.0006424431691788,3.0,232,43.0,83.9,1.3049,12000,1.1851,12000,98.4892,442000,100.0,264000,480000,0.056,36000,0.1881,36000,1.4126,12000,2.5657600000000005,96000,40.6,2025-11-21_09-33,,
R_AK_3DBall_2749,3DBall,2749,12.0,ppo,500000,149,27940,0.0001591495184454,3.0,236,45.0,83.7,1.2232,12000,1.1004,12000,100.0,442000,100.0,264000,480000,0.0649,36000,0.2324,36000,1.4198,12000,2.5657600000000005,108000,47.2,2025-11-21_09-33,,
R_AK_3DBall_2750,3DBall,2750,12.0,ppo,500000,55,10323,7.24337155766501e-05,3.0,266,49.9,83.6,2.1916,12000,1.25,12000,100.0,442000,100.0,120000,480000,0.106,12000,0.4228,12000,1.4147,12000,2.5657600000000005,60000,26.6,2025-11-21_09-33,,
R_AK_3DBall_2751,3DBall,2751,12.0,ppo,500000,61,11471,0.0003111541350203,3.0,259,50.5,83.7,3.3641,12000,1.2712,12000,100.0,442000,100.0,132000,480000,0.1028,12000,0.8185,12000,1.392,12000,2.5657600000000005,48000,19.4,2025-11-21_09-33,,
R_AK_3DBall_2752,3DBall,2752,12.0,ppo,500000,171,32122,0.0007239105342741,3.0,244,45.4,84.4,1.3118,12000,1.1404,12000,100.0,442000,100.0,312000,480000,0.0626,36000,0.1767,36000,1.4111,12000,2.5657600000000005,84000,36.6,2025-11-21_09-33,,
R_AK_3DBall_2753,3DBall,2753,12.0,ppo,500000,122,22939,0.0001568436946212,3.0,248,45.6,84.2,1.32,12000,1.0728,12000,100.0,442000,100.0,228000,480000,0.0742,24000,0.2261,24000,1.4105,12000,2.5657600000000005,84000,37.2,2025-11-21_09-33,,
R_AK_3DBall_2754,3DBall,2754,12.0,ppo,500000,139,26072,0.0004140080292277,3.0,214,32.6,84.4,1.3415,12000,1.1823,12000,98.5,442000,100.0,276000,480000,0.0712,36000,0.2974,36000,1.4159,12000,2.5657600000000005,96000,37.4,2025-11-21_09-33,,
R_AK_3DBall_2755,3DBall,2755,12.0,ppo,500000,83,15581,0.0008698311383614,3.0,248,49.2,84.3,1.9456,12000,1.1378,12000,100.0,442000,100.0,144000,480000,0.0891,24000,0.5077,24000,1.4044,12000,2.5657600000000005,60000,24.8,2025-11-21_09-33,,
R_AK_3DBall_2756,3DBall,2756,12.0,ppo,500000,146,27379,0.0002530512665105,3.0,267,48.2,84.7,1.2404,12000,1.0875,12000,99.5033,442000,100.0,252000,480000,0.0645,36000,0.2352,36000,1.4199,12000,2.5657600000000005,96000,46.7,2025-11-21_09-33,,
R_AK_3DBall_2757,3DBall,2757,12.0,ppo,500000,157,29494,0.0001157692069666,3.0,232,43.4,84.2,1.2123,12000,1.1161,12000,100.0,442000,100.0,300000,480000,0.0642,36000,0.2802,36000,1.4188,12000,2.5657600000000005,132000,58.0,2025-11-21_09-33,,
R_AK_3DBall_2758,3DBall,2758,12.0,ppo,500000,181,34020,0.0004384341205318,3.0,264,49.4,83.7,1.3053,12000,1.1357,12000,100.0,442000,100.0,252000,480000,0.0597,36000,0.1918,36000,1.4101,12000,2.5657600000000005,84000,39.6,2025-11-21_09-33,,
R_AK_3DBall_2759,3DBall,2759,12.0,ppo,500000,86,16257,0.0008095467822303,3.0,244,46.7,83.8,1.8054,12000,1.1643,12000,100.0,442000,100.0,168000,480000,0.0873,24000,0.4427,24000,1.3917,12000,2.5657600000000005,60000,24.4,2025-11-21_09-33,,
R_AK_3DBall_2760,3DBall,2760,12.0,ppo,500000,107,20217,0.0006442255774127,3.0,244,45.6,84.1,1.5271,12000,1.1439,12000,99.7117,442000,100.0,192000,480000,0.0771,24000,0.2693,24000,1.4094,12000,2.5657600000000005,72000,30.5,2025-11-21_09-33,,
R_AK_3DBall_2761,3DBall,2761,12.0,ppo,500000,137,25849,0.0004363604955043,3.0,216,33.8,84.3,1.1689,12000,1.0844,12000,100.0,442000,100.0,276000,480000,0.0716,36000,0.278,36000,1.4264,12000,2.5657600000000005,120000,48.5,2025-11-21_09-33,,
R_AK_3DBall_2762,3DBall,2762,12.0,ppo,500000,115,21607,0.000186981220021,3.0,245,46.5,84.3,1.4842,12000,1.15,12000,100.0,442000,100.0,216000,480000,0.0749,24000,0.2759,24000,1.4109,12000,2.5657600000000005,72000,30.6,2025-11-21_09-33,,
R_AK_3DBall_2763,3DBall,2763,12.0,ppo,500000,39,7432,0.0006028810140022,3.0,269,48.7,84.1,14.1838,12000,1.606,12000,100.0,442000,100.0,84000,480000,0.1271,12000,1.4002,12000,1.3738,12000,2.5657600000000005,36000,13.5,2025-11-21_09-33,,
R_AK_3DBall_2764,3DBall,2764,12.0,ppo,500000,45,8469,0.0004898577016391,3.0,265,49.6,84.0,6.9016,12000,1.3439,12000,98.4939,442000,100.0,132000,480000,0.1167,12000,1.0137,12000,1.3746,12000,2.5657600000000005,36000,13.3,2025-11-21_09-33,,
R_AK_3DBall_2765,3DBall,2765,12.0,ppo,500000,148,27817,0.0002759915286491,3.0,231,44.1,83.9,1.2633,12000,1.1196,12000,100.0,442000,100.0,288000,480000,0.0662,36000,0.2536,36000,1.4159,12000,2.5657600000000005,96000,40.4,2025-11-21_09-33,,
R_AK_3DBall_2766,3DBall,2766,12.0,ppo,500000,112,21026,0.0006363179078942,3.0,267,48.0,84.4,1.7262,12000,1.2322,12000,99.105,442000,100.0,192000,480000,0.0758,24000,0.371,24000,1.3998,12000,2.5657600000000005,60000,26.7,2025-11-21_09-33,,
R_AK_3DBall_2767,3DBall,2767,12.0,ppo,500000,150,28266,0.000136407035751,3.0,267,47.8,84.6,1.2813,12000,1.1803,12000,100.0,442000,100.0,264000,480000,0.0667,36000,0.1746,36000,1.42,12000,2.5657600000000005,96000,46.7,2025-11-21_09-33,,
R_AK_3DBall_2768,3DBall,2768,12.0,ppo,500000,87,16334,0.0004741269617434,3.0,277,49.4,84.7,2.246,12000,1.2236,12000,100.0,442000,100.0,156000,480000,0.0872,24000,0.7011,24000,1.3919,12000,2.5657600000000005,60000,27.7,2025-11-21_09-33,,
R_AK_3DBall_2769,3DBall,2769,12.0,ppo,500000,179,33742,0.0008833447612883,3.0,230,44.7,84.7,1.2173,12000,1.1344,12000,100.0,442000,100.0,264000,480000,0.0617,36000,0.1801,36000,1.4147,12000,2.5657600000000005,108000,46.0,2025-11-21_09-33,,
R_AK_3DBall_2770,3DBall,2770,12.0,ppo,500000,116,21878,0.0007460856185326,3.0,240,47.6,84.6,1.447,12000,1.1703,12000,100.0,442000,100.0,180000,480000,0.0759,24000,0.2664,24000,1.4106,12000,2.5657600000000005,72000,30.0,2025-11-21_09-33,,
R_AK_3DBall_2771,3DBall,2771,12.0,ppo,500000,117,22007,0.0007238593527396,3.0,239,45.5,84.5,1.5187,12000,1.1779,12000,94.7996,442000,100.0,216000,480000,0.0746,24000,0.2831,24000,1.405,12000,2.5657600000000005,72000,29.9,2025-11-21_09-33,,
R_AK_3DBall_2772,3DBall,2772,12.0,ppo,500000,83,15608,0.0006617326564642,3.0,248,48.1,84.3,1.9063,12000,1.1866,12000,99.4877,442000,100.0,132000,480000,0.0868,24000,0.4025,24000,1.4017,12000,2.5657600000000005,60000,24.8,2025-11-21_09-33,,
R_AK_3DBall_2773,3DBall,2773,12.0,ppo,500000,117,22063,0.0001128023341228,3.0,216,34.8,84.1,1.2372,12000,1.1873,12000,100.0,442000,100.0,300000,480000,0.0756,24000,0.3399,24000,1.4113,12000,2.5657600000000005,120000,48.6,2025-11-21_09-33,,
R_AK_3DBall_2774,3DBall,2774,12.0,ppo,500000,176,33040,0.0001890462394444,3.0,261,47.9,84.7,1.2374,12000,1.114,12000,100.0,442000,100.0,276000,480000,0.0602,36000,0.1774,36000,1.4157,12000,2.5657600000000005,108000,52.2,2025-11-21_09-33,,
R_AK_3DBall_2775,3DBall,2775,12.0,ppo,500000,159,29982,0.000492897592629,3.0,261,47.0,84.7,1.2775,12000,1.1236,12000,96.2211,442000,100.0,396000,480000,0.0646,36000,0.1769,36000,1.4105,12000,2.5657600000000005,96000,45.7,2025-11-21_09-33,,
R_AK_3DBall_2776,3DBall,2776,12.0,ppo,500000,172,32307,0.0004579968250562,3.0,231,42.3,84.5,1.2019,12000,1.1316,12000,99.5067,442000,100.0,276000,480000,0.0605,36000,0.1835,36000,1.4176,12000,2.5657600000000005,108000,46.2,2025-11-21_09-33,,
R_AK_3DBall_2777,3DBall,2777,12.0,ppo,500000,88,16505,0.0005146312977404,3.0,242,45.2,84.2,1.743,12000,1.187,12000,100.0,442000,100.0,156000,480000,0.083,24000,0.4263,24000,1.4106,12000,2.5657600000000005,60000,24.2,2025-11-21_09-33,,
R_AK_3DBall_2778,3DBall,2778,12.0,ppo,500000,188,35397,0.0002325515800501,3.0,233,43.1,84.8,1.2042,12000,1.095,12000,99.3283,442000,100.0,300000,480000,0.0564,36000,0.1983,36000,1.4168,12000,2.5657600000000005,120000,52.4,2025-11-21_09-33,,
R_AK_3DBall_2779,3DBall,2779,12.0,ppo,500000,77,14492,0.000437561423586,3.0,261,48.5,84.2,2.3158,12000,1.2062,12000,100.0,442000,100.0,204000,480000,0.0918,24000,0.5732,24000,1.3941,12000,2.5657600000000005,48000,19.6,2025-11-21_09-33,,
R_AK_3DBall_2780,3DBall,2780,12.0,ppo,500000,179,33735,0.0006300061530744,3.0,264,48.6,84.3,1.2545,12000,1.1242,12000,100.0,442000,100.0,228000,480000,0.0572,36000,0.1701,36000,1.4103,12000,2.5657600000000005,84000,39.6,2025-11-21_09-33,,
R_AK_3DBall_2781,3DBall,2781,12.0,ppo,500000,38,7253,0.0004765439619141,3.0,321,53.3,84.6,22.6709,12000,1.7746,12000,97.0154,442000,100.0,288000,480000,0.127,12000,0.9894,12000,1.3407,12000,2.5657600000000005,36000,16.0,2025-11-21_09-33,,
R_AK_3DBall_2782,3DBall,2782,12.0,ppo,500000,154,28906,0.0008973338001436,3.0,213,34.9,84.8,1.2182,12000,1.1206,12000,100.0,442000,100.0,228000,480000,0.0658,36000,0.2167,36000,1.4111,12000,2.5657600000000005,96000,37.2,2025-11-21_09-33,,
R_AK_3DBall_2783,3DBall,2783,12.0,ppo,500000,190,35759,0.0002394455094455,3.0,226,42.3,84.6,1.1775,12000,1.1023,12000,98.8339,442000,100.0,336000,480000,0.0612,36000,0.18,36000,1.4171,12000,2.5657600000000005,120000,50.8,2025-11-21_09-33,,
R_AK_3DBall_2784,3DBall,2784,12.0,ppo,500000,56,10642,0.0002270193485131,3.0,266,51.3,84.5,3.4914,12000,1.2631,12000,100.0,442000,100.0,120000,480000,0.1083,12000,0.8201,12000,1.394,12000,2.5657600000000005,48000,20.0,2025-11-21_09-33,,
R_AK_3DBall_2785,3DBall,2785,12.0,ppo,500000,119,22491,0.0006836767848531,3.0,240,44.5,84.7,1.4539,12000,1.1042,12000,100.0,442000,100.0,228000,480000,0.0746,24000,0.2732,24000,1.3992,12000,2.5657600000000005,72000,30.0,2025-11-21_09-33,,
R_AK_3DBall_2786,3DBall,2786,12.0,ppo,500000,48,9042,0.000723562415454,3.0,228,36.3,84.2,6.2057,12000,1.2383,12000,100.0,442000,100.0,96000,480000,0.116,12000,0.9317,12000,1.3733,12000,2.5657600000000005,48000,17.1,2025-11-21_09-33,,
R_AK_3DBall_2787,3DBall,2787,12.0,ppo,500000,34,6469,0.000137295370542,3.0,279,50.9,84.4,20.105,12000,1.5833,12000,100.0,442000,100.0,84000,480000,0.1406,12000,1.1514,12000,1.4031,12000,2.5657600000000005,36000,14.0,2025-11-21_09-33,,
R_AK_3DBall_2788,3DBall,2788,12.0,ppo,500000,140,26378,0.0004160794466534,3.0,231,42.4,83.1,1.3019,12000,1.0994,12000,100.0,442000,100.0,252000,480000,0.0683,36000,0.243,36000,1.4128,12000,2.5657600000000005,96000,40.3,2025-11-21_09-33,,
R_AK_3DBall_2789,3DBall,2789,12.0,ppo,500000,104,19596,0.0004159781452747,3.0,231,40.0,82.8,1.4831,12000,1.1609,12000,98.4923,442000,100.0,180000,480000,0.0769,24000,0.2327,24000,1.4121,12000,2.5657600000000005,72000,28.8,2025-11-21_09-33,,
R_AK_3DBall_2790,3DBall,2790,12.0,ppo,500000,94,17809,0.0006630573874784,3.0,259,45.5,83.3,1.9362,12000,1.1757,12000,100.0,442000,100.0,156000,480000,0.0816,24000,0.6991,24000,1.3825,12000,2.5657600000000005,60000,25.9,2025-11-21_09-33,,
R_AK_3DBall_2791,3DBall,2791,12.0,ppo,500000,137,25764,0.0007103839600568,3.0,212,28.4,83.5,1.2235,12000,1.1298,12000,100.0,442000,100.0,240000,480000,0.0685,36000,0.2284,36000,1.4176,12000,2.5657600000000005,108000,42.4,2025-11-21_09-33,,
R_AK_3DBall_2792,3DBall,2792,12.0,ppo,500000,99,18717,0.0002965243494437,3.0,233,42.1,83.4,1.6784,12000,1.1821,12000,100.0,442000,100.0,192000,480000,0.0835,24000,0.252,24000,1.4064,12000,2.5657600000000005,72000,29.1,2025-11-21_09-33,,
R_AK_3DBall_2793,3DBall,2793,12.0,ppo,500000,180,33905,8.878256017544675e-05,3.0,227,41.7,83.8,1.2749,12000,1.155,12000,100.0,442000,100.0,324000,480000,0.0591,36000,0.2393,36000,1.4198,12000,2.5657600000000005,120000,51.0,2025-11-21_09-33,,
R_AK_3DBall_2794,3DBall,2794,12.0,ppo,500000,189,35515,0.0008785331002576,3.0,210,31.9,83.3,1.2051,12000,1.1471,12000,100.0,442000,100.0,276000,480000,0.0596,36000,0.1935,36000,1.4128,12000,2.5657600000000005,120000,47.2,2025-11-21_09-33,,
R_AK_3DBall_2795,3DBall,2795,12.0,ppo,500000,47,8986,0.0007616192778523,3.0,286,50.6,83.7,5.0597,12000,1.5061,12000,98.3616,442000,100.0,96000,480000,0.1205,12000,1.0431,12000,1.3453,12000,2.5657600000000005,36000,14.3,2025-11-21_09-33,,
R_AK_3DBall_2796,3DBall,2796,12.0,ppo,500000,161,30240,0.0003494971357114,3.0,212,28.1,83.8,1.291,12000,1.1815,12000,100.0,442000,100.0,264000,480000,0.0644,36000,0.2819,36000,1.4173,12000,2.5657600000000005,108000,42.3,2025-11-21_09-33,,
R_AK_3DBall_2797,3DBall,2797,12.0,ppo,500000,41,7764,0.0007263057929552,3.0,247,44.9,83.8,13.1995,12000,1.388,12000,98.4954,442000,100.0,84000,480000,0.1251,12000,1.132,12000,1.3667,12000,2.5657600000000005,36000,12.4,2025-11-21_09-33,,
R_AK_3DBall_2798,3DBall,2798,12.0,ppo,500000,110,20755,0.000273674712196,3.0,229,42.8,83.7,1.3836,12000,1.1242,12000,100.0,442000,100.0,192000,480000,0.0762,24000,0.2542,24000,1.4137,12000,2.5657600000000005,84000,34.3,2025-11-21_09-33,,
R_AK_3DBall_2799,3DBall,2799,12.0,ppo,500000,117,22010,0.0005438562454198,3.0,216,34.2,83.9,1.2845,12000,1.1375,12000,100.0,442000,100.0,216000,480000,0.0762,24000,0.2741,24000,1.4191,12000,2.5657600000000005,96000,37.8,2025-11-21_09-33,,
R_AK_3DBall_2800,3DBall,2800,12.0,ppo,500000,172,32254,0.0004627419717144,3.0,226,40.2,84.2,1.2414,12000,1.1243,12000,98.8539,442000,100.0,264000,480000,0.0611,36000,0.1599,36000,1.4148,12000,2.5657600000000005,108000,45.2,2025-11-21_09-33,,
R_AK_3DBall_2801,3DBall,2801,12.0,ppo,500000,60,11372,0.000524035985285,3.0,243,42.7,83.7,3.2649,12000,1.2832,12000,100.0,442000,100.0,132000,480000,0.1041,12000,0.7615,12000,1.3928,12000,2.5657600000000005,48000,18.2,2025-11-21_09-33,,
R_AK_3DBall_2802,3DBall,2802,12.0,ppo,500000,70,13244,0.0002924977398246,3.0,220,28.2,83.1,1.3629,12000,1.1391,12000,100.0,442000,100.0,192000,480000,0.0969,24000,0.2668,24000,1.409,12000,2.5657600000000005,84000,33.0,2025-11-21_09-33,,
R_AK_3DBall_2803,3DBall,2803,12.0,ppo,500000,174,32694,0.0005171404233843,3.0,218,36.6,83.4,1.1362,12000,1.0632,12000,100.0,442000,100.0,312000,480000,0.063,36000,0.1607,36000,1.4156,12000,2.5657600000000005,120000,49.1,2025-11-21_09-33,,
R_AK_3DBall_2804,3DBall,2804,12.0,ppo,500000,101,19016,0.0002672304766173,3.0,224,40.4,83.4,1.3878,12000,1.1217,12000,100.0,442000,100.0,180000,480000,0.0794,24000,0.2387,24000,1.4169,12000,2.5657600000000005,84000,33.6,2025-11-21_09-33,,
R_AK_3DBall_2805,3DBall,2805,12.0,ppo,500000,186,34964,0.0002150192518285,3.0,221,39.0,83.8,1.1946,12000,1.0417,12000,99.2167,442000,100.0,324000,480000,0.0605,36000,0.1808,36000,1.414,12000,2.5657600000000005,120000,49.7,2025-11-21_09-33,,
R_AK_3DBall_2806,3DBall,2806,12.0,ppo,500000,75,14194,0.0004695716460189,3.0,240,42.8,83.6,2.5334,12000,1.2477,12000,100.0,442000,100.0,132000,480000,0.0931,24000,0.9918,24000,1.3962,12000,2.5657600000000005,48000,18.0,2025-11-21_09-33,,
R_AK_3DBall_2807,3DBall,2807,12.0,ppo,500000,128,24029,0.0005622096480453,3.0,213,27.3,83.5,1.2456,12000,1.136,12000,100.0,442000,100.0,252000,480000,0.0699,36000,0.2495,36000,1.423,12000,2.5657600000000005,108000,42.6,2025-11-21_09-33,,
R_AK_3DBall_2808,3DBall,2808,12.0,ppo,500000,104,19684,0.0004068092392242,3.0,244,43.7,84.0,1.8353,12000,1.2321,12000,100.0,442000,100.0,168000,480000,0.0769,24000,0.3688,24000,1.4022,12000,2.5657600000000005,60000,24.4,2025-11-21_09-33,,
R_AK_3DBall_2809,3DBall,2809,12.0,ppo,500000,77,14611,0.0005603601956178,3.0,234,43.4,83.4,2.7532,12000,1.3429,12000,97.9131,442000,100.0,144000,480000,0.0915,24000,0.7316,24000,1.3945,12000,2.5657600000000005,48000,17.5,2025-11-21_09-33,,
R_AK_3DBall_2810,3DBall,2810,12.0,ppo,500000,144,27060,0.0001308802344463,3.0,216,27.8,83.1,1.1789,12000,1.1572,12000,96.9508,442000,100.0,408000,480000,0.0686,36000,0.3529,36000,1.4163,12000,2.5657600000000005,180000,75.5,2025-11-21_09-33,,
R_AK_3DBall_2811,3DBall,2811,12.0,ppo,500000,87,16473,0.0006107365742838,3.0,251,44.5,83.0,2.1841,12000,1.1935,12000,100.0,442000,100.0,192000,480000,0.085,24000,0.6584,24000,1.3879,12000,2.5657600000000005,60000,25.1,2025-11-21_09-33,,
R_AK_3DBall_2812,3DBall,2812,12.0,ppo,500000,91,17134,0.0008728583872502,3.0,216,27.3,82.9,1.7384,12000,1.1661,12000,98.9533,442000,100.0,144000,480000,0.084,24000,0.491,24000,1.4033,12000,2.5657600000000005,60000,21.6,2025-11-21_09-33,,
R_AK_3DBall_2813,3DBall,2813,12.0,ppo,500000,131,24665,0.000696489860663,3.0,240,43.3,83.2,1.5116,12000,1.1568,12000,100.0,442000,100.0,240000,480000,0.0706,36000,0.3407,36000,1.3967,12000,2.5657600000000005,72000,30.0,2025-11-21_09-33,,
R_AK_3DBall_2814,3DBall,2814,12.0,ppo,500000,185,34800,0.0008721721695434,3.0,212,27.2,83.3,1.2133,12000,1.1447,12000,100.0,442000,100.0,324000,480000,0.0587,36000,0.2097,36000,1.4169,12000,2.5657600000000005,132000,52.9,2025-11-21_09-33,,
R_AK_3DBall_2815,3DBall,2815,12.0,ppo,500000,187,35131,0.0006083815622698,3.0,214,31.4,83.3,1.2604,12000,1.1904,12000,100.0,442000,100.0,312000,480000,0.06,36000,0.2699,36000,1.4151,12000,2.5657600000000005,120000,48.1,2025-11-21_09-33,,
R_AK_3DBall_2816,3DBall,2816,12.0,ppo,500000,178,33487,9.58757375257688e-05,3.0,224,39.2,83.1,1.2442,12000,1.1669,12000,100.0,442000,100.0,348000,480000,0.0587,36000,0.2,36000,1.4191,12000,2.5657600000000005,120000,50.3,2025-11-21_09-33,,
R_AK_3DBall_2817,3DBall,2817,12.0,ppo,500000,180,33915,0.0005917821676828,3.0,220,40.0,83.1,1.2398,12000,1.111,12000,100.0,442000,100.0,324000,480000,0.058,36000,0.1762,36000,1.4153,12000,2.5657600000000005,108000,43.9,2025-11-21_09-33,,
R_AK_3DBall_2818,3DBall,2818,12.0,ppo,500000,133,25020,0.0004498400565504,3.0,251,44.1,83.4,1.5548,12000,1.1439,12000,95.1559,442000,100.0,168000,480000,0.0708,36000,0.3878,36000,1.4039,12000,2.5657600000000005,60000,25.1,2025-11-21_09-33,,
R_AK_3DBall_2819,3DBall,2819,12.0,ppo,500000,43,8174,0.0006561039654551,3.0,250,44.3,82.9,10.9213,12000,1.4232,12000,98.4769,442000,100.0,144000,480000,0.1188,12000,1.138,12000,1.3492,12000,2.5657600000000005,36000,12.5,2025-11-21_09-33,,
R_AK_3DBall_2820,3DBall,2820,12.0,ppo,500000,123,23097,0.0005030125300106,3.0,213,26.9,82.9,1.301,12000,1.1187,12000,100.0,442000,100.0,216000,480000,0.0726,24000,0.2264,24000,1.4178,12000,2.5657600000000005,84000,31.9,2025-11-21_09-33,,
R_AK_3DBall_2821,3DBall,2821,12.0,ppo,500000,169,31874,0.0008314357553074,3.0,208,29.4,83.1,1.1644,12000,1.1044,12000,100.0,442000,100.0,276000,480000,0.0624,36000,0.1689,36000,1.4136,12000,2.5657600000000005,108000,41.6,2025-11-21_09-33,,
R_AK_3DBall_2822,3DBall,2822,12.0,ppo,500000,151,28350,0.0005023376952825,3.0,213,28.7,83.6,1.1962,12000,1.1384,12000,100.0,442000,100.0,312000,480000,0.0659,36000,0.2522,36000,1.4199,12000,2.5657600000000005,120000,47.9,2025-11-21_09-33,,
R_AK_3DBall_2823,3DBall,2823,12.0,ppo,500000,157,29596,0.0007237323364148,3.0,219,38.7,82.9,1.285,12000,1.1204,12000,100.0,442000,100.0,228000,480000,0.0637,36000,0.1754,36000,1.4128,12000,2.5657600000000005,96000,38.3,2025-11-21_09-33,,
R_AK_3DBall_2824,3DBall,2824,12.0,ppo,500000,73,13726,0.0001032059034148,3.0,231,42.2,83.5,2.0524,12000,1.301,12000,100.0,442000,100.0,168000,480000,0.094,24000,0.6907,24000,1.4095,12000,2.5657600000000005,60000,23.1,2025-11-21_09-33,,
R_AK_3DBall_2825,3DBall,2825,12.0,ppo,500000,141,26622,0.0008584235194495,3.0,251,44.1,83.3,1.3951,12000,1.1588,12000,97.1786,442000,100.0,228000,480000,0.069,36000,0.3162,36000,1.4084,12000,2.5657600000000005,84000,37.6,2025-11-21_09-33,,
R_AK_3DBall_2826,3DBall,2826,12.0,ppo,500000,48,9111,0.000172377371674,3.0,245,45.6,83.3,2.3606,12000,1.1885,12000,100.0,442000,100.0,108000,480000,0.1153,12000,0.472,12000,1.4062,12000,2.5657600000000005,48000,18.4,2025-11-21_09-33,,
R_AK_3DBall_2827,3DBall,2827,12.0,ppo,500000,75,14196,0.0002451696279496,3.0,235,42.6,84.9,2.0173,12000,1.1727,12000,100.0,442000,100.0,180000,480000,0.0937,24000,0.7302,24000,1.403,12000,2.5657600000000005,60000,23.5,2025-11-21_09-33,,
R_AK_3DBall_2828,3DBall,2828,12.0,ppo,500000,116,21762,0.0007164826765304,3.0,250,43.1,84.9,1.6894,12000,1.2461,12000,100.0,442000,100.0,216000,480000,0.074,24000,0.3591,24000,1.3911,12000,2.5657600000000005,72000,31.2,2025-11-21_09-33,,
R_AK_3DBall_2829,3DBall,2829,12.0,ppo,500000,55,10437,0.0003151506194768,3.0,223,26.5,84.7,2.0897,12000,1.1883,12000,100.0,442000,100.0,120000,480000,0.109,12000,0.3999,12000,1.4038,12000,2.5657600000000005,60000,22.3,2025-11-21_09-33,,
R_AK_3DBall_2830,3DBall,2830,12.0,ppo,500000,132,24814,0.0007419241475604,3.0,235,49.5,85.1,1.4717,12000,1.0893,12000,99.5367,442000,100.0,216000,480000,0.0708,36000,0.3097,36000,1.3987,12000,2.5657600000000005,84000,35.2,2025-11-21_09-33,,
R_AK_3DBall_2831,3DBall,2831,12.0,ppo,500000,59,11149,0.0007496257373344,3.0,262,51.9,84.7,3.9588,12000,1.1922,12000,100.0,442000,100.0,96000,480000,0.1046,12000,0.8172,12000,1.3869,12000,2.5657600000000005,48000,19.7,2025-11-21_09-33,,
R_AK_3DBall_2832,3DBall,2832,12.0,ppo,500000,134,25296,0.0007892969317732,3.0,215,33.9,84.2,1.2968,12000,1.1638,12000,99.0154,442000,100.0,240000,480000,0.0695,36000,0.2326,36000,1.4157,12000,2.5657600000000005,96000,37.6,2025-11-21_09-33,,
R_AK_3DBall_2833,3DBall,2833,12.0,ppo,500000,51,9658,0.0004694744572616,3.0,278,50.2,83.1,10.3783,12000,1.306,12000,96.0507,442000,100.0,96000,480000,0.1121,12000,0.7121,12000,1.3876,12000,2.5657600000000005,36000,13.9,2025-11-21_09-33,,
R_AK_3DBall_2834,3DBall,2834,12.0,ppo,500000,122,22957,0.0002923514295429,3.0,251,48.9,83.6,1.3776,12000,1.1074,12000,97.6468,442000,100.0,216000,480000,0.0712,24000,0.2485,24000,1.4091,12000,2.5657600000000005,84000,37.6,2025-11-21_09-33,,
R_AK_3DBall_2835,3DBall,2835,12.0,ppo,500000,61,11498,0.0001665462195439,3.0,224,32.7,83.4,1.3319,12000,1.0964,12000,100.0,442000,100.0,180000,480000,0.1017,12000,0.3877,12000,1.4081,12000,2.5657600000000005,84000,33.6,2025-11-21_09-33,,
R_AK_3DBall_2836,3DBall,2836,12.0,ppo,500000,110,20721,0.0008598099373812,3.0,238,49.7,84.0,1.5611,12000,1.1431,12000,99.9567,442000,100.0,180000,480000,0.0804,24000,0.2743,24000,1.4037,12000,2.5657600000000005,72000,29.7,2025-11-21_09-33,,
R_AK_3DBall_2837,3DBall,2837,12.0,ppo,500000,36,6886,0.0006193586364373,3.0,328,51.1,84.0,15.0109,12000,1.5195,12000,27.39,442000,82.4,108000,480000,0.1336,12000,1.208,12000,1.355,12000,2.5657600000000005,36000,16.4,2025-11-21_09-33,,
R_AK_3DBall_2838,3DBall,2838,12.0,ppo,500000,173,32516,8.164090951828099e-05,3.0,238,42.5,84.0,1.1749,12000,1.0914,12000,100.0,442000,100.0,336000,480000,0.0615,36000,0.2011,36000,1.4181,12000,2.5657600000000005,144000,65.4,2025-11-21_09-33,,
R_AK_3DBall_2839,3DBall,2839,12.0,ppo,500000,37,7088,0.000487286222649,3.0,234,32.9,83.9,12.4548,12000,1.4325,12000,98.3867,442000,100.0,132000,480000,0.1329,12000,1.2328,12000,1.3807,12000,2.5657600000000005,36000,11.7,2025-11-21_09-33,,
R_AK_3DBall_2840,3DBall,2840,12.0,ppo,500000,86,16208,0.0001046035820971,3.0,237,46.3,83.5,1.4576,12000,1.2085,12000,100.0,442000,100.0,204000,480000,0.0877,24000,0.3278,24000,1.4177,12000,2.5657600000000005,72000,29.6,2025-11-21_09-33,,
R_AK_3DBall_2841,3DBall,2841,12.0,ppo,500000,122,22952,0.0008152443674719,3.0,216,36.0,84.2,1.3539,12000,1.1472,12000,100.0,442000,100.0,204000,480000,0.073,24000,0.24,24000,1.407,12000,2.5657600000000005,84000,32.4,2025-11-21_09-33,,
R_AK_3DBall_2842,3DBall,2842,12.0,ppo,500000,57,10739,0.0005161327557091,3.0,300,53.5,84.9,5.0497,12000,1.2762,12000,100.0,442000,100.0,168000,480000,0.1048,12000,0.8134,12000,1.3723,12000,2.5657600000000005,48000,22.5,2025-11-21_09-33,,
R_AK_3DBall_2843,3DBall,2843,12.0,ppo,500000,52,9795,0.0008180181596169,3.0,272,49.3,84.5,8.5348,12000,1.3003,12000,97.1814,442000,100.0,216000,480000,0.1127,12000,0.7818,12000,1.3695,12000,2.5657600000000005,48000,20.4,2025-11-21_09-33,,
R_AK_3DBall_2844,3DBall,2844,12.0,ppo,500000,160,30103,0.0002133603967766,3.0,216,33.6,84.8,1.133,12000,1.1156,12000,97.0253,442000,100.0,432000,480000,0.0661,36000,0.3677,36000,1.4185,12000,2.5657600000000005,192000,80.9,2025-11-21_09-33,,
R_AK_3DBall_2845,3DBall,2845,12.0,ppo,500000,109,20556,0.000307813809272,3.0,243,48.4,85.0,1.4245,12000,1.1553,12000,98.88,442000,100.0,192000,480000,0.0759,24000,0.2314,24000,1.4128,12000,2.5657600000000005,72000,30.4,2025-11-21_09-33,,
R_AK_3DBall_2846,3DBall,2846,12.0,ppo,500000,72,13625,0.0007232809273867,3.0,221,32.7,84.9,2.1274,12000,1.1528,12000,100.0,442000,100.0,156000,480000,0.0953,24000,0.7703,24000,1.3981,12000,2.5657600000000005,60000,22.1,2025-11-21_09-33,,
R_AK_3DBall_2847,3DBall,2847,12.0,ppo,500000,90,17053,0.0002024404276927,3.0,220,36.6,84.6,1.2582,12000,1.1404,12000,100.0,442000,100.0,228000,480000,0.0844,24000,0.3333,24000,1.4043,12000,2.5657600000000005,96000,38.5,2025-11-21_09-33,,
R_AK_3DBall_2848,3DBall,2848,12.0,ppo,500000,190,35660,4.522909071206314e-05,3.0,226,41.8,84.0,1.1529,12000,1.1354,12000,88.5284,442000,95.8917,432000,480000,0.0594,36000,0.3218,36000,1.4185,12000,2.5657600000000005,192000,84.7,2025-11-21_09-33,,
R_AK_3DBall_2849,3DBall,2849,12.0,ppo,500000,73,13722,0.0002557808999019,3.0,262,49.4,84.5,2.7562,12000,1.3029,12000,100.0,442000,100.0,108000,480000,0.095,24000,0.9222,24000,1.3942,12000,2.5657600000000005,48000,19.7,2025-11-21_09-33,,
R_AK_3DBall_2850,3DBall,2850,12.0,ppo,500000,98,18467,0.0005241840660247,3.0,252,46.7,84.4,1.7673,12000,1.1964,12000,98.8217,442000,100.0,144000,480000,0.0837,24000,0.3058,24000,1.3913,12000,2.5657600000000005,60000,25.2,2025-11-21_09-33,,
R_AK_3DBall_2851,3DBall,2851,12.0,ppo,500000,131,24655,9.25334164434562e-05,3.0,233,41.1,84.1,1.1197,12000,1.0687,12000,100.0,442000,100.0,312000,480000,0.0677,36000,0.2703,36000,1.4177,12000,2.5657600000000005,132000,58.2,2025-11-21_09-33,,
R_AK_3DBall_2852,3DBall,2852,12.0,ppo,500000,54,10137,0.0005524735147232,3.0,268,49.3,84.5,4.9772,12000,1.3032,12000,93.96,442000,100.0,252000,480000,0.1068,12000,0.8836,12000,1.375,12000,2.5657600000000005,36000,13.4,2025-11-21_09-33,,
R_AK_3DBall_2853,3DBall,2853,12.0,ppo,500000,96,18075,0.0003274324491445,3.0,268,47.8,84.6,1.8127,12000,1.1732,12000,100.0,442000,100.0,204000,480000,0.081,24000,0.2667,24000,1.402,12000,2.5657600000000005,60000,26.8,2025-11-21_09-33,,
R_AK_3DBall_2854,3DBall,2854,12.0,ppo,500000,191,35853,0.0007807914981945,3.0,233,43.4,84.5,1.2873,12000,1.1523,12000,98.3343,442000,100.0,324000,480000,0.0591,36000,0.1681,36000,1.4139,12000,2.5657600000000005,120000,52.4,2025-11-21_09-33,,
R_AK_3DBall_2855,3DBall,2855,12.0,ppo,500000,54,10166,0.0005417243607926,3.0,257,49.1,83.9,3.6553,12000,1.3003,12000,99.1933,442000,100.0,96000,480000,0.1089,12000,0.6009,12000,1.3916,12000,2.5657600000000005,48000,19.3,2025-11-21_09-33,,
R_AK_3DBall_2856,3DBall,2856,12.0,ppo,500000,177,33188,0.0005258588375265,3.0,262,49.1,84.3,1.3553,12000,1.2213,12000,100.0,442000,100.0,252000,480000,0.0628,36000,0.1897,36000,1.4113,12000,2.5657600000000005,108000,52.4,2025-11-21_09-33,,
R_AK_3DBall_2857,3DBall,2857,12.0,ppo,500000,91,17201,0.0005636795810279,3.0,254,46.9,84.2,2.1008,12000,1.2603,12000,100.0,442000,100.0,168000,480000,0.087,24000,0.6074,24000,1.3996,12000,2.5657600000000005,60000,25.4,2025-11-21_09-33,,
R_AK_3DBall_2858,3DBall,2858,12.0,ppo,500000,101,19099,0.0006504065934568,3.0,217,32.4,84.3,1.3604,12000,1.1546,12000,100.0,442000,100.0,192000,480000,0.0782,24000,0.2668,24000,1.4139,12000,2.5657600000000005,72000,27.1,2025-11-21_09-33,,
R_AK_3DBall_2859,3DBall,2859,12.0,ppo,500000,100,18793,8.630695315342587e-05,3.0,218,32.2,84.3,1.2363,12000,1.1918,12000,99.3917,442000,100.0,384000,480000,0.0796,24000,0.498,24000,1.4157,12000,2.5657600000000005,156000,65.3,2025-11-21_09-33,,
R_AK_3DBall_2860,3DBall,2860,12.0,ppo,500000,39,7356,0.0002535874342213,3.0,270,53.3,84.3,17.048,12000,1.4084,12000,98.4969,442000,100.0,180000,480000,0.1285,12000,1.1196,12000,1.3911,12000,2.5657600000000005,36000,13.5,2025-11-21_09-33,,
R_AK_3DBall_2861,3DBall,2861,12.0,ppo,500000,60,11254,0.0003452392630714,3.0,299,50.8,84.4,3.9104,12000,1.3599,12000,100.0,442000,100.0,144000,480000,0.1041,12000,0.9196,12000,1.39,12000,2.5657600000000005,48000,22.4,2025-11-21_09-33,,
R_AK_3DBall_2862,3DBall,2862,12.0,ppo,500000,182,34292,0.0008547727866166,3.0,216,36.6,84.5,1.1973,12000,1.1242,12000,100.0,442000,100.0,324000,480000,0.0559,36000,0.2358,36000,1.4114,12000,2.5657600000000005,120000,48.6,2025-11-21_09-33,,
R_AK_3DBall_2863,3DBall,2863,12.0,ppo,500000,149,27950,0.000260702424497,3.0,241,46.6,84.6,1.3199,12000,1.1498,12000,98.1739,442000,100.0,216000,480000,0.0658,36000,0.2936,36000,1.4102,12000,2.5657600000000005,96000,42.1,2025-11-21_09-33,,
R_AK_3DBall_2864,3DBall,2864,12.0,ppo,500000,63,11940,0.0005167793278067,3.0,264,49.0,84.7,4.6157,12000,1.3169,12000,100.0,442000,100.0,120000,480000,0.103,12000,0.6926,12000,1.3784,12000,2.5657600000000005,48000,19.8,2025-11-21_09-33,,
R_AK_3DBall_2865,3DBall,2865,12.0,ppo,500000,151,28320,0.000339814659161,3.0,236,46.5,84.5,1.3821,12000,1.1713,12000,95.5206,442000,100.0,216000,480000,0.063,36000,0.2123,36000,1.4132,12000,2.5657600000000005,72000,29.5,2025-11-21_09-33,,
R_AK_3DBall_2866,3DBall,2866,12.0,ppo,500000,95,17822,0.0008190951801375,3.0,216,32.5,84.5,1.4671,12000,1.1679,12000,100.0,442000,100.0,180000,480000,0.0826,24000,0.3604,24000,1.3992,12000,2.5657600000000005,72000,27.0,2025-11-21_09-33,,
R_AK_3DBall_2867,3DBall,2867,12.0,ppo,500000,121,22870,0.0001606054491599,3.0,227,43.4,84.2,1.2924,12000,1.1706,12000,100.0,442000,100.0,264000,480000,0.0734,24000,0.2681,24000,1.4141,12000,2.5657600000000005,96000,39.7,2025-11-21_09-33,,
R_AK_3DBall_2868,3DBall,2868,12.0,ppo,500000,183,34332,0.0006526443871832,3.0,266,47.2,84.7,1.255,12000,1.164,12000,98.4939,442000,100.0,360000,480000,0.0584,36000,0.1626,36000,1.415,12000,2.5657600000000005,108000,53.2,2025-11-21_09-33,,
R_AK_3DBall_2869,3DBall,2869,12.0,ppo,500000,129,24324,0.0002742561043187,3.0,273,48.9,84.2,1.3585,12000,1.1484,12000,100.0,442000,100.0,216000,480000,0.0715,36000,0.2404,36000,1.4099,12000,2.5657600000000005,84000,41.0,2025-11-21_09-33,,
R_AK_3DBall_2870,3DBall,2870,12.0,ppo,500000,104,19533,0.0006158702163294,3.0,216,36.1,84.2,1.3868,12000,1.1221,12000,97.1443,442000,100.0,180000,480000,0.0789,24000,0.2334,24000,1.4117,12000,2.5657600000000005,72000,27.0,2025-11-21_09-33,,
R_AK_3DBall_2871,3DBall,2871,12.0,ppo,500000,167,31374,0.0008862877783236,3.0,213,33.8,84.3,1.1666,12000,1.0584,12000,100.0,442000,100.0,276000,480000,0.0623,36000,0.1714,36000,1.4167,12000,2.5657600000000005,108000,42.6,2025-11-21_09-33,,
R_AK_3DBall_2872,3DBall,2872,12.0,ppo,500000,190,35648,0.000514309958342,3.0,213,35.7,84.6,1.2143,12000,1.1445,12000,100.0,442000,100.0,312000,480000,0.0603,36000,0.2121,36000,1.4167,12000,2.5657600000000005,120000,47.9,2025-11-21_09-33,,
R_AK_3DBall_2873,3DBall,2873,12.0,ppo,500000,179,33661,0.0008319735266581,3.0,214,33.1,84.6,1.1777,12000,1.1016,12000,100.0,442000,100.0,300000,480000,0.0629,36000,0.1633,36000,1.4128,12000,2.5657600000000005,108000,42.8,2025-11-21_09-33,,
R_AK_3DBall_2874,3DBall,2874,12.0,ppo,500000,132,24786,0.0003509235067881,3.0,228,44.3,84.6,1.3773,12000,1.1347,12000,97.4862,442000,100.0,192000,480000,0.0727,36000,0.2607,36000,1.4115,12000,2.5657600000000005,84000,34.2,2025-11-21_09-33,,
R_AK_3DBall_2875,3DBall,2875,12.0,ppo,500000,98,18550,0.0006401668156345,3.0,239,50.2,84.8,1.8165,12000,1.2218,12000,100.0,442000,100.0,144000,480000,0.0828,24000,0.3251,24000,1.395,12000,2.5657600000000005,60000,23.9,2025-11-21_09-33,,
R_AK_3DBall_2876,3DBall,2876,12.0,ppo,500000,103,19461,0.0002655147235288,3.0,220,32.5,84.8,1.3156,12000,1.1606,12000,100.0,442000,100.0,228000,480000,0.0801,24000,0.268,24000,1.4122,12000,2.5657600000000005,96000,38.5,2025-11-21_09-33,,
R_AK_3DBall_2877,3DBall,2877,12.0,ppo,500000,145,27292,0.0006095022554033,3.0,247,46.6,84.6,1.443,12000,1.1915,12000,100.0,442000,100.0,252000,480000,0.0682,36000,0.4114,36000,1.4072,12000,2.5657600000000005,72000,30.9,2025-11-21_09-33,,
R_AK_3DBall_2878,3DBall,2878,12.0,ppo,500000,137,25873,0.0004870997009022,3.0,215,32.7,84.2,1.2165,12000,1.0976,12000,98.4846,442000,100.0,252000,480000,0.0696,36000,0.2225,36000,1.4167,12000,2.5657600000000005,96000,37.6,2025-11-21_09-33,,
R_AK_3DBall_2879,3DBall,2879,12.0,ppo,500000,55,10342,0.0004743832875099,3.0,225,33.7,84.1,3.0835,12000,1.3379,12000,97.0016,442000,100.0,132000,480000,0.1064,12000,0.6022,12000,1.4018,12000,2.5657600000000005,48000,16.9,2025-11-21_09-33,,
R_AK_3DBall_2880,3DBall,2880,12.0,ppo,500000,83,15728,0.0005549254378253,3.0,243,47.8,84.3,2.1274,12000,1.1974,12000,100.0,442000,100.0,168000,480000,0.0864,24000,0.532,24000,1.3891,12000,2.5657600000000005,60000,24.3,2025-11-21_09-33,,
R_AK_3DBall_2881,3DBall,2881,12.0,ppo,500000,78,14730,0.000445348274248,3.0,218,32.9,84.3,1.665,12000,1.2101,12000,100.0,442000,100.0,156000,480000,0.0909,24000,0.3359,24000,1.4142,12000,2.5657600000000005,60000,21.8,2025-11-21_09-33,,
R_AK_3DBall_2882,3DBall,2882,12.0,ppo,500000,120,22549,0.0005810172982953,3.0,265,47.4,84.6,1.4819,12000,1.1299,12000,98.5092,442000,100.0,240000,480000,0.0734,24000,0.2592,24000,1.4025,12000,2.5657600000000005,72000,33.1,2025-11-21_09-33,,
R_AK_3DBall_2883,3DBall,2883,12.0,ppo,500000,153,28789,0.0006077712093012,3.0,216,33.7,84.7,1.252,12000,1.1151,12000,100.0,442000,100.0,252000,480000,0.0665,36000,0.1844,36000,1.4124,12000,2.5657600000000005,96000,37.8,2025-11-21_09-33,,
R_AK_3DBall_2884,3DBall,2884,12.0,ppo,500000,114,21448,0.0008208306874722,3.0,246,47.1,85.0,1.6866,12000,1.1561,12000,100.0,442000,100.0,204000,480000,0.0743,24000,0.3668,24000,1.401,12000,2.5657600000000005,60000,24.6,2025-11-21_09-33,,
R_AK_3DBall_2885,3DBall,2885,12.0,ppo,500000,190,35713,0.0008192406182147,3.0,246,46.7,84.7,1.263,12000,1.1464,12000,97.6441,442000,100.0,276000,480000,0.0598,36000,0.1702,36000,1.4124,12000,2.5657600000000005,120000,55.3,2025-11-21_09-33,,
R_AK_3DBall_2886,3DBall,2886,12.0,ppo,500000,189,35468,4.9149952668862485e-05,3.0,242,46.3,85.1,1.2186,12000,1.1215,12000,98.7585,442000,100.0,396000,480000,0.0561,36000,0.2365,36000,1.4182,12000,2.5657600000000005,144000,66.5,2025-11-21_09-33,,
R_AK_3DBall_2887,3DBall,2887,12.0,ppo,500000,66,12437,0.0006180504317445,3.0,256,50.1,84.9,2.4114,12000,1.1605,12000,96.9985,442000,100.0,120000,480000,0.0986,24000,0.6198,24000,1.3895,12000,2.5657600000000005,48000,19.2,2025-11-21_09-33,,
R_AK_3DBall_2888,3DBall,2888,12.0,ppo,500000,74,13898,0.0004842656958816,3.0,221,33.2,84.5,1.632,12000,1.1981,12000,100.0,442000,100.0,156000,480000,0.0911,24000,0.4845,24000,1.4038,12000,2.5657600000000005,72000,27.6,2025-11-21_09-33,,
R_AK_3DBall_2889,3DBall,2889,12.0,ppo,500000,132,24799,0.0004831529456119,3.0,262,49.3,84.7,1.4682,12000,1.1139,12000,95.1369,442000,100.0,276000,480000,0.0692,36000,0.346,36000,1.4047,12000,2.5657600000000005,72000,32.8,2025-11-21_09-33,,
R_AK_3DBall_2890,3DBall,2890,12.0,ppo,500000,158,29658,0.0001959870097647,3.0,240,49.2,85.0,1.2247,12000,1.1058,12000,99.0767,442000,100.0,276000,480000,0.0653,36000,0.188,36000,1.4148,12000,2.5657600000000005,108000,48.0,2025-11-21_09-33,,
R_AK_3DBall_2891,3DBall,2891,12.0,ppo,500000,141,26507,0.0007150704163255,3.0,215,33.2,85.1,1.3441,12000,1.1074,12000,100.0,442000,100.0,228000,480000,0.0688,36000,0.2963,36000,1.4169,12000,2.5657600000000005,96000,37.6,2025-11-21_09-33,,
R_AK_3DBall_2892,3DBall,2892,12.0,ppo,500000,37,7018,0.0007826344737535,3.0,288,51.9,84.3,24.9311,12000,1.8351,12000,98.5031,442000,100.0,156000,480000,0.132,12000,1.1176,12000,1.3375,12000,2.5657600000000005,36000,14.4,2025-11-21_09-33,,
R_AK_3DBall_2893,3DBall,2893,12.0,ppo,500000,60,11255,8.099549972744532e-05,3.0,224,32.9,83.8,1.3312,12000,1.1222,12000,100.0,442000,100.0,192000,480000,0.1026,12000,0.3196,12000,1.4115,12000,2.5657600000000005,84000,33.6,2025-11-21_09-33,,
R_AK_3DBall_2894,3DBall,2894,12.0,ppo,500000,50,9470,0.0008279010585971,3.0,225,36.0,84.4,3.4164,12000,1.2237,12000,100.0,442000,100.0,108000,480000,0.1123,12000,0.7758,12000,1.3859,12000,2.5657600000000005,48000,16.9,2025-11-21_09-33,,
R_AK_3DBall_2895,3DBall,2895,12.0,ppo,500000,128,24172,0.0005956674370545,3.0,261,52.5,84.7,1.4865,12000,1.1071,12000,98.5123,442000,100.0,252000,480000,0.0714,36000,0.3259,36000,1.4025,12000,2.5657600000000005,84000,39.1,2025-11-21_09-33,,
R_AK_3DBall_2896,3DBall,2896,12.0,ppo,500000,129,24372,0.0003926952668733,3.0,251,46.2,84.7,1.3993,12000,1.0838,12000,96.9929,442000,100.0,312000,480000,0.071,36000,0.2568,36000,1.4054,12000,2.5657600000000005,84000,37.6,2025-11-21_09-33,,
R_AK_3DBall_2897,3DBall,2897,12.0,ppo,500000,103,19340,4.6726101216201056e-05,3.0,227,32.8,84.7,1.1396,12000,1.1202,12000,3.2062,442000,3.3739,468000,480000,0.0774,24000,0.4815,24000,1.417,12000,2.5657600000000005,360000,164.4,2025-11-21_09-33,,
R_AK_3DBall_2898,3DBall,2898,12.0,ppo,500000,129,24302,0.0003087569588871,3.0,263,48.3,85.2,1.423,12000,1.0837,12000,100.0,442000,100.0,228000,480000,0.0701,36000,0.2907,36000,1.4081,12000,2.5657600000000005,84000,39.5,2025-11-21_09-33,,
R_AK_3DBall_2899,3DBall,2899,12.0,ppo,500000,160,30031,0.0008136825493246,3.0,269,48.8,84.9,1.2902,12000,1.1883,12000,100.0,442000,100.0,240000,480000,0.0639,36000,0.1672,36000,1.409,12000,2.5657600000000005,96000,47.1,2025-11-21_09-33,,
R_AK_3DBall_2900,3DBall,2900,12.0,ppo,500000,130,24382,0.0002897566385429,3.0,216,32.8,83.9,1.3297,12000,1.173,12000,100.0,442000,100.0,240000,480000,0.0693,36000,0.3044,36000,1.4145,12000,2.5657600000000005,108000,43.2,2025-11-21_09-33,,
R_AK_3DBall_2901,3DBall,2901,12.0,ppo,500000,113,21315,0.0001061996193084,3.0,218,33.2,84.0,1.2491,12000,1.1442,12000,98.8969,442000,100.0,336000,480000,0.0765,24000,0.3927,24000,1.4115,12000,2.5657600000000005,132000,54.4,2025-11-21_09-33,,
R_AK_3DBall_2902,3DBall,2902,12.0,ppo,500000,45,8499,0.0002233216430342,3.0,291,51.7,84.2,12.838,12000,1.5935,12000,100.0,442000,100.0,96000,480000,0.1191,12000,1.0385,12000,1.3804,12000,2.5657600000000005,36000,14.6,2025-11-21_09-33,,
R_AK_3DBall_2903,3DBall,2903,12.0,ppo,500000,57,10782,0.0001052654894165,3.0,266,50.3,84.6,2.6044,12000,1.3295,12000,100.0,442000,100.0,156000,480000,0.1066,12000,0.6328,12000,1.4123,12000,2.5657600000000005,48000,20.0,2025-11-21_09-33,,
R_AK_3DBall_2904,3DBall,2904,12.0,ppo,500000,54,10228,0.0001705975382054,3.0,303,52.4,84.5,6.0757,12000,1.4032,12000,98.4985,442000,100.0,216000,480000,0.1063,12000,1.0727,12000,1.3958,12000,2.5657600000000005,36000,15.2,2025-11-21_09-33,,
R_AK_3DBall_2905,3DBall,2905,12.0,ppo,500000,145,27193,0.0004384821902232,3.0,217,36.1,84.8,1.2255,12000,1.1155,12000,100.0,442000,100.0,288000,480000,0.067,36000,0.2363,36000,1.4174,12000,2.5657600000000005,96000,37.9,2025-11-21_09-33,,
R_AK_3DBall_2906,3DBall,2906,12.0,ppo,500000,103,19382,0.0007585191328578,3.0,240,46.0,84.4,1.6412,12000,1.1426,12000,100.0,442000,100.0,168000,480000,0.0792,24000,0.2828,24000,1.3983,12000,2.5657600000000005,72000,30.0,2025-11-21_09-33,,
R_AK_3DBall_2907,3DBall,2907,12.0,ppo,500000,115,21676,0.0002475194946969,3.0,239,45.4,83.9,1.284,12000,1.118,12000,100.0,442000,100.0,216000,480000,0.0732,24000,0.2382,24000,1.4127,12000,2.5657600000000005,96000,41.8,2025-11-21_09-33,,
R_AK_3DBall_2908,3DBall,2908,12.0,ppo,500000,48,9062,0.0008518555049093,3.0,276,51.7,84.3,9.5032,12000,1.4108,12000,95.7897,442000,100.0,144000,480000,0.1153,12000,0.9223,12000,1.3606,12000,2.5657600000000005,36000,13.8,2025-11-21_09-33,,
R_AK_3DBall_2909,3DBall,2909,12.0,ppo,500000,49,9245,0.0002835845347028,3.0,227,33.5,84.1,1.6474,12000,1.1181,12000,100.0,442000,100.0,156000,480000,0.113,12000,0.3362,12000,1.4113,12000,2.5657600000000005,60000,22.7,2025-11-21_09-33,,
R_AK_3DBall_2910,3DBall,2910,12.0,ppo,500000,70,13217,0.0007972693039544,3.0,249,47.7,84.3,3.6321,12000,1.294,12000,98.5046,442000,100.0,144000,480000,0.0968,24000,1.0673,24000,1.3866,12000,2.5657600000000005,48000,18.7,2025-11-21_09-33,,
R_AK_3DBall_2911,3DBall,2911,12.0,ppo,500000,115,21717,0.00088570005457,3.0,244,45.7,84.6,1.5781,12000,1.1374,12000,99.58,442000,100.0,168000,480000,0.0756,24000,0.2994,24000,1.4039,12000,2.5657600000000005,72000,30.5,2025-11-21_09-33,,
R_AK_3DBall_2912,3DBall,2912,12.0,ppo,500000,63,11861,0.0008625878530913,3.0,259,50.3,84.3,4.1275,12000,1.186,12000,98.5062,442000,100.0,96000,480000,0.0999,12000,0.8449,12000,1.3731,12000,2.5657600000000005,48000,19.4,2025-11-21_09-33,,
R_AK_3DBall_2913,3DBall,2913,12.0,ppo,500000,48,9010,0.0007509999659289,3.0,307,51.9,84.1,15.2262,12000,1.5273,12000,98.9383,442000,100.0,264000,480000,0.1133,12000,0.9333,12000,1.3486,12000,2.5657600000000005,36000,15.4,2025-11-21_09-33,,
R_AK_3DBall_2914,3DBall,2914,12.0,ppo,500000,61,11466,0.0007818655255967,3.0,261,50.1,83.7,5.1268,12000,1.3141,12000,100.0,442000,100.0,108000,480000,0.1013,12000,0.928,12000,1.3792,12000,2.5657600000000005,48000,19.6,2025-11-21_09-33,,
R_AK_3DBall_2915,3DBall,2915,12.0,ppo,500000,50,9467,0.0007543879264323,3.0,227,33.4,84.0,3.9673,12000,1.2703,12000,100.0,442000,100.0,156000,480000,0.1118,12000,0.9007,12000,1.3795,12000,2.5657600000000005,48000,17.0,2025-11-21_09-33,,
R_AK_3DBall_2916,3DBall,2916,12.0,ppo,500000,173,32473,0.0007963818303299,3.0,238,46.3,84.3,1.2787,12000,1.12,12000,100.0,442000,100.0,300000,480000,0.0595,36000,0.1676,36000,1.4104,12000,2.5657600000000005,96000,41.6,2025-11-21_09-33,,
R_AK_3DBall_2917,3DBall,2917,12.0,ppo,500000,142,26753,0.0005637601797211,3.0,214,33.6,84.2,1.3412,12000,1.1976,12000,100.0,442000,100.0,216000,480000,0.0661,36000,0.2843,36000,1.411,12000,2.5657600000000005,96000,37.4,2025-11-21_09-33,,
R_AK_3DBall_2918,3DBall,2918,12.0,ppo,500000,34,6410,0.0001010506048646,3.0,237,31.9,84.0,1.3871,12000,1.1822,12000,97.2243,442000,100.0,168000,480000,0.138,12000,0.3971,12000,1.4062,12000,2.5657600000000005,84000,35.5,2025-11-21_09-33,,
R_AK_3DBall_2919,3DBall,2919,12.0,ppo,500000,154,28978,0.000738122024345,3.0,261,51.2,84.5,1.2107,12000,1.1069,12000,95.4831,442000,100.0,216000,480000,0.0651,36000,0.1539,36000,1.4116,12000,2.5657600000000005,96000,45.7,2025-11-21_09-33,,
R_AK_3DBall_2920,3DBall,2920,12.0,ppo,500000,79,14887,0.0007332603343485,3.0,264,47.9,84.4,2.351,12000,1.2603,12000,98.5185,442000,100.0,132000,480000,0.0894,24000,0.582,24000,1.3847,12000,2.5657600000000005,60000,26.4,2025-11-21_09-33,,
R_AK_3DBall_2921,3DBall,2921,12.0,ppo,500000,183,34414,0.0008862941845579,3.0,268,48.2,84.0,1.2598,12000,1.1417,12000,97.3846,442000,100.0,312000,480000,0.0599,36000,0.1847,36000,1.4129,12000,2.5657600000000005,108000,53.6,2025-11-21_09-33,,
R_AK_3DBall_2922,3DBall,2922,12.0,ppo,500000,49,9223,0.0006650906879458,3.0,274,50.8,84.0,10.978,12000,1.4739,12000,98.5123,442000,100.0,84000,480000,0.1142,12000,0.8827,12000,1.3477,12000,2.5657600000000005,36000,13.7,2025-11-21_09-33,,
R_AK_3DBall_2923,3DBall,2923,12.0,ppo,500000,78,14752,0.0003335713893258,3.0,258,47.9,83.9,2.3175,12000,1.2597,12000,98.4939,442000,100.0,132000,480000,0.0911,24000,0.5507,24000,1.3838,12000,2.5657600000000005,48000,19.4,2025-11-21_09-33,,
R_AK_3DBall_2924,3DBall,2924,12.0,ppo,500000,132,24823,5.666166810788271e-05,3.0,223,35.9,84.0,1.1334,12000,1.1332,12000,21.8356,442000,23.4143,468000,480000,0.0716,36000,0.6461,36000,1.4182,12000,2.5657600000000005,240000,105.8,2025-11-21_09-33,,
R_AK_3DBall_2925,3DBall,2925,12.0,ppo,500000,128,24106,0.0004917388826632,3.0,247,47.0,84.2,1.4279,12000,1.1275,12000,100.0,442000,100.0,228000,480000,0.0721,36000,0.2839,36000,1.41,12000,2.5657600000000005,84000,37.0,2025-11-21_09-33,,
R_AK_3DBall_2926,3DBall,2926,12.0,ppo,500000,89,16863,0.0002065140103365,3.0,240,45.6,84.2,1.5606,12000,1.1658,12000,100.0,442000,100.0,180000,480000,0.0838,24000,0.3681,24000,1.4182,12000,2.5657600000000005,72000,30.0,2025-11-21_09-33,,
R_AK_3DBall_2927,3DBall,2927,12.0,ppo,500000,188,35359,5.65360993026388e-05,3.0,266,47.4,84.3,1.2442,12000,1.1292,12000,100.0,442000,100.0,336000,480000,0.0592,36000,0.2252,36000,1.4175,12000,2.5657600000000005,120000,59.8,2025-11-21_09-33,,
R_AK_3DBall_2928,3DBall,2928,12.0,ppo,500000,182,34130,0.0004700339443457,3.0,271,49.6,84.4,1.2583,12000,1.1509,12000,100.0,442000,100.0,336000,480000,0.0625,36000,0.1783,36000,1.4114,12000,2.5657600000000005,108000,54.2,2025-11-21_09-33,,
R_AK_3DBall_2929,3DBall,2929,12.0,ppo,500000,34,6554,0.0004890855963034,3.0,296,52.9,83.9,23.4283,12000,1.7221,12000,95.8725,442000,100.0,108000,480000,0.1366,12000,1.0977,12000,1.3701,12000,2.5657600000000005,36000,14.8,2025-11-21_09-33,,
R_AK_3DBall_2930,3DBall,2930,12.0,ppo,500000,75,14142,0.0004879653216571,3.0,219,34.2,84.6,1.6495,12000,1.1344,12000,100.0,442000,100.0,156000,480000,0.0943,24000,0.4918,24000,1.4066,12000,2.5657600000000005,60000,21.9,2025-11-21_09-33,,
R_AK_3DBall_2931,3DBall,2931,12.0,ppo,500000,97,18361,0.00023357150695,3.0,217,33.7,84.5,1.461,12000,1.221,12000,100.0,442000,100.0,192000,480000,0.0808,24000,0.3043,24000,1.4153,12000,2.5657600000000005,84000,32.5,2025-11-21_09-33,,
R_AK_3DBall_2932,3DBall,2932,12.0,ppo,500000,101,19082,0.0003389796755891,3.0,217,33.0,84.5,1.3694,12000,1.126,12000,100.0,442000,100.0,204000,480000,0.0803,24000,0.2431,24000,1.4112,12000,2.5657600000000005,84000,32.5,2025-11-21_09-33,,
R_AK_3DBall_2933,3DBall,2933,12.0,ppo,500000,121,22812,0.0005278094831101,3.0,234,46.3,84.5,1.5634,12000,1.1921,12000,100.0,442000,100.0,180000,480000,0.0752,24000,0.3161,24000,1.3994,12000,2.5657600000000005,72000,29.2,2025-11-21_09-33,,
R_AK_3DBall_2934,3DBall,2934,12.0,ppo,500000,97,18213,0.0007101155913716,3.0,260,49.6,84.7,1.7884,12000,1.2188,12000,100.0,442000,100.0,180000,480000,0.084,24000,0.2715,24000,1.392,12000,2.5657600000000005,60000,26.0,2025-11-21_09-33,,
R_AK_3DBall_2935,3DBall,2935,12.0,ppo,500000,167,31358,0.0005178440534727,3.0,215,35.2,84.9,1.1693,12000,1.0907,12000,100.0,442000,100.0,276000,480000,0.0621,36000,0.1977,36000,1.4193,12000,2.5657600000000005,108000,43.0,2025-11-21_09-33,,
R_AK_3DBall_2936,3DBall,2936,12.0,ppo,500000,123,23113,0.0003194926351425,3.0,216,33.5,83.9,1.2297,12000,1.1351,12000,100.0,442000,100.0,264000,480000,0.0713,24000,0.3144,24000,1.4208,12000,2.5657600000000005,108000,43.2,2025-11-21_09-33,,
R_AK_3DBall_2937,3DBall,2937,12.0,ppo,500000,157,29491,0.0005292023109266,3.0,258,49.0,84.3,1.3318,12000,1.168,12000,100.0,442000,100.0,288000,480000,0.0644,36000,0.1835,36000,1.4094,12000,2.5657600000000005,84000,38.7,2025-11-21_09-33,,
R_AK_3DBall_2938,3DBall,2938,12.0,ppo,500000,93,17439,0.0001786421448186,3.0,217,33.2,84.2,1.4287,12000,1.1982,12000,100.0,442000,100.0,192000,480000,0.0825,24000,0.3626,24000,1.4132,12000,2.5657600000000005,84000,32.5,2025-11-21_09-33,,
R_AK_3DBall_2939,3DBall,2939,12.0,ppo,500000,136,25687,0.0006122501978444,3.0,262,47.3,84.0,1.377,12000,1.097,12000,100.0,442000,100.0,204000,480000,0.0677,36000,0.2674,36000,1.4096,12000,2.5657600000000005,84000,39.3,2025-11-21_09-33,,
R_AK_3DBall_2940,3DBall,2940,12.0,ppo,500000,81,15367,0.0007967480976677,3.0,258,48.0,84.2,2.5957,12000,1.3143,12000,94.4692,442000,100.0,132000,480000,0.0874,24000,0.7505,24000,1.384,12000,2.5657600000000005,48000,19.3,2025-11-21_09-33,,
R_AK_3DBall_2941,3DBall,2941,12.0,ppo,500000,183,34493,0.0002330767707563,3.0,235,42.8,84.4,1.2202,12000,1.1271,12000,100.0,442000,100.0,324000,480000,0.0606,36000,0.1793,36000,1.416,12000,2.5657600000000005,120000,52.8,2025-11-21_09-33,,
R_AK_3DBall_2942,3DBall,2942,12.0,ppo,500000,86,16271,8.872881963559057e-05,3.0,222,32.4,84.3,1.1991,12000,1.2022,12000,100.0,442000,100.0,348000,480000,0.0862,24000,0.4258,24000,1.4116,12000,2.5657600000000005,156000,66.6,2025-11-21_09-33,,
R_AK_3DBall_2943,3DBall,2943,12.0,ppo,500000,120,22563,0.0001603574171726,3.0,266,49.1,84.1,1.3547,12000,1.0882,12000,98.5108,442000,100.0,180000,480000,0.0717,24000,0.2429,24000,1.4189,12000,2.5657600000000005,84000,39.9,2025-11-21_09-33,,
R_AK_3DBall_2944,3DBall,2944,12.0,ppo,500000,126,23761,0.0005082423358807,3.0,214,35.6,84.1,1.2729,12000,1.1158,12000,100.0,442000,100.0,240000,480000,0.0718,24000,0.2281,24000,1.4159,12000,2.5657600000000005,96000,37.4,2025-11-21_09-33,,
R_AK_3DBall_2945,3DBall,2945,12.0,ppo,500000,39,7372,0.0001872342904362,3.0,272,49.6,84.3,14.2512,12000,1.4195,12000,94.1659,442000,100.0,84000,480000,0.1255,12000,1.1418,12000,1.3947,12000,2.5657600000000005,36000,13.6,2025-11-21_09-33,,
R_AK_3DBall_2946,3DBall,2946,12.0,ppo,500000,130,24401,0.000711822396232,3.0,237,44.1,84.5,1.4713,12000,1.1379,12000,100.0,442000,100.0,228000,480000,0.0692,36000,0.2758,36000,1.4046,12000,2.5657600000000005,84000,35.5,2025-11-21_09-33,,
R_AK_3DBall_2947,3DBall,2947,12.0,ppo,500000,150,28280,0.000238116628284,3.0,237,45.3,85.0,1.2376,12000,1.1218,12000,96.9692,442000,100.0,252000,480000,0.0651,36000,0.1692,36000,1.4165,12000,2.5657600000000005,96000,41.4,2025-11-21_09-33,,
R_AK_3DBall_2948,3DBall,2948,12.0,ppo,500000,57,10752,0.0006870136612775,3.0,224,33.2,84.5,2.9773,12000,1.1904,12000,100.0,442000,100.0,144000,480000,0.1056,12000,0.5973,12000,1.3891,12000,2.5657600000000005,48000,16.8,2025-11-21_09-33,,
R_AK_3DBall_2949,3DBall,2949,12.0,ppo,500000,164,30766,0.0004288453782697,3.0,244,49.6,84.9,1.3141,12000,1.1988,12000,97.6229,442000,100.0,228000,480000,0.061,36000,0.18,36000,1.4144,12000,2.5657600000000005,96000,42.7,2025-11-21_09-33,,
R_AK_3DBall_2950,3DBall,2950,12.0,ppo,500000,80,15010,0.0003908433197049,3.0,250,47.2,84.5,1.8673,12000,1.2091,12000,98.5385,442000,100.0,132000,480000,0.0873,24000,0.4402,24000,1.4069,12000,2.5657600000000005,60000,25.0,2025-11-21_09-33,,
R_AK_3DBall_2951,3DBall,2951,12.0,ppo,500000,40,7564,0.0006591806674615,3.0,232,35.3,84.1,16.1376,12000,1.4616,12000,100.0,442000,100.0,108000,480000,0.1249,12000,1.1461,12000,1.3541,12000,2.5657600000000005,36000,11.6,2025-11-21_09-33,,
R_AK_3DBall_2952,3DBall,2952,12.0,ppo,500000,84,15929,0.0004299058433342,3.0,240,46.3,84.2,1.77,12000,1.2404,12000,100.0,442000,100.0,144000,480000,0.0863,24000,0.4127,24000,1.4028,12000,2.5657600000000005,60000,24.0,2025-11-21_09-33,,
R_AK_3DBall_2953,3DBall,2953,12.0,ppo,500000,174,32714,7.022172188893496e-05,3.0,230,40.1,84.4,1.1739,12000,1.1456,12000,96.1581,442000,98.05,480000,480000,0.0618,36000,0.3451,36000,1.4189,12000,2.5657600000000005,144000,63.2,2025-11-21_09-33,,
R_AK_3DBall_2954,3DBall,2954,12.0,ppo,500000,106,20049,0.0008480208791377,3.0,246,50.4,84.6,1.5434,12000,1.1419,12000,100.0,442000,100.0,252000,480000,0.0793,24000,0.2659,24000,1.3915,12000,2.5657600000000005,72000,30.7,2025-11-21_09-33,,
R_AK_3DBall_2955,3DBall,2955,12.0,ppo,500000,90,16929,0.000672883372394,3.0,275,48.6,84.6,2.2707,12000,1.1978,12000,94.9196,442000,100.0,180000,480000,0.0844,24000,0.7297,24000,1.3988,12000,2.5657600000000005,60000,27.5,2025-11-21_09-33,,
R_AK_3DBall_2956,3DBall,2956,12.0,ppo,500000,146,27524,0.0007258260413784,3.0,213,33.2,84.6,1.2534,12000,1.1175,12000,99.2633,442000,100.0,228000,480000,0.067,36000,0.2478,36000,1.4174,12000,2.5657600000000005,96000,37.2,2025-11-21_09-33,,
R_AK_3DBall_2957,3DBall,2957,12.0,ppo,500000,101,19122,9.31799645938823e-05,3.0,236,43.9,84.6,1.2316,12000,1.0832,12000,100.0,442000,100.0,228000,480000,0.0781,24000,0.2925,24000,1.4196,12000,2.5657600000000005,96000,41.3,2025-11-21_09-33,,
R_AK_3DBall_2958,3DBall,2958,12.0,ppo,500000,182,34183,0.0001977141453447,3.0,231,42.5,84.1,1.1625,12000,1.0965,12000,100.0,442000,100.0,348000,480000,0.0614,36000,0.2164,36000,1.4189,12000,2.5657600000000005,120000,51.9,2025-11-21_09-33,,
R_AK_3DBall_2959,3DBall,2959,12.0,ppo,500000,50,9543,0.0007960422057324,3.0,226,32.9,83.8,4.6957,12000,1.267,12000,100.0,442000,100.0,96000,480000,0.1109,12000,0.9384,12000,1.3649,12000,2.5657600000000005,48000,16.9,2025-11-21_09-33,,
R_AK_3DBall_2960,3DBall,2960,12.0,ppo,500000,48,9097,0.0001209076359758,3.0,302,51.2,84.1,7.1945,12000,1.2857,12000,100.0,442000,100.0,96000,480000,0.1185,12000,1.0124,12000,1.4032,12000,2.5657600000000005,36000,15.1,2025-11-21_09-33,,
R_AK_3DBall_2961,3DBall,2961,12.0,ppo,500000,172,32385,0.0005547575064969,3.0,214,33.3,83.6,1.2207,12000,1.1401,12000,98.4969,442000,100.0,336000,480000,0.0616,36000,0.2572,36000,1.4174,12000,2.5657600000000005,120000,48.1,2025-11-21_09-33,,
R_AK_3DBall_2962,3DBall,2962,12.0,ppo,500000,143,26878,0.0001155062739866,3.0,217,36.1,84.4,1.1789,12000,1.1178,12000,90.7907,442000,100.0,468000,480000,0.0676,36000,0.3904,36000,1.4172,12000,2.5657600000000005,180000,75.9,2025-11-21_09-33,,
R_AK_3DBall_2963,3DBall,2963,12.0,ppo,500000,143,26833,4.381232236594175e-05,3.0,267,50.8,84.9,1.2921,12000,1.1551,12000,100.0,442000,100.0,276000,480000,0.0651,36000,0.2755,36000,1.4173,12000,2.5657600000000005,96000,46.7,2025-11-21_09-33,,
R_AK_3DBall_2964,3DBall,2964,12.0,ppo,500000,59,11126,0.0006406653058186,3.0,263,49.9,84.5,4.0413,12000,1.178,12000,100.0,442000,100.0,108000,480000,0.1047,12000,0.8008,12000,1.3791,12000,2.5657600000000005,48000,19.7,2025-11-21_09-33,,
R_AK_3DBall_2965,3DBall,2965,12.0,ppo,500000,80,15018,0.0006660305343264,3.0,257,48.7,84.2,2.3456,12000,1.1904,12000,96.0216,442000,100.0,240000,480000,0.087,24000,0.6236,24000,1.3859,12000,2.5657600000000005,60000,25.7,2025-11-21_09-33,,
R_AK_3DBall_2966,3DBall,2966,12.0,ppo,500000,83,15685,0.0004448673435625,3.0,251,47.2,83.6,1.9023,12000,1.1937,12000,99.1833,442000,100.0,168000,480000,0.0905,24000,0.4577,24000,1.3966,12000,2.5657600000000005,60000,25.1,2025-11-21_09-33,,
R_AK_3DBall_2967,3DBall,2967,12.0,ppo,500000,59,11222,0.0007847363862378,3.0,224,33.8,83.8,2.8984,12000,1.2388,12000,100.0,442000,100.0,120000,480000,0.1042,12000,0.6399,12000,1.3894,12000,2.5657600000000005,48000,16.8,2025-11-21_09-33,,
R_AK_3DBall_2968,3DBall,2968,12.0,ppo,500000,126,23778,0.0005273494129245,3.0,213,32.9,83.8,1.2728,12000,1.133,12000,100.0,442000,100.0,240000,480000,0.0706,24000,0.2083,24000,1.4112,12000,2.5657600000000005,84000,31.9,2025-11-21_09-33,,
R_AK_3DBall_2969,3DBall,2969,12.0,ppo,500000,175,32995,3.5643058614796486e-05,3.0,224,32.7,83.8,1.1073,12000,1.0937,12000,2.1569,442000,2.2611,480000,480000,0.0618,36000,0.5303,36000,1.4183,12000,2.5657600000000005,Not reached,Not reached,2025-11-21_09-33,,
R_AK_3DBall_2970,3DBall,2970,12.0,ppo,500000,129,24339,0.0004651450235104,3.0,234,46.7,84.0,1.5123,12000,1.1358,12000,100.0,442000,100.0,228000,480000,0.07,36000,0.3333,36000,1.4045,12000,2.5657600000000005,72000,29.2,2025-11-21_09-33,,
R_AK_3DBall_2971,3DBall,2971,12.0,ppo,500000,180,33780,0.0004454798481178,3.0,214,32.8,83.6,1.2059,12000,1.1345,12000,100.0,442000,100.0,324000,480000,0.0588,36000,0.2695,36000,1.4175,12000,2.5657600000000005,144000,58.8,2025-11-21_09-33,,
R_AK_3DBall_2972,3DBall,2972,12.0,ppo,500000,166,31185,0.00052042652506,3.0,247,50.1,84.2,1.2938,12000,1.1132,12000,100.0,442000,100.0,228000,480000,0.0632,36000,0.2029,36000,1.4085,12000,2.5657600000000005,96000,43.2,2025-11-21_09-33,,
R_AK_3DBall_2973,3DBall,2973,12.0,ppo,500000,34,6388,0.000657128960727,3.0,242,34.1,83.9,20.3248,12000,1.4918,12000,100.0,442000,100.0,72000,480000,0.1373,12000,1.0506,12000,1.3692,12000,2.5657600000000005,36000,12.1,2025-11-21_09-33,,
R_AK_3DBall_2974,3DBall,2974,12.0,ppo,500000,158,29668,0.0006777963060684,3.0,249,50.6,84.4,1.3322,12000,1.1448,12000,99.0308,442000,100.0,240000,480000,0.062,36000,0.1837,36000,1.4039,12000,2.5657600000000005,72000,31.1,2025-11-21_09-33,,
R_AK_3DBall_2975,3DBall,2975,12.0,ppo,500000,95,17872,0.0001327017195107,3.0,271,49.8,84.1,1.7007,12000,1.2292,12000,98.0385,442000,100.0,156000,480000,0.0833,24000,0.5003,24000,1.4195,12000,2.5657600000000005,60000,27.1,2025-11-21_09-33,,
R_AK_3DBall_2976,3DBall,2976,12.0,ppo,500000,152,28666,0.0006502171903261,3.0,266,48.4,84.2,1.3298,12000,1.1492,12000,94.6156,442000,100.0,324000,480000,0.0633,36000,0.169,36000,1.4084,12000,2.5657600000000005,72000,33.3,2025-11-21_09-33,,
R_AK_3DBall_2977,3DBall,2977,12.0,ppo,500000,84,15760,0.0003255585994519,3.0,248,46.0,84.0,1.8225,12000,1.146,12000,100.0,442000,100.0,144000,480000,0.0868,24000,0.392,24000,1.4013,12000,2.5657600000000005,60000,24.8,2025-11-21_09-33,,
R_AK_3DBall_2978,3DBall,2978,12.0,ppo,500000,33,6337,0.0007294333113312,3.0,300,54.1,84.3,25.5108,12000,1.8769,12000,96.9616,442000,100.0,252000,480000,0.1388,12000,0.9123,12000,1.3575,12000,2.5657600000000005,24000,7.5,2025-11-21_09-33,,
R_AK_3DBall_2979,3DBall,2979,12.0,ppo,500000,104,19568,0.0001342329415639,3.0,252,46.3,84.3,1.5054,12000,1.1587,12000,100.0,442000,100.0,180000,480000,0.0782,24000,0.2581,24000,1.4176,12000,2.5657600000000005,72000,31.5,2025-11-21_09-33,,
R_AK_3DBall_2980,3DBall,2980,12.0,ppo,500000,79,14817,0.0002790582997695,3.0,220,34.0,83.8,1.9251,12000,1.3277,12000,100.0,442000,100.0,132000,480000,0.0884,24000,0.4847,24000,1.4113,12000,2.5657600000000005,60000,22.0,2025-11-21_09-33,,
R_AK_3DBall_2981,3DBall,2981,12.0,ppo,500000,85,16119,0.0005246435024578,3.0,252,49.2,83.3,2.0895,12000,1.1777,12000,96.9862,442000,100.0,132000,480000,0.0858,24000,0.581,24000,1.3932,12000,2.5657600000000005,60000,25.2,2025-11-21_09-33,,
R_AK_3DBall_2982,3DBall,2982,12.0,ppo,500000,188,35324,0.0004960428041493,3.0,215,34.1,84.0,1.1767,12000,1.1093,12000,98.6277,442000,100.0,372000,480000,0.0573,36000,0.3109,36000,1.4155,12000,2.5657600000000005,156000,64.4,2025-11-21_09-33,,
R_AK_3DBall_2983,3DBall,2983,12.0,ppo,500000,60,11420,0.0002930475483865,3.0,257,49.6,83.5,2.1055,12000,1.1559,12000,100.0,442000,100.0,144000,480000,0.1052,12000,0.4525,12000,1.3948,12000,2.5657600000000005,60000,25.7,2025-11-21_09-33,,
R_AK_3DBall_2984,3DBall,2984,12.0,ppo,500000,157,29618,9.248308206064696e-05,3.0,265,47.4,84.0,1.2118,12000,1.0948,12000,100.0,442000,100.0,264000,480000,0.0643,36000,0.1737,36000,1.4183,12000,2.5657600000000005,108000,53.0,2025-11-21_09-33,,
R_AK_3DBall_2985,3DBall,2985,12.0,ppo,500000,91,17097,5.606588599371656e-05,3.0,227,32.4,83.8,1.1575,12000,1.1029,12000,4.2571,442000,4.9131,456000,480000,0.0843,24000,0.4096,24000,1.4151,12000,2.5657600000000005,300000,136.1,2025-11-21_09-33,,
R_AK_3DBall_2986,3DBall,2986,12.0,ppo,500000,82,15385,0.0001907680175461,3.0,253,47.2,84.1,2.0848,12000,1.2247,12000,98.5523,442000,100.0,180000,480000,0.0857,24000,0.5265,24000,1.4033,12000,2.5657600000000005,60000,25.3,2025-11-21_09-33,,
R_AK_3DBall_2987,3DBall,2987,12.0,ppo,500000,115,21681,0.0005549069081888,3.0,214,35.4,84.0,1.2541,12000,1.1299,12000,100.0,442000,100.0,216000,480000,0.0739,24000,0.2217,24000,1.4209,12000,2.5657600000000005,96000,37.4,2025-11-21_09-33,,
R_AK_3DBall_2988,3DBall,2988,12.0,ppo,500000,176,33019,0.0008212835730158,3.0,238,43.5,83.8,1.2357,12000,1.1596,12000,100.0,442000,100.0,324000,480000,0.0607,36000,0.1583,36000,1.4081,12000,2.5657600000000005,108000,47.6,2025-11-21_09-33,,
R_AK_3DBall_2989,3DBall,2989,12.0,ppo,500000,135,25324,0.0005723421648466,3.0,236,46.1,84.2,1.289,12000,1.0728,12000,100.0,442000,100.0,216000,480000,0.0683,36000,0.2228,36000,1.4125,12000,2.5657600000000005,84000,35.4,2025-11-21_09-33,,
R_AK_3DBall_2990,3DBall,2990,12.0,ppo,500000,160,30174,0.0003341560740982,3.0,214,33.2,84.2,1.2069,12000,1.0886,12000,100.0,442000,100.0,312000,480000,0.0629,36000,0.2338,36000,1.4194,12000,2.5657600000000005,120000,48.1,2025-11-21_09-33,,
R_AK_3DBall_2991,3DBall,2991,12.0,ppo,500000,108,20326,0.0003946904306482,3.0,275,49.3,84.1,1.5426,12000,1.1475,12000,100.0,442000,100.0,204000,480000,0.079,24000,0.2736,24000,1.406,12000,2.5657600000000005,72000,34.4,2025-11-21_09-33,,
R_AK_3DBall_2992,3DBall,2992,12.0,ppo,500000,84,15784,0.0007204857500884,3.0,245,45.5,84.2,2.1539,12000,1.2243,12000,98.66,442000,100.0,144000,480000,0.089,24000,0.5642,24000,1.3994,12000,2.5657600000000005,60000,24.5,2025-11-21_09-33,,
R_AK_3DBall_2993,3DBall,2993,12.0,ppo,500000,35,6576,0.000559995892385,3.0,287,53.1,84.2,26.8391,12000,1.727,12000,100.0,442000,100.0,120000,480000,0.135,12000,0.8947,12000,1.3649,12000,2.5657600000000005,36000,14.4,2025-11-21_09-33,,
R_AK_3DBall_2994,3DBall,2994,12.0,ppo,500000,156,29329,0.0004052582785474,3.0,244,45.0,84.4,1.2514,12000,1.0742,12000,100.0,442000,100.0,240000,480000,0.0638,36000,0.1697,36000,1.4108,12000,2.5657600000000005,96000,42.7,2025-11-21_09-33,,
R_AK_3DBall_2995,3DBall,2995,12.0,ppo,500000,106,19997,0.0003313633781533,3.0,255,48.5,83.4,1.5346,12000,1.1551,12000,98.4846,442000,100.0,192000,480000,0.0778,24000,0.2666,24000,1.4145,12000,2.5657600000000005,72000,31.9,2025-11-21_09-33,,
R_AK_3DBall_2996,3DBall,2996,12.0,ppo,500000,90,16954,0.0006974577609775,3.0,217,36.6,84.0,1.4577,12000,1.1517,12000,100.0,442000,100.0,156000,480000,0.0852,24000,0.3382,24000,1.3988,12000,2.5657600000000005,72000,27.1,2025-11-21_09-33,,
R_AK_3DBall_2997,3DBall,2997,12.0,ppo,500000,165,31109,0.0001647657494837,3.0,241,43.6,84.2,1.2624,12000,1.1344,12000,100.0,442000,100.0,276000,480000,0.0619,36000,0.2214,36000,1.4176,12000,2.5657600000000005,108000,48.1,2025-11-21_09-33,,
R_AK_3DBall_2998,3DBall,2998,12.0,ppo,500000,146,27509,0.0005901829962625,3.0,216,35.2,84.2,1.183,12000,1.0838,12000,100.0,442000,100.0,276000,480000,0.0647,36000,0.2262,36000,1.4142,12000,2.5657600000000005,96000,37.8,2025-11-21_09-33,,
R_AK_3DBall_2999,3DBall,2999,12.0,ppo,500000,121,22723,0.0005706754384374,3.0,214,33.3,84.1,1.3419,12000,1.0972,12000,96.9616,442000,100.0,192000,480000,0.0714,24000,0.2312,24000,1.4059,12000,2.5657600000000005,84000,32.1,2025-11-21_09-33,,
R_AK_3DBall_3000,3DBall,3000,12.0,ppo,500000,182,34137,0.000477230960655,3.0,222,45.4,84.3,1.2178,12000,1.156,12000,100.0,442000,100.0,276000,480000,0.0587,36000,0.1836,36000,1.4186,12000,2.5657600000000005,120000,49.9,2025-11-21_09-33,,
