run_id,environment,seed,algorithm,learning_rate,steps,batch_size,buffer_size,epochs,num_agents,total_time,average_cpu,average_ram,early_reward_mean,early_reward_mean_step,final_reward_mean,final_reward_mean_step,best_reward,best_reward_step,p_loss_mean,p_loss_mean_step,v_loss_mean,v_loss_mean_step,entropy_mean,entropy_mean_step,step_interval,threshold_value,steps_to_threshold,time_to_threshold,threshold_version,run_reached_threshold,p_reach,pred_reach,pred_steps_to_threshold_cond,pred_time_to_threshold_cond,expected_steps
R_LN_3DBall_4238,3DBall,4238,ppo,0.0006063624299467,200000,66,12494,3.0,12.0,193,44.8,61.3,1.1604004134099055,12000,0.6252372407906237,142000,0.6270461975427244,168000,0.1706486235133713,24000,2.275510798495531,24000,-1.623549382926545,12000,180000,2.5657600000000005,48000.0,38.5,2025-11-21_09-33,1,0.9996352005193417,1,44889.05196364709,33.585923176217044,44945.63635693517
R_LN_3DBall_3615,3DBall,3615,ppo,0.0006656033819784,200000,121,22697,3.0,12.0,174,43.3,62.5,-0.9044161949257536,12000,-1.2222392640974855,142000,-1.026659682608215,180000,0.0033022863137091,24000,-0.7357570680477193,24000,0.426146286344435,12000,180000,2.5657600000000005,96000.0,81.4,2025-11-21_09-33,1,0.7227746526596676,1,86189.36210210458,76.05556088374813,117740.55572437344
C_LF_3DBall_109,3DBall,109,ppo,0.0003,500000,64,12000,3.0,12.0,804,23.4,53.4,0.4311900870460116,12000,0.680224602088181,442000,0.6270461975427244,120000,0.1663759510742309,24000,1.0730451894148705,24000,-0.0305216606952198,12000,480000,2.5657600000000005,48000.0,60.3,2025-11-21_09-33,1,0.9561108166951199,1,53336.89421372451,26.682016069826737,72940.57313910541
R_AK_3DBall_2556,3DBall,2556,ppo,0.0003844068249589,500000,146,27458,3.0,12.0,212,25.0,79.4,-0.5106426186892499,12000,0.7173596335131767,442000,0.6270461975427244,276000,-0.0700452572248662,36000,-0.5979532843245536,36000,0.7925426624576345,12000,480000,2.5657600000000005,120000.0,47.6,2025-11-21_09-33,1,0.9613724386514201,1,110800.89057851974,38.14739856017515,125834.70305451064
R_AK_3DBall_2507,3DBall,2507,ppo,0.0002533006310968,500000,169,31864,3.0,12.0,232,43.5,82.1,-0.7033076628127639,12000,0.7022538159287011,442000,0.6270461975427244,300000,-0.0892722832009975,36000,-0.8568882952216627,36000,0.5588985965303759,12000,480000,2.5657600000000005,108000.0,46.4,2025-11-21_09-33,1,0.9916549881125393,1,122522.57658829371,60.335530131838766,125672.63017391245
R_LN_3DBall_3100,3DBall,3100,ppo,0.0003431111685279,100000,75,14086,3.0,12.0,112,40.2,56.4,0.4757102964450705,12000,-1.5674306629381254,46000,-1.527505279463604,96000,0.1321945715611084,24000,1.0842736458663875,24000,-0.3969180368084193,12000,84000,2.5657600000000005,60000.0,64.1,2025-11-21_09-33,1,0.21377188833517966,0,62844.193962584905,69.44093135537989,92057.1331807661
R_AK_3DBall_2343,3DBall,2343,ppo,0.0003986687269981,500000,168,31516,3.0,12.0,221,39.0,83.0,-0.9166976320013548,12000,0.7173596335131767,442000,0.6270461975427244,276000,-0.0871359469814274,36000,-0.8596103452705152,36000,0.6491701674568193,12000,480000,2.5657600000000005,108000.0,44.2,2025-11-21_09-33,1,0.9777180081925058,1,119472.00399012511,55.14980999691282,127950.92567973936
R_LN_3DBall_4472,3DBall,4472,ppo,0.0006561553939033,200000,54,10247,3.0,12.0,188,44.6,64.1,0.0312757922717072,12000,0.6772198282467846,142000,0.6270461975427244,156000,0.2404356066859962,12000,0.4895057101920824,12000,0.0119590785642892,12000,180000,2.5657600000000005,48000.0,37.5,2025-11-21_09-33,1,0.9897907429801897,1,53495.40440779581,40.07918431196493,54991.107478779995
R_AP_3DBall_1252,3DBall,1252,ppo,0.0008375957593236,500000,74,13907,3.0,12.0,479,61.6,88.2,0.7620212982700513,12000,0.7173596335131767,442000,0.6270461975427244,180000,0.1329066836342985,24000,1.901569173034397,24000,-1.5279677195926644,12000,480000,2.5657600000000005,48000.0,35.9,2025-11-21_09-33,1,0.9999949247431713,1,41747.55169276589,27.05683084033531,41749.87744163342
R_AK_3DBall_2638,3DBall,2638,ppo,4.3715300418814754e-05,500000,171,32227,3.0,12.0,241,45.2,84.5,-0.1867197158202357,12000,0.7008184776804968,442000,0.6270461975427244,336000,-0.0985297401524682,36000,-0.5023412763586041,36000,0.7235114611609397,12000,480000,2.5657600000000005,120000.0,54.2,2025-11-21_09-33,1,0.9836632962554658,1,126854.98594091849,62.30414190797269,132950.94548935175
R_LN_3DBall_3528,3DBall,3528,ppo,0.0002226495688328,200000,144,27101,3.0,12.0,182,43.1,66.4,-0.3018581884040094,12000,-1.4001765077598254,142000,-1.275741598008752,192000,-0.0486818950291646,36000,-0.5955714905318076,36000,0.3942857318998002,12000,180000,2.5657600000000005,96000.0,85.0,2025-11-21_09-33,1,0.40956846783249157,0,110593.7990772476,98.88830553967998,163382.0392733444
R_AK_3DBall_2024,3DBall,2024,ppo,0.0004707996792515,500000,36,6846,3.0,12.0,256,44.9,84.4,3.312722260909231,12000,0.7173596335131767,442000,0.6270461975427244,120000,0.4184636249835092,12000,2.283676948642089,12000,-2.595296293487652,12000,480000,2.5657600000000005,36000.0,12.8,2025-11-21_09-33,1,0.9999999983393355,1,33130.52138247635,13.852190359561995,33130.522157789914
R_AK_3DBall_2171,3DBall,2171,ppo,0.0007070081115114,500000,37,7059,3.0,12.0,277,45.2,83.6,2.538224135329053,12000,0.6846572643252826,442000,0.6270461975427244,168000,0.3985244869341878,12000,1.389143251337885,12000,-2.499714630153771,12000,480000,2.5657600000000005,36000.0,13.9,2025-11-21_09-33,1,0.9999999993906012,1,34066.812360286865,14.231697672164202,34066.81264422597
R_AP_3DBall_1261,3DBall,1261,ppo,6.0613101867130064e-05,500000,124,23291,3.0,12.0,422,52.4,87.7,-1.156185654975603,12000,0.3212832588179438,442000,0.4336496070873149,456000,-0.0429849984436441,24000,-0.3652180051476516,24000,0.6066894281973103,12000,480000,2.5657600000000005,180000.0,147.8,2025-11-21_09-33,1,0.707774995824246,1,99534.98262050595,65.40899052665081,216560.87399647202
R_AK_3DBall_2766,3DBall,2766,ppo,0.0006363179078942,500000,112,21026,3.0,12.0,267,48.0,84.4,0.3145164348277877,12000,0.6951342402235078,442000,0.6270461975427244,192000,0.0054386225332793,24000,-0.1784173205451381,24000,-0.248235449400167,12000,480000,2.5657600000000005,60000.0,26.7,2025-11-21_09-33,1,0.9999900086039049,1,68668.89622580101,31.039021390572636,68673.20582570697
R_AK_3DBall_2972,3DBall,2972,ppo,0.00052042652506,500000,166,31185,3.0,12.0,247,50.1,84.2,-0.5989154476701428,12000,0.7173596335131767,442000,0.6270461975427244,228000,-0.0842874986886671,36000,-0.7503880870603024,36000,0.2137425900469249,12000,480000,2.5657600000000005,96000.0,43.2,2025-11-21_09-33,1,0.9997499623481249,1,103536.64335163601,51.676334921778675,103635.77411838691
R_LN_3DBall_3336,3DBall,3336,ppo,0.0001156509507295,100000,92,17395,3.0,12.0,98,40.2,58.0,-0.3179775745657375,12000,-1.7027423338834629,46000,-1.8606373530760616,96000,0.0730892694863342,24000,-0.4730792383334381,24000,0.5217279496783039,12000,84000,2.5657600000000005,84000.0,84.0,2025-11-21_09-33,1,0.025463363175960776,0,89644.99119615564,100.88300228363482,99736.32665013745
R_AK_3DBall_2445,3DBall,2445,ppo,0.0006871536969176,500000,37,6986,3.0,12.0,329,54.6,83.8,2.516731620446748,12000,0.6800731217540283,442000,0.6270461975427244,132000,0.3885549179095269,12000,1.794388452360824,12000,-3.3280890457140506,12000,480000,2.5657600000000005,36000.0,16.5,2025-11-21_09-33,1,0.9999999999693929,1,30171.221764572896,14.313177781550634,30171.22177895298
R_LN_3DBall_4229,3DBall,4229,ppo,0.0003781065314291,200000,88,16533,3.0,12.0,184,44.3,61.2,-0.1107283239149455,12000,0.5982389753330505,142000,0.6270461975427244,180000,0.0787861660718545,24000,0.1812335421595191,24000,-0.2535455418076042,12000,180000,2.5657600000000005,60000.0,49.1,2025-11-21_09-33,1,0.9759249243870729,1,68333.91661943341,55.40642680593687,71503.78753247851
R_AK_3DBall_2723,3DBall,2723,ppo,0.0004300585507907,500000,69,12979,3.0,12.0,281,49.6,83.8,-0.1652272009379321,12000,0.5722464399628867,442000,0.6270461975427244,108000,0.1499973733908597,24000,1.4514101462053894,24000,-0.70490339643981,12000,480000,2.5657600000000005,48000.0,21.1,2025-11-21_09-33,1,0.9997737558355817,1,52660.1199839129,24.922971059535293,52761.32802127812
R_AK_3DBall_2382,3DBall,2382,ppo,0.000128381679988,500000,166,31142,3.0,12.0,218,28.0,83.3,-0.222796437229819,12000,-0.9167580623624432,442000,-0.868922844811577,492000,-0.0835753866154772,36000,0.0675879526199207,36000,0.6704105370865681,12000,480000,2.5657600000000005,252000.0,108.9,2025-11-21_09-33,1,0.7809439905777672,1,124874.75864579469,46.79189224922966,207048.19705039886
R_AP_3DBall_1177,3DBall,1177,ppo,0.0006994993081991,500000,63,11977,3.0,12.0,585,60.9,88.8,0.993065833254822,12000,0.6443138297572422,442000,0.6270461975427244,156000,0.1756334080257016,12000,1.1455197719655723,12000,-1.3208741157025916,12000,480000,2.5657600000000005,48000.0,43.8,2025-11-21_09-33,1,0.9999981208259646,1,43928.71766737843,28.432645752577617,43929.574704690465
R_LN_3DBall_3918,3DBall,3918,ppo,0.0006267083410832,200000,163,30631,3.0,12.0,176,43.8,59.7,-0.86373393461282,12000,-1.5687343871255082,142000,-1.6499872081308238,192000,-0.0828632745422871,36000,-0.9245992901868724,36000,0.7925426624576345,12000,180000,2.5657600000000005,108000.0,93.9,2025-11-21_09-33,1,0.5400718918594165,1,110221.30303503192,98.28125738539649,151513.04928145645
R_AK_3DBall_2655,3DBall,2655,ppo,0.0004737557057688,500000,143,26929,3.0,12.0,213,33.1,84.8,-0.2964850596834322,12000,0.7173596335131767,442000,0.6270461975427244,264000,-0.0793027141763368,36000,-0.3886956868190058,36000,0.4314563787518721,12000,480000,2.5657600000000005,120000.0,47.9,2025-11-21_09-33,1,0.9956186862167975,1,101307.44303777843,37.60676362092856,103054.24023285725
R_AK_3DBall_2816,3DBall,2816,ppo,9.58757375257688e-05,500000,178,33487,3.0,12.0,224,39.2,83.1,-0.1867197158202357,12000,0.7173596335131767,442000,0.6270461975427244,348000,-0.1163325419822195,36000,-0.7602555184873933,36000,0.776612385235323,12000,480000,2.5657600000000005,120000.0,50.3,2025-11-21_09-33,1,0.987322425070159,1,133839.21893799555,58.287724665068275,138481.2496762782
R_AK_3DBall_2078,3DBall,2078,ppo,0.0006748705008507,500000,82,15486,3.0,12.0,269,44.8,83.8,0.5340471225541807,12000,0.7173596335131767,442000,0.6270461975427244,132000,0.1029979765603163,24000,0.5575569614133988,24000,-1.3261842081100286,12000,480000,2.5657600000000005,60000.0,26.9,2025-11-21_09-33,1,0.9999980109991713,1,53990.29496320849,24.5723615803903,53991.18207688142
R_AP_3DBall_1248,3DBall,1248,ppo,0.0004804583185837,500000,186,34977,3.0,12.0,426,62.2,87.5,-0.2987878291351075,12000,0.6806070278498134,442000,0.6270461975427244,276000,-0.1141962057626494,36000,-0.8385144573919071,36000,0.1234710191204814,12000,480000,2.5657600000000005,84000.0,63.9,2025-11-21_09-33,1,0.9991791236556304,1,111898.56066533306,86.09551113777184,112217.14395609866
R_LN_3DBall_3242,3DBall,3242,ppo,0.0004984508173028,100000,142,26727,3.0,12.0,91,40.9,57.3,-0.2588731586394006,12000,-1.7218859715225758,46000,-1.8886282862679749,96000,-0.0607878002733954,36000,-0.7078560550469796,36000,0.564208688937813,12000,84000,2.5657600000000005,,,2025-11-21_09-33,0,0.06987263980471249,0,104328.93646714982,119.39613836018282,100302.47421850664
R_LN_3DBall_3763,3DBall,3763,ppo,0.0001933170560585,200000,142,26746,3.0,12.0,197,42.2,51.4,-0.2742249549839036,12000,-1.1320985321397543,142000,-0.8769346208988432,192000,-0.0501061191755447,36000,-0.3747451803186358,36000,0.4792472104188066,12000,180000,2.5657600000000005,96000.0,91.7,2025-11-21_09-33,1,0.5400239954340857,1,100359.981963285,92.95645517978409,146191.9993546888
R_AK_3DBall_2704,3DBall,2704,ppo,0.0002020746758862,500000,42,8060,3.0,12.0,251,45.7,83.8,1.2202724191534675,12000,0.6499285352575709,442000,0.6270461975427244,192000,0.3422676331521737,12000,2.192148015749418,12000,-0.6624226571803128,12000,480000,2.5657600000000005,36000.0,12.6,2025-11-21_09-33,1,0.9999083455395077,1,45557.18131434127,19.609922310406084,45598.83302571251
R_LN_3DBall_3813,3DBall,3813,ppo,0.0006840405910475,200000,59,11176,3.0,12.0,186,42.4,51.6,0.0097832773894019,12000,0.7173596335131767,142000,0.6270461975427244,144000,0.2019815547337335,12000,0.1611584230492307,12000,-1.262463099220771,12000,180000,2.5657600000000005,48000.0,37.3,2025-11-21_09-33,1,0.9998424623846109,1,49217.65122627131,41.45801614398019,49241.40511793988
R_LN_3DBall_3425,3DBall,3425,ppo,0.0003749483282325,100000,132,24929,3.0,12.0,98,47.0,72.9,-0.4638196398385156,12000,-1.7285312399519783,46000,-1.9041876866254144,96000,-0.0451213346632144,36000,-0.6323191661913184,36000,0.5111077648634296,12000,84000,2.5657600000000005,,,2025-11-21_09-33,0,0.029321399854847024,0,110636.90538730923,127.01892545146217,100311.88895607946
R_LN_3DBall_3190,3DBall,3190,ppo,0.0003409305790647,100000,96,18009,3.0,12.0,94,40.8,56.9,0.0827043100257918,12000,-1.7032414740009183,46000,-1.8574037620836477,96000,0.056710691802963,24000,-0.6119037908249235,24000,0.5854490585675617,12000,84000,2.5657600000000005,84000.0,80.3,2025-11-21_09-33,1,0.13122478652090008,0,82385.64066296985,93.31910378617536,97688.5594562958
R_AP_3DBall_1214,3DBall,1214,ppo,0.0001623858522957,500000,189,35489,3.0,12.0,421,62.2,87.7,-0.5252268252165279,12000,0.7173596335131767,442000,0.6270461975427244,372000,-0.1163325419822195,36000,-0.8507636826117441,36000,0.5323481344931901,12000,480000,2.5657600000000005,120000.0,94.6,2025-11-21_09-33,1,0.9807520535286144,1,127891.29609883112,102.78577418493508,135053.6245130575
R_LN_3DBall_4037,3DBall,4037,ppo,0.0007744054995665,200000,72,13620,3.0,12.0,190,44.5,61.5,-0.0147795967618019,12000,0.5925597044443942,142000,0.6270461975427244,168000,0.1443004768053393,24000,1.6579456936620849,24000,-0.811105244588565,12000,180000,2.5657600000000005,48000.0,38.1,2025-11-21_09-33,1,0.98236225407811,1,50782.28446786471,40.11128390157681,53414.14862146538
R_LN_3DBall_3836,3DBall,3836,ppo,0.0002419194289968,200000,41,7692,3.0,12.0,203,38.0,52.4,0.0113184570238537,12000,0.6795764649207393,142000,0.6270461975427244,132000,0.360782547055115,12000,0.4827005850699507,12000,-0.9544777395893802,12000,180000,2.5657600000000005,60000.0,54.0,2025-11-21_09-33,1,0.9953165555142868,1,51211.39439703066,41.97914634660413,51908.23757147884
R_LN_3DBall_3704,3DBall,3704,ppo,0.0005604147781057,200000,167,31357,3.0,12.0,173,42.9,49.8,-0.438489175870085,12000,-1.6129840276873642,142000,-1.755506966504501,192000,-0.0914086194205677,36000,-0.8521247076361704,36000,0.8031628472725089,12000,180000,2.5657600000000005,108000.0,92.4,2025-11-21_09-33,1,0.7040062183468965,1,105625.55820197797,100.20013149760858,133559.80612117524
R_AK_3DBall_2376,3DBall,2376,ppo,0.0003350672475272,500000,144,27137,3.0,12.0,214,26.7,82.8,-0.0477859589024832,12000,0.7161602072607846,442000,0.6270461975427244,276000,-0.068621033078486,36000,-0.4393938689788864,36000,0.6066894281973103,12000,480000,2.5657600000000005,120000.0,48.1,2025-11-21_09-33,1,0.9829261125221592,1,108982.96251036979,38.224064680447434,115659.14341038637
R_AK_3DBall_2588,3DBall,2588,ppo,0.0003051765148033,500000,115,21651,3.0,12.0,226,42.1,84.4,-0.7823694139869544,12000,0.7173596335131767,442000,0.6270461975427244,240000,-0.0031067223450013,24000,-0.6952665735710362,24000,0.5854490585675617,12000,480000,2.5657600000000005,84000.0,33.9,2025-11-21_09-33,1,0.9940615287183008,1,91100.74596323527,41.01744086366,93528.98244044083
R_AK_3DBall_2804,3DBall,2804,ppo,0.0002672304766173,500000,101,19016,3.0,12.0,224,40.4,83.4,-0.5336703132060053,12000,0.7173596335131767,442000,0.6270461975427244,180000,0.0310746571681211,24000,-0.628576347374146,24000,0.6597903522716937,12000,480000,2.5657600000000005,84000.0,33.6,2025-11-21_09-33,1,0.9966677694724172,1,84404.29935155842,35.51280108817282,85789.16003239133
R_AK_3DBall_2409,3DBall,2409,ppo,0.0007695551351266,500000,46,8709,3.0,12.0,297,43.4,83.2,2.624961784675494,12000,-1.614287751874747,442000,-0.1439615430728414,84000,0.3137831502245716,12000,2.104702157930027,12000,-2.8130100821925987,12000,480000,2.5657600000000005,36000.0,14.9,2025-11-21_09-33,1,0.99999999931856,1,33074.529109676354,12.62996822285815,33074.529427858055
R_LN_3DBall_3072,3DBall,3072,ppo,0.0006591024414206,100000,87,16345,3.0,12.0,110,40.2,55.2,-0.1498754045934291,12000,-1.6335356874488505,46000,-1.6286903755898745,96000,0.0631197004616734,24000,-0.2376219091076832,24000,-0.4340886836604794,12000,84000,2.5657600000000005,60000.0,62.9,2025-11-21_09-33,1,0.7685027832127336,1,67464.761366134,75.20960454601263,74996.57855738352
R_LN_3DBall_3200,3DBall,3200,ppo,0.0006287748840704,100000,119,22339,3.0,12.0,93,40.5,57.0,-0.512945388140925,12000,-1.718680051663697,46000,-1.8882492289506825,96000,-0.0080915068573317,24000,-0.6680460730825095,24000,0.5429683193080643,12000,84000,2.5657600000000005,,,2025-11-21_09-33,0,0.08406308355458125,0,88855.63223109023,100.43445508570198,99063.17008107915
R_AK_3DBall_2795,3DBall,2795,ppo,0.0007616192778523,500000,47,8986,3.0,12.0,286,50.6,83.7,2.4169449442074784,12000,0.6766735057301669,442000,0.6270461975427244,96000,0.3237527192492323,12000,2.108444976747199,12000,-3.1422358114537383,12000,480000,2.5657600000000005,36000.0,14.3,2025-11-21_09-33,1,0.999999999891896,1,32273.36860180663,13.415865785333063,32273.368652369736
R_LN_3DBall_3777,3DBall,3777,ppo,0.0005151557951638,200000,190,35742,3.0,12.0,170,43.0,51.8,-0.5344379030232304,12000,-1.6562900202659716,142000,-1.7783122924510033,192000,-0.1191809902749797,36000,-0.8344313823186281,36000,0.6651004446791309,12000,180000,2.5657600000000005,120000.0,102.2,2025-11-21_09-33,1,0.6163020315594824,1,123224.15990445756,117.34739856856989,152682.89377443123
R_LN_3DBall_4445,3DBall,4445,ppo,0.0003657330967643,200000,108,20297,3.0,12.0,175,44.8,63.7,-0.1767410481963098,12000,-0.7083459554095095,142000,-0.2895092384283763,192000,0.0047265104600892,24000,-0.574135346397093,24000,0.6757206294940051,12000,180000,2.5657600000000005,84000.0,70.1,2025-11-21_09-33,1,0.8870181195139192,1,84551.93431367201,67.07835172760889,97595.47387339393
R_LN_3DBall_3441,3DBall,3441,ppo,5.817526725859885e-05,100000,55,10398,3.0,12.0,107,44.4,65.0,-0.1468050453245288,12000,-1.65541838752355,46000,-1.736474163382483,96000,0.2261933652221953,12000,-0.1617447639959155,12000,0.4473866559741836,12000,84000,2.5657600000000005,60000.0,61.2,2025-11-21_09-33,1,0.046562588055741476,0,73321.60797472626,83.75174097351395,98757.78502213761
R_AK_3DBall_2585,3DBall,2585,ppo,0.0001449934668862,500000,110,20687,3.0,12.0,230,41.2,84.8,-0.4707279481935429,12000,0.7173596335131767,442000,0.6270461975427244,204000,-0.0002582740522411,24000,-0.7020716986931678,24000,0.6066894281973103,12000,480000,2.5657600000000005,84000.0,34.5,2025-11-21_09-33,1,0.9942267498436728,1,91871.62441061455,40.597293704515664,94227.85161878755
R_AK_3DBall_2606,3DBall,2606,ppo,0.0007352890211209,500000,139,26183,3.0,12.0,215,34.1,85.4,-0.6273162709074738,12000,0.7173596335131767,442000,0.6270461975427244,228000,-0.0401365501508839,36000,-0.596932515556234,36000,0.2456031444915479,12000,480000,2.5657600000000005,96000.0,37.6,2025-11-21_09-33,1,0.9988669078151159,1,93673.44995280234,35.26811756901676,94133.85539117175
R_AP_3DBall_1161,3DBall,1161,ppo,0.0008615314322983,500000,146,27460,3.0,12.0,401,55.6,89.3,-0.5451841604643813,12000,0.7173596335131767,442000,0.6270461975427244,240000,-0.0700452572248662,36000,-0.5428317708352873,36000,-0.0464519379175313,12000,480000,2.5657600000000005,96000.0,70.2,2025-11-21_09-33,1,0.9995107575955497,1,84011.05515888074,54.30295193169729,84214.57459047953
R_AK_3DBall_2497,3DBall,2497,ppo,0.0001076410789874,500000,100,18821,3.0,12.0,249,45.8,82.9,0.0105508672066287,12000,0.7173596335131767,442000,0.6270461975427244,192000,0.0175445277775101,24000,-0.4336095126250746,24000,0.7341316459758139,12000,480000,2.5657600000000005,72000.0,31.1,2025-11-21_09-33,1,0.9969427478890655,1,82249.71266858201,39.40604247384283,83526.88061636951
R_AK_3DBall_2603,3DBall,2603,ppo,0.0001430523845259,500000,144,27088,3.0,12.0,219,34.6,84.3,-0.7386167944051204,12000,0.69240262764042,442000,0.6270461975427244,396000,-0.0522424553951149,36000,-0.2440867779737083,36000,0.5695187813452501,12000,480000,2.5657600000000005,156000.0,65.6,2025-11-21_09-33,1,0.9191698836796159,1,112711.63921397686,45.82173537690945,144016.20246584195
R_AK_3DBall_2521,3DBall,2521,ppo,0.0002289347255457,500000,111,20987,3.0,12.0,226,44.3,84.8,-0.8829236800434483,12000,0.7173596335131767,442000,0.6270461975427244,228000,-0.0045309464913814,24000,-0.5033620451269238,24000,0.5907591509749988,12000,480000,2.5657600000000005,96000.0,39.5,2025-11-21_09-33,1,0.9864337120198978,1,91152.76320410256,43.086962179389076,96699.30255834473
R_AK_3DBall_2062,3DBall,2062,ppo,0.000394670481533,500000,84,15809,3.0,12.0,239,41.8,83.2,-0.0262934440201796,12000,0.7173596335131767,442000,0.6270461975427244,156000,0.071665045339954,24000,0.0209728455333188,24000,-0.1261033240291005,12000,480000,2.5657600000000005,60000.0,23.9,2025-11-21_09-33,1,0.9995482892388562,1,66895.42372900687,30.516635533294696,67091.0617268091
R_AK_3DBall_2300,3DBall,2300,ppo,0.0003933175862116,500000,32,6159,3.0,12.0,321,49.3,83.6,4.610716641836963,12000,0.681332146826415,442000,0.6270461975427244,144000,0.4804173753510435,12000,1.86346047235046,12000,-3.163476181083487,12000,480000,2.5657600000000005,36000.0,16.1,2025-11-21_09-33,1,0.99999999999781,1,30167.349575601813,12.752513659487514,30167.34957663076
R_AK_3DBall_2617,3DBall,2617,ppo,0.0006984200854828,500000,170,31877,3.0,12.0,239,45.5,84.2,-0.7662500278252262,12000,0.7173596335131767,442000,0.6270461975427244,252000,-0.0978176280792782,36000,-0.9113292961987156,36000,0.5164178572708668,12000,480000,2.5657600000000005,108000.0,47.8,2025-11-21_09-33,1,0.998934050106408,1,105830.91258831577,50.762553303673144,106251.0770850995
R_AP_3DBall_1176,3DBall,1176,ppo,0.0008540496470057,500000,101,19077,3.0,12.0,519,61.1,89.9,0.0266702533683568,12000,0.7057080642042239,442000,0.6270461975427244,156000,0.0246656485094106,24000,-0.5071048639440964,24000,-0.2960262810671014,12000,480000,2.5657600000000005,60000.0,51.9,2025-11-21_09-33,1,0.9999836101200549,1,62368.39391694997,42.02581970230523,62375.566646433865
R_LN_3DBall_4026,3DBall,4026,ppo,0.0008635459194614,200000,128,24098,3.0,12.0,199,43.2,61.5,-0.2120501797886663,12000,-0.276661769051644,142000,0.1032431360896752,168000,-0.0230458603943227,36000,-0.2971667539263352,36000,0.0438196330089122,12000,180000,2.5657600000000005,72000.0,66.5,2025-11-21_09-33,1,0.9860488909784116,1,78433.6476019915,62.801846335984585,80129.63303765294
R_AK_3DBall_2387,3DBall,2387,ppo,0.0005796106323489,500000,83,15562,3.0,12.0,216,26.6,83.2,0.0082480977549518,12000,0.7173596335131767,442000,0.6270461975427244,168000,0.1015737524139362,24000,0.0148482329234005,24000,0.426146286344435,12000,480000,2.5657600000000005,60000.0,21.6,2025-11-21_09-33,1,0.9970885004254031,1,69522.59743316872,22.846738034316992,70775.93220761562
R_AK_3DBall_2185,3DBall,2185,ppo,0.0005410778727008,500000,42,7959,3.0,12.0,266,44.1,83.2,1.5511036303775074,12000,0.7173596335131767,442000,0.6270461975427244,132000,0.3436918572985538,12000,2.700490862372652,12000,-2.106767792003374,12000,480000,2.5657600000000005,36000.0,13.3,2025-11-21_09-33,1,0.9999990674071977,1,36564.69054018004,15.624176961177795,36565.12273661398
R_LN_3DBall_3431,3DBall,3431,ppo,0.0002430536775247,100000,149,28001,3.0,12.0,99,44.5,68.7,-0.6096617051112955,12000,-1.723780717341572,46000,-1.890242503142976,96000,-0.0743179296640064,36000,-0.9011216085155184,36000,0.6916509067163167,12000,84000,2.5657600000000005,,,2025-11-21_09-33,0,0.009874401557941734,0,125841.75430990456,146.05911240402304,100255.17185901766
R_LN_3DBall_3975,3DBall,3975,ppo,0.0007454436995673,200000,33,6221,3.0,12.0,213,43.7,60.4,3.4670078141714864,12000,0.6422129713524312,142000,0.6270461975427244,84000,0.4711599183995729,12000,2.674291130652445,12000,-1.8890540032984269,12000,180000,2.5657600000000005,36000.0,28.5,2025-11-21_09-33,1,0.9999994112861847,1,30579.346426177734,21.745616430789667,30579.44616645708
R_AP_3DBall_1030,3DBall,1030,ppo,0.0002207183961895,500000,185,34777,3.0,12.0,502,64.8,87.6,-0.5229240557648527,12000,0.7173596335131767,442000,0.6270461975427244,264000,-0.1049387488111787,36000,-0.8313690760136688,36000,0.7341316459758139,12000,480000,2.5657600000000005,108000.0,100.3,2025-11-21_09-33,1,0.9712025875007998,1,123292.26849120569,105.52865938990296,134140.4764271024
R_AP_3DBall_1307,3DBall,1307,ppo,0.0004527809885082,500000,88,16569,3.0,12.0,464,62.1,87.8,0.2201028873090942,12000,0.679462233849083,442000,0.6270461975427244,168000,0.0645439246080535,24000,0.9716488250951087,24000,-0.4553290532902398,12000,480000,2.5657600000000005,60000.0,46.4,2025-11-21_09-33,1,0.9996277172048459,1,57375.50683685368,39.7961331214011,57540.28832037213
R_LN_3DBall_3760,3DBall,3760,ppo,0.0006203164881259,200000,121,22759,3.0,12.0,170,42.8,58.5,-0.4991287714308721,12000,-0.6152103827470474,142000,-0.1938140268498335,192000,-0.0145005155160421,24000,-0.5050633264074567,24000,0.3730453622700516,12000,180000,2.5657600000000005,84000.0,68.2,2025-11-21_09-33,1,0.8649469373062268,1,83129.35948097002,71.68952316172717,98913.097422048
R_AK_3DBall_2529,3DBall,2529,ppo,0.0008527688539902,500000,47,8855,3.0,12.0,228,32.7,84.9,1.5518712201947324,12000,0.6694198326799858,442000,0.6270461975427244,96000,0.3130710381513815,12000,2.5147109465384583,12000,-2.080217329966188,12000,480000,2.5657600000000005,36000.0,11.4,2025-11-21_09-33,1,0.9999995566394125,1,37014.26791008723,11.717221101775595,37014.47317971339
R_LN_3DBall_3805,3DBall,3805,ppo,0.0003555241168694,200000,33,6222,3.0,12.0,219,44.0,51.4,2.6495246588266994,12000,0.6453667422438142,142000,0.6270461975427244,108000,0.4497965562038714,12000,2.836593364815285,12000,-2.3722724123752674,12000,180000,2.5657600000000005,36000.0,29.2,2025-11-21_09-33,1,0.9999956393570096,1,32736.74086618735,26.857121055611042,32737.470241545834
R_LN_3DBall_3230,3DBall,3230,ppo,0.0005633838264467,100000,69,13113,3.0,12.0,97,41.8,57.6,0.1325976481454263,12000,-1.583197034110875,46000,-1.5169638759731812,96000,0.167088063147421,24000,0.5140041606317562,24000,-0.7102134888472472,12000,84000,2.5657600000000005,60000.0,55.3,2025-11-21_09-33,1,0.8026400564636282,1,60376.198615136804,66.5555563088787,68196.34981914981
R_AK_3DBall_2963,3DBall,2963,ppo,4.381232236594175e-05,500000,143,26833,3.0,12.0,267,50.8,84.9,-0.2772953142528039,12000,0.7173596335131767,442000,0.6270461975427244,276000,-0.0707573692980562,36000,-0.5033620451269238,36000,0.6810307219014423,12000,480000,2.5657600000000005,96000.0,46.7,2025-11-21_09-33,1,0.9961733959032062,1,103884.78227543987,52.84032760859046,105400.55839038704
R_LN_3DBall_3580,3DBall,3580,ppo,0.000104083344474,200000,137,25732,3.0,12.0,196,42.6,62.9,-0.5812608818739646,12000,-1.2546833717320696,142000,-1.0745214708141198,192000,-0.0529545674683049,36000,-0.6200699409714815,36000,0.5588985965303759,12000,180000,2.5657600000000005,96000.0,91.5,2025-11-21_09-33,1,0.16816799437472593,0,109865.28231789502,99.99057477857623,184842.22530386824
R_LN_3DBall_3626,3DBall,3626,ppo,0.0006107392495279,200000,49,9220,3.0,12.0,193,37.9,63.0,0.5117870178546522,12000,0.6796906959923956,142000,0.6270461975427244,132000,0.263935305101268,12000,0.8671901544703883,12000,-0.7898648749588164,12000,180000,2.5657600000000005,48000.0,38.6,2025-11-21_09-33,1,0.9952407114104607,1,49670.818456422734,36.74718500729161,50386.27841481787
R_LN_3DBall_3143,3DBall,3143,ppo,0.0001177647201455,100000,90,17038,3.0,12.0,95,41.2,56.7,-0.175205868561858,12000,-1.7075499720296976,46000,-1.854048975894548,96000,0.0673923729008138,24000,-0.42510310622241,24000,0.5004875800485553,12000,84000,2.5657600000000005,96000.0,94.9,2025-11-21_09-33,1,0.030941933193833777,0,86914.97647921435,101.93562843224757,99595.1240763801
R_AK_3DBall_2040,3DBall,2040,ppo,0.0001263283554586,500000,95,17980,3.0,12.0,251,44.2,82.6,0.0320433820889322,12000,0.7173596335131767,442000,0.6270461975427244,192000,0.0552864676565828,24000,-0.497577688773112,24000,0.4739371180113694,12000,480000,2.5657600000000005,60000.0,25.1,2025-11-21_09-33,1,0.9977299794109512,1,80978.39747591491,40.13720327545454,81929.5851409008
R_AK_3DBall_2319,3DBall,2319,ppo,0.0008849099328638,500000,82,15510,3.0,12.0,257,48.2,83.8,-0.3010905985867844,12000,0.7058123621392145,442000,0.6270461975427244,108000,0.0958768558284157,24000,0.3357098824319072,24000,-0.9279272775521944,12000,480000,2.5657600000000005,48000.0,19.3,2025-11-21_09-33,1,0.999993238537165,1,53839.57216343829,25.47342067529846,53842.58886058954
R_AP_3DBall_1205,3DBall,1205,ppo,0.0005229546877001,500000,58,10898,3.0,12.0,465,54.7,89.6,0.9892278841686968,12000,0.7173596335131767,442000,0.6270461975427244,144000,0.2147995720511544,12000,0.9022365488493662,12000,-1.2996337460728429,12000,480000,2.5657600000000005,48000.0,34.9,2025-11-21_09-33,1,0.999996044085706,1,46428.114118334,27.35775268018547,46429.908409840726
R_AK_3DBall_2416,3DBall,2416,ppo,0.0008133755171059,500000,79,14907,3.0,12.0,216,26.5,83.0,0.1418087259521288,12000,0.7173596335131767,442000,0.6270461975427244,132000,0.0766498298522844,24000,-0.0732781374082043,24000,-0.4128483140307308,12000,480000,2.5657600000000005,60000.0,21.6,2025-11-21_09-33,1,0.9999546306823338,1,61850.81851236985,19.38116327564241,61870.69704176994
R_AK_3DBall_2375,3DBall,2375,ppo,0.0007402177791973,500000,177,33285,3.0,12.0,218,37.6,83.4,-0.3755468108576227,12000,0.7173596335131767,442000,0.6270461975427244,288000,-0.0928328435669478,36000,-0.9320849278212172,36000,0.3571150850477401,12000,480000,2.5657600000000005,108000.0,43.5,2025-11-21_09-33,1,0.9992852230868668,1,111752.45215633033,47.8453580607202,112029.96254010954
R_LN_3DBall_4523,3DBall,4523,ppo,0.0006176614143268,200000,101,19023,3.0,12.0,177,42.4,64.8,-0.7516658212979482,12000,-0.6584269770956629,142000,-0.1253052186469095,180000,0.01540819155794,24000,-0.651373516533287,24000,0.2031224052320506,12000,180000,2.5657600000000005,84000.0,70.6,2025-11-21_09-33,1,0.9630597695163657,1,78595.8521881371,58.32983355958985,83080.54938997653
R_LN_3DBall_3694,3DBall,3694,ppo,0.0001646408872378,200000,127,23958,3.0,12.0,181,42.7,50.2,-0.2926471105973069,12000,-1.1092076186934787,142000,-0.8003186276240281,192000,-0.0251821966138929,24000,-0.5462343333963531,24000,0.5270380420857529,12000,180000,2.5657600000000005,84000.0,72.6,2025-11-21_09-33,1,0.6222694383424416,1,94177.04940936677,88.8359649363417,134149.6119722267
R_AK_3DBall_2015,3DBall,2015,ppo,0.0003089811330572,500000,99,18636,3.0,12.0,225,41.6,84.3,-0.222796437229819,12000,0.7173596335131767,442000,0.6270461975427244,192000,0.0211050881434604,24000,-0.6129245595932433,24000,0.6438600750493823,12000,480000,2.5657600000000005,72000.0,28.1,2025-11-21_09-33,1,0.9954247572046605,1,81525.53569014015,38.03747649376012,83440.15796800739
R_LN_3DBall_3825,3DBall,3825,ppo,0.0004055683094164,200000,188,35401,3.0,12.0,176,43.2,52.2,-0.6050561662079433,12000,-1.715151304863181,142000,-1.8897551437350284,192000,-0.1319990075924006,36000,-0.5193540891639332,36000,0.8403334941245689,12000,180000,2.5657600000000005,,,2025-11-21_09-33,0,0.21798165184851215,0,126032.48019191851,119.95908282760875,183876.43784909687
R_LN_3DBall_3397,3DBall,3397,ppo,0.0003897927001752,100000,162,30537,3.0,12.0,99,49.2,62.7,-0.6871882766510358,12000,-1.7293979061260671,46000,-1.9068256161192256,96000,-0.0871359469814274,36000,-0.8344313823186281,36000,0.7606821080130115,12000,84000,2.5657600000000005,,,2025-11-21_09-33,0,0.018282938652093184,0,123723.36787345776,161.6532827497357,100433.73287945148
R_LN_3DBall_3110,3DBall,3110,ppo,0.0008499772608148,100000,111,20970,3.0,12.0,103,39.9,56.2,-0.0807923210431645,12000,-1.6972915251381195,46000,-1.836999132479999,96000,0.0068628466796593,24000,-0.5261592142860649,24000,0.0597499102312237,12000,84000,2.5657600000000005,72000.0,73.5,2025-11-21_09-33,1,0.6715307048746318,1,77266.51221545774,84.08425707527743,84733.7649237875
R_AK_3DBall_2609,3DBall,2609,ppo,0.0007604150465483,500000,136,25653,3.0,12.0,216,35.4,84.6,-0.2926471105973069,12000,0.6798421763265488,442000,0.6270461975427244,228000,-0.0223337483211326,36000,-0.4278251562712626,36000,0.4580068407890579,12000,480000,2.5657600000000005,84000.0,32.4,2025-11-21_09-33,1,0.9989932359902041,1,89405.32148784946,34.04798155153153,89818.69343278922
R_LN_3DBall_4227,3DBall,4227,ppo,0.0003358408438226,200000,32,6131,3.0,12.0,216,44.0,61.2,2.627264554127171,12000,0.7173596335131767,142000,0.6270461975427244,108000,0.4882506081561343,12000,2.69572727478716,12000,-1.7032007690381026,12000,180000,2.5657600000000005,36000.0,28.8,2025-11-21_09-33,1,0.9999731407965559,1,36644.999835683324,27.12824356925803,36649.387420866355
R_LN_3DBall_4569,3DBall,4569,ppo,0.0007477493035728,200000,71,13385,3.0,12.0,215,45.3,66.8,0.2999322283005097,12000,0.5116692060066648,142000,0.6270461975427244,156000,0.1186644421704975,24000,1.813442802702793,24000,-0.8164153369960022,12000,180000,2.5657600000000005,48000.0,42.9,2025-11-21_09-33,1,0.9930291134880767,1,50418.27818483525,35.87870411249949,51460.995391866854
R_AK_3DBall_2404,3DBall,2404,ppo,0.0001736772544659,500000,119,22399,3.0,12.0,247,42.7,83.6,-0.1429670962384018,12000,0.7173596335131767,442000,0.6270461975427244,204000,-0.0031067223450013,24000,-0.6013558468856195,24000,0.6226197054196217,12000,480000,2.5657600000000005,84000.0,37.0,2025-11-21_09-33,1,0.9961870148626734,1,92526.06833157483,43.048013516548224,94079.76037687459
R_LN_3DBall_3148,3DBall,3148,ppo,0.0005317881467513,100000,73,13839,3.0,12.0,111,40.4,56.4,0.7159659092365421,12000,-1.4268544295599277,46000,-1.0009791940169428,96000,0.1200886663168775,24000,1.7328020700055329,24000,-0.5031198849571743,12000,84000,2.5657600000000005,48000.0,47.7,2025-11-21_09-33,1,0.2787662670366973,0,56898.36162213589,60.392151978646716,87984.71716623718
R_LN_3DBall_3083,3DBall,3083,ppo,4.822894123348807e-05,100000,53,10114,3.0,12.0,103,42.0,55.2,0.362874593312972,12000,-1.6739933530885471,46000,-1.7901713713777292,96000,0.2482688394910868,12000,-0.1573214326665301,12000,0.6173096130121846,12000,84000,2.5657600000000005,72000.0,73.6,2025-11-21_09-33,1,0.07460323787939545,0,69406.29462538754,82.90133710632203,97717.61052032564
R_AK_3DBall_2673,3DBall,2673,ppo,0.0004179895200912,500000,135,25491,3.0,12.0,269,49.5,83.8,-0.5382758521093557,12000,0.7082534304748287,442000,0.6270461975427244,228000,-0.0436971105168342,36000,-0.3291508420003539,36000,0.0331994481940379,12000,480000,2.5657600000000005,84000.0,40.3,2025-11-21_09-33,1,0.9995351126409601,1,89453.88282456266,45.04353261845733,89644.74052474045
R_LN_3DBall_4378,3DBall,4378,ppo,0.0008210363523636,200000,171,32213,3.0,12.0,175,44.7,64.3,0.085007079477467,12000,-1.4992595460009197,142000,-1.5369120896233552,180000,-0.1141962057626494,36000,-0.8228626696110043,36000,0.3146343457882428,12000,180000,2.5657600000000005,108000.0,93.6,2025-11-21_09-33,1,0.9925561743011652,1,103778.9386995378,81.72430483067535,104495.19150841534
R_AK_3DBall_2059,3DBall,2059,ppo,0.0002044200694003,500000,135,25344,3.0,12.0,254,43.3,83.1,-0.7508982314807232,12000,0.6050158578232745,442000,0.6270461975427244,216000,-0.0294548690530332,36000,-0.6360619850084909,36000,0.6279297978270589,12000,480000,2.5657600000000005,96000.0,44.4,2025-11-21_09-33,1,0.9712859913221354,1,101992.77040872602,52.062765858087474,113421.1534530627
R_AK_3DBall_2758,3DBall,2758,ppo,0.0004384341205318,500000,181,34020,3.0,12.0,264,49.4,83.7,-0.426207738794484,12000,0.7173596335131767,442000,0.6270461975427244,252000,-0.109211421250319,36000,-0.7881565314881329,36000,0.2987040685659196,12000,480000,2.5657600000000005,84000.0,39.6,2025-11-21_09-33,1,0.9994726515451081,1,115179.94303227159,59.29595719626932,115382.87729472492
R_LN_3DBall_4363,3DBall,4363,ppo,0.0004680652838263,200000,38,7245,3.0,12.0,206,44.4,63.6,3.2728075904135223,12000,0.7023357643061936,142000,0.6270461975427244,132000,0.3828580213240066,12000,2.687561124640602,12000,-1.5704484588521617,12000,180000,2.5657600000000005,36000.0,27.5,2025-11-21_09-33,1,0.9999943633606363,1,35833.88552629464,24.492791190994158,35834.81087147767
R_AP_3DBall_1296,3DBall,1296,ppo,0.0001400248662813,500000,60,11400,3.0,12.0,490,62.5,86.8,-0.0838626803120664,12000,0.7173596335131767,442000,0.6270461975427244,132000,0.2112390116852042,12000,0.4568411096058503,12000,0.4367664711593093,12000,480000,2.5657600000000005,60000.0,49.0,2025-11-21_09-33,1,0.9928428940185245,1,59345.15901673219,43.66600336455283,62498.972414899654
R_LN_3DBall_3914,3DBall,3914,ppo,0.0002811321582021,200000,159,29858,3.0,12.0,177,45.2,66.9,-0.5620711364433345,12000,-1.6262969141036676,142000,-1.7382740409843214,192000,-0.0700452572248662,36000,-0.7214663052912429,36000,0.9412252498658868,12000,180000,2.5657600000000005,132000.0,118.3,2025-11-21_09-33,1,0.16190158799767168,0,120782.80336966668,107.93804020750628,187174.61006882522
R_LN_3DBall_3038,3DBall,3038,ppo,0.0006108632229171,100000,177,33289,3.0,12.0,97,40.0,56.9,-0.8361007011927142,12000,-1.7280345831186896,46000,-1.9049922164417088,84000,-0.0928328435669478,36000,-0.9429731280166278,36000,0.6066894281973103,12000,84000,2.5657600000000005,,,2025-11-21_09-33,0,0.015721124451379256,0,127592.76072294217,154.17741576661436,100433.7892252825
R_LN_3DBall_4049,3DBall,4049,ppo,0.0002731145127853,200000,154,28918,3.0,12.0,176,44.3,61.1,-0.1590864824001299,12000,-1.7024368899309903,142000,-1.873798635711854,192000,-0.0793027141763368,36000,-0.348545448598429,36000,0.7128912763460653,12000,180000,2.5657600000000005,156000.0,140.4,2025-11-21_09-33,1,0.4469039372877653,0,108350.84362302495,94.53497041309913,159041.63116602777
R_AK_3DBall_2134,3DBall,2134,ppo,0.0004240715132033,500000,67,12647,3.0,12.0,222,32.9,84.4,-0.3463783978030684,12000,0.7173596335131767,442000,0.6270461975427244,180000,0.1585427182691403,24000,-0.3733841552942096,24000,-0.0517620303249684,12000,480000,2.5657600000000005,72000.0,27.7,2025-11-21_09-33,1,0.9992369692579259,1,67123.50397045133,25.988404865636475,67453.80204444319
R_AK_3DBall_2670,3DBall,2670,ppo,0.0007653795800904,500000,173,32441,3.0,12.0,214,32.3,84.3,-0.5820284716911897,12000,0.7173596335131767,442000,0.6270461975427244,276000,-0.0942570677133279,36000,-0.8123147256717003,36000,0.5695187813452501,12000,480000,2.5657600000000005,108000.0,42.7,2025-11-21_09-33,1,0.9971881400220275,1,112136.67497586572,41.871559745757395,113227.29233642443
R_AK_3DBall_2654,3DBall,2654,ppo,0.0002621868816596,500000,191,35877,3.0,12.0,224,42.7,84.7,-0.0669757043331116,12000,0.7173596335131767,442000,0.6270461975427244,312000,-0.1141962057626494,36000,-0.7973434504030107,36000,0.5960692433824359,12000,480000,2.5657600000000005,120000.0,50.4,2025-11-21_09-33,1,0.9967503363866617,1,132677.49825637633,62.02528047216351,133871.17282465298
R_AK_3DBall_2370,3DBall,2370,ppo,0.0004453773772851,500000,51,9655,3.0,12.0,242,44.2,83.1,0.8725542319504729,12000,0.680301583897341,442000,0.6270461975427244,192000,0.2760412103454989,12000,1.2128905106746757,12000,-1.6978906766306654,12000,480000,2.5657600000000005,36000.0,12.1,2025-11-21_09-33,1,0.9999991206388531,1,45195.42558538819,19.748448979678518,45195.82552286037
R_LN_3DBall_3373,3DBall,3373,ppo,0.0004894040422345,100000,160,30131,3.0,12.0,96,40.3,58.2,-0.4461650740423374,12000,-1.7216326765375982,46000,-1.897362076292941,84000,-0.0800148262495269,36000,-0.8796854643808035,36000,0.4526967483816208,12000,84000,2.5657600000000005,,,2025-11-21_09-33,0,0.07286135845882136,0,118035.79860951536,133.57686169089035,101314.11278757901
R_LN_3DBall_3835,3DBall,3835,ppo,0.0002391383313884,200000,70,13137,3.0,12.0,181,42.7,51.3,-0.0569970367091857,12000,0.5738531248185758,142000,0.6270461975427244,180000,0.1421641405857691,24000,-0.3019303415118273,24000,-0.0995528619919029,12000,180000,2.5657600000000005,72000.0,60.5,2025-11-21_09-33,1,0.9826594525003517,1,63394.90063647853,56.23162207659832,65763.70785068585
R_AK_3DBall_2022,3DBall,2022,ppo,0.0006294342313035,500000,151,28406,3.0,12.0,213,28.2,84.4,-0.8399386502788395,12000,0.7173596335131767,442000,0.6270461975427244,264000,-0.0493940071023547,36000,-0.8038083192690357,36000,0.4155261015295607,12000,480000,2.5657600000000005,96000.0,37.2,2025-11-21_09-33,1,0.9831382966815939,1,109115.56725532978,41.574485281027464,115706.54459205386
R_LN_3DBall_4044,3DBall,4044,ppo,0.0006207001000401,200000,132,24934,3.0,12.0,193,44.4,61.2,-0.1659947907551572,12000,-0.3346340379172666,142000,0.1623425555116422,192000,-0.0358638777117436,36000,-0.3237067419026486,36000,-0.0199014758803454,12000,180000,2.5657600000000005,84000.0,77.0,2025-11-21_09-33,1,0.9775556831584129,1,86029.80808031738,71.69975556520646,88587.79117825921
R_AK_3DBall_2113,3DBall,2113,ppo,0.0003413181815241,500000,151,28369,3.0,12.0,213,28.1,83.3,-0.4139263017188812,12000,0.7173596335131767,442000,0.6270461975427244,252000,-0.0714694813712462,36000,-0.5778781652142654,36000,0.6651004446791309,12000,480000,2.5657600000000005,96000.0,37.2,2025-11-21_09-33,1,0.9463868149865435,1,114499.81174819276,43.52804607882114,135167.70466365918
R_AK_3DBall_2801,3DBall,2801,ppo,0.000524035985285,500000,60,11372,3.0,12.0,243,42.7,83.7,0.7059872416126146,12000,0.7173596335131767,442000,0.6270461975427244,132000,0.2069663392460638,12000,1.1502833595510642,12000,-0.6199419179208037,12000,480000,2.5657600000000005,48000.0,18.2,2025-11-21_09-33,1,0.9999813823460567,1,50101.59486444389,19.917008815978992,50109.97091726035
R_LN_3DBall_3235,3DBall,3235,ppo,0.0007257881745849,100000,133,25106,3.0,12.0,90,43.4,57.2,-0.3064637273073598,12000,-1.7274236952137447,46000,-1.9042830956100387,96000,-0.0479697829559745,36000,-0.6129245595932433,36000,0.4420765635667465,12000,84000,2.5657600000000005,,,2025-11-21_09-33,0,0.2251446939884362,0,92006.49358081019,107.26520358859308,98200.3044433569
R_AK_3DBall_2105,3DBall,2105,ppo,0.0008880471164655,500000,143,26862,3.0,12.0,239,43.6,83.5,-0.65955504323093,12000,0.7173596335131767,442000,0.6270461975427244,288000,-0.054378791614685,36000,-0.5404499770425413,36000,0.2243627748617992,12000,480000,2.5657600000000005,96000.0,41.8,2025-11-21_09-33,1,0.9993958714541159,1,85044.61085307423,40.56434267378785,85295.29724892633
R_LN_3DBall_4317,3DBall,4317,ppo,0.0002656315064592,200000,169,31728,3.0,12.0,176,44.0,62.8,0.1579281121138569,12000,-1.646284868359371,142000,-1.801045417003735,192000,-0.0999539642988483,36000,-0.5863845716169299,36000,0.7394417383832629,12000,180000,2.5657600000000005,132000.0,117.5,2025-11-21_09-33,1,0.7331198542590718,1,118345.67843209385,98.31641474733075,140137.59567251327
R_AK_3DBall_2451,3DBall,2451,ppo,0.0008079326070225,500000,169,31828,3.0,12.0,213,34.0,84.2,-0.5474869299160582,12000,0.7173596335131767,442000,0.6270461975427244,300000,-0.0999539642988483,36000,-0.723848099083989,36000,0.6226197054196217,12000,480000,2.5657600000000005,108000.0,42.6,2025-11-21_09-33,1,0.9964005252524237,1,109554.17190848949,42.82140424504806,110959.57180700138
R_AK_3DBall_2846,3DBall,2846,ppo,0.0007232809273867,500000,72,13625,3.0,12.0,221,32.7,84.9,-0.2949498800489821,12000,0.7173596335131767,442000,0.6270461975427244,156000,0.1443004768053393,24000,1.1802259100884436,24000,-0.3385070203266105,12000,480000,2.5657600000000005,60000.0,22.1,2025-11-21_09-33,1,0.9991202320599317,1,57274.8470958999,19.1406997604148,57664.34249168676
R_LN_3DBall_3962,3DBall,3962,ppo,0.0006400484982797,200000,161,30302,3.0,12.0,171,44.0,60.3,-0.615802423649096,12000,-1.5936591103041011,142000,-1.686835705165595,192000,-0.0721815934444363,36000,-0.7837332001587474,36000,0.7075811839386281,12000,180000,2.5657600000000005,108000.0,91.4,2025-11-21_09-33,1,0.7043070630441577,1,106979.21660626825,93.7533634590853,134484.80524589404
R_LN_3DBall_3614,3DBall,3614,ppo,0.000228143303658,200000,34,6386,3.0,12.0,255,42.2,63.7,3.741804968738091,12000,0.6335661758848748,142000,0.6270461975427244,60000,0.4476602199843013,12000,1.842364584471852,12000,-0.9757181092191288,12000,180000,2.5657600000000005,36000.0,34.1,2025-11-21_09-33,1,0.9999813963434219,1,39650.10618158056,29.59728204414218,39653.0892759375
R_AK_3DBall_2405,3DBall,2405,ppo,0.0004657212022226,500000,60,11259,3.0,12.0,221,27.0,83.6,-0.1161014526355227,12000,0.6413711380200068,442000,0.6270461975427244,108000,0.1863150891235523,12000,-0.004206117418568,12000,-0.0995528619919029,12000,480000,2.5657600000000005,60000.0,22.1,2025-11-21_09-33,1,0.9993190676397535,1,62546.96125656474,20.73202205538534,62844.8371867333
R_AK_3DBall_2803,3DBall,2803,ppo,0.0005171404233843,500000,174,32694,3.0,12.0,218,36.6,83.4,-0.9827103562827192,12000,0.7173596335131767,442000,0.6270461975427244,312000,-0.0857117228350473,36000,-0.8939762271372799,36000,0.5907591509749988,12000,480000,2.5657600000000005,120000.0,49.1,2025-11-21_09-33,1,0.991506639281305,1,121844.41465542135,50.42919372885572,125056.22644954211
R_AK_3DBall_2848,3DBall,2848,ppo,4.522909071206314e-05,500000,190,35660,3.0,12.0,226,41.8,84.0,-0.4285105082461591,12000,0.4324872070754487,442000,0.5211087025336631,432000,-0.1113477574698891,36000,-0.3458233985495765,36000,0.7447518307907001,12000,480000,2.5657600000000005,192000.0,84.7,2025-11-21_09-33,1,0.9453977878732482,1,139858.45650540767,64.89136390513659,159522.9814589552
R_LN_3DBall_4371,3DBall,4371,ppo,0.0004651830784085,200000,113,21243,3.0,12.0,177,44.8,63.5,-0.2320075150365198,12000,-0.4729430328515016,142000,-0.0139990342868061,192000,0.0082870708260395,24000,-0.7163624614496441,24000,0.5482784117155015,12000,180000,2.5657600000000005,84000.0,70.7,2025-11-21_09-33,1,0.9451761968237805,1,84789.51215750889,68.0030334667952,91105.78926682186
R_LN_3DBall_3535,3DBall,3535,ppo,0.0007829655065384,200000,76,14367,3.0,12.0,188,43.3,68.5,-0.0807923210431645,12000,0.4599498466721468,142000,0.6270461975427244,132000,0.1357551319270587,24000,1.7198723322734826,24000,-1.198741990331525,12000,180000,2.5657600000000005,48000.0,37.5,2025-11-21_09-33,1,0.9702965419023494,1,53572.649285853164,42.77463904198174,57922.047962140816
R_LN_3DBall_4235,3DBall,4235,ppo,7.131157249530925e-05,200000,101,19124,3.0,12.0,206,43.4,61.2,-0.1713679194757326,12000,-0.3432907665214884,142000,-0.0270649079379734,192000,0.0396200020464017,24000,-0.6030571281661524,24000,0.6332398902345079,12000,180000,2.5657600000000005,72000.0,68.8,2025-11-21_09-33,1,0.7188628328214067,1,90139.49897962599,74.52738084607763,121025.3690213149
R_AK_3DBall_2279,3DBall,2279,ppo,0.000521973701391,500000,46,8693,3.0,12.0,225,26.4,81.8,1.35767099643677,12000,0.7173596335131767,442000,0.6270461975427244,96000,0.2981166846143905,12000,2.419098938572509,12000,-0.5509107166241206,12000,480000,2.5657600000000005,36000.0,11.2,2025-11-21_09-33,1,0.9993801475494398,1,45364.516934256695,14.131963954068173,45646.32385254661
R_LN_3DBall_3116,3DBall,3116,ppo,0.0001515987538951,100000,96,18148,3.0,12.0,107,41.2,56.4,0.0044101486688264,12000,-1.6790667026405912,46000,-1.8052537268120448,96000,0.044604786558732,24000,-0.7078560550469796,24000,0.2349829596766736,12000,84000,2.5657600000000005,72000.0,76.4,2025-11-21_09-33,1,0.1727476716690681,0,87910.1640163958,102.9783921424756,97911.50898297146
R_AK_3DBall_2649,3DBall,2649,ppo,0.000494343851532,500000,176,33105,3.0,12.0,214,36.7,84.5,-0.775461105631927,12000,0.7173596335131767,442000,0.6270461975427244,324000,-0.1020903005184185,36000,-0.7245286115962022,36000,0.6704105370865681,12000,480000,2.5657600000000005,120000.0,48.1,2025-11-21_09-33,1,0.9848708023191896,1,123622.87477146047,51.55114061828111,129317.15870157818
R_AK_3DBall_2685,3DBall,2685,ppo,0.0007308342755637,500000,36,6836,3.0,12.0,283,50.5,84.6,4.049608485445377,12000,0.5990584591079765,442000,0.6270461975427244,132000,0.3871306937631468,12000,2.325188211887092,12000,-2.7333586960810297,12000,480000,2.5657600000000005,36000.0,14.2,2025-11-21_09-33,1,0.9999999999858,1,28231.072515458764,11.09232449704512,28231.072522157872
R_AK_3DBall_2257,3DBall,2257,ppo,0.0002104032738993,500000,60,11314,3.0,12.0,278,47.4,83.2,0.1395059565004536,12000,0.7150005135550555,442000,0.6270461975427244,108000,0.2204964686366748,12000,0.6824310074045142,12000,-0.0039711986580222,12000,480000,2.5657600000000005,48000.0,20.9,2025-11-21_09-33,1,0.999075698788625,1,57773.94054144978,28.736011150346457,58182.69062390891
R_AK_3DBall_2353,3DBall,2353,ppo,0.0008386040593472,500000,177,33192,3.0,12.0,246,43.2,82.9,-0.2911119309628568,12000,0.6768349192009858,442000,0.6270461975427244,336000,-0.0935449556401379,36000,-0.8368131761113742,36000,0.2933939761584824,12000,480000,2.5657600000000005,84000.0,36.9,2025-11-21_09-33,1,0.9997718876667524,1,102110.96789608509,48.020571039401595,102201.73129157195
R_AP_3DBall_1038,3DBall,1038,ppo,0.0005118975970282,500000,99,18568,3.0,12.0,506,72.8,87.0,-0.4024124544605035,12000,0.7173596335131767,442000,0.6270461975427244,180000,0.0339231054608813,24000,-0.5074451202002029,24000,0.0278893557866007,12000,480000,2.5657600000000005,60000.0,50.6,2025-11-21_09-33,1,0.9998506106763733,1,63834.26088384121,57.598567393306084,63899.41938859693
R_LN_3DBall_3509,3DBall,3509,ppo,0.0007542775565348,200000,177,33284,3.0,12.0,184,50.5,70.3,-0.4914528732586215,12000,-1.6646264052127224,142000,-1.8161767662409665,180000,-0.0864238349082373,36000,-0.5629068899455757,36000,0.7606821080130115,12000,180000,2.5657600000000005,144000.0,134.9,2025-11-21_09-33,1,0.4841631687072505,0,113746.40054289762,111.96010626695251,158239.18397444332
R_LN_3DBall_3751,3DBall,3751,ppo,0.0001398314303072,200000,180,33927,3.0,12.0,177,42.8,51.4,-0.6871882766510358,12000,-1.7308779434892676,142000,-1.913816258208888,180000,-0.1220294385677399,36000,0.0111054141062281,36000,0.6119995206047475,12000,180000,2.5657600000000005,,,2025-11-21_09-33,0,0.050760901781139046,0,126119.60226082639,122.97320926260898,196249.76438681033
R_LN_3DBall_3461,3DBall,3461,ppo,3.685410174246679e-05,100000,42,7883,3.0,12.0,117,43.6,63.3,0.9140040820806316,12000,-1.2270618019487187,46000,-0.4100752515394846,96000,0.3344344003470831,12000,1.8062974213245544,12000,0.5429683193080643,12000,84000,2.5657600000000005,48000.0,50.2,2025-11-21_09-33,1,0.008505712920319075,0,57581.17332606848,63.098516787202534,99639.19763789477
R_AK_3DBall_2040,3DBall,2040,ppo,0.0001263283554586,500000,95,17980,3.0,12.0,251,44.2,82.6,0.0320433820889322,12000,0.7173596335131767,442000,0.6270461975427244,192000,0.0552864676565828,24000,-0.497577688773112,24000,0.4739371180113694,12000,480000,2.5657600000000005,60000.0,25.1,2025-11-21_09-33,1,0.9977299794109512,1,80978.39747591491,40.13720327545454,81929.5851409008
R_AK_3DBall_2113,3DBall,2113,ppo,0.0003413181815241,500000,151,28369,3.0,12.0,213,28.1,83.3,-0.4139263017188812,12000,0.7173596335131767,442000,0.6270461975427244,252000,-0.0714694813712462,36000,-0.5778781652142654,36000,0.6651004446791309,12000,480000,2.5657600000000005,96000.0,37.2,2025-11-21_09-33,1,0.9463868149865435,1,114499.81174819276,43.52804607882114,135167.70466365918
R_AK_3DBall_2624,3DBall,2624,ppo,0.0001376359912429,500000,182,34166,3.0,12.0,226,42.5,84.7,-0.1805789972824351,12000,0.715663550427496,442000,0.6270461975427244,324000,-0.1220294385677399,36000,-0.6095219970321775,36000,0.7288215535683767,12000,480000,2.5657600000000005,120000.0,50.8,2025-11-21_09-33,1,0.9851176750220507,1,131165.43095411206,61.553788462063316,136654.54687375482
R_LN_3DBall_3151,3DBall,3151,ppo,0.0001647437478417,100000,87,16315,3.0,12.0,101,41.9,56.7,-0.0301313931063049,12000,-1.675550372260907,46000,-1.7893900491522894,96000,0.0837709505841849,24000,-0.2083598710825172,24000,0.2880838837510452,12000,84000,2.5657600000000005,60000.0,57.8,2025-11-21_09-33,1,0.07154919955713968,0,79494.07434130696,93.71153216036659,98532.8174329423
R_AK_3DBall_2657,3DBall,2657,ppo,0.0003126257108671,500000,76,14436,3.0,12.0,232,46.8,84.0,0.2907211504938089,12000,0.6805697785873169,442000,0.6270461975427244,132000,0.1186644421704975,24000,-0.0477589182002106,24000,0.2349829596766736,12000,480000,2.5657600000000005,60000.0,23.2,2025-11-21_09-33,1,0.9998464540193236,1,65413.54477946884,29.80656553163642,65480.273782924356
R_AK_3DBall_2373,3DBall,2373,ppo,0.0001520016136862,500000,169,31813,3.0,12.0,212,27.6,82.8,-0.1391291471522764,12000,0.7173596335131767,442000,0.6270461975427244,372000,-0.1113477574698891,36000,-0.2913823975725233,36000,0.6173096130121846,12000,480000,2.5657600000000005,144000.0,58.2,2025-11-21_09-33,1,0.917984847198989,1,129831.77503990415,48.08508988389926,160191.17857208545
R_LN_3DBall_4015,3DBall,4015,ppo,0.0001820341321033,200000,176,33016,3.0,12.0,182,43.9,61.0,-0.1437346860556268,12000,-1.7104305816627718,142000,-1.8878933792242445,192000,-0.1035145246647986,36000,-0.4366718189300339,36000,0.6491701674568193,12000,180000,2.5657600000000005,,,2025-11-21_09-33,0,0.35600989237245056,0,124724.95695759506,111.47909933549454,173201.34002814183
R_AK_3DBall_2071,3DBall,2071,ppo,0.0005460036675083,500000,39,7438,3.0,12.0,264,44.2,83.3,2.57660362619031,12000,0.7173596335131767,442000,0.6270461975427244,204000,0.3714642281529658,12000,2.200654422152083,12000,-1.8518833564463664,12000,480000,2.5657600000000005,36000.0,13.2,2025-11-21_09-33,1,0.9999999349361619,1,35728.250440412005,14.997271313389618,35728.280647713946
R_AK_3DBall_2036,3DBall,2036,ppo,0.000352706949563,500000,164,30847,3.0,12.0,220,38.4,83.4,0.1901668844373132,12000,0.7173596335131767,442000,0.6270461975427244,288000,-0.0857117228350473,36000,-0.7098975925836192,36000,0.6491701674568193,12000,480000,2.5657600000000005,108000.0,44.0,2025-11-21_09-33,1,0.9954916190312056,1,113426.84233162916,51.61145189318901,115169.66139870798
R_AK_3DBall_2161,3DBall,2161,ppo,0.0005449180809069,500000,54,10148,3.0,12.0,224,27.0,83.8,-0.1398967369695015,12000,0.7173596335131767,442000,0.6270461975427244,132000,0.2553899602229874,12000,-0.0164553426384049,12000,-0.5190501621794859,12000,480000,2.5657600000000005,60000.0,22.4,2025-11-21_09-33,1,0.999824511540764,1,58420.48560787405,20.01907271388753,58497.9777164849
R_AK_3DBall_2700,3DBall,2700,ppo,0.0005732848874434,500000,67,12734,3.0,12.0,238,48.3,84.4,0.7420639630221979,12000,0.7173596335131767,442000,0.6270461975427244,144000,0.1649517269278508,24000,1.5776452172209314,24000,-0.949167647181943,12000,480000,2.5657600000000005,48000.0,17.8,2025-11-21_09-33,1,0.9999895800227366,1,48307.14250800696,21.19395385076946,48311.84913731205
R_LN_3DBall_4218,3DBall,4218,ppo,4.134769710471657e-05,200000,90,17022,3.0,12.0,193,44.1,61.0,-0.3010905985867844,12000,-1.7313597006175574,142000,-1.914259781056332,168000,0.056710691802963,24000,0.2547288934785408,24000,0.6544802598642565,12000,180000,2.5657600000000005,,,2025-11-21_09-33,0,0.23365232457199173,0,81540.84015618791,68.18946029314277,172321.7419356482
R_AK_3DBall_2381,3DBall,2381,ppo,0.0004052329558535,500000,102,19302,3.0,12.0,234,45.1,83.8,0.1349004175971032,12000,0.6788339629549728,442000,0.6270461975427244,180000,0.0339231054608813,24000,-0.4254433624785166,24000,-0.1101730468067772,12000,480000,2.5657600000000005,72000.0,29.2,2025-11-21_09-33,1,0.999929954856926,1,74689.75768499232,34.67471017594919,74719.54860176609
R_AK_3DBall_2076,3DBall,2076,ppo,0.0004238951042446,500000,51,9670,3.0,12.0,254,45.8,83.1,1.7614232402971997,12000,0.7173596335131767,442000,0.6270461975427244,120000,0.2717685379063585,12000,1.7852015334459466,12000,-1.5120374423703529,12000,480000,2.5657600000000005,36000.0,12.7,2025-11-21_09-33,1,0.9999990078423637,1,42297.2656054282,19.07926696014354,42297.71971869127
R_LN_3DBall_4621,3DBall,4621,ppo,0.0005094630987541,200000,35,6624,3.0,12.0,209,39.5,64.9,0.6092709246422459,12000,0.7077989894723692,142000,0.6270461975427244,108000,0.4092061680320386,12000,1.892041997863413,12000,-1.0606795877381352,12000,180000,2.5657600000000005,48000.0,41.9,2025-11-21_09-33,1,0.9972514495961153,1,43894.57949175972,29.31936770252684,44323.64310834623
R_AK_3DBall_2125,3DBall,2125,ppo,0.0002430393797697,500000,164,30924,3.0,12.0,214,27.4,83.1,-0.4745658972796683,12000,0.6744236502753693,442000,0.6270461975427244,384000,-0.0707573692980562,36000,0.0631646212905351,36000,0.7341316459758139,12000,480000,2.5657600000000005,156000.0,64.1,2025-11-21_09-33,1,0.61956202507633,1,125178.60885869259,47.91174568746736,267774.8998625644
R_LN_3DBall_3267,3DBall,3267,ppo,0.0005199740104747,100000,104,19532,3.0,12.0,107,39.8,57.8,0.0305082024544821,12000,-1.6795161770747171,46000,-1.8103232961031823,96000,0.0225293122898405,24000,-0.4475600191254444,24000,-0.2163748949555322,12000,84000,2.5657600000000005,72000.0,76.5,2025-11-21_09-33,1,0.6610484213239366,1,79097.97345607696,85.40231630526704,86182.74835066865
R_AK_3DBall_2680,3DBall,2680,ppo,0.0002311598864982,500000,57,10694,3.0,12.0,226,34.8,84.4,-0.3885958377504505,12000,0.7173596335131767,442000,0.6270461975427244,132000,0.209814787538824,12000,-0.1576616889226366,12000,-0.1314134164365376,12000,480000,2.5657600000000005,60000.0,22.6,2025-11-21_09-33,1,0.9994044958300485,1,64523.53526875293,24.466127075030727,64782.863319416116
R_LN_3DBall_4562,3DBall,4562,ppo,0.0003238232185107,200000,66,12394,3.0,12.0,217,44.1,64.9,0.5186953262096777,12000,0.6582475372151567,142000,0.6270461975427244,168000,0.167800175220611,24000,1.225479992150619,24000,-0.4924997001423,12000,180000,2.5657600000000005,48000.0,43.4,2025-11-21_09-33,1,0.9854435138830012,1,56788.89858958096,41.76792754959749,58873.54899906183
R_LN_3DBall_4254,3DBall,4254,ppo,0.0002630097817359,200000,102,19278,3.0,12.0,187,50.5,69.8,-0.1859521260030106,12000,-1.484054397049786,142000,-1.4560284782524908,192000,0.0282262088753609,24000,-0.5247981892616386,24000,0.4155261015295607,12000,180000,2.5657600000000005,108000.0,99.5,2025-11-21_09-33,1,0.9107093609994984,1,85158.86887586031,74.44421146868459,95413.10685747514
R_AK_3DBall_2030,3DBall,2030,ppo,0.0003023239085524,500000,143,26958,3.0,12.0,223,40.0,83.3,-0.4653548194729658,12000,0.7173596335131767,442000,0.6270461975427244,192000,-0.0586514640538253,36000,-0.5605250961528296,36000,0.4314563787518721,12000,480000,2.5657600000000005,96000.0,39.0,2025-11-21_09-33,1,0.988962233074386,1,104441.86659774344,49.41604050558166,108807.94507976847
R_LN_3DBall_4079,3DBall,4079,ppo,0.0003153277488784,200000,171,32232,3.0,12.0,200,44.0,61.7,-0.4599816907523903,12000,-1.5370998301291847,142000,-1.6289250301196267,180000,-0.1042266367379886,36000,-0.8602908577827284,36000,0.564208688937813,12000,180000,2.5657600000000005,108000.0,106.5,2025-11-21_09-33,1,0.6242188386822073,1,124566.49811391669,109.34928060663727,152912.987054937
R_AK_3DBall_2607,3DBall,2607,ppo,0.0005318626356657,500000,134,25130,3.0,12.0,215,33.1,85.3,-0.5497896993677335,12000,0.6796137141832361,442000,0.6270461975427244,216000,-0.0536666795414949,36000,-0.4965569200047921,36000,0.3624251774551772,12000,480000,2.5657600000000005,96000.0,37.6,2025-11-21_09-33,1,0.9961342332598682,1,95117.61771527005,35.52891263339136,96682.79856237171
R_LN_3DBall_3390,3DBall,3390,ppo,0.0003100814589676,100000,97,18350,3.0,12.0,125,60.7,78.3,-0.5137129779581502,12000,-1.72094729010766,46000,-1.8918283551847104,96000,0.0396200020464017,24000,-0.6612409479603779,24000,0.914674787828701,12000,84000,2.5657600000000005,,,2025-11-21_09-33,0,0.02973313106139073,0,91660.3237465061,129.20230894850417,99752.0353129453
R_AK_3DBall_2345,3DBall,2345,ppo,7.402737415364043e-05,500000,184,34636,3.0,12.0,223,37.0,82.6,-0.501431540882549,12000,0.6939397805394484,442000,0.6270461975427244,372000,-0.1120598695430792,36000,-0.6612409479603779,36000,0.7022710915311909,12000,480000,2.5657600000000005,144000.0,61.3,2025-11-21_09-33,1,0.9216128853249645,1,142485.99317470653,65.04953323344819,170510.48462565223
R_AK_3DBall_2467,3DBall,2467,ppo,0.0005811787536821,500000,83,15691,3.0,12.0,271,51.3,83.5,0.7850489927868067,12000,0.7173596335131767,442000,0.6270461975427244,132000,0.0823467264378048,24000,1.2724353554933274,24000,-1.5120374423703529,12000,480000,2.5657600000000005,48000.0,20.3,2025-11-21_09-33,1,0.9999988577526147,1,50440.02463453618,24.24739748275386,50440.5381432426
R_LN_3DBall_4369,3DBall,4369,ppo,0.0005611201371539,200000,107,20161,3.0,12.0,172,44.7,63.9,-0.3701736821370472,12000,-0.1913261919559809,142000,0.5911621048390248,192000,0.0089991828992295,24000,-0.6455891601794751,24000,0.6173096130121846,12000,180000,2.5657600000000005,72000.0,57.5,2025-11-21_09-33,1,0.9288400850095924,1,81249.78584649411,64.1889995528052,89700.04099075029
R_LN_3DBall_3590,3DBall,3590,ppo,0.0006509600546382,200000,66,12391,3.0,12.0,212,43.1,62.9,0.5478637392642337,12000,0.5188061647010235,142000,0.6270461975427244,168000,0.1635275027814707,24000,1.6967349068582351,24000,-1.0128887560712008,12000,180000,2.5657600000000005,48000.0,42.4,2025-11-21_09-33,1,0.9897877356743121,1,49109.61598789997,39.50120415041482,50650.54847363609
R_LN_3DBall_3812,3DBall,3812,ppo,0.0003809067331741,200000,90,16909,3.0,12.0,202,42.1,51.9,0.9892278841686968,12000,0.4566719115724416,142000,0.4497169958223501,144000,0.0602712521689132,24000,0.8726342545680934,24000,-0.4978097925497372,12000,180000,2.5657600000000005,48000.0,40.5,2025-11-21_09-33,1,0.9948437808143077,1,59536.31336654137,49.41399799678497,60260.57492245388
R_AK_3DBall_2094,3DBall,2094,ppo,0.0007509720889301,500000,71,13413,3.0,12.0,219,26.5,82.3,-0.1091931442804954,12000,0.7173596335131767,442000,0.6270461975427244,132000,0.1350430198538686,24000,0.6538494818915614,24000,0.1871921280097273,12000,480000,2.5657600000000005,60000.0,21.9,2025-11-21_09-33,1,0.9953353178099695,1,60450.89072271928,20.196819622170274,62501.24762440877
R_AK_3DBall_2342,3DBall,2342,ppo,0.0001329789486236,500000,86,16164,3.0,12.0,250,44.1,83.5,0.099591286004745,12000,0.6799588906823716,442000,0.6270461975427244,168000,0.0951647437552258,24000,-0.0021645798819286,24000,0.3252545306031171,12000,480000,2.5657600000000005,60000.0,25.0,2025-11-21_09-33,1,0.9981399021396267,1,72876.75107305899,34.26802460796088,73671.2421145037
R_AK_3DBall_2069,3DBall,2069,ppo,0.0006025056701649,500000,53,10098,3.0,12.0,252,43.0,83.8,1.6984808752847371,12000,0.6816773233255508,442000,0.6270461975427244,168000,0.2297539255881455,12000,1.773292564482216,12000,-1.0766098649604467,12000,480000,2.5657600000000005,36000.0,12.6,2025-11-21_09-33,1,0.9999966185664974,1,42860.77123230287,17.901305523421044,42862.31701820639
R_AK_3DBall_2244,3DBall,2244,ppo,0.0004164275671122,500000,107,20075,3.0,12.0,235,39.8,82.5,-0.1391291471522764,12000,0.7173596335131767,442000,0.6270461975427244,192000,0.0268019847289807,24000,-0.6384437788012368,24000,0.5217279496783039,12000,480000,2.5657600000000005,72000.0,29.4,2025-11-21_09-33,1,0.9987119465073568,1,80633.57406211046,35.63471702882658,81173.74045173705
R_AK_3DBall_2007,3DBall,2007,ppo,0.0008772381257862,500000,49,9237,3.0,12.0,225,27.6,84.6,1.0176287074060275,12000,0.7173596335131767,442000,0.6270461975427244,96000,0.2852986672969695,12000,1.7338228387738526,12000,-1.7138209538529767,12000,480000,2.5657600000000005,48000.0,16.9,2025-11-21_09-33,1,0.9999964529298344,1,41963.084679741296,13.380359076686172,41964.70936881837
R_LN_3DBall_4442,3DBall,4442,ppo,0.0001766472059308,200000,123,23240,3.0,12.0,177,44.8,63.5,-0.6411328876175266,12000,-1.6484651918575082,142000,-1.787461240490147,192000,-0.0180610758819924,24000,-0.4148954185392126,24000,0.4208361939369978,12000,180000,2.5657600000000005,132000.0,118.3,2025-11-21_09-33,1,0.6022699942487659,1,98868.84284883962,81.79690947920153,139091.7385641996
R_AP_3DBall_1055,3DBall,1055,ppo,0.0003310406172619,500000,53,10113,3.0,12.0,651,63.6,87.2,1.780612985727828,12000,0.7173596335131767,442000,0.6270461975427244,108000,0.2447082791251366,12000,1.6810831190773323,12000,-0.9332373699596316,12000,480000,2.5657600000000005,36000.0,32.6,2025-11-21_09-33,1,0.9999912922497898,1,43030.04155009279,30.194075820786853,43034.02073034455
R_AP_3DBall_1157,3DBall,1157,ppo,0.0007700398609769,500000,60,11269,3.0,12.0,458,53.0,88.5,0.3298682311722907,12000,0.7173596335131767,442000,0.6270461975427244,156000,0.1834666408307921,12000,0.2890947753453053,12000,-0.8270355218108766,12000,480000,2.5657600000000005,48000.0,34.4,2025-11-21_09-33,1,0.999988988621065,1,48009.174530450764,27.822123452397513,48014.15157270515
R_AP_3DBall_1343,3DBall,1343,ppo,0.000303195511518,500000,92,17328,3.0,12.0,534,61.6,85.3,-0.222796437229819,12000,0.6798819088732118,442000,0.6270461975427244,168000,0.0467411227783023,24000,0.222744805404522,24000,0.0650600026386608,12000,480000,2.5657600000000005,60000.0,53.4,2025-11-21_09-33,1,0.9982172753680603,1,66196.34262651495,47.586530749819104,66969.6950919402
R_LN_3DBall_3138,3DBall,3138,ppo,0.0005262329389803,100000,190,35773,3.0,12.0,88,43.2,56.2,-0.3156748051140624,12000,-1.729911945948521,46000,-1.9081587632827648,96000,-0.12345366271412,36000,-0.71976502401071,36000,0.6916509067163167,12000,84000,2.5657600000000005,,,2025-11-21_09-33,0,0.02487801284609679,0,133100.54045912693,167.33357105044433,100823.47567075491
R_LN_3DBall_4292,3DBall,4292,ppo,0.0008054993407887,200000,78,14673,3.0,12.0,209,44.0,63.0,-0.1913252547235878,12000,0.4164153919502267,142000,0.5363973476644649,132000,0.1215128904632577,24000,0.2833104189914937,24000,-0.460639145697677,12000,180000,2.5657600000000005,60000.0,55.7,2025-11-21_09-33,1,0.9968924357528997,1,57434.29671134481,43.74108989360841,57877.32879374735
R_AP_3DBall_1110,3DBall,1110,ppo,0.0002944043008265,500000,187,35083,3.0,12.0,425,62.9,89.3,-0.2366130539398702,12000,0.7173596335131767,442000,0.6270461975427244,336000,-0.1020903005184185,36000,-0.7347362992793997,36000,0.7235114611609397,12000,480000,2.5657600000000005,120000.0,95.6,2025-11-21_09-33,1,0.9840295836179828,1,120552.3372044253,96.54946991120043,126612.2743744539
R_AK_3DBall_2183,3DBall,2183,ppo,0.0003382948955831,500000,69,12938,3.0,12.0,247,42.8,83.5,0.3421496682478935,12000,0.7173596335131767,442000,0.6270461975427244,132000,0.1663759510742309,24000,1.6872077316872507,24000,-0.5349804394017973,12000,480000,2.5657600000000005,48000.0,18.5,2025-11-21_09-33,1,0.9987053749569262,1,54253.13470985685,24.360839720830175,54830.209764533094
R_AP_3DBall_1132,3DBall,1132,ppo,3.980272650920342e-05,500000,170,31954,3.0,12.0,434,62.8,89.7,-0.3709412719542723,12000,0.6036252186900662,442000,0.6270461975427244,360000,-0.1049387488111787,36000,-0.5703925275799204,36000,0.776612385235323,12000,480000,2.5657600000000005,144000.0,119.3,2025-11-21_09-33,1,0.9262806527288482,1,120202.72861646111,96.22452100304403,148201.1355582201
R_AK_3DBall_2464,3DBall,2464,ppo,0.0006192466635233,500000,181,34041,3.0,12.0,224,43.2,83.6,-0.7347788453189951,12000,0.7173596335131767,442000,0.6270461975427244,300000,-0.1006660763720383,36000,-0.8841087957101892,36000,0.4739371180113694,12000,480000,2.5657600000000005,108000.0,44.8,2025-11-21_09-33,1,0.9976782136267447,1,117238.94692845162,56.151233852872245,118127.63632568599
R_AP_3DBall_1235,3DBall,1235,ppo,0.0007799550435184,500000,129,24334,3.0,12.0,423,61.6,88.6,-0.9259087098080572,12000,0.6533678838280953,442000,0.6270461975427244,228000,-0.0422728863704542,36000,-0.5778781652142654,36000,0.2402930520841107,12000,480000,2.5657600000000005,84000.0,63.4,2025-11-21_09-33,1,0.998675088202319,1,79205.7639065039,57.023271585460726,79763.27915430034
R_AP_3DBall_1362,3DBall,1362,ppo,0.0008393479432139,500000,129,24237,3.0,12.0,404,51.4,89.1,-0.2696194160805532,12000,0.7173596335131767,442000,0.6270461975427244,228000,-0.0515303433219248,36000,-0.4118331122342533,36000,0.4367664711593093,12000,480000,2.5657600000000005,84000.0,60.6,2025-11-21_09-33,1,0.9986296735184326,1,78606.96039651347,44.95138477504646,79184.40643783033
R_AK_3DBall_2216,3DBall,2216,ppo,0.0008428468041169,500000,156,29403,3.0,12.0,230,38.9,83.2,0.0013397893999261,12000,0.6910368213488759,442000,0.6270461975427244,276000,-0.0828632745422871,36000,-0.7622970560240327,36000,-0.0252115682877826,12000,480000,2.5657600000000005,72000.0,28.7,2025-11-21_09-33,1,0.9999321451190273,1,92806.3238623549,39.6663929536598,92833.95394078206
R_AK_3DBall_2213,3DBall,2213,ppo,0.0001168358715727,500000,128,24024,3.0,12.0,214,26.9,82.9,-0.5459517502816064,12000,0.7173596335131767,442000,0.6270461975427244,288000,-0.040848662224074,36000,-0.42510310622241,36000,0.5907591509749988,12000,480000,2.5657600000000005,120000.0,48.1,2025-11-21_09-33,1,0.8846171668659867,1,107461.45956276935,39.803422957901304,152753.66847270748
R_AK_3DBall_2658,3DBall,2658,ppo,0.0008177717689444,500000,116,21838,3.0,12.0,213,35.4,83.7,-0.6188727829179963,12000,0.7173596335131767,442000,0.6270461975427244,228000,-0.0102278430769018,24000,-0.6663447918019766,24000,0.5748288737526873,12000,480000,2.5657600000000005,84000.0,31.9,2025-11-21_09-33,1,0.9990437557806764,1,80714.8132965864,30.35456714221951,81115.75233261957
R_AK_3DBall_2283,3DBall,2283,ppo,0.0008687033743798,500000,72,13571,3.0,12.0,253,43.8,81.8,0.188631704802863,12000,0.6742696866570496,442000,0.6270461975427244,156000,0.140739916439389,24000,1.1979192354059858,24000,-0.5880813634761807,12000,480000,2.5657600000000005,60000.0,25.3,2025-11-21_09-33,1,0.999949539528998,1,48587.38344470457,21.08788406186201,48610.16193795219
R_AK_3DBall_2621,3DBall,2621,ppo,0.0006437590177206,500000,119,22339,3.0,12.0,215,33.4,84.4,-0.0485535487197082,12000,0.6796906959923956,442000,0.6270461975427244,192000,-0.0137884034428521,24000,-0.6350412162401711,24000,0.2243627748617992,12000,480000,2.5657600000000005,84000.0,32.2,2025-11-21_09-33,1,0.9997573073890936,1,82629.54589065969,29.98109211451871,82730.83861588266
R_AK_3DBall_2318,3DBall,2318,ppo,0.0001419798669469,500000,137,25689,3.0,12.0,244,44.3,83.8,-0.1943956139924881,12000,0.6801873528256847,442000,0.6270461975427244,264000,-0.0444092225900243,36000,-0.4101318309537204,36000,0.6704105370865681,12000,480000,2.5657600000000005,84000.0,36.6,2025-11-21_09-33,1,0.9882270200157547,1,100051.8007160962,49.18051286037944,104760.38286100056
R_AK_3DBall_2979,3DBall,2979,ppo,0.0001342329415639,500000,104,19568,3.0,12.0,252,46.3,84.3,-0.249662080832698,12000,0.7173596335131767,442000,0.6270461975427244,180000,0.0225293122898405,24000,-0.5625666336894691,24000,0.6969609991237539,12000,480000,2.5657600000000005,72000.0,31.5,2025-11-21_09-33,1,0.9983030451659708,1,84989.05229786015,38.70210312300358,85693.30713173833
R_LN_3DBall_4153,3DBall,4153,ppo,0.0001746773838327,200000,117,22021,3.0,12.0,177,43.4,60.6,-0.4093207628155307,12000,-1.5346835946352353,142000,-1.5705579391201845,192000,-0.0116520672232819,24000,-0.3427610922446172,24000,0.5854490585675617,12000,180000,2.5657600000000005,108000.0,94.6,2025-11-21_09-33,1,0.4876962651815472,0,92993.2658891147,78.43735516575397,147813.21542484636
R_AK_3DBall_2379,3DBall,2379,ppo,0.0008374651924554,500000,38,7247,3.0,12.0,230,26.0,83.4,1.373790382598498,12000,0.7173596335131767,442000,0.6270461975427244,120000,0.3807216851044365,12000,2.2003141658959766,12000,-1.793472339964546,12000,480000,2.5657600000000005,36000.0,11.5,2025-11-21_09-33,1,0.9999983384723645,1,38494.30285305486,11.269873174266305,38495.0696575246
R_LN_3DBall_3515,3DBall,3515,ppo,6.760447883091596e-05,200000,39,7427,3.0,12.0,213,48.2,78.7,0.4081623925292561,12000,0.6275963607487449,142000,0.6270461975427244,120000,0.3586462108355449,12000,0.5296559484126587,12000,0.2562233293064223,12000,180000,2.5657600000000005,60000.0,56.8,2025-11-21_09-33,1,0.6172730028049496,1,62563.97754929048,55.098070664183055,115164.45372828207
R_LN_3DBall_3325,3DBall,3325,ppo,0.0008742913927587,100000,147,27645,3.0,12.0,94,40.8,57.6,-0.9758020479276918,12000,-1.7188464317028491,46000,-1.8794329230471216,96000,-0.0671968089321059,36000,-0.7224870740595626,36000,0.4739371180113694,12000,84000,2.5657600000000005,96000.0,94.0,2025-11-21_09-33,1,0.0757947110963566,0,99233.86312308616,111.5760162719827,99941.93087675405
R_LN_3DBall_4287,3DBall,4287,ppo,0.0007868126757224,200000,151,28353,3.0,12.0,175,44.3,62.6,-0.4446298944078873,12000,-1.439375148327135,142000,-1.3860137552652203,192000,-0.0892722832009975,36000,-0.8902334083201076,36000,0.4526967483816208,12000,180000,2.5657600000000005,96000.0,81.8,2025-11-21_09-33,1,0.9691913606415803,1,95574.25227122445,77.1132646655965,98791.46747273361
R_AK_3DBall_2278,3DBall,2278,ppo,0.00025157396092,500000,82,15480,3.0,12.0,235,40.5,81.9,0.5440257901781084,12000,0.7173596335131767,442000,0.6270461975427244,168000,0.0923162954624655,24000,-0.1355450322757087,24000,0.0916104646758466,12000,480000,2.5657600000000005,60000.0,23.5,2025-11-21_09-33,1,0.9998046560489113,1,68571.82525047385,29.749619730947316,68656.10213474039
R_AK_3DBall_2501,3DBall,2501,ppo,0.0007353503849045,500000,175,32901,3.0,12.0,214,28.0,85.0,-0.1621568416690318,12000,0.7124352810111192,442000,0.6270461975427244,312000,-0.1120598695430792,36000,-0.6544358228382463,36000,0.7819224776427602,12000,480000,2.5657600000000005,120000.0,48.3,2025-11-21_09-33,1,0.9928294065817133,1,117037.83478053908,40.56829252583973,119783.90076191459
R_AK_3DBall_2857,3DBall,2857,ppo,0.0005636795810279,500000,91,17201,3.0,12.0,254,46.9,84.2,0.5302091734680554,12000,0.7173596335131767,442000,0.6270461975427244,168000,0.085195174730565,24000,0.6259484688908218,24000,-0.2588556342150413,12000,480000,2.5657600000000005,60000.0,25.4,2025-11-21_09-33,1,0.9999723226436446,1,60626.00837892828,26.160237065668483,60638.169089467694
R_LN_3DBall_4141,3DBall,4141,ppo,0.0001974430228263,200000,158,29739,3.0,12.0,193,44.0,60.6,-0.3225831134690879,12000,-1.384941559398695,142000,-1.1539713687944082,192000,-0.0978176280792782,36000,-0.8514441951239571,36000,0.6757206294940051,12000,180000,2.5657600000000005,96000.0,90.3,2025-11-21_09-33,1,0.595740336322147,1,118174.1346612185,102.97256822991766,151253.0314632236
R_AK_3DBall_2046,3DBall,2046,ppo,0.0007890612973777,500000,179,33646,3.0,12.0,237,42.6,82.0,-0.4853121547208209,12000,0.6796534467298991,442000,0.6270461975427244,264000,-0.0992418522256582,36000,-0.836132663599161,36000,0.2456031444915479,12000,480000,2.5657600000000005,84000.0,35.5,2025-11-21_09-33,1,0.9993381088640747,1,106930.48044144834,52.68969106919466,107190.64967224657
R_AK_3DBall_2820,3DBall,2820,ppo,0.0005030125300106,500000,123,23097,3.0,12.0,213,26.9,82.9,-0.556698007722759,12000,0.7173596335131767,442000,0.6270461975427244,216000,-0.0173489638088023,24000,-0.6704278668752557,24000,0.7075811839386281,12000,480000,2.5657600000000005,84000.0,31.9,2025-11-21_09-33,1,0.9919274454090085,1,95070.89372595542,31.30095557561153,98339.70604183407
R_AK_3DBall_2478,3DBall,2478,ppo,0.0006285656975956,500000,177,33313,3.0,12.0,231,42.5,83.1,-0.1268477100766736,12000,0.534281991626299,442000,0.6270461975427244,324000,-0.1113477574698891,36000,-0.8643739328560074,36000,0.5004875800485553,12000,480000,2.5657600000000005,108000.0,46.2,2025-11-21_09-33,1,0.9994299068792388,1,111440.5631817517,51.18466662096529,111662.07824368862
R_AK_3DBall_2253,3DBall,2253,ppo,0.000437957471431,500000,164,30891,3.0,12.0,288,47.6,83.4,-0.3555894756097693,12000,0.7173596335131767,442000,0.6270461975427244,312000,-0.1049387488111787,36000,-0.8684570079292863,36000,0.5004875800485553,12000,480000,2.5657600000000005,96000.0,50.4,2025-11-21_09-33,1,0.9985065288972598,1,108896.2772446484,57.025721947634366,109480.37935275765
R_AP_3DBall_1158,3DBall,1158,ppo,0.0007151250854814,500000,156,29358,3.0,12.0,395,50.6,90.8,-0.8414738299132913,12000,0.6796906959923956,442000,0.6270461975427244,276000,-0.0671968089321059,36000,-0.7439232181942773,36000,0.5748288737526873,12000,480000,2.5657600000000005,108000.0,79.0,2025-11-21_09-33,1,0.9829177354056695,1,101838.21601727576,62.0160447691486,108639.7209626193
R_AK_3DBall_2029,3DBall,2029,ppo,0.0002466390584454,500000,89,16816,3.0,12.0,232,44.3,83.2,-0.208979820519766,12000,0.7173596335131767,442000,0.6270461975427244,168000,0.0595591400957232,24000,0.0900448655229551,24000,0.2349829596766736,12000,480000,2.5657600000000005,60000.0,23.2,2025-11-21_09-33,1,0.9959178675759524,1,73201.16771294337,35.867674041580585,74943.41706476804
R_LN_3DBall_3353,3DBall,3353,ppo,0.0007816343353559,100000,64,12124,3.0,12.0,105,42.4,58.2,-0.1821141769168853,12000,-1.2744503136969594,46000,-0.3724557467640984,96000,0.1706486235133713,24000,0.9961472755347828,24000,-1.2412227295910223,12000,84000,2.5657600000000005,48000.0,45.0,2025-11-21_09-33,1,0.9193633390031313,1,52767.50964416247,56.7823123881152,56576.17995702401
R_LN_3DBall_3742,3DBall,3742,ppo,0.0007528200747725,200000,181,34025,3.0,12.0,169,43.4,51.1,-0.4039476340949536,12000,-1.665145411603509,142000,-1.8160452565594567,192000,-0.1177567661285996,36000,-0.6476306977161146,36000,0.7394417383832629,12000,180000,2.5657600000000005,144000.0,124.2,2025-11-21_09-33,1,0.7756539339458819,1,107089.82116812577,100.04317388789224,127933.85428544134
R_AK_3DBall_2893,3DBall,2893,ppo,8.099549972744532e-05,500000,60,11255,3.0,12.0,224,32.9,83.8,-0.5298323641198782,12000,0.7173596335131767,442000,0.6270461975427244,192000,0.196284658148213,12000,-0.3533090361839212,12000,0.3730453622700516,12000,480000,2.5657600000000005,84000.0,33.6,2025-11-21_09-33,1,0.9958234770563064,1,71798.65110391623,26.237321034580013,73587.04386210129
R_AK_3DBall_2234,3DBall,2234,ppo,0.0006643152324434,500000,141,26509,3.0,12.0,242,42.4,82.3,-0.6603226330481551,12000,0.6803388331598378,442000,0.6270461975427244,204000,-0.0337275414921735,36000,-0.3825710742090872,36000,-0.0092812910654593,12000,480000,2.5657600000000005,84000.0,36.3,2025-11-21_09-33,1,0.9992226220958355,1,88109.31381614397,41.60150134999955,88429.50853451448
R_AP_3DBall_1175,3DBall,1175,ppo,0.000877916842411,500000,60,11313,3.0,12.0,487,62.6,89.6,0.3122136653761125,12000,0.7173596335131767,442000,0.6270461975427244,120000,0.209102675465634,12000,1.2394304986509888,12000,-1.4961071651480295,12000,480000,2.5657600000000005,48000.0,36.6,2025-11-21_09-33,1,0.999997224029114,1,41081.58716023813,27.671980366772896,41082.861104391246
R_AK_3DBall_2602,3DBall,2602,ppo,0.0002110973450839,500000,165,31050,3.0,12.0,217,38.8,84.9,-0.4331160471495096,12000,0.6795764649207393,442000,0.6270461975427244,336000,-0.094969179786518,36000,-0.4887310261143409,36000,0.7022710915311909,12000,480000,2.5657600000000005,132000.0,54.2,2025-11-21_09-33,1,0.9723207316768626,1,122036.6786385546,53.100246991718144,132498.42682682225
R_AP_3DBall_1300,3DBall,1300,ppo,0.0005801175617807,500000,120,22598,3.0,12.0,509,62.4,88.5,-0.483009385269144,12000,0.6328286404874414,442000,0.6270461975427244,192000,-0.0123641792964719,24000,-0.2917226538286299,24000,-0.4712593305125513,12000,480000,2.5657600000000005,60000.0,50.9,2025-11-21_09-33,1,0.9998642768153554,1,73329.2171607666,53.00842782271757,73387.12627820835
R_LN_3DBall_4604,3DBall,4604,ppo,0.0008093609614227,200000,58,10974,3.0,12.0,219,44.2,65.3,0.3843671081952773,12000,0.6603459123358012,142000,0.6270461975427244,84000,0.2454203911983266,12000,1.7957494773852505,12000,-1.8837439108909892,12000,180000,2.5657600000000005,48000.0,43.8,2025-11-21_09-33,1,0.9999003448362836,1,43712.69672258358,30.72993021897718,43728.27155937848
R_LN_3DBall_4147,3DBall,4147,ppo,0.000858970102578,200000,103,19469,3.0,12.0,206,43.8,61.1,-0.2872739818767315,12000,0.262794466845701,142000,0.3697359018736111,144000,0.01683241570432,24000,-0.6258542973252934,24000,-0.5402905318092345,12000,180000,2.5657600000000005,72000.0,68.8,2025-11-21_09-33,1,0.9993533004358647,1,68560.63379418936,53.908636636902614,68645.63557502488
R_AK_3DBall_2308,3DBall,2308,ppo,0.000765236987096,500000,143,26840,3.0,12.0,240,41.6,84.5,-0.0101740578584515,12000,0.4922946229400731,442000,0.6270461975427244,180000,-0.0550909036878751,36000,-0.0218994427361104,36000,-0.0623822151398427,12000,480000,2.5657600000000005,72000.0,30.0,2025-11-21_09-33,1,0.9997613141743776,1,82598.11727130572,36.2076855050531,82697.74518430115
R_LN_3DBall_3792,3DBall,3792,ppo,0.0001206152822961,200000,88,16574,3.0,12.0,203,42.2,51.4,-0.0792571414087143,12000,0.4211236987298035,142000,0.5857882582455705,180000,0.0481653469246823,24000,-0.051501737017383,24000,0.2615334217138594,12000,180000,2.5657600000000005,60000.0,54.0,2025-11-21_09-33,1,0.7884569273851644,1,73576.66549059875,65.4698339243512,100320.64612293067
R_LN_3DBall_3273,3DBall,3273,ppo,0.0002656099441836,100000,67,12742,3.0,12.0,98,43.0,57.2,-0.1567837129484547,12000,-1.588148702738763,46000,-1.5377063049548254,96000,0.1699365114401812,24000,0.1778309795984532,24000,-0.0092812910654593,12000,84000,2.5657600000000005,60000.0,55.8,2025-11-21_09-33,1,0.15619405180604462,0,69068.536739946,80.45529774414155,95168.68942512236
R_AP_3DBall_1277,3DBall,1277,ppo,0.0004642365772162,500000,92,17331,3.0,12.0,465,62.0,91.0,-0.4292780980633842,12000,0.7173596335131767,442000,0.6270461975427244,204000,0.071665045339954,24000,-0.0559250683467686,24000,-0.2907161886596643,12000,480000,2.5657600000000005,60000.0,46.5,2025-11-21_09-33,1,0.9995807371828512,1,65900.60866528118,46.603040355596875,66082.61039901474
C_LF_3DBall_106,3DBall,106,ppo,0.0003,500000,64,12000,3.0,12.0,784,22.7,53.3,0.0013397893999261,12000,0.7173596335131767,442000,0.6270461975427244,144000,0.195572546075023,24000,1.2659704866273025,24000,0.0066489861568521,12000,480000,2.5657600000000005,48000.0,58.8,2025-11-21_09-33,1,0.813613450178342,1,54219.242169713674,27.407099231279158,137306.7795985848
R_AK_3DBall_2017,3DBall,2017,ppo,0.0004832450337158,500000,156,29421,3.0,12.0,223,40.9,83.9,-0.3555894756097693,12000,0.7020054875120566,442000,0.6270461975427244,264000,-0.0743179296640064,36000,-0.8072108818301016,36000,0.6013793357898731,12000,480000,2.5657600000000005,96000.0,39.0,2025-11-21_09-33,1,0.9949375445134726,1,108191.10144885673,51.46833690193006,110174.61655699722
R_LN_3DBall_3225,3DBall,3225,ppo,0.0004756297256826,100000,54,10140,3.0,12.0,100,40.6,57.6,0.5094842484029769,12000,-1.1544257400802476,46000,-0.0577376071842016,96000,0.2219206927830549,12000,0.3445565450906785,12000,-1.124400696627393,12000,84000,2.5657600000000005,48000.0,42.8,2025-11-21_09-33,1,0.9783598295883047,1,54425.243192821654,58.49391529000169,55411.488696600565
R_LN_3DBall_3286,3DBall,3286,ppo,0.0006770946461023,100000,45,8562,3.0,12.0,104,42.3,58.2,2.2396316964284693,12000,-0.7206953275692327,46000,0.1658417444882821,84000,0.3016772449803407,12000,2.07952319497814,12000,-0.673042841995187,12000,84000,2.5657600000000005,36000.0,29.7,2025-11-21_09-33,1,0.9822086016701386,1,41986.89349830602,42.18562309885536,43019.02778443033
R_LN_3DBall_4560,3DBall,4560,ppo,0.0003766401262907,200000,50,9461,3.0,12.0,196,44.2,64.6,0.9692705489208416,12000,0.6905798970622503,142000,0.6270461975427244,120000,0.2689200896135983,12000,1.8015338337390625,12000,-0.5084299773646115,12000,180000,2.5657600000000005,48000.0,39.3,2025-11-21_09-33,1,0.9908815074287904,1,48950.68885527947,35.36627737591514,50328.03087683893
R_LN_3DBall_3129,3DBall,3129,ppo,0.0008107001942513,100000,136,25628,3.0,12.0,93,42.4,55.9,-0.7017724831783121,12000,-1.715811858451455,46000,-1.87529165739017,96000,-0.0415607742972641,36000,-0.7085365675591928,36000,0.3040141609733567,12000,84000,2.5657600000000005,96000.0,92.9,2025-11-21_09-33,1,0.19145633454217126,0,92225.96490289335,109.32722033790566,98511.61173570577
R_AK_3DBall_2493,3DBall,2493,ppo,7.222768057835257e-05,500000,89,16816,3.0,12.0,250,46.9,83.3,-0.3609626043303447,12000,0.7173596335131767,442000,0.6270461975427244,204000,0.0816346143646147,24000,-0.1780770642890315,24000,0.6173096130121846,12000,480000,2.5657600000000005,72000.0,31.2,2025-11-21_09-33,1,0.9925183114432804,1,78755.32632146149,39.04576310264999,81906.94777610128
R_AK_3DBall_2829,3DBall,2829,ppo,0.0003151506194768,500000,55,10437,3.0,12.0,223,26.5,84.7,-0.0224554949340543,12000,0.7173596335131767,442000,0.6270461975427244,120000,0.2418598308323764,12000,-0.0800832625303359,12000,-0.0358317531026569,12000,480000,2.5657600000000005,60000.0,22.3,2025-11-21_09-33,1,0.9995113166827779,1,65283.70474688584,20.438616425842955,65496.143348100624
R_LN_3DBall_4184,3DBall,4184,ppo,4.137723963725532e-05,200000,54,10279,3.0,12.0,213,44.0,67.4,-0.6227107320041216,12000,-1.735658265509671,142000,-1.9190328089087716,180000,0.2347387101004758,12000,0.0662269275954943,12000,0.5323481344931901,12000,180000,2.5657600000000005,,,2025-11-21_09-33,0,0.29019321460799,0,71638.14343754022,58.78714079311657,162750.2602110901
R_AK_3DBall_2316,3DBall,2316,ppo,0.0008974853391121,500000,167,31326,3.0,12.0,239,41.1,83.4,-0.3563570654269943,12000,0.6877886856591681,442000,0.6270461975427244,276000,-0.0743179296640064,36000,-0.8538259889167034,36000,0.3995958243072374,12000,480000,2.5657600000000005,96000.0,41.8,2025-11-21_09-33,1,0.9996737329432448,1,97744.31467174436,43.95429043114934,97875.55745025945
R_LN_3DBall_3489,3DBall,3489,ppo,0.0003925827187383,200000,110,20746,3.0,12.0,186,51.3,69.0,-0.397039325739928,12000,-1.472646189589145,142000,-1.4587953388066062,180000,0.01683241570432,24000,-0.1927080833016144,24000,0.7075811839386281,12000,180000,2.5657600000000005,108000.0,99.2,2025-11-21_09-33,1,0.35088147860716373,0,85539.56028288988,84.48060993303663,159837.9516700343
R_AK_3DBall_2995,3DBall,2995,ppo,0.0003313633781533,500000,106,19997,3.0,12.0,255,48.5,83.4,-0.2772953142528039,12000,0.6797279452548924,442000,0.6270461975427244,192000,0.0196808639970802,24000,-0.5336448519204097,24000,0.5323481344931901,12000,480000,2.5657600000000005,72000.0,31.9,2025-11-21_09-33,1,0.9995960030202976,1,79729.239474554,37.20800076468994,79899.02759246349
R_LN_3DBall_4119,3DBall,4119,ppo,0.0005716706503874,200000,185,34778,3.0,12.0,176,43.8,60.5,-0.8115378270415103,12000,-1.6912794941711602,142000,-1.8513929960522932,192000,-0.1106356453966991,36000,-0.6673655605702964,36000,0.3358747154179914,12000,180000,2.5657600000000005,156000.0,140.5,2025-11-21_09-33,1,0.7049047853232454,1,121698.86472099613,107.04046994810507,144805.1550455874
R_LN_3DBall_3691,3DBall,3691,ppo,0.0004318146576024,200000,133,24940,3.0,12.0,169,42.8,50.1,-0.4776362565485685,12000,-1.217391893404588,142000,-0.9400902114779616,192000,-0.0294548690530332,36000,-0.622111478508121,36000,0.6013793357898731,12000,180000,2.5657600000000005,84000.0,67.7,2025-11-21_09-33,1,0.7200899221180198,1,89378.47709161027,83.87457525011757,120342.55618432089
R_LN_3DBall_3130,3DBall,3130,ppo,7.737216190387251e-05,100000,185,34848,3.0,12.0,88,41.7,55.9,-0.5329027233887802,12000,-1.7370215885170486,46000,-1.920487151268996,60000,-0.1341353438119708,36000,0.1774907233423467,36000,0.6757206294940051,12000,84000,2.5657600000000005,,,2025-11-21_09-33,0,0.0003571020740226272,0,143212.66141749884,181.97193703316387,100015.43133101624
R_AK_3DBall_2280,3DBall,2280,ppo,0.0007194759948891,500000,119,22355,3.0,12.0,235,40.6,82.2,-0.526762004850978,12000,0.7173596335131767,442000,0.6270461975427244,192000,-0.0102278430769018,24000,-0.4438172003082721,24000,0.0916104646758466,12000,480000,2.5657600000000005,72000.0,29.3,2025-11-21_09-33,1,0.999580205454049,1,77672.11004538901,34.31387191031029,77849.40099019495
R_LN_3DBall_3077,3DBall,3077,ppo,0.0004914342469824,100000,62,11808,3.0,12.0,98,40.3,55.3,-0.0815599108603895,12000,-1.5909995129618402,46000,-1.5254784831956314,96000,0.1969967702214031,12000,0.077795640303118,12000,0.4473866559741836,12000,84000,2.5657600000000005,60000.0,55.9,2025-11-21_09-33,1,0.09822037750982922,0,64909.31459104706,73.24455230377984,96553.37963205398
R_AK_3DBall_2377,3DBall,2377,ppo,5.199682896443426e-05,500000,46,8763,3.0,12.0,245,45.5,83.4,0.4342604463149118,12000,0.7173596335131767,442000,0.6270461975427244,108000,0.2945561242484402,12000,1.3183699500677155,12000,0.5535885041229387,12000,480000,2.5657600000000005,48000.0,18.4,2025-11-21_09-33,1,0.9855192204959455,1,56091.337039942766,26.489300561525415,62519.48050820698
R_LN_3DBall_3105,3DBall,3105,ppo,0.0004204416050925,100000,74,13941,3.0,12.0,98,40.5,55.9,-0.1383615573350513,12000,-1.7095092832370216,46000,-1.8653381795347317,96000,0.1378914681466288,24000,-0.348545448598429,24000,0.0438196330089122,12000,84000,2.5657600000000005,84000.0,84.0,2025-11-21_09-33,1,0.3432727604596293,0,69945.23895937101,79.63395250401948,89683.01921262876
R_LN_3DBall_3125,3DBall,3125,ppo,0.0001276681529218,100000,167,31436,3.0,12.0,94,41.7,56.8,-0.6787447886615584,12000,-1.7364082173279372,46000,-1.9202189746635647,84000,-0.0842874986886671,36000,0.0839202529130365,36000,0.7500619231981372,12000,84000,2.5657600000000005,,,2025-11-21_09-33,0,0.00038696408922875807,0,130391.02445906721,164.15272356398384,100011.76023510053
R_AK_3DBall_2452,3DBall,2452,ppo,0.0006747781358872,500000,33,6219,3.0,12.0,240,34.1,83.7,0.4419363444871625,12000,0.6931476128903531,442000,0.6270461975427244,108000,0.4633266855944825,12000,1.903610710571037,12000,-1.9580852045951216,12000,480000,2.5657600000000005,36000.0,12.0,2025-11-21_09-33,1,0.9999969314067554,1,39183.79693998694,14.15597332937219,39185.21099747466
R_LN_3DBall_3312,3DBall,3312,ppo,0.0005168215390189,100000,98,18379,3.0,12.0,95,41.6,64.8,-0.2028391019819638,12000,-1.71582924144062,46000,-1.8864699803184928,96000,0.0595591400957232,24000,-0.4070695246487611,24000,-0.0305216606952198,12000,84000,2.5657600000000005,,,2025-11-21_09-33,0,0.34243624945664813,0,80342.31009849843,86.50728126329214,93268.49439714797
R_LN_3DBall_3965,3DBall,3965,ppo,0.0006198541332879,200000,57,10688,3.0,12.0,188,44.4,60.7,0.2300815549330218,12000,0.7152910578025294,142000,0.6270461975427244,132000,0.2439961670519465,12000,0.2142383990018574,12000,-0.6942832116249358,12000,180000,2.5657600000000005,48000.0,37.7,2025-11-21_09-33,1,0.9991399287133723,1,51511.75167372002,42.163663687332125,51639.4621525071
R_LN_3DBall_4311,3DBall,4311,ppo,0.0006856726965873,200000,141,26609,3.0,12.0,174,45.0,62.9,-0.6134996541974208,12000,-0.9643800028223296,142000,-0.3311978074669444,192000,-0.0422728863704542,36000,-0.6364022412645974,36000,0.4208361939369978,12000,180000,2.5657600000000005,96000.0,81.4,2025-11-21_09-33,1,0.9236006883283836,1,94429.18972879223,77.58504096320164,102494.72696612732
R_AK_3DBall_2247,3DBall,2247,ppo,0.0005412082718938,500000,63,11914,3.0,12.0,320,51.7,84.4,0.1272245194248508,12000,0.7173596335131767,442000,0.6270461975427244,132000,0.1784818563184617,12000,1.2445343424925877,12000,-1.6713402145934797,12000,480000,2.5657600000000005,48000.0,24.0,2025-11-21_09-33,1,0.9999964137386321,1,47223.83549029972,24.104728785732902,47225.4592639668
R_LN_3DBall_3124,3DBall,3124,ppo,0.0003124246461547,100000,85,16111,3.0,12.0,97,40.4,56.6,0.6829595470958609,12000,-1.6551352931285757,46000,-1.7424900866562492,96000,0.0730892694863342,24000,0.0526166773512311,24000,0.0278893557866007,12000,84000,2.5657600000000005,60000.0,55.3,2025-11-21_09-33,1,0.45263327292988853,0,73249.8740323926,80.44329739954644,87892.00293199506
R_AK_3DBall_2626,3DBall,2626,ppo,0.0004013204980163,500000,42,7905,3.0,12.0,233,34.4,83.9,-0.0838626803120664,12000,0.7173596335131767,442000,0.6270461975427244,96000,0.3451160814449339,12000,1.985272212036616,12000,-1.135020881442267,12000,480000,2.5657600000000005,48000.0,17.5,2025-11-21_09-33,1,0.9995046798415926,1,47329.50085943272,17.37725421398416,47553.71768277337
R_AK_3DBall_2551,3DBall,2551,ppo,0.0004149381976142,500000,163,30632,3.0,12.0,250,38.2,80.2,-0.3010905985867844,12000,0.6429082909190355,442000,0.6270461975427244,228000,-0.0785906021031467,36000,-0.8061901130617818,36000,0.4420765635667465,12000,480000,2.5657600000000005,84000.0,37.5,2025-11-21_09-33,1,0.9983491562512775,1,110039.21301822513,48.0525531908975,110682.9773456609
R_LN_3DBall_3035,3DBall,3035,ppo,0.000631350598516,100000,164,30777,3.0,12.0,92,39.9,60.7,-0.4308132776978344,12000,-1.7239793800748875,46000,-1.898029939185314,96000,-0.0785906021031467,36000,-0.7231675865717758,36000,0.3836655470849259,12000,84000,2.5657600000000005,,,2025-11-21_09-33,0,0.051766426461162036,0,114680.00789764564,132.0199626643174,100759.93154928274
R_LN_3DBall_3483,3DBall,3483,ppo,0.0003580660456115,200000,32,6006,3.0,12.0,220,47.9,68.0,0.7520426306461238,12000,0.7173596335131767,142000,0.6270461975427244,96000,0.4647509097408626,12000,2.2962664301180324,12000,-1.9474650197802472,12000,180000,2.5657600000000005,36000.0,29.4,2025-11-21_09-33,1,0.998359237224469,1,40847.06159013744,36.94972611427906,41108.19380709673
R_LN_3DBall_4029,3DBall,4029,ppo,0.0002641846356153,200000,113,21343,3.0,12.0,201,43.3,68.6,-0.3548218857925442,12000,-0.0306204571245922,142000,0.1922906621989639,180000,0.0132718553383698,24000,-0.4533443754792562,24000,0.1553315735651044,12000,180000,2.5657600000000005,72000.0,66.8,2025-11-21_09-33,1,0.7983994528048668,1,92729.41109416954,75.14070657352968,114355.22051552916
R_AK_3DBall_2437,3DBall,2437,ppo,0.0002952818857044,500000,107,20157,3.0,12.0,217,33.6,83.7,-0.5551628280883089,12000,0.7173596335131767,442000,0.6270461975427244,228000,0.029650433021741,24000,-0.3635167238671187,24000,0.5270380420857529,12000,480000,2.5657600000000005,96000.0,38.0,2025-11-21_09-33,1,0.9849784414774082,1,88665.30892063816,34.7885706574711,94844.197055059
R_AK_3DBall_2492,3DBall,2492,ppo,0.0003682012671476,500000,35,6720,3.0,12.0,319,51.7,83.4,5.944787744174276,12000,0.6556574718295559,442000,0.6270461975427244,132000,0.4334179785205002,12000,2.357512556217217,12000,-2.319171488300884,12000,480000,2.5657600000000005,36000.0,15.9,2025-11-21_09-33,1,0.9999999999974265,1,28739.926731357034,11.625153104329907,28739.92673256982
R_LN_3DBall_3427,3DBall,3427,ppo,0.0003858264411628,100000,113,21333,3.0,12.0,106,51.4,72.8,-0.5651414957122365,12000,-1.7039839759666848,46000,-1.8547555181050115,96000,-0.0116520672232819,24000,-0.6962873423393559,24000,0.4420765635667465,12000,84000,2.5657600000000005,84000.0,91.0,2025-11-21_09-33,1,0.0718052187057843,0,97293.88307881921,119.6950560257708,99805.6866826312
R_LN_3DBall_4362,3DBall,4362,ppo,0.0004887725571513,200000,108,20268,3.0,12.0,181,44.7,63.8,-0.2757601346183537,12000,0.4346898801310838,142000,0.6270461975427244,180000,0.0082870708260395,24000,-0.4046877308560151,24000,0.2615334217138594,12000,180000,2.5657600000000005,72000.0,60.2,2025-11-21_09-33,1,0.9565475921435929,1,79409.06578889239,63.104683759582194,84649.0322460186
R_AP_3DBall_1165,3DBall,1165,ppo,0.0003235371397988,500000,134,25305,3.0,12.0,437,61.8,88.1,-0.8798533207745481,12000,0.7173596335131767,442000,0.6270461975427244,252000,-0.0358638777117436,36000,-0.6112232783127104,36000,0.4792472104188066,12000,480000,2.5657600000000005,84000.0,65.5,2025-11-21_09-33,1,0.9842584252717488,1,93980.9389531241,71.96402316296388,100372.3183436879
R_LN_3DBall_3157,3DBall,3157,ppo,0.000871974056083,100000,184,34646,3.0,12.0,91,41.7,57.0,-0.3763144006748478,12000,-1.7273144307104211,46000,-1.903579132020781,84000,-0.1206052144213598,36000,-0.8783244393563772,36000,0.4792472104188066,12000,84000,2.5657600000000005,,,2025-11-21_09-33,0,0.17909694525542097,0,118385.48204933676,139.3538173614841,103292.78367208458
R_LN_3DBall_4199,3DBall,4199,ppo,0.0008457111911666,200000,165,31070,3.0,12.0,172,43.5,61.5,-0.2373806437570952,12000,-1.3655620097637702,142000,-1.3346115201433786,192000,-0.0963934039328981,36000,-0.7605957747434998,36000,0.2721536065287337,12000,180000,2.5657600000000005,84000.0,68.9,2025-11-21_09-33,1,0.9835020990634223,1,99788.57171133948,80.64397190050362,101441.84992795876
R_AK_3DBall_2317,3DBall,2317,ppo,0.0003311492961843,500000,155,29074,3.0,12.0,211,29.4,83.9,-0.7063780220816642,12000,0.6953825686401519,442000,0.6270461975427244,288000,-0.0736058175908164,36000,-0.7309934804622271,36000,0.7606821080130115,12000,480000,2.5657600000000005,108000.0,42.2,2025-11-21_09-33,1,0.9262643011269638,1,119120.52622361534,45.72529457197886,147204.94040891132
R_AK_3DBall_2601,3DBall,2601,ppo,0.0003931019843242,500000,99,18571,3.0,12.0,250,44.0,84.3,0.1717447288239098,12000,0.7173596335131767,442000,0.6270461975427244,204000,0.0488774589978724,24000,-0.109345300555502,24000,-0.8642061686629366,12000,480000,2.5657600000000005,48000.0,18.8,2025-11-21_09-33,1,0.9999907591750964,1,68351.85359039438,30.1210798368883,68355.84237533533
R_AK_3DBall_2815,3DBall,2815,ppo,0.0006083815622698,500000,187,35131,3.0,12.0,214,31.4,83.3,-0.0063361087723261,12000,0.7173596335131767,442000,0.6270461975427244,312000,-0.1070750850307488,36000,-0.5224163954688925,36000,0.564208688937813,12000,480000,2.5657600000000005,120000.0,48.1,2025-11-21_09-33,1,0.9975679303954326,1,121568.16057401433,44.189911894853545,122488.5331480828
R_LN_3DBall_3654,3DBall,3654,ppo,0.0008761104785465,200000,169,31707,3.0,12.0,197,42.2,63.5,-0.1483402249589789,12000,-1.5062946900444538,142000,-1.6057947979011598,192000,-0.0743179296640064,36000,-0.8728803392586719,36000,0.4420765635667465,12000,180000,2.5657600000000005,108000.0,105.1,2025-11-21_09-33,1,0.9485780639668593,1,102648.98115583525,86.82061957270518,107654.95901960097
R_AK_3DBall_2269,3DBall,2269,ppo,0.0008100562153883,500000,140,26295,3.0,12.0,236,38.9,81.7,-0.175205868561858,12000,0.7173596335131767,442000,0.6270461975427244,264000,-0.0536666795414949,36000,-0.3778074866235951,36000,0.1128508343056071,12000,480000,2.5657600000000005,84000.0,35.5,2025-11-21_09-33,1,0.9997350066062897,1,83366.1497162248,35.60777548704974,83476.55493414609
R_AK_3DBall_2782,3DBall,2782,ppo,0.0008973338001436,500000,154,28906,3.0,12.0,213,34.9,84.8,-0.542113801195481,12000,0.7173596335131767,442000,0.6270461975427244,228000,-0.0657725847857259,36000,-0.703432723717594,36000,0.3518049926403029,12000,480000,2.5657600000000005,96000.0,37.2,2025-11-21_09-33,1,0.9995357626893323,1,95065.83977983518,35.4088324414751,95253.82532537327
R_LN_3DBall_3830,3DBall,3830,ppo,0.0005136289126699,200000,174,32666,3.0,12.0,177,43.0,52.2,-0.4453974842251123,12000,-1.684515028101768,142000,-1.84289386055708,192000,-0.1184688782017896,36000,-0.2451075467420282,36000,0.7819224776427602,12000,180000,2.5657600000000005,144000.0,130.1,2025-11-21_09-33,1,0.33908791766281865,0,108711.82522053483,100.45018567902865,169045.28290679172
R_AP_3DBall_1238,3DBall,1238,ppo,0.0002657471626883,500000,54,10274,3.0,12.0,496,61.4,89.1,0.2584823781703527,12000,0.7173596335131767,442000,0.6270461975427244,96000,0.2553899602229874,12000,0.417371383897487,12000,-0.6146318255133665,12000,480000,2.5657600000000005,48000.0,37.2,2025-11-21_09-33,1,0.9999207531926483,1,52899.85539692352,37.163467714216395,52935.28665594981
R_LN_3DBall_3126,3DBall,3126,ppo,0.0001119340147391,100000,176,33146,3.0,12.0,97,40.0,56.3,-0.3617301941475715,12000,-1.730892843194266,46000,-1.911142228018191,96000,-0.0928328435669478,36000,-0.7330350179988667,36000,0.7500619231981372,12000,84000,2.5657600000000005,,,2025-11-21_09-33,0,0.0034861533202035348,0,142753.91982176626,175.09798324477384,100149.04671953835
R_LN_3DBall_4466,3DBall,4466,ppo,0.0004139506134917,200000,51,9706,3.0,12.0,227,44.5,63.9,2.09225445152124,12000,0.6751438026836378,142000,0.6270461975427244,156000,0.2582384085157476,12000,1.6630495375036836,12000,-2.011186128669493,12000,180000,2.5657600000000005,36000.0,30.2,2025-11-21_09-33,1,0.9999962087856742,1,43179.28374926945,30.369271625539024,43179.878290215485
R_AK_3DBall_2527,3DBall,2527,ppo,0.0008515016538806,500000,146,27432,3.0,12.0,229,43.9,84.7,-0.4922204630758465,12000,0.7173596335131767,442000,0.6270461975427244,228000,-0.0607878002733954,36000,-0.5013205075902843,36000,0.4049059167146746,12000,480000,2.5657600000000005,96000.0,40.0,2025-11-21_09-33,1,0.9995102159300692,1,87387.5695332469,39.261557248978164,87589.66052874496
R_LN_3DBall_3177,3DBall,3177,ppo,0.0004919257491562,100000,74,13941,3.0,12.0,99,40.2,56.3,-0.629619040359149,12000,-1.6604122719822676,46000,-1.7329543454361946,96000,0.1343309077806786,24000,-0.078381981249803,24000,0.3783554546774887,12000,84000,2.5657600000000005,72000.0,70.7,2025-11-21_09-33,1,0.04150343100967072,0,70636.32927003747,79.77151653208183,98781.3069176683
R_AK_3DBall_2078,3DBall,2078,ppo,0.0006748705008507,500000,82,15486,3.0,12.0,269,44.8,83.8,0.5340471225541807,12000,0.7173596335131767,442000,0.6270461975427244,132000,0.1029979765603163,24000,0.5575569614133988,24000,-1.3261842081100286,12000,480000,2.5657600000000005,60000.0,26.9,2025-11-21_09-33,1,0.9999980109991713,1,53990.29496320849,24.5723615803903,53991.18207688142
R_AK_3DBall_2559,3DBall,2559,ppo,0.000765870381118,500000,100,18911,3.0,12.0,217,25.8,81.5,-0.175205868561858,12000,0.7173596335131767,442000,0.6270461975427244,216000,0.0602712521689132,24000,-0.4968971762608988,24000,0.4049059167146746,12000,480000,2.5657600000000005,72000.0,27.1,2025-11-21_09-33,1,0.9993383811510078,1,76162.23297603556,24.33585515869654,76442.65203161338
R_LN_3DBall_3435,3DBall,3435,ppo,0.0002703276432584,100000,70,13177,3.0,12.0,102,43.5,67.4,-0.2120501797886663,12000,-1.7135297203024935,46000,-1.881715002814496,96000,0.1485731492444796,24000,-0.2325180652660845,24000,0.5004875800485553,12000,84000,2.5657600000000005,96000.0,102.0,2025-11-21_09-33,1,0.050176798283116025,0,76535.7479857194,83.50661960361833,98822.63895981523
R_LN_3DBall_3032,3DBall,3032,ppo,0.0008700978863923,100000,34,6426,3.0,12.0,150,50.6,61.3,3.694981989887357,12000,0.0946363962308158,46000,0.5903008453561966,96000,0.4469481079111113,12000,1.4759085966450634,12000,-2.8926614683041563,12000,84000,2.5657600000000005,36000.0,42.8,2025-11-21_09-33,1,0.9999999645162835,1,30996.52940690123,34.991695534942444,30996.531855400823
R_LN_3DBall_4264,3DBall,4264,ppo,0.0002331580504846,200000,81,15340,3.0,12.0,183,45.7,63.2,0.6668401609341328,12000,0.5783404193073387,142000,0.6270461975427244,156000,0.1051343127798865,24000,0.2754845251010421,24000,0.0172691709717264,12000,180000,2.5657600000000005,60000.0,48.9,2025-11-21_09-33,1,0.9844702482955815,1,68028.13100131652,54.54704129977533,70077.62135883412
R_AK_3DBall_2352,3DBall,2352,ppo,0.0006922327107721,500000,190,35646,3.0,12.0,229,40.0,82.8,-0.3839902988471002,12000,0.6415126852174942,442000,0.6270461975427244,288000,-0.1263021110068802,36000,-0.7881565314881329,36000,0.3199444381956799,12000,480000,2.5657600000000005,84000.0,34.3,2025-11-21_09-33,1,0.9989355535417326,1,116799.72492685351,53.15717690056234,117207.62110246222
R_AP_3DBall_1293,3DBall,1293,ppo,0.000781284290799,500000,68,12859,3.0,12.0,445,54.4,85.4,-0.2289371557676195,12000,0.643052321400689,442000,0.6270461975427244,144000,0.1770576321720817,24000,1.6198369929781475,24000,-0.6624226571803128,12000,480000,2.5657600000000005,48000.0,33.4,2025-11-21_09-33,1,0.9992034641526722,1,47477.538486825,28.675789087912328,47837.98884914123
R_LN_3DBall_3101,3DBall,3101,ppo,0.0007812447005863,100000,79,14966,3.0,12.0,95,40.6,55.7,-0.0884682192154169,12000,-1.6026833649649568,46000,-1.6243634492060852,96000,0.1058464248530765,24000,-0.2869590662431377,24000,-0.3597473899563592,12000,84000,2.5657600000000005,60000.0,54.2,2025-11-21_09-33,1,0.8728119206023639,1,63865.4034283444,70.20113630803638,68461.29336610169
R_AK_3DBall_2843,3DBall,2843,ppo,0.0008180181596169,500000,52,9795,3.0,12.0,272,49.3,84.5,0.8372451003581164,12000,0.6473657859978013,442000,0.6270461975427244,216000,0.2682079775404082,12000,1.2193553795407008,12000,-1.857193448853804,12000,480000,2.5657600000000005,48000.0,20.4,2025-11-21_09-33,1,0.999999958552375,1,39264.1434260984,16.82156927230828,39264.16252250541
R_LN_3DBall_3888,3DBall,3888,ppo,0.0004643068097051,200000,33,6357,3.0,12.0,266,44.6,61.9,4.140184083877943,12000,0.6147056326407371,142000,0.6270461975427244,108000,0.444099659618351,12000,2.043115775574736,12000,-3.0041734088603484,12000,180000,2.5657600000000005,36000.0,35.5,2025-11-21_09-33,1,0.9999999968775868,1,32269.867043118666,23.310502239802126,32269.86756684145
R_LN_3DBall_3817,3DBall,3817,ppo,0.0008534118712857,200000,58,10945,3.0,12.0,184,42.7,51.3,0.2485037105464251,12000,0.6402635932817728,142000,0.6270461975427244,108000,0.2048300030264937,12000,1.1097928650743814,12000,-1.336804392924903,12000,180000,2.5657600000000005,48000.0,36.9,2025-11-21_09-33,1,0.9997338543956165,1,43077.31199045121,35.42941191792938,43119.076274093
R_AK_3DBall_2630,3DBall,2630,ppo,0.0006771268783424,500000,190,35681,3.0,12.0,242,49.0,84.8,-0.1107283239149455,12000,0.7173596335131767,442000,0.6270461975427244,336000,-0.1149083178358394,36000,-0.7813514063660013,36000,0.4367664711593093,12000,480000,2.5657600000000005,84000.0,36.3,2025-11-21_09-33,1,0.9997554423043893,1,112246.40155147148,56.64091954269483,112341.22967797282
R_AK_3DBall_2086,3DBall,2086,ppo,0.0006263614697653,500000,110,20807,3.0,12.0,223,39.7,83.5,-0.3033933680384595,12000,0.7173596335131767,442000,0.6270461975427244,192000,0.01540819155794,24000,-0.5084658889685225,24000,0.1659517583799787,12000,480000,2.5657600000000005,72000.0,27.9,2025-11-21_09-33,1,0.9994575306134986,1,78614.17635684686,34.613661550240096,78842.76526607895
R_AK_3DBall_2042,3DBall,2042,ppo,0.0006811453503469,500000,163,30571,3.0,12.0,210,26.9,82.5,-0.6096617051112955,12000,0.7173596335131767,442000,0.6270461975427244,276000,-0.0971055160060881,36000,-0.7925798628175185,36000,0.4473866559741836,12000,480000,2.5657600000000005,108000.0,41.9,2025-11-21_09-33,1,0.9888541402236437,1,111269.22311232673,41.39186662560757,115601.96184227077
R_LN_3DBall_4310,3DBall,4310,ppo,7.731062184154283e-05,200000,126,23702,3.0,12.0,187,45.4,62.7,-0.0646729348814364,12000,-1.734396757153118,142000,-1.915051417766596,180000,-0.026606420760273,24000,0.1142030597065224,24000,0.7447518307907001,12000,180000,2.5657600000000005,,,2025-11-21_09-33,0,0.282846332789048,0,96721.89311371862,81.77449242723497,170788.16620982
R_AK_3DBall_2574,3DBall,2574,ppo,0.0008609219582769,500000,72,13516,3.0,12.0,221,34.9,84.2,-0.0147795967618019,12000,0.7173596335131767,442000,0.6270461975427244,168000,0.1286340111951582,24000,0.8961119362394476,24000,-0.1845143405109092,12000,480000,2.5657600000000005,60000.0,22.1,2025-11-21_09-33,1,0.9997181192045702,1,53812.55954195767,19.040059931555078,53938.331212584766
R_LN_3DBall_4440,3DBall,4440,ppo,0.0002793666768174,200000,54,10242,3.0,12.0,200,44.1,63.8,1.035283273202206,12000,0.5056720747447038,142000,0.6270461975427244,96000,0.2382992704664261,12000,1.000230350608062,12000,-0.8376557066257508,12000,180000,2.5657600000000005,48000.0,39.9,2025-11-21_09-33,1,0.9990908203417783,1,52823.28903657521,39.22235562422273,52957.09910834713
R_AP_3DBall_1050,3DBall,1050,ppo,0.000136130152989,500000,45,8564,3.0,12.0,536,65.2,87.5,0.3859022878297274,12000,0.6957749275384499,442000,0.6270461975427244,108000,0.3287375037615627,12000,0.7365317521254608,12000,-0.5190501621794859,12000,480000,2.5657600000000005,48000.0,40.2,2025-11-21_09-33,1,0.9998234245982884,1,49653.491868635385,39.124229501632286,49733.01198421809
R_LN_3DBall_3226,3DBall,3226,ppo,0.0003303381849645,100000,137,25786,3.0,12.0,90,42.2,57.6,-0.7017724831783121,12000,-1.7261423205838595,46000,-1.9042573093979784,96000,-0.0522424553951149,36000,-0.6064596907272182,36000,0.7819224776427602,12000,84000,2.5657600000000005,,,2025-11-21_09-33,0,0.006363291585577584,0,109074.1052466357,131.22145925967175,100057.74117756257
R_LN_3DBall_3469,3DBall,3469,ppo,0.0003169463143865,100000,170,31908,3.0,12.0,100,47.7,64.9,-0.3033933680384595,12000,-1.7318489075983468,46000,-1.9124238027576088,96000,-0.0971055160060881,36000,-0.4713779570529052,36000,0.8403334941245689,12000,84000,2.5657600000000005,,,2025-11-21_09-33,0,0.009023061473976862,0,127165.58958705679,158.31243405891325,100245.11678482084
R_AK_3DBall_2072,3DBall,2072,ppo,0.0001305916656084,500000,130,24462,3.0,12.0,241,43.7,83.5,-0.6726040701237578,12000,0.7173596335131767,442000,0.6270461975427244,216000,-0.0145005155160421,36000,-0.6217712222520144,36000,0.7075811839386281,12000,480000,2.5657600000000005,84000.0,36.1,2025-11-21_09-33,1,0.963290592276075,1,102286.97679953856,52.40049599183166,116886.78632531912
R_LN_3DBall_4016,3DBall,4016,ppo,0.0003060463645098,200000,93,17486,3.0,12.0,179,44.0,60.9,-0.1314532489800257,12000,0.2081324157739475,142000,0.3386377301283813,192000,0.0503016831442525,24000,-0.0082891924918471,24000,0.1553315735651044,12000,180000,2.5657600000000005,72000.0,59.8,2025-11-21_09-33,1,0.8821210328473371,1,74278.5380474703,62.196122870531205,89098.4541313573
R_AP_3DBall_1289,3DBall,1289,ppo,0.000628400493494,500000,116,21830,3.0,12.0,524,63.3,89.9,-0.8007915696003577,12000,0.7173596335131767,442000,0.6270461975427244,300000,-0.0009703861254312,24000,-0.5680107337871744,24000,-0.1685840632885978,12000,480000,2.5657600000000005,72000.0,65.4,2025-11-21_09-33,1,0.9996742806970319,1,74230.96503716218,54.58169401049764,74369.64623045568
R_AK_3DBall_2551,3DBall,2551,ppo,0.0004149381976142,500000,163,30632,3.0,12.0,250,38.2,80.2,-0.3010905985867844,12000,0.6429082909190355,442000,0.6270461975427244,228000,-0.0785906021031467,36000,-0.8061901130617818,36000,0.4420765635667465,12000,480000,2.5657600000000005,84000.0,37.5,2025-11-21_09-33,1,0.9983491562512775,1,110039.21301822513,48.0525531908975,110682.9773456609
R_LN_3DBall_3959,3DBall,3959,ppo,0.0003481606174005,200000,45,8566,3.0,12.0,196,44.7,59.7,0.6200171820833985,12000,0.7173596335131767,142000,0.6270461975427244,132000,0.319480046810092,12000,1.1730805287102055,12000,-0.8642061686629366,12000,180000,2.5657600000000005,48000.0,39.3,2025-11-21_09-33,1,0.996781469007837,1,48783.38016932926,40.64784586805048,49270.0755467844
R_AK_3DBall_2442,3DBall,2442,ppo,0.0001596028554787,500000,112,21041,3.0,12.0,240,45.8,83.7,-0.7232649980606174,12000,0.7173596335131767,442000,0.6270461975427244,180000,0.0246656485094106,24000,-0.651373516533287,24000,0.5057976724559924,12000,480000,2.5657600000000005,84000.0,36.0,2025-11-21_09-33,1,0.9939594513335328,1,89774.50983448132,44.866130876633804,92252.49687205149
R_LN_3DBall_3622,3DBall,3622,ppo,0.0008883203865832,200000,88,16521,3.0,12.0,174,39.2,62.7,0.1487170343071544,12000,0.4710004612128203,142000,0.5790451637916916,192000,0.0730892694863342,24000,-0.2699462534378086,24000,-0.418158406438168,12000,180000,2.5657600000000005,72000.0,57.9,2025-11-21_09-33,1,0.9979459914742482,1,61677.284218655564,46.565065690105286,61961.400256175584
R_AK_3DBall_2861,3DBall,2861,ppo,0.0003452392630714,500000,60,11254,3.0,12.0,299,50.8,84.4,1.2947286314243076,12000,0.7173596335131767,442000,0.6270461975427244,144000,0.2069663392460638,12000,1.6882285004555704,12000,-0.7686245053290678,12000,480000,2.5657600000000005,48000.0,22.4,2025-11-21_09-33,1,0.9999923254361893,1,46414.856026707115,20.942132810425345,46418.33709483811
R_LN_3DBall_4306,3DBall,4306,ppo,0.0005004948011848,200000,71,13373,3.0,12.0,192,44.3,62.8,0.0673525136812887,12000,0.5669744276775273,142000,0.623178265733616,120000,0.1450125888785293,24000,1.40955862670428,24000,-0.7420740432918702,12000,180000,2.5657600000000005,48000.0,38.5,2025-11-21_09-33,1,0.978810889840236,1,55212.94329406439,42.62343696339245,58280.85218831446
R_LN_3DBall_3357,3DBall,3357,ppo,0.0005996363872123,100000,175,32962,3.0,12.0,94,39.8,57.7,-0.3955041461054778,12000,-1.727369062962083,46000,-1.905822532470064,96000,-0.1006660763720383,36000,-0.7398401431209983,36000,0.6757206294940051,12000,84000,2.5657600000000005,,,2025-11-21_09-33,0,0.035612006455479836,0,124160.61784268513,139.72283123590353,100860.40807858208
R_AK_3DBall_2348,3DBall,2348,ppo,0.0008132221915936,500000,54,10184,3.0,12.0,240,43.9,82.9,1.0490998899122588,12000,0.6119541537843174,442000,0.6270461975427244,168000,0.2397234946128063,12000,1.745731807737583,12000,-2.536885277005831,12000,480000,2.5657600000000005,36000.0,12.0,2025-11-21_09-33,1,0.9999999645217384,1,37964.68939055939,15.661430568643839,37964.705782768986
R_LN_3DBall_3665,3DBall,3665,ppo,0.000783562325415,200000,181,33956,3.0,12.0,171,43.2,63.6,-0.4484678434940126,12000,-1.651586680054728,142000,-1.774475304096368,192000,-0.1028024125916085,36000,-0.7833929439026408,36000,0.8775041409766409,12000,180000,2.5657600000000005,144000.0,125.4,2025-11-21_09-33,1,0.5385461708188639,1,115378.80343263767,101.58269967033127,154427.57861853662
R_LN_3DBall_4461,3DBall,4461,ppo,0.0008891119944453,200000,161,30303,3.0,12.0,173,45.2,64.2,-0.179043817647985,12000,-1.3581891390735992,142000,-1.2245791746590748,192000,-0.1049387488111787,36000,-0.8408962511846532,36000,0.3995958243072374,12000,180000,2.5657600000000005,96000.0,80.9,2025-11-21_09-33,1,0.990568692768637,1,97421.36574011634,76.2647939070038,98388.81635519491
R_AK_3DBall_2383,3DBall,2383,ppo,0.0004971695080559,500000,151,28404,3.0,12.0,211,27.1,83.0,-0.3463783978030684,12000,0.7173596335131767,442000,0.6270461975427244,252000,-0.068621033078486,36000,-0.718063742730177,36000,0.5004875800485553,12000,480000,2.5657600000000005,96000.0,36.9,2025-11-21_09-33,1,0.9921970878235172,1,109777.9814623433,38.94824656912224,112822.84960232247
R_AP_3DBall_1330,3DBall,1330,ppo,0.0005978012901119,500000,112,21009,3.0,12.0,430,62.2,89.1,-0.1928604343580379,12000,0.7173596335131767,442000,0.6270461975427244,168000,-0.0002582740522411,24000,-0.5237774204933188,24000,0.1128508343056071,12000,480000,2.5657600000000005,72000.0,53.7,2025-11-21_09-33,1,0.9997878571307754,1,71102.60418091057,50.10418721628795,71193.59170506256
R_AP_3DBall_1358,3DBall,1358,ppo,0.0007155999958302,500000,111,20952,3.0,12.0,511,61.4,90.1,-0.0877006293981918,12000,0.7173596335131767,442000,0.6270461975427244,216000,0.0189687519238903,24000,-0.3686205677087174,24000,-0.2163748949555322,12000,480000,2.5657600000000005,72000.0,63.9,2025-11-21_09-33,1,0.9999452098117969,1,68418.90364405005,46.369188012616746,68442.5500535443
R_AK_3DBall_2565,3DBall,2565,ppo,0.0005023742157307,500000,45,8618,3.0,12.0,230,32.7,85.0,-0.3279562421896634,12000,0.7173596335131767,442000,0.6270461975427244,132000,0.304525693273101,12000,0.4946095540336809,12000,-0.5190501621794859,12000,480000,2.5657600000000005,48000.0,17.2,2025-11-21_09-33,1,0.9997473241667011,1,55171.813523656405,19.767265720251977,55284.21085634916
R_LN_3DBall_4489,3DBall,4489,ppo,4.364077619013747e-05,200000,187,35116,3.0,12.0,180,44.6,64.8,-0.6864206868338107,12000,-1.734111179473977,142000,-1.917758970032972,168000,-0.1149083178358394,36000,-0.0154345738700853,36000,0.7288215535683767,12000,180000,2.5657600000000005,,,2025-11-21_09-33,0,0.04005000127725519,0,141696.93106184126,122.25238314396265,197664.96201455884
R_LN_3DBall_4305,3DBall,4305,ppo,0.0008362394746126,200000,52,9787,3.0,12.0,229,43.9,62.5,1.894983868494375,12000,0.6475098164794552,142000,0.6270461975427244,144000,0.2539657360766073,12000,1.8005130649707426,12000,-2.738668788488467,12000,180000,2.5657600000000005,36000.0,30.5,2025-11-21_09-33,1,0.9999997952832563,1,36415.77571269693,25.252804042623154,36415.80920112664
R_AK_3DBall_2466,3DBall,2466,ppo,0.0006745743906597,500000,153,28873,3.0,12.0,214,32.2,83.8,-0.7040752526299889,12000,0.7173596335131767,442000,0.6270461975427244,276000,-0.0736058175908164,36000,-0.7150014364252179,36000,0.2296728672692364,12000,480000,2.5657600000000005,120000.0,48.1,2025-11-21_09-33,1,0.9977474597730164,1,104974.70535638023,39.94477404818601,105864.51572324106
R_LN_3DBall_3762,3DBall,3762,ppo,0.0005183885436766,200000,60,11325,3.0,12.0,188,38.4,51.1,0.0151564061099791,12000,0.7173596335131767,142000,0.6270461975427244,132000,0.1905877615626927,12000,0.007022339032949,12000,-0.460639145697677,12000,180000,2.5657600000000005,60000.0,50.2,2025-11-21_09-33,1,0.99566125285514,1,55177.01725383977,44.43615402341361,55805.36755673979
R_AK_3DBall_2340,3DBall,2340,ppo,0.0006567247370088,500000,80,15099,3.0,12.0,216,27.3,83.2,0.874089411584923,12000,0.7173596335131767,442000,0.6270461975427244,180000,0.1051343127798865,24000,0.0519361648390178,24000,0.1075407418981699,12000,480000,2.5657600000000005,60000.0,21.6,2025-11-21_09-33,1,0.9998978643310246,1,63648.122872772445,20.33614194824179,63692.68996365152
R_AK_3DBall_2634,3DBall,2634,ppo,0.0001904202232774,500000,74,14020,3.0,12.0,222,32.7,84.0,0.0727256424018659,12000,0.7173596335131767,442000,0.6270461975427244,192000,0.1208007783900676,24000,-0.149155282519972,24000,0.2296728672692364,12000,480000,2.5657600000000005,96000.0,38.8,2025-11-21_09-33,1,0.9986240898599322,1,73298.26858450504,26.574008217546798,73885.3718235441
R_AK_3DBall_2317,3DBall,2317,ppo,0.0003311492961843,500000,155,29074,3.0,12.0,211,29.4,83.9,-0.7063780220816642,12000,0.6953825686401519,442000,0.6270461975427244,288000,-0.0736058175908164,36000,-0.7309934804622271,36000,0.7606821080130115,12000,480000,2.5657600000000005,108000.0,42.2,2025-11-21_09-33,1,0.9262643011269638,1,119120.52622361534,45.72529457197886,147204.94040891132
R_AK_3DBall_2494,3DBall,2494,ppo,0.0001268426005745,500000,127,23897,3.0,12.0,228,42.2,83.3,-0.6211755523696715,12000,0.7173596335131767,442000,0.6270461975427244,264000,-0.0209095241747526,24000,-0.4598092443452813,24000,0.8668839561617666,12000,480000,2.5657600000000005,108000.0,45.6,2025-11-21_09-33,1,0.9580187570576935,1,100694.6590570518,47.16910662049462,117457.99358333825
R_LN_3DBall_3285,3DBall,3285,ppo,0.0008494546179675,100000,146,27423,3.0,12.0,92,41.8,57.4,-0.8276572132032385,12000,-1.7273044975737557,46000,-1.900103150634996,96000,-0.0586514640538253,36000,-0.7252091241084153,36000,0.8137830320873831,12000,84000,2.5657600000000005,,,2025-11-21_09-33,0,0.03775714906105723,0,99122.30844751527,114.00828780947549,99966.86086922321
R_LN_3DBall_4395,3DBall,4395,ppo,0.0004689337316342,200000,54,10252,3.0,12.0,188,44.3,63.6,0.2692286356115036,12000,0.6798421763265488,142000,0.6270461975427244,132000,0.2468446153447068,12000,0.4912069914726151,12000,-0.4765694229199885,12000,180000,2.5657600000000005,48000.0,37.5,2025-11-21_09-33,1,0.9970921729895704,1,54456.46541756304,41.52464768896527,54879.68083861524
R_AK_3DBall_2386,3DBall,2386,ppo,0.0008376420696857,500000,65,12201,3.0,12.0,218,26.4,82.9,-0.2596407484566256,12000,0.7173596335131767,442000,0.6270461975427244,144000,0.1699365114401812,24000,0.2707209375155501,24000,-0.0783124923621542,12000,480000,2.5657600000000005,60000.0,21.8,2025-11-21_09-33,1,0.9994950634712666,1,57296.23152755441,18.308550991142752,57519.768831664085
R_LN_3DBall_3565,3DBall,3565,ppo,0.0006459609902079,200000,185,34750,3.0,12.0,174,43.6,62.9,-0.3686385025025971,12000,-1.6935268663417913,142000,-1.8588065320197509,192000,-0.1120598695430792,36000,-0.4203395186369179,36000,0.5535885041229387,12000,180000,2.5657600000000005,156000.0,139.4,2025-11-21_09-33,1,0.4717800867791456,0,117989.38951628548,107.32661166963042,161309.02706918246
R_LN_3DBall_4300,3DBall,4300,ppo,0.0002380011365422,200000,171,32119,3.0,12.0,180,44.2,65.8,-0.3417728588997163,12000,-1.7072172119513944,142000,-1.8795979548043105,180000,-0.1141962057626494,36000,-0.1171711944459533,36000,0.6757206294940051,12000,180000,2.5657600000000005,180000.0,168.4,2025-11-21_09-33,1,0.2014260955631634,0,122638.26307930588,102.39420013760109,184417.32738607997
R_AP_3DBall_1094,3DBall,1094,ppo,0.0007343159712933,500000,137,25796,3.0,12.0,417,56.6,89.6,-0.7086807915333394,12000,0.7065573473891475,442000,0.6270461975427244,240000,-0.0700452572248662,36000,-0.7058145175103402,36000,0.4633169331964951,12000,480000,2.5657600000000005,96000.0,73.0,2025-11-21_09-33,1,0.9962426290926887,1,86797.14261016705,58.00270169165975,88349.69900534152
R_AK_3DBall_2153,3DBall,2153,ppo,0.000518489809566,500000,88,16557,3.0,12.0,249,43.5,83.4,0.0335785617233824,12000,0.6808752225397894,442000,0.6270461975427244,156000,0.071665045339954,24000,0.0961694781328735,24000,0.070370095046098,12000,480000,2.5657600000000005,60000.0,24.9,2025-11-21_09-33,1,0.9995883813674664,1,65445.05834327462,30.065412754125628,65623.92925412007
R_LN_3DBall_4063,3DBall,4063,ppo,0.000375377398338,200000,181,34014,3.0,12.0,172,44.2,61.6,-0.3103016763934851,12000,-1.6693868609597944,142000,-1.8288713184384595,192000,-0.1149083178358394,36000,-0.6210907097398012,36000,0.6597903522716937,12000,180000,2.5657600000000005,144000.0,126.3,2025-11-21_09-33,1,0.5282150563705773,1,124871.87642196927,110.11883634726391,160316.1939692148
R_AK_3DBall_2831,3DBall,2831,ppo,0.0007496257373344,500000,59,11149,3.0,12.0,262,51.9,84.7,0.0074805079377267,12000,0.7173596335131767,442000,0.6270461975427244,96000,0.2105268996120141,12000,1.3398060942024308,12000,-0.9332373699596316,12000,480000,2.5657600000000005,48000.0,19.7,2025-11-21_09-33,1,0.9999908619107751,1,44832.36138883786,20.873990418397412,44836.520751331765
R_AK_3DBall_2023,3DBall,2023,ppo,0.0005139110434227,500000,130,24413,3.0,12.0,226,40.0,84.4,-0.3187451643829626,12000,0.6389648356627232,442000,0.6270461975427244,228000,-0.0394244380776939,36000,-0.4050279871121217,36000,0.2084324976394878,12000,480000,2.5657600000000005,84000.0,33.9,2025-11-21_09-33,1,0.9979290080696852,1,88353.50162312982,40.19728822731698,89206.01819941067
R_AK_3DBall_2341,3DBall,2341,ppo,8.438999123902009e-05,500000,83,15707,3.0,12.0,229,40.4,82.9,-0.4922204630758465,12000,0.7173596335131767,442000,0.6270461975427244,156000,0.0958768558284157,24000,-0.3196236668293695,24000,0.7075811839386281,12000,480000,2.5657600000000005,72000.0,28.6,2025-11-21_09-33,1,0.9794807706583724,1,80482.3486226168,36.410041620943545,89090.52752409033
R_LN_3DBall_3065,3DBall,3065,ppo,0.0007782760233561,100000,73,13845,3.0,12.0,99,41.5,55.6,0.2024483215129159,12000,-1.5780442194655049,46000,-1.5259503708763429,96000,0.1293461232683483,24000,0.5864787431824582,24000,-0.2641657266224785,12000,84000,2.5657600000000005,60000.0,56.5,2025-11-21_09-33,1,0.6366372538010987,1,58112.58353481422,64.19739231868606,73332.9102127812
R_LN_3DBall_3726,3DBall,3726,ppo,0.0002550523999872,200000,183,34328,3.0,12.0,173,43.3,51.2,0.1241541601559505,12000,-1.6900304022354389,142000,-1.8569653964786152,192000,-0.1277263351532603,36000,-0.400604655782736,36000,0.6651004446791309,12000,180000,2.5657600000000005,156000.0,138.6,2025-11-21_09-33,1,0.5436641616066391,1,118290.96441506564,113.29831978927263,155577.7256730296
R_AP_3DBall_1346,3DBall,1346,ppo,0.0004654366399586,500000,164,30925,3.0,12.0,432,62.1,88.3,-0.2918795207800819,12000,0.6501271979908863,442000,0.6270461975427244,228000,-0.0835753866154772,36000,-0.8609713702949415,36000,0.4739371180113694,12000,480000,2.5657600000000005,96000.0,75.6,2025-11-21_09-33,1,0.9984612821606688,1,103567.15135148528,76.85571946369711,104177.14964779766
R_LN_3DBall_3993,3DBall,3993,ppo,0.0004563828506893,200000,32,6157,3.0,12.0,214,44.5,61.0,5.181803465852476,12000,0.6094162373662123,142000,0.6270461975427244,96000,0.4718720304727631,12000,2.2302567164333555,12000,-2.287310933856261,12000,180000,2.5657600000000005,36000.0,28.5,2025-11-21_09-33,1,0.9999999970978635,1,30976.30182675824,21.385171658960388,30976.30231728809
R_LN_3DBall_4501,3DBall,4501,ppo,0.0007362981703694,200000,184,34554,3.0,12.0,170,44.9,64.5,-0.5405786215610309,12000,-1.6514625158464056,142000,-1.7730364334633797,192000,-0.1198931023481697,36000,-0.6731499169241083,36000,0.4367664711593093,12000,180000,2.5657600000000005,144000.0,124.4,2025-11-21_09-33,1,0.913130085107295,1,115443.79769331259,93.65690273034943,122789.18779134488
R_AK_3DBall_2523,3DBall,2523,ppo,0.0001838148530181,500000,144,27169,3.0,12.0,230,44.6,85.1,-0.2258667964987192,12000,0.7173596335131767,442000,0.6270461975427244,264000,-0.0501061191755447,36000,-0.4863492323215946,36000,0.5376582269006271,12000,480000,2.5657600000000005,96000.0,40.2,2025-11-21_09-33,1,0.9949298096637331,1,105740.95458139751,50.47301944347923,107739.92298346471
R_LN_3DBall_3915,3DBall,3915,ppo,0.0003234854397079,200000,75,14248,3.0,12.0,184,46.6,62.0,-0.6050561662079433,12000,0.3501762700945138,142000,0.6004013046203811,168000,0.1236492266828278,24000,-0.3175821292927301,24000,0.2456031444915479,12000,180000,2.5657600000000005,72000.0,61.5,2025-11-21_09-33,1,0.8471284856629665,1,71413.85752501342,63.79604266850816,91071.01584792216
R_AK_3DBall_2832,3DBall,2832,ppo,0.0007892969317732,500000,134,25296,3.0,12.0,215,33.9,84.2,-0.2105150001542162,12000,0.6929092176103744,442000,0.6270461975427244,240000,-0.0394244380776939,36000,-0.6493319789966475,36000,0.5960692433824359,12000,480000,2.5657600000000005,96000.0,37.6,2025-11-21_09-33,1,0.9994566819366645,1,89657.95954917959,31.969896616791157,89880.90579190248
R_LN_3DBall_4223,3DBall,4223,ppo,0.0001499218441824,200000,96,18165,3.0,12.0,179,44.6,68.1,-0.3901310173849007,12000,-0.442001312137616,142000,0.1080548432602057,180000,0.0624075883884834,24000,-0.6251737848130802,24000,0.5057976724559924,12000,180000,2.5657600000000005,84000.0,71.4,2025-11-21_09-33,1,0.7148241820040578,1,89168.62350215837,72.62566788628129,120775.0519545466
R_AK_3DBall_2716,3DBall,2716,ppo,7.756954432565695e-05,500000,165,31028,3.0,12.0,216,33.0,83.4,-0.6864206868338107,12000,0.550992010782297,442000,0.577407739325836,492000,-0.0842874986886671,36000,-0.1583422014348497,36000,0.7394417383832629,12000,480000,2.5657600000000005,192000.0,80.9,2025-11-21_09-33,1,0.786847313358068,1,128776.79969795917,51.377962716952695,207904.02218615526
R_LN_3DBall_3311,3DBall,3311,ppo,0.0006435675329617,100000,170,31981,3.0,12.0,94,39.7,63.0,-0.3717088617714973,12000,-1.7295022040610577,46000,-1.9090122869019752,84000,-0.0978176280792782,36000,-0.7711437186828038,36000,0.6597903522716937,12000,84000,2.5657600000000005,,,2025-11-21_09-33,0,0.03524251381452074,0,122570.15478236132,133.37669823502074,100795.42899171326
R_AK_3DBall_2290,3DBall,2290,ppo,0.0008852292173052,500000,145,27308,3.0,12.0,214,28.5,81.9,-0.1314532489800257,12000,0.7173596335131767,442000,0.6270461975427244,240000,-0.0501061191755447,36000,-0.5819612402875443,36000,0.4049059167146746,12000,480000,2.5657600000000005,96000.0,37.4,2025-11-21_09-33,1,0.9991385297638858,1,92034.09250032215,32.47958263522721,92385.54298698243
R_AP_3DBall_1201,3DBall,1201,ppo,0.000441291775025,500000,103,19421,3.0,12.0,421,55.0,90.6,0.055071076605686,12000,0.7173596335131767,442000,0.6270461975427244,168000,0.0075749587528494,24000,-0.595231234275701,24000,0.2456031444915479,12000,480000,2.5657600000000005,72000.0,52.6,2025-11-21_09-33,1,0.9993121962770157,1,75646.28335615624,47.14431835462665,75938.15542232609
R_AK_3DBall_2027,3DBall,2027,ppo,0.0007063408929922,500000,156,29290,3.0,12.0,226,40.2,84.7,-0.5474869299160582,12000,0.7173596335131767,442000,0.6270461975427244,264000,-0.067908921005296,36000,-0.8473611200506782,36000,0.2456031444915479,12000,480000,2.5657600000000005,96000.0,39.5,2025-11-21_09-33,1,0.9988936684893954,1,99664.88903326092,46.13440733220881,100107.79238132479
R_LN_3DBall_4495,3DBall,4495,ppo,0.0006707736134914,200000,187,35138,3.0,12.0,173,45.3,64.2,-0.6419004774347518,12000,-1.6868964976173872,142000,-1.8432393957986928,192000,-0.1312868955192106,36000,-0.6748511982046412,36000,0.7341316459758139,12000,180000,2.5657600000000005,156000.0,138.1,2025-11-21_09-33,1,0.7122757453145268,1,121874.595883576,100.77017692757553,144353.1695549755
R_AP_3DBall_1076,3DBall,1076,ppo,0.0003083616788489,500000,49,9196,3.0,12.0,652,64.7,87.8,2.4914011564783185,12000,0.6798421763265488,442000,0.6270461975427244,120000,0.2874350035165397,12000,1.2724353554933274,12000,-1.3261842081100286,12000,480000,2.5657600000000005,36000.0,32.6,2025-11-21_09-33,1,0.9999998366472569,1,39791.32029132118,27.90922449816498,39791.39546767141
R_LN_3DBall_3909,3DBall,3909,ppo,0.0001187321107694,200000,88,16523,3.0,12.0,195,43.3,59.5,-0.4638196398385156,12000,-1.7260107065230383,142000,-1.905972092500016,192000,0.0730892694863342,24000,0.285351956528133,24000,0.5270380420857529,12000,180000,2.5657600000000005,,,2025-11-21_09-33,0,0.1992410356915745,0,77237.63915135621,67.16570027492249,175540.7000805734
R_LN_3DBall_4326,3DBall,4326,ppo,0.0001111917090141,200000,105,19860,3.0,12.0,182,44.1,63.3,-0.4392567656873118,12000,-1.3726716523322977,142000,-1.3172909215021922,180000,0.0089991828992295,24000,-0.4615105256258143,24000,0.7500619231981372,12000,180000,2.5657600000000005,96000.0,84.7,2025-11-21_09-33,1,0.44000204332581716,0,92661.29897672028,75.93434011282058,152770.75222181794
R_LN_3DBall_3232,3DBall,3232,ppo,0.0002251736162059,100000,78,14635,3.0,12.0,96,40.4,57.0,-0.5213888761304025,12000,-1.71093468834856,46000,-1.869226740313488,96000,0.1051343127798865,24000,-0.4846479510410618,24000,0.0916104646758466,12000,84000,2.5657600000000005,84000.0,82.2,2025-11-21_09-33,1,0.10369012222006074,0,77674.81539852354,88.86582547151954,97685.09888008749
R_AK_3DBall_2833,3DBall,2833,ppo,0.0004694744572616,500000,51,9658,3.0,12.0,278,50.2,83.1,0.8809977199399504,12000,0.6192872919278253,442000,0.6270461975427244,96000,0.263935305101268,12000,0.9821967690344128,12000,-0.8960667231075714,12000,480000,2.5657600000000005,36000.0,13.9,2025-11-21_09-33,1,0.9999984785459635,1,45525.98855833645,20.731226134796785,45526.680019655665
R_LN_3DBall_3641,3DBall,3641,ppo,0.0008410183781868,200000,175,32857,3.0,12.0,177,43.0,63.6,-0.5774229327878375,12000,-1.5268537996584393,142000,-1.6108231092530003,180000,-0.0992418522256582,36000,-0.8997605834910918,36000,0.6013793357898731,12000,180000,2.5657600000000005,108000.0,94.4,2025-11-21_09-33,1,0.7740574937047857,1,110525.2461595128,96.70036473937071,130741.39629237982
R_AK_3DBall_2494,3DBall,2494,ppo,0.0001268426005745,500000,127,23897,3.0,12.0,228,42.2,83.3,-0.6211755523696715,12000,0.7173596335131767,442000,0.6270461975427244,264000,-0.0209095241747526,24000,-0.4598092443452813,24000,0.8668839561617666,12000,480000,2.5657600000000005,108000.0,45.6,2025-11-21_09-33,1,0.9580187570576935,1,100694.6590570518,47.16910662049462,117457.99358333825
R_AK_3DBall_2584,3DBall,2584,ppo,0.0006146010572941,500000,114,21426,3.0,12.0,260,47.1,85.0,0.1134079027147979,12000,0.6473657859978013,442000,0.6270461975427244,216000,0.0111355191187997,24000,-0.4635520631624537,24000,0.2562233293064223,12000,480000,2.5657600000000005,72000.0,32.5,2025-11-21_09-33,1,0.9999260290679036,1,74537.31733374405,34.39527712393797,74568.78920495311
R_AK_3DBall_2407,3DBall,2407,ppo,0.0003718859307552,500000,101,18991,3.0,12.0,226,43.4,83.2,0.158695701931082,12000,0.7173596335131767,442000,0.6270461975427244,216000,0.0503016831442525,24000,-0.3975423494777769,24000,0.1553315735651044,12000,480000,2.5657600000000005,72000.0,28.2,2025-11-21_09-33,1,0.9998043814609286,1,74694.65993552175,33.899237537980625,74777.8575448044
R_AK_3DBall_2648,3DBall,2648,ppo,0.0002943623668212,500000,136,25679,3.0,12.0,215,32.9,84.5,-0.4500030231284627,12000,0.6798049270640524,442000,0.6270461975427244,300000,-0.0579393519806353,36000,-0.416936956075852,36000,0.6757206294940051,12000,480000,2.5657600000000005,120000.0,48.3,2025-11-21_09-33,1,0.9773337070009772,1,106038.95128179117,40.063652021356695,114968.58784224039
R_AK_3DBall_2350,3DBall,2350,ppo,0.0007468464308279,500000,32,6126,3.0,12.0,302,50.5,83.0,5.6715257692421215,12000,0.6716299555881204,442000,0.6270461975427244,300000,0.4611903493749123,12000,2.3422010246924208,12000,-3.683865237012388,12000,480000,2.5657600000000005,24000.0,7.6,2025-11-21_09-33,1,0.9999999999999811,1,24085.70873485974,9.395899401441651,24085.708734868724
R_AK_3DBall_2090,3DBall,2090,ppo,0.0001096586046063,500000,159,29854,3.0,12.0,238,41.9,82.3,-0.1352911980661511,12000,0.7173596335131767,442000,0.6270461975427244,264000,-0.0842874986886671,36000,-0.7214663052912429,36000,0.7182013687535025,12000,480000,2.5657600000000005,96000.0,41.6,2025-11-21_09-33,1,0.9831433137454327,1,116794.90831330935,58.19959555173735,123254.47631502457
R_LN_3DBall_3127,3DBall,3127,ppo,0.0003594425846382,100000,81,15225,3.0,12.0,109,41.6,56.0,-0.0792571414087143,12000,-1.5346885612035683,46000,-1.314544689917725,96000,0.0951647437552258,24000,0.1278133099507857,24000,-0.2163748949555322,12000,84000,2.5657600000000005,60000.0,62.3,2025-11-21_09-33,1,0.2732570499795612,0,70128.32051759135,81.02802191079957,91837.35298670203
R_LN_3DBall_3996,3DBall,3996,ppo,0.0008175339088112,200000,161,30286,3.0,12.0,180,43.7,61.1,-0.6242459116385718,12000,-1.3274733972188604,142000,-1.1663848512804391,192000,-0.0558030157610651,36000,-0.9018021210277314,36000,0.2615334217138594,12000,180000,2.5657600000000005,96000.0,84.1,2025-11-21_09-33,1,0.9609753312563429,1,100475.75877207454,85.87429641744957,104359.65931795815
R_AK_3DBall_2346,3DBall,2346,ppo,0.0006334399628706,500000,120,22584,3.0,12.0,248,42.7,82.4,-0.9880834850032946,12000,0.6051772712940934,442000,0.6270461975427244,192000,0.002590174240519,24000,-0.5363669019692624,24000,-0.0570721227324056,12000,480000,2.5657600000000005,84000.0,37.2,2025-11-21_09-33,1,0.999332436021683,1,81436.01868165261,38.055398299239286,81715.4369182017
R_AK_3DBall_2909,3DBall,2909,ppo,0.0002835845347028,500000,49,9245,3.0,12.0,227,33.5,84.1,-0.5613035466261095,12000,0.7173596335131767,442000,0.6270461975427244,156000,0.2703443137599784,12000,-0.2968264976702286,12000,0.3624251774551772,12000,480000,2.5657600000000005,60000.0,22.7,2025-11-21_09-33,1,0.9983800552726508,1,64146.81851841964,23.214405896154837,64852.87658165909
R_AK_3DBall_2081,3DBall,2081,ppo,0.0004812642763635,500000,138,26039,3.0,12.0,230,41.8,83.9,-0.1828817667341103,12000,0.6801501035631877,442000,0.6270461975427244,252000,-0.0458334467364044,36000,-0.5322838268959833,36000,0.1553315735651044,12000,480000,2.5657600000000005,96000.0,40.2,2025-11-21_09-33,1,0.9990939311832663,1,93392.34844401272,43.80216277509332,93760.76295773294
R_LN_3DBall_3107,3DBall,3107,ppo,0.0004448842872104,100000,43,8233,3.0,12.0,103,39.9,55.8,0.1533225732105065,12000,-1.2349437458930104,46000,-0.3644336561920081,96000,0.318767934736902,12000,0.4544593158131045,12000,-0.2854060962522271,12000,84000,2.5657600000000005,48000.0,44.2,2025-11-21_09-33,1,0.5181314467962223,1,55641.871633909715,61.99316102775617,77016.65877250509
R_AK_3DBall_2050,3DBall,2050,ppo,0.0005626153803667,500000,158,29729,3.0,12.0,211,28.2,82.5,-0.4292780980633842,12000,0.7173596335131767,442000,0.6270461975427244,276000,-0.0586514640538253,36000,-0.7388193743526785,36000,0.5482784117155015,12000,480000,2.5657600000000005,96000.0,36.9,2025-11-21_09-33,1,0.9864259152905223,1,112159.88394132943,42.87544315302644,117424.4585304435
R_LN_3DBall_4023,3DBall,4023,ppo,0.0002989138907418,200000,165,31000,3.0,12.0,175,43.9,61.8,-0.3187451643829626,12000,-1.6046252931831153,142000,-1.7311338388647075,192000,-0.1106356453966991,36000,-0.7578737246946472,36000,0.6119995206047475,12000,180000,2.5657600000000005,108000.0,93.5,2025-11-21_09-33,1,0.5942227348522063,1,118159.62843994456,103.29590337471912,151368.59059026313
R_LN_3DBall_3009,3DBall,3009,ppo,0.0007558952768987,100000,176,33163,3.0,12.0,102,45.6,66.8,-0.5183185168615022,12000,-1.729313474464408,46000,-1.908898827568908,84000,-0.0814390503959069,36000,-0.7891773002564527,36000,0.6226197054196217,12000,84000,2.5657600000000005,,,2025-11-21_09-33,0,0.03553156056372645,0,123542.8743276771,152.49184739568528,100836.51506501807
R_LN_3DBall_3382,3DBall,3382,ppo,0.0001888661289162,100000,163,30588,3.0,12.0,92,40.5,57.8,-0.7854397732558547,12000,-1.7361772719004578,46000,-1.9198115525130048,84000,-0.0935449556401379,36000,0.2489445371247288,36000,0.7553720156055744,12000,84000,2.5657600000000005,,,2025-11-21_09-33,0,0.0003501280431619502,0,124376.51440148018,146.42284070212705,100008.5349012865
R_LN_3DBall_3099,3DBall,3099,ppo,0.0002711417094158,100000,67,12573,3.0,12.0,97,43.3,56.3,0.0765635914879913,12000,-1.5896808890694587,46000,-1.548701545777517,96000,0.1613911665619005,24000,0.3159750195777254,24000,0.0969205570832956,12000,84000,2.5657600000000005,60000.0,55.4,2025-11-21_09-33,1,0.12416224836469529,0,65785.0980546052,78.65505036686883,95751.8008468822
R_AK_3DBall_2615,3DBall,2615,ppo,0.0003205162470493,500000,142,26653,3.0,12.0,241,45.6,83.9,-0.4154614813533313,12000,0.6922312810329354,442000,0.6270461975427244,252000,-0.0650604727125358,36000,-0.5744756026531995,36000,0.2402930520841107,12000,480000,2.5657600000000005,96000.0,42.2,2025-11-21_09-33,1,0.9989297305531353,1,97029.03856798657,46.50806307799435,97460.32607598096
R_AK_3DBall_2498,3DBall,2498,ppo,0.000722783597871,500000,159,29822,3.0,12.0,234,45.3,83.7,-0.6764420192098831,12000,0.7173596335131767,442000,0.6270461975427244,300000,-0.0800148262495269,36000,-0.8912541770884274,36000,0.4420765635667465,12000,480000,2.5657600000000005,96000.0,40.9,2025-11-21_09-33,1,0.9993558538293142,1,98275.31696533372,47.20374549470754,98534.08638158046
R_AK_3DBall_2246,3DBall,2246,ppo,0.0001162449220978,500000,37,6942,3.0,12.0,317,45.8,82.1,3.13540901313022,12000,0.7104883862246275,442000,0.6270461975427244,72000,0.3985244869341878,12000,3.0778350503948517,12000,-0.773934597736505,12000,480000,2.5657600000000005,36000.0,15.8,2025-11-21_09-33,1,0.9999897153948106,1,37598.17527691677,16.365697945650652,37602.9308971229
R_AK_3DBall_2946,3DBall,2946,ppo,0.000711822396232,500000,130,24401,3.0,12.0,237,44.1,84.5,-0.4093207628155307,12000,0.7173596335131767,442000,0.6270461975427244,228000,-0.0415607742972641,36000,-0.5023412763586041,36000,0.0066489861568521,12000,480000,2.5657600000000005,84000.0,35.5,2025-11-21_09-33,1,0.9999281243875062,1,80753.33904237069,34.30749620732443,80783.47265291298
R_AK_3DBall_2366,3DBall,2366,ppo,0.0002647593118685,500000,139,26074,3.0,12.0,244,45.3,83.7,-0.1214745813560981,12000,0.680224602088181,442000,0.6270461975427244,300000,-0.0323033173457934,36000,-0.4108123434659335,36000,0.3305646230105543,12000,480000,2.5657600000000005,84000.0,36.6,2025-11-21_09-33,1,0.9982288727754627,1,95116.22773131132,46.8645100819774,95833.32840314976
R_LN_3DBall_4046,3DBall,4046,ppo,0.0002698291232267,200000,60,11267,3.0,12.0,189,44.0,61.0,0.1395059565004536,12000,0.7173596335131767,142000,0.6270461975427244,132000,0.2062542271728737,12000,0.5776320805236869,12000,0.0756801874535352,12000,180000,2.5657600000000005,48000.0,37.9,2025-11-21_09-33,1,0.9026633893919714,1,59591.33105682023,49.1990706198514,73258.23499173412
R_LN_3DBall_4342,3DBall,4342,ppo,0.0005641794130764,200000,156,29285,3.0,12.0,177,44.9,62.9,-0.5889367800462153,12000,-1.229857979920134,142000,-0.6815473348723459,192000,-0.0828632745422871,36000,-0.9259603152112988,36000,0.3571150850477401,12000,180000,2.5657600000000005,96000.0,82.4,2025-11-21_09-33,1,0.9356082280938617,1,104823.59132653383,87.45948360871095,110952.16892468107
R_LN_3DBall_3288,3DBall,3288,ppo,0.0007705641724813,100000,71,13434,3.0,12.0,98,40.0,57.7,0.0005721995827011,12000,-1.4333209015293462,46000,-0.9951566673336318,96000,0.1357551319270587,24000,1.1356523405384813,24000,-0.6464923799579895,12000,84000,2.5657600000000005,48000.0,42.0,2025-11-21_09-33,1,0.5442169302119013,1,56192.49417532554,58.259987919849465,76159.21365985568
U_OE_3DBall_5,3DBall,5,sac,0.0003,500000,64,200000,3.0,12.0,485,46.9,72.8,-3.729146722314311,12000,0.5019694980525369,442000,0.6270461975427244,72000,-18.565020022116887,12000,-1.4053813800654726,12000,-10.22589908297569,12000,480000,2.5657600000000005,60000.0,48.5,2025-11-21_09-33,1,0.9981893758955723,1,50739.268623851574,43.032964927737694,51552.710933254035
R_LN_3DBall_3233,3DBall,3233,ppo,0.0006394989926261,100000,106,20017,3.0,12.0,91,41.9,57.1,0.3160516144622378,12000,-1.6902340315370874,46000,-1.8318779907647396,96000,0.0346352175340713,24000,-0.576517140189839,24000,0.2668435141212966,12000,84000,2.5657600000000005,72000.0,65.0,2025-11-21_09-33,1,0.681438436854312,1,78595.13276257337,87.23941976665607,85413.90072865391
R_AK_3DBall_2455,3DBall,2455,ppo,0.0002714415605649,500000,45,8508,3.0,12.0,273,49.7,83.9,0.8694838726815727,12000,0.6799588906823716,442000,0.6270461975427244,132000,0.3002530208339606,12000,2.350367174838979,12000,-1.4961071651480295,12000,480000,2.5657600000000005,36000.0,13.7,2025-11-21_09-33,1,0.9999815399248441,1,42368.419219742456,20.272616831101047,42376.86713311739
R_LN_3DBall_3823,3DBall,3823,ppo,0.0002895420249935,200000,64,12150,3.0,12.0,183,42.8,51.1,0.0074805079377267,12000,0.6716001561781232,142000,0.6270461975427244,156000,0.1827545287576021,24000,0.0563594961684034,24000,-0.1579638784737234,12000,180000,2.5657600000000005,60000.0,48.7,2025-11-21_09-33,1,0.9808116828856134,1,60169.72365441982,53.11041516193322,62852.831339131124
R_AK_3DBall_2620,3DBall,2620,ppo,3.7535447217927925e-05,500000,58,10976,3.0,12.0,244,48.0,84.2,0.2116593993196184,12000,0.7173596335131767,442000,0.6270461975427244,228000,0.1934362098554529,12000,-0.0218994427361104,12000,0.6279297978270589,12000,480000,2.5657600000000005,84000.0,36.6,2025-11-21_09-33,1,0.998675280436216,1,64566.46283880006,31.022743243592462,65143.29016420516
R_AK_3DBall_2004,3DBall,2004,ppo,0.0004042798403166,500000,38,7291,3.0,12.0,296,49.2,85.0,2.2933629836342293,12000,0.680301583897341,442000,0.6270461975427244,120000,0.3650552194942553,12000,2.5916088604185457,12000,-2.6165366631174005,12000,480000,2.5657600000000005,36000.0,14.8,2025-11-21_09-33,1,0.9999999648901706,1,35063.479700267824,16.40455667745334,35063.49602410972
R_AK_3DBall_2709,3DBall,2709,ppo,0.0001204590629803,500000,91,17199,3.0,12.0,252,47.0,83.4,0.3429172580651186,12000,0.7173596335131767,442000,0.6270461975427244,168000,0.071665045339954,24000,0.4789577662527783,24000,0.5748288737526873,12000,480000,2.5657600000000005,60000.0,25.2,2025-11-21_09-33,1,0.9969619581738081,1,72769.15219392869,33.86375400870106,74067.09737900298
R_LN_3DBall_3194,3DBall,3194,ppo,0.0002418063798631,100000,139,26087,3.0,12.0,90,42.5,56.9,-0.4661224092901909,12000,-1.729152060993589,46000,-1.9079137942681883,96000,-0.0622120244197756,36000,-0.39822286198999,36000,0.6491701674568193,12000,84000,2.5657600000000005,,,2025-11-21_09-33,0,0.007509682326307745,0,107821.25627157165,131.45484887221272,100058.73514999214
R_AP_3DBall_1053,3DBall,1053,ppo,0.0002893893925795,500000,134,25205,3.0,12.0,518,65.7,87.9,-0.967358559938216,12000,0.6515327368290933,442000,0.6270461975427244,216000,-0.0315912052726034,36000,-0.5013205075902843,36000,0.3411848078254286,12000,480000,2.5657600000000005,84000.0,77.7,2025-11-21_09-33,1,0.9854093033984237,1,90618.52099580198,76.19627916297452,96591.68195025681
R_AK_3DBall_2021,3DBall,2021,ppo,0.000848695215761,500000,175,32912,3.0,12.0,222,37.5,84.2,-0.6211755523696715,12000,0.6893804708098582,442000,0.6270461975427244,276000,-0.0928328435669478,36000,-0.8466806075384651,36000,0.5748288737526873,12000,480000,2.5657600000000005,108000.0,44.4,2025-11-21_09-33,1,0.9962159507335491,1,110200.43124313981,49.00347108745463,111675.45201535709
R_AP_3DBall_1134,3DBall,1134,ppo,0.0008194901092012,500000,146,27502,3.0,12.0,442,65.4,89.5,-0.2780629040700289,12000,0.7173596335131767,442000,0.6270461975427244,192000,-0.0643483606393457,36000,-0.1586824576909562,36000,-0.0039711986580222,12000,480000,2.5657600000000005,72000.0,55.2,2025-11-21_09-33,1,0.9996858382566756,1,78529.7671147173,60.018003970678514,78662.17693783989
R_AK_3DBall_2682,3DBall,2682,ppo,0.0002390007732128,500000,58,10946,3.0,12.0,287,51.6,85.0,1.3054748888654586,12000,0.6814091286355748,442000,0.6270461975427244,108000,0.2026936668069235,12000,1.6963946506021286,12000,-1.3155640232951544,12000,480000,2.5657600000000005,36000.0,14.4,2025-11-21_09-33,1,0.9999974151299647,1,46610.48623120788,21.89486315239762,46611.65818417636
R_LN_3DBall_3954,3DBall,3954,ppo,0.0003660213459888,200000,136,25640,3.0,12.0,173,44.0,59.6,-0.4883825139897212,12000,-1.543288174271962,142000,-1.5418295202633343,192000,-0.0344396535653636,36000,-0.6023766156539392,36000,0.6757206294940051,12000,180000,2.5657600000000005,120000.0,104.1,2025-11-21_09-33,1,0.5661152758501284,1,99653.86764898429,87.80962822328124,143192.52160361124
R_AK_3DBall_2604,3DBall,2604,ppo,0.0006444487514344,500000,94,17700,3.0,12.0,246,47.8,84.2,-0.0071036985895512,12000,0.7173596335131767,442000,0.6270461975427244,144000,0.0602712521689132,24000,0.653168969379348,24000,-0.1845143405109092,12000,480000,2.5657600000000005,60000.0,24.6,2025-11-21_09-33,1,0.9998513554436966,1,61242.082549876,28.125486247818134,61307.30152583996
R_LN_3DBall_3507,3DBall,3507,ppo,0.0005712202489144,200000,69,13114,3.0,12.0,189,48.9,69.4,0.0757960016707662,12000,0.6625610018122688,142000,0.6270461975427244,156000,0.1457247009517194,24000,0.9604203686435916,24000,-0.1845143405109092,12000,180000,2.5657600000000005,60000.0,50.4,2025-11-21_09-33,1,0.8872522078417032,1,58719.40690764882,52.327484684669415,74648.48185362613
R_AK_3DBall_2481,3DBall,2481,ppo,0.0004271361250021,500000,126,23704,3.0,12.0,232,45.1,83.0,0.1763502677272602,12000,0.7173596335131767,442000,0.6270461975427244,216000,-0.0401365501508839,24000,-0.2634813845717836,24000,0.2827737913436081,12000,480000,2.5657600000000005,84000.0,34.8,2025-11-21_09-33,1,0.99963775064485,1,83151.21058065578,38.57439470394024,83302.21378581798
R_AK_3DBall_2663,3DBall,2663,ppo,0.0004112517416155,500000,89,16699,3.0,12.0,216,32.7,84.1,-0.5298323641198782,12000,0.7173596335131767,442000,0.6270461975427244,168000,0.057422803876153,24000,-0.3396987859396579,24000,0.4526967483816208,12000,480000,2.5657600000000005,72000.0,27.0,2025-11-21_09-33,1,0.9957230703872829,1,76872.83212589468,27.99162664685208,78682.51724012056
R_AP_3DBall_1005,3DBall,1005,ppo,0.0002906705736218,500000,145,27196,3.0,12.0,444,63.9,90.2,-0.6518791450586776,12000,0.6818685362063669,442000,0.6270461975427244,240000,-0.0515303433219248,36000,-0.6551163353504594,36000,0.7925426624576345,12000,480000,2.5657600000000005,96000.0,77.8,2025-11-21_09-33,1,0.9637091755255381,1,98644.83936865415,79.7024696228684,113210.34905504578
R_AK_3DBall_2562,3DBall,2562,ppo,0.0001292413638492,500000,187,35152,3.0,12.0,252,49.6,85.2,-0.3210479338346378,12000,0.634047933013165,442000,0.6270461975427244,300000,-0.1084993091771289,36000,-0.8034680630129292,36000,0.7659922004204487,12000,480000,2.5657600000000005,120000.0,56.7,2025-11-21_09-33,1,0.9905074059904176,1,133830.47806156756,72.58695667341337,137306.37667201195
R_AK_3DBall_2026,3DBall,2026,ppo,0.0008248133404876,500000,125,23580,3.0,12.0,252,43.0,84.7,-0.7232649980606174,12000,0.7173596335131767,442000,0.6270461975427244,264000,-0.0237579724675128,24000,-0.3781477428797016,24000,0.0491297254163493,12000,480000,2.5657600000000005,84000.0,37.8,2025-11-21_09-33,1,0.9992887189157121,1,79730.14491098723,37.460345936534566,80029.07490920844
R_AK_3DBall_2740,3DBall,2740,ppo,0.0007728216020792,500000,71,13449,3.0,12.0,252,50.4,83.6,-0.0393424709130074,12000,0.7118964083470011,442000,0.6270461975427244,168000,0.140739916439389,24000,1.7079633633097522,24000,-0.5615309014389949,12000,480000,2.5657600000000005,48000.0,18.9,2025-11-21_09-33,1,0.9998887511231102,1,47996.2499080549,22.061021410495893,48046.53481760263
R_AK_3DBall_2193,3DBall,2193,ppo,0.00020532843733,500000,53,10085,3.0,12.0,292,45.0,82.8,0.8111470465724607,12000,0.7173596335131767,442000,0.6270461975427244,192000,0.2546778481497973,12000,1.5817282922942102,12000,-0.3331969279191616,12000,480000,2.5657600000000005,36000.0,14.6,2025-11-21_09-33,1,0.9994374876432156,1,51672.948946396486,24.062170182796415,51925.138452494844
R_LN_3DBall_4284,3DBall,4284,ppo,0.0006513360453499,200000,106,20061,3.0,12.0,174,44.2,62.8,-0.075419192322589,12000,-0.4527340663049847,142000,-0.2362194525836898,180000,0.0253777605826007,24000,-0.5421512583230742,24000,0.5535885041229387,12000,180000,2.5657600000000005,72000.0,58.1,2025-11-21_09-33,1,0.971264934364035,1,77688.17679842691,60.77000321668539,81202.81506617865
R_LN_3DBall_3283,3DBall,3283,ppo,0.000875653856063,100000,126,23671,3.0,12.0,95,40.5,57.4,-0.8445441891821917,12000,-1.7162712660222472,46000,-1.8828263885543128,84000,-0.0258943086870829,24000,-0.8034680630129292,24000,0.426146286344435,12000,84000,2.5657600000000005,84000.0,81.3,2025-11-21_09-33,1,0.17214156671449524,0,87927.46976357535,97.43910027689243,97921.81573089374
R_AK_3DBall_2020,3DBall,2020,ppo,0.000617720748082,500000,140,26434,3.0,12.0,229,44.3,84.7,0.0312757922717072,12000,0.6801873528256847,442000,0.6270461975427244,216000,-0.0493940071023547,36000,-0.3036316227923603,36000,0.2827737913436081,12000,480000,2.5657600000000005,84000.0,34.3,2025-11-21_09-33,1,0.9992644202162362,1,88685.29741402276,42.737054322426985,88987.85219400983
R_AK_3DBall_2226,3DBall,2226,ppo,4.49377818442038e-05,500000,40,7502,3.0,12.0,269,48.5,83.8,0.2815100726871064,12000,0.7173596335131767,442000,0.6270461975427244,120000,0.3743126764457259,12000,0.7569471274918558,12000,0.5057976724559924,12000,480000,2.5657600000000005,48000.0,20.2,2025-11-21_09-33,1,0.995557829462095,1,54500.93227396661,28.347069640886446,56479.91510728333
R_LN_3DBall_3606,3DBall,3606,ppo,0.0001676714114461,200000,175,32847,3.0,12.0,179,42.8,62.9,-0.5075722594203496,12000,-1.7056353599373697,142000,-1.8789532995027924,192000,-0.1042266367379886,36000,-0.3291508420003539,36000,0.7341316459758139,12000,180000,2.5657600000000005,180000.0,167.0,2025-11-21_09-33,1,0.05031668409710045,0,129905.44375122525,120.42843898680317,196473.074356304
R_LN_3DBall_4260,3DBall,4260,ppo,0.0006998697320917,200000,108,20381,3.0,12.0,201,46.5,65.5,0.0873098489291422,12000,0.2781188134368238,142000,0.5334216187926578,168000,0.0232414243630305,24000,-0.5516784334940585,24000,-0.4022281292158565,12000,180000,2.5657600000000005,72000.0,66.9,2025-11-21_09-33,1,0.999197227300529,1,72937.55857858536,58.24842961202105,73039.56083768661
R_AK_3DBall_2097,3DBall,2097,ppo,0.0008099744822643,500000,151,28491,3.0,12.0,241,44.5,82.9,-0.4054828137294037,12000,0.5988299969646639,442000,0.6270461975427244,300000,-0.0728937055176264,36000,-0.7939408878419448,36000,0.4208361939369978,12000,480000,2.5657600000000005,84000.0,36.1,2025-11-21_09-33,1,0.9995108468720042,1,92804.66690947523,45.24693318215836,93003.84778036176
R_AK_3DBall_2777,3DBall,2777,ppo,0.0005146312977404,500000,88,16505,3.0,12.0,242,45.2,84.2,-0.0324341625579801,12000,0.7173596335131767,442000,0.6270461975427244,156000,0.056710691802963,24000,0.0097443890818017,24000,0.3252545306031171,12000,480000,2.5657600000000005,60000.0,24.2,2025-11-21_09-33,1,0.9997123119891476,1,65648.50646234081,28.449144827965338,65773.46417952744
R_AK_3DBall_2698,3DBall,2698,ppo,0.0001578625769392,500000,137,25829,3.0,12.0,228,42.8,84.2,-0.5966126782184676,12000,0.7173596335131767,442000,0.6270461975427244,288000,-0.0351517656385536,36000,-0.5418110020669676,36000,0.6544802598642565,12000,480000,2.5657600000000005,108000.0,45.6,2025-11-21_09-33,1,0.9870494782229426,1,105431.42621214704,48.4641798955401,110541.29511952908
R_AK_3DBall_2070,3DBall,2070,ppo,0.0002989551820544,500000,160,30119,3.0,12.0,226,37.0,82.6,-0.0539266774402854,12000,0.7173596335131767,442000,0.6270461975427244,264000,-0.0921207314937577,36000,-0.6037376406783656,36000,0.6810307219014423,12000,480000,2.5657600000000005,108000.0,45.2,2025-11-21_09-33,1,0.986467038665535,1,114473.05544880367,51.16092657882879,119690.37668280945
R_AK_3DBall_2355,3DBall,2355,ppo,0.0002525795350055,500000,46,8688,3.0,12.0,257,44.8,82.8,1.8143869376857344,12000,0.7173596335131767,442000,0.6270461975427244,144000,0.2867228914433496,12000,2.81413645191225,12000,-0.91730709273732,12000,480000,2.5657600000000005,36000.0,12.9,2025-11-21_09-33,1,0.9999345571759537,1,41726.540983135426,17.92832365663078,41756.53169247896
R_LN_3DBall_4032,3DBall,4032,ppo,0.0004021977869081,200000,84,15767,3.0,12.0,178,43.9,61.3,-0.0992144766565695,12000,0.4063680242127964,142000,0.5627792212237888,192000,0.0958768558284157,24000,-0.3257482794392881,24000,0.0278893557866007,12000,180000,2.5657600000000005,72000.0,59.4,2025-11-21_09-33,1,0.9768937521021073,1,69373.35017871796,57.34569654547005,72391.64193155973
C_LF_3DBall_101,3DBall,101,ppo,0.0003,500000,64,12000,3.0,12.0,781,16.6,55.3,-0.0738840126881389,12000,0.7075506610557251,442000,0.6270461975427244,132000,0.1742091838793215,24000,0.8307827350669839,24000,0.0225792633791635,12000,480000,2.5657600000000005,48000.0,58.6,2025-11-21_09-33,1,0.8038011686636599,1,58464.545209817756,26.245799814441817,145093.28543321093
R_LN_3DBall_4622,3DBall,4622,ppo,0.0001420823556016,200000,131,24699,3.0,12.0,181,44.9,65.1,-0.3310266014585654,12000,-1.44240227172603,142000,-1.3368626564562796,192000,-0.0380002139313138,36000,-0.4410951502594193,36000,0.7606821080130115,12000,180000,2.5657600000000005,108000.0,96.3,2025-11-21_09-33,1,0.5173631176621499,1,104469.6355095222,83.51218092879357,150576.11279580486
R_LN_3DBall_3468,3DBall,3468,ppo,0.0008551106017669,100000,145,27347,3.0,12.0,101,47.4,64.7,-0.2488944910154729,12000,-1.716705840751375,46000,-1.880650032256388,96000,-0.067908921005296,36000,-0.5959117467879141,36000,0.1871921280097273,12000,84000,2.5657600000000005,96000.0,101.1,2025-11-21_09-33,1,0.5671606211963206,1,94745.4876232408,109.49117170053415,97019.84749631351
R_LN_3DBall_3671,3DBall,3671,ppo,0.0004958621603185,200000,98,18546,3.0,12.0,176,42.9,63.8,0.1103375434458976,12000,0.0290578279633769,142000,0.5834236625996022,192000,0.0381957779000216,24000,-0.5088061452246293,24000,0.2137425900469249,12000,180000,2.5657600000000005,72000.0,58.6,2025-11-21_09-33,1,0.963426476934114,1,77025.23430647423,63.687225294261694,81522.85473608832
R_AK_3DBall_2807,3DBall,2807,ppo,0.0005622096480453,500000,128,24029,3.0,12.0,213,27.3,83.5,-0.4239049693428087,12000,0.7173596335131767,442000,0.6270461975427244,252000,-0.0365759897849337,36000,-0.5918286717146352,36000,0.983705989125396,12000,480000,2.5657600000000005,108000.0,42.6,2025-11-21_09-33,1,0.9851805403379302,1,96251.73628306329,31.568533686644987,102235.06739084715
R_LN_3DBall_4335,3DBall,4335,ppo,0.0004243006033182,200000,129,24285,3.0,12.0,178,44.4,63.4,-0.600450627304593,12000,-0.7977764680956377,142000,-0.0236765996731947,192000,-0.0244700845407029,36000,-0.6231322472764407,36000,0.0438196330089122,12000,180000,2.5657600000000005,84000.0,71.1,2025-11-21_09-33,1,0.9435419499989942,1,93184.1755499169,76.49306649500167,99214.78870761834
R_LN_3DBall_3932,3DBall,3932,ppo,0.0001760951840592,200000,60,11412,3.0,12.0,194,43.9,59.6,0.7850489927868067,12000,0.7173596335131767,142000,0.6270461975427244,120000,0.2183601324171047,12000,1.1751220662468451,12000,-0.2269950797704183,12000,180000,2.5657600000000005,48000.0,38.9,2025-11-21_09-33,1,0.9512669294245767,1,57360.83119775135,47.4690026961601,64312.075877811054
R_LN_3DBall_3757,3DBall,3757,ppo,0.0004713254389206,200000,47,8982,3.0,12.0,204,42.7,51.5,2.1812948703193573,12000,0.6111893022610528,142000,0.6270461975427244,96000,0.2995409087607705,12000,2.0162355313423155,12000,-1.039439218108387,12000,180000,2.5657600000000005,36000.0,27.1,2025-11-21_09-33,1,0.9998219782128529,1,40275.177230348905,32.23679942441092,40303.61172875011
R_LN_3DBall_3618,3DBall,3618,ppo,0.0004600435084488,200000,54,10243,3.0,12.0,200,42.6,62.9,0.8994198755533537,12000,0.6783025401433539,142000,0.6270461975427244,168000,0.251117287783847,12000,1.2666509991395154,12000,-0.9969584788488892,12000,180000,2.5657600000000005,48000.0,40.0,2025-11-21_09-33,1,0.9971154158646274,1,49898.820874728284,40.11017528995794,50331.80035473377
R_AK_3DBall_2577,3DBall,2577,ppo,0.0004292655657585,500000,113,21197,3.0,12.0,217,33.2,84.5,-0.1575513027656797,12000,0.7173596335131767,442000,0.6270461975427244,228000,-0.0059551706377615,24000,-0.5302422893593438,24000,-0.0623822151398427,12000,480000,2.5657600000000005,96000.0,37.9,2025-11-21_09-33,1,0.9996296652858433,1,83934.22263998327,31.091503445993787,84088.30624071228
R_AK_3DBall_2382,3DBall,2382,ppo,0.000128381679988,500000,166,31142,3.0,12.0,218,28.0,83.3,-0.222796437229819,12000,-0.9167580623624432,442000,-0.868922844811577,492000,-0.0835753866154772,36000,0.0675879526199207,36000,0.6704105370865681,12000,480000,2.5657600000000005,252000.0,108.9,2025-11-21_09-33,1,0.7809439905777672,1,124874.75864579469,46.79189224922966,207048.19705039886
R_AP_3DBall_1326,3DBall,1326,ppo,0.0004100721181845,500000,180,33888,3.0,12.0,413,62.9,89.9,-0.7363140249534452,12000,0.7173596335131767,442000,0.6270461975427244,288000,-0.1120598695430792,36000,-0.8844490519662958,36000,0.5270380420857529,12000,480000,2.5657600000000005,108000.0,82.6,2025-11-21_09-33,1,0.991309658335472,1,117594.3798946179,90.8226564870454,120917.61538776936
R_AK_3DBall_2141,3DBall,2141,ppo,0.0002081320060876,500000,101,19108,3.0,12.0,236,41.4,83.9,-0.3793847599437497,12000,0.7173596335131767,442000,0.6270461975427244,168000,0.0488774589978724,24000,-0.6336801912157448,24000,0.6226197054196217,12000,480000,2.5657600000000005,72000.0,29.5,2025-11-21_09-33,1,0.992926976853909,1,86611.1810624586,40.55705190380714,89535.08974713906
R_AK_3DBall_2055,3DBall,2055,ppo,0.0005385917769596,500000,142,26681,3.0,12.0,213,26.8,82.6,-0.8959727069362763,12000,0.7173596335131767,442000,0.6270461975427244,300000,-0.0444092225900243,36000,-0.5581433023600835,36000,0.4951774876411181,12000,480000,2.5657600000000005,120000.0,47.9,2025-11-21_09-33,1,0.9508917795487276,1,105116.18354009575,39.32598329915849,124508.2250514485
R_LN_3DBall_3589,3DBall,3589,ppo,0.0002132276741184,200000,144,27017,3.0,12.0,198,42.8,63.0,-0.527529594668203,12000,-1.2669060963993042,142000,-1.194584652790044,192000,-0.0515303433219248,36000,-0.5224163954688925,36000,0.5376582269006271,12000,180000,2.5657600000000005,96000.0,92.3,2025-11-21_09-33,1,0.22015227370071536,0,108873.77006840412,98.89063495551291,179938.353286785
R_LN_3DBall_3957,3DBall,3957,ppo,0.0006330709078114,200000,66,12494,3.0,12.0,184,43.8,59.4,0.4334928564976867,12000,0.6953552525143212,142000,0.6270461975427244,156000,0.1613911665619005,24000,0.8525591354578054,24000,-0.0411418455100941,12000,180000,2.5657600000000005,48000.0,36.7,2025-11-21_09-33,1,0.9804452830307782,1,53898.16847517264,42.98940215997152,56755.148439325574
R_AK_3DBall_2499,3DBall,2499,ppo,0.0003144206225058,500000,34,6426,3.0,12.0,324,54.3,83.6,3.2728075904135223,12000,0.7173596335131767,442000,0.6270461975427244,132000,0.4270089698617899,12000,1.6644105625281096,12000,-2.1226980692256854,12000,480000,2.5657600000000005,36000.0,16.2,2025-11-21_09-33,1,0.9999999993840012,1,33963.85092361836,16.23479624295885,33963.85121069608
R_AK_3DBall_2378,3DBall,2378,ppo,0.0007368816339409,500000,76,14390,3.0,12.0,216,26.4,83.0,-0.0784895515914893,12000,0.7173596335131767,442000,0.6270461975427244,168000,0.1172402180241173,24000,-0.3117977729389182,24000,0.3836655470849259,12000,480000,2.5657600000000005,72000.0,27.0,2025-11-21_09-33,1,0.9992485472408873,1,66836.35584297155,21.544972495394454,67161.85785852066
R_AK_3DBall_2575,3DBall,2575,ppo,0.0003727777780052,500000,132,24840,3.0,12.0,271,48.3,84.4,-0.426207738794484,12000,0.7173596335131767,442000,0.6270461975427244,216000,-0.0522424553951149,36000,-0.5979532843245536,36000,0.3518049926403029,12000,480000,2.5657600000000005,84000.0,40.7,2025-11-21_09-33,1,0.9991380621834225,1,91181.30220167789,45.328733429430045,91533.67849743423
R_AP_3DBall_1008,3DBall,1008,ppo,0.0004093762505073,500000,101,19068,3.0,12.0,450,65.8,89.1,-0.0262934440201796,12000,0.7173596335131767,442000,0.6270461975427244,156000,0.0460290107051122,24000,-0.5714132963482402,24000,0.1022306494907328,12000,480000,2.5657600000000005,72000.0,56.2,2025-11-21_09-33,1,0.9997526655876721,1,70530.76689156605,55.71287363139693,70636.98941194985
R_LN_3DBall_3530,3DBall,3530,ppo,7.441404179007342e-05,200000,136,25575,3.0,12.0,184,42.9,66.7,-0.8399386502788395,12000,-1.7294277055360645,142000,-1.9120034875010188,192000,-0.0308790931994133,36000,-0.1974716708871066,36000,0.6438600750493823,12000,180000,2.5657600000000005,,,2025-11-21_09-33,0,0.022040901834490482,0,112551.68262538676,102.77724153495885,198072.56022115477
R_AK_3DBall_2185,3DBall,2185,ppo,0.0005410778727008,500000,42,7959,3.0,12.0,266,44.1,83.2,1.5511036303775074,12000,0.7173596335131767,442000,0.6270461975427244,132000,0.3436918572985538,12000,2.700490862372652,12000,-2.106767792003374,12000,480000,2.5657600000000005,36000.0,13.3,2025-11-21_09-33,1,0.9999990674071977,1,36564.69054018004,15.624176961177795,36565.12273661398
R_LN_3DBall_3158,3DBall,3158,ppo,0.0006574710408643,100000,188,35282,3.0,12.0,88,42.4,56.6,-0.1222421711733232,12000,-1.7281264646328482,46000,-1.9048400777905503,96000,-0.12345366271412,36000,-0.7711437186828038,36000,0.564208688937813,12000,84000,2.5657600000000005,,,2025-11-21_09-33,0,0.09817845272505558,0,123631.6737293633,149.91754782333197,102320.12116205224
R_AK_3DBall_2168,3DBall,2168,ppo,4.328495481705952e-05,500000,103,19380,3.0,12.0,220,27.0,83.7,-0.3594274246958946,12000,-0.0099347000181182,442000,0.2234919787924364,468000,0.029650433021741,24000,-0.1753550142401788,24000,0.6491701674568193,12000,480000,2.5657600000000005,192000.0,82.4,2025-11-21_09-33,1,0.8598095851952271,1,95311.01340930993,34.89992993566325,152044.53030638196
R_AK_3DBall_2651,3DBall,2651,ppo,0.0006055485990784,500000,175,32827,3.0,12.0,215,33.5,84.7,-0.6656957617687305,12000,0.6768001532226555,442000,0.6270461975427244,276000,-0.0971055160060881,36000,-0.8017667817323962,36000,0.7182013687535025,12000,480000,2.5657600000000005,108000.0,43.0,2025-11-21_09-33,1,0.9898544989347613,1,119723.485310622,46.56827267511692,123581.58109548833
R_LN_3DBall_4625,3DBall,4625,ppo,0.0002594527084297,200000,169,31804,3.0,12.0,179,44.6,65.4,-0.1099607340977204,12000,-1.5599510110287975,142000,-1.6830296602654322,180000,-0.0899843952741876,36000,-0.7476660370114497,36000,0.8137830320873831,12000,180000,2.5657600000000005,108000.0,95.3,2025-11-21_09-33,1,0.706127036132075,1,124402.714037373,99.90467422768913,146618.7125235813
R_AP_3DBall_1108,3DBall,1108,ppo,0.0006484928038766,500000,111,20964,3.0,12.0,451,66.7,89.5,-0.4008772748260533,12000,0.6949281276376928,442000,0.6270461975427244,180000,0.0175445277775101,24000,-0.2348998590588307,24000,-0.3916079444009822,12000,480000,2.5657600000000005,60000.0,45.1,2025-11-21_09-33,1,0.9999001380185487,1,67795.82741057215,53.21501567500991,67838.98817563844
R_AK_3DBall_2714,3DBall,2714,ppo,0.0004292220338011,500000,82,15504,3.0,12.0,244,48.7,83.0,-0.2220288474125922,12000,0.7173596335131767,442000,0.6270461975427244,192000,0.1001495282675561,24000,-0.0460576369196777,24000,-0.4553290532902398,12000,480000,2.5657600000000005,60000.0,24.4,2025-11-21_09-33,1,0.999970294918415,1,63135.90747091136,30.028322255336096,63148.88455442148
R_AK_3DBall_2366,3DBall,2366,ppo,0.0002647593118685,500000,139,26074,3.0,12.0,244,45.3,83.7,-0.1214745813560981,12000,0.680224602088181,442000,0.6270461975427244,300000,-0.0323033173457934,36000,-0.4108123434659335,36000,0.3305646230105543,12000,480000,2.5657600000000005,84000.0,36.6,2025-11-21_09-33,1,0.9982288727754627,1,95116.22773131132,46.8645100819774,95833.32840314976
R_AK_3DBall_2956,3DBall,2956,ppo,0.0007258260413784,500000,146,27524,3.0,12.0,213,33.2,84.6,-0.5659090855294615,12000,0.6990652790589877,442000,0.6270461975427244,228000,-0.0572272399074452,36000,-0.5976130280684471,36000,0.6863408143088795,12000,480000,2.5657600000000005,96000.0,37.2,2025-11-21_09-33,1,0.9973299137967157,1,99414.91653243045,35.37331745495673,100484.51323703871
R_AK_3DBall_2860,3DBall,2860,ppo,0.0002535874342213,500000,39,7356,3.0,12.0,270,53.3,84.3,1.667009692778506,12000,0.6800333892073649,442000,0.6270461975427244,180000,0.3807216851044365,12000,2.368741012668734,12000,-0.7102134888472472,12000,480000,2.5657600000000005,36000.0,13.5,2025-11-21_09-33,1,0.9999891134377401,1,39996.54086949469,18.948854970684597,40001.54872579228
R_LN_3DBall_3372,3DBall,3372,ppo,0.0003742791644454,100000,118,22133,3.0,12.0,95,41.9,58.2,-0.500663951065324,12000,-1.7060500683931656,46000,-1.8632494963578128,96000,-0.0095157310037117,24000,-0.5785586777264784,24000,0.3942857318998002,12000,84000,2.5657600000000005,84000.0,81.5,2025-11-21_09-33,1,0.06213722594138778,0,93446.25285895694,107.25255714928161,99592.76833313427
R_AK_3DBall_2034,3DBall,2034,ppo,0.000256304435196,500000,135,25497,3.0,12.0,226,39.4,83.9,-0.1421995064211767,12000,0.7173596335131767,442000,0.6270461975427244,252000,-0.0444092225900243,36000,-0.5727743213726666,36000,0.6013793357898731,12000,480000,2.5657600000000005,96000.0,39.5,2025-11-21_09-33,1,0.9903123063379314,1,102013.27822394871,46.913766328348785,105868.85166608602
R_AP_3DBall_1131,3DBall,1131,ppo,0.0004051674465986,500000,58,10897,3.0,12.0,508,61.9,87.1,1.48892885518227,12000,0.6956308970567964,442000,0.6270461975427244,108000,0.1977088822945932,12000,2.112868308076585,12000,-1.8147127095942948,12000,480000,2.5657600000000005,36000.0,25.4,2025-11-21_09-33,1,0.9999975406016043,1,40415.89738658471,27.183563919464586,40417.02768698937
R_LN_3DBall_3421,3DBall,3421,ppo,3.864592679012569e-05,100000,131,24607,3.0,12.0,105,50.4,72.5,-0.3195127542001877,12000,-1.7375182453503373,46000,-1.920843000995434,36000,-0.0479697829559745,36000,0.6946802326243514,36000,0.7235114611609397,12000,84000,2.5657600000000005,,,2025-11-21_09-33,0,0.0004702231127457351,0,108288.92458353176,134.84644731411674,100003.89764391899
U_OE_3DBall_10,3DBall,10,sac,0.0003,500000,64,200000,3.0,12.0,523,55.5,73.7,-3.3868016638318936,12000,0.6530996891381193,442000,0.6270461975427244,72000,-18.965939119322883,12000,-1.4057216363215792,12000,-8.877135611486498,12000,480000,2.5657600000000005,48000.0,39.2,2025-11-21_09-33,1,0.961212798914936,1,51346.05192441479,45.4046191732355,68748.08282603035
R_AK_3DBall_2399,3DBall,2399,ppo,0.0001479694978062,500000,137,25696,3.0,12.0,253,45.8,83.5,-0.9504715839592628,12000,0.6819827672780232,442000,0.6270461975427244,228000,-0.0522424553951149,36000,-0.6081609720077511,36000,0.6491701674568193,12000,480000,2.5657600000000005,84000.0,37.9,2025-11-21_09-33,1,0.9686953042815737,1,103908.62722338531,53.346275208768745,116308.147124851
R_LN_3DBall_4359,3DBall,4359,ppo,0.0008280480489802,200000,108,20377,3.0,12.0,175,45.4,63.9,-0.5728173938844872,12000,0.2163669860698743,142000,0.6270461975427244,180000,0.0132718553383698,24000,-0.6040778969344721,24000,0.0119590785642892,12000,180000,2.5657600000000005,72000.0,58.4,2025-11-21_09-33,1,0.9932600027475904,1,74070.26676245421,58.387330020189246,74919.03281847194
R_AK_3DBall_2197,3DBall,2197,ppo,0.0001515773648528,500000,96,18021,3.0,12.0,238,39.5,83.0,0.421979009239309,12000,0.7173596335131767,442000,0.6270461975427244,192000,0.0517259072906326,24000,-0.4366718189300339,24000,0.4526967483816208,12000,480000,2.5657600000000005,84000.0,35.7,2025-11-21_09-33,1,0.9988878251728391,1,79132.51914104486,34.760465700877816,79600.5973588268
R_AK_3DBall_2506,3DBall,2506,ppo,0.0005701995254493,500000,111,20894,3.0,12.0,215,28.1,83.8,-0.7539685907496234,12000,0.7173596335131767,442000,0.6270461975427244,204000,-0.0038188344181914,24000,-0.4693364195162657,24000,0.7606821080130115,12000,480000,2.5657600000000005,96000.0,37.6,2025-11-21_09-33,1,0.9764450910606552,1,88510.1361947555,30.538135129155112,98202.74246615141
R_AK_3DBall_2229,3DBall,2229,ppo,0.0001791965433492,500000,119,22323,3.0,12.0,233,42.3,84.0,-0.6488087857897773,12000,0.6796137141832361,442000,0.6270461975427244,216000,-0.0159247396624222,24000,-0.7071755425347664,24000,0.6438600750493823,12000,480000,2.5657600000000005,96000.0,40.7,2025-11-21_09-33,1,0.9846005449250804,1,94961.68074966376,45.60908718431321,101199.05015058024
R_AK_3DBall_2677,3DBall,2677,ppo,0.0004687778385275,500000,36,6915,3.0,12.0,331,47.1,84.9,4.003553096411868,12000,-1.7623535702989384,442000,0.6270461975427244,108000,0.4312816423009301,12000,3.04210814350366,12000,-2.2342100097818776,12000,480000,2.5657600000000005,36000.0,16.5,2025-11-21_09-33,1,0.9999999985810015,1,31068.80590108903,11.893039502686465,31068.806566501677
R_AK_3DBall_2428,3DBall,2428,ppo,0.0002476536926259,500000,168,31637,3.0,12.0,241,43.3,83.9,-0.8000239797831326,12000,0.7173596335131767,442000,0.6270461975427244,264000,-0.0899843952741876,36000,-0.875942645563631,36000,0.5482784117155015,12000,480000,2.5657600000000005,108000.0,48.2,2025-11-21_09-33,1,0.9871379285326303,1,123566.82327792651,60.8919622973381,128408.53369961484
R_LN_3DBall_4532,3DBall,4532,ppo,0.0006572183664213,200000,113,21209,3.0,12.0,201,44.8,65.5,-0.5198536964959524,12000,-0.081403618328361,142000,0.3312989741759,168000,-0.0066672827109516,24000,-0.4485807878937641,24000,-0.3703675747712335,12000,180000,2.5657600000000005,72000.0,66.9,2025-11-21_09-33,1,0.9952602400059732,1,77125.41775081509,59.167528916562574,77707.81378004253
R_AK_3DBall_2486,3DBall,2486,ppo,0.0005406810403078,500000,112,21166,3.0,12.0,254,48.4,83.4,-0.2872739818767315,12000,0.7173596335131767,442000,0.6270461975427244,204000,0.01540819155794,24000,-0.5384084395059018,24000,0.0066489861568521,12000,480000,2.5657600000000005,72000.0,31.7,2025-11-21_09-33,1,0.9999103371141961,1,76499.63812591479,37.627034015657316,76537.61039049942
R_LN_3DBall_3649,3DBall,3649,ppo,8.746216831500958e-05,200000,185,34693,3.0,12.0,176,43.7,63.5,-0.1153338628182976,12000,-1.6984288692863507,142000,-1.8699126535543036,192000,-0.1141962057626494,36000,-0.3121380291950248,36000,0.7500619231981372,12000,180000,2.5657600000000005,156000.0,141.1,2025-11-21_09-33,1,0.08049647597616952,0,136402.63253634443,127.51818591412054,194880.63603781423
R_AK_3DBall_2768,3DBall,2768,ppo,0.0004741269617434,500000,87,16334,3.0,12.0,277,49.4,84.7,0.2485037105464251,12000,0.7173596335131767,442000,0.6270461975427244,156000,0.0866193988769451,24000,0.9447685808626888,24000,-0.66773274958775,12000,480000,2.5657600000000005,60000.0,27.7,2025-11-21_09-33,1,0.9999627147975025,1,57848.61458903999,26.734142709637776,57865.10029297957
R_AK_3DBall_2272,3DBall,2272,ppo,0.0007287497879564,500000,37,7007,3.0,12.0,238,31.5,83.7,2.1605699452542773,12000,0.6799961399448685,442000,0.6270461975427244,96000,0.402085047300138,12000,2.9254002476591023,12000,-1.294323653665394,12000,480000,2.5657600000000005,36000.0,11.9,2025-11-21_09-33,1,0.999993917501874,1,35996.382921171185,11.57481443424766,35999.2052223025
R_LN_3DBall_3846,3DBall,3846,ppo,0.0007736425224034,200000,106,19934,3.0,12.0,170,42.9,52.0,-0.4093207628155307,12000,0.227437466883879,142000,0.5978226834143088,192000,0.0125597432651797,24000,-0.6200699409714815,24000,-0.1579638784737234,12000,180000,2.5657600000000005,72000.0,56.8,2025-11-21_09-33,1,0.9957168185834138,1,68688.48234127113,59.27503241685772,69250.91339349073
R_AK_3DBall_2519,3DBall,2519,ppo,0.0008799244654622,500000,107,20096,3.0,12.0,216,33.2,85.0,-0.2696194160805532,12000,0.7173596335131767,442000,0.6270461975427244,156000,0.01540819155794,24000,-0.506424351431883,24000,-0.3225767431042872,12000,480000,2.5657600000000005,72000.0,27.0,2025-11-21_09-33,1,0.9999609299565141,1,71324.10809225633,25.438697038286772,71340.85647799452
R_LN_3DBall_3102,3DBall,3102,ppo,0.0004299644608964,100000,126,23689,3.0,12.0,94,40.9,55.8,-0.471495538010768,12000,-1.7239247478232258,46000,-1.900043842347256,96000,-0.0294548690530332,24000,-0.5567822773356573,24000,0.7500619231981372,12000,84000,2.5657600000000005,,,2025-11-21_09-33,0,0.015658790274177915,0,97588.10291788485,115.24575438370235,99962.23260942826
R_AP_3DBall_1209,3DBall,1209,ppo,0.0007946425206887,500000,173,32441,3.0,12.0,434,62.6,87.5,-0.5083398492375747,12000,0.7173596335131767,442000,0.6270461975427244,300000,-0.0899843952741876,36000,-0.9579444032853172,36000,0.5588985965303759,12000,480000,2.5657600000000005,108000.0,86.7,2025-11-21_09-33,1,0.9990069168447815,1,97445.83683943404,73.97926624025446,97845.60659793188
R_AK_3DBall_2319,3DBall,2319,ppo,0.0008849099328638,500000,82,15510,3.0,12.0,257,48.2,83.8,-0.3010905985867844,12000,0.7058123621392145,442000,0.6270461975427244,108000,0.0958768558284157,24000,0.3357098824319072,24000,-0.9279272775521944,12000,480000,2.5657600000000005,48000.0,19.3,2025-11-21_09-33,1,0.999993238537165,1,53839.57216343829,25.47342067529846,53842.58886058954
R_AK_3DBall_2681,3DBall,2681,ppo,0.0004875566451141,500000,133,25042,3.0,12.0,225,46.4,84.6,-0.1613892518518068,12000,0.6846945135877794,442000,0.6270461975427244,192000,-0.0444092225900243,36000,-0.3849528680018332,36000,0.4473866559741836,12000,480000,2.5657600000000005,84000.0,33.7,2025-11-21_09-33,1,0.9993519175298783,1,87974.8963578831,40.85402964842966,88241.92260480364
R_AK_3DBall_2680,3DBall,2680,ppo,0.0002311598864982,500000,57,10694,3.0,12.0,226,34.8,84.4,-0.3885958377504505,12000,0.7173596335131767,442000,0.6270461975427244,132000,0.209814787538824,12000,-0.1576616889226366,12000,-0.1314134164365376,12000,480000,2.5657600000000005,60000.0,22.6,2025-11-21_09-33,1,0.9994044958300485,1,64523.53526875293,24.466127075030727,64782.863319416116
R_AP_3DBall_1180,3DBall,1180,ppo,0.0001494930454195,500000,65,12342,3.0,12.0,474,62.8,86.7,0.1272245194248508,12000,0.7173596335131767,442000,0.6270461975427244,144000,0.1742091838793215,24000,0.5885202807190978,24000,0.2880838837510452,12000,480000,2.5657600000000005,48000.0,35.5,2025-11-21_09-33,1,0.9954219186306442,1,59232.63448532833,43.97562565980079,61250.50334961108
R_LN_3DBall_4514,3DBall,4514,ppo,0.0001601774678521,200000,155,29076,3.0,12.0,178,44.4,64.9,-0.2588731586394006,12000,-1.7215929439909352,142000,-1.9032258609155488,192000,-0.0671968089321059,36000,0.4146493338486343,36000,0.7713022928278859,12000,180000,2.5657600000000005,,,2025-11-21_09-33,0,0.09911791883403759,0,110213.19663986009,89.84540286875185,191100.51891218193
R_LN_3DBall_4130,3DBall,4130,ppo,0.0003984442820575,200000,116,21910,3.0,12.0,179,43.6,61.0,-0.8330303419238139,12000,-1.6278812494018586,142000,-1.757342944803225,192000,0.0089991828992295,24000,-0.5710730400921337,24000,0.3305646230105543,12000,180000,2.5657600000000005,120000.0,107.1,2025-11-21_09-33,1,0.7513248442647833,1,89868.22206000409,76.00453694936385,117255.25909062887
R_AK_3DBall_2053,3DBall,2053,ppo,8.762159478465068e-05,500000,115,21671,3.0,12.0,226,40.3,81.9,-0.2366130539398702,12000,0.7173596335131767,442000,0.6270461975427244,216000,-0.0109399551500919,24000,-0.4281654125273693,24000,0.6597903522716937,12000,480000,2.5657600000000005,96000.0,39.5,2025-11-21_09-33,1,0.9789498404603605,1,93551.70272858546,44.32825524779994,102107.50423076356
R_LN_3DBall_3899,3DBall,3899,ppo,0.000852817565896,200000,188,35304,3.0,12.0,176,43.5,58.8,-0.3885958377504505,12000,-1.5741827125866852,142000,-1.6296186792240603,192000,-0.109923533323509,36000,-0.8813867456613365,36000,0.5535885041229387,12000,180000,2.5657600000000005,120000.0,105.9,2025-11-21_09-33,1,0.9193904506987814,1,112618.18428183689,98.98035914501415,119661.99306400015
R_AK_3DBall_2215,3DBall,2215,ppo,0.0005064621364616,500000,138,26041,3.0,12.0,235,38.0,83.2,-0.5444165706471562,12000,0.7173596335131767,442000,0.6270461975427244,216000,-0.0436971105168342,36000,-0.5578030461039769,36000,0.1712618507874159,12000,480000,2.5657600000000005,96000.0,41.1,2025-11-21_09-33,1,0.9978272841078668,1,96205.30311965336,42.07753785572128,97082.63427472439
R_LN_3DBall_3884,3DBall,3884,ppo,0.0006440463479344,200000,130,24453,3.0,12.0,206,52.8,58.2,-0.6987021239094118,12000,-0.7821069450053795,142000,-0.2766161323980156,192000,-0.0308790931994133,36000,-0.6915237547538636,36000,-0.0199014758803454,12000,180000,2.5657600000000005,84000.0,82.3,2025-11-21_09-33,1,0.9852532189683317,1,81838.79325274442,83.86016381184037,83581.29069508388
R_LN_3DBall_3816,3DBall,3816,ppo,0.0002927160323491,200000,164,30933,3.0,12.0,173,42.6,51.5,-0.629619040359149,12000,-1.5745403055066531,142000,-1.663357359084308,192000,-0.1028024125916085,36000,-0.8327301010380952,36000,0.6810307219014423,12000,180000,2.5657600000000005,108000.0,92.5,2025-11-21_09-33,1,0.44547091880873385,0,116493.9889527559,109.55698042791613,162800.5005327319
R_AK_3DBall_2351,3DBall,2351,ppo,6.220353589468255e-05,500000,150,28302,3.0,12.0,222,37.2,82.6,-0.4100883526327558,12000,0.6691516379900099,442000,0.6270461975427244,384000,-0.0636362485661556,36000,-0.3288105857442474,36000,0.6597903522716937,12000,480000,2.5657600000000005,156000.0,66.5,2025-11-21_09-33,1,0.9341063154442978,1,117173.79616753542,51.99702528055108,142399.6252825288
R_AK_3DBall_2780,3DBall,2780,ppo,0.0006300061530744,500000,179,33735,3.0,12.0,264,48.6,84.3,-0.5144805677753752,12000,0.7173596335131767,442000,0.6270461975427244,228000,-0.1270142230800703,36000,-0.8619921390632611,36000,0.3093242533808056,12000,480000,2.5657600000000005,84000.0,39.6,2025-11-21_09-33,1,0.999707490538438,1,111328.28481414697,54.92360391131249,111441.97496828037
R_AK_3DBall_2936,3DBall,2936,ppo,0.0003194926351425,500000,123,23113,3.0,12.0,216,33.5,83.9,-0.4308132776978344,12000,0.7173596335131767,442000,0.6270461975427244,264000,-0.026606420760273,24000,-0.3710023615014634,24000,0.8668839561617666,12000,480000,2.5657600000000005,108000.0,43.2,2025-11-21_09-33,1,0.9824188552788201,1,95892.07804240612,35.04616503964143,102996.75790131785
R_LN_3DBall_4319,3DBall,4319,ppo,0.0008787528341417,200000,173,32506,3.0,12.0,198,44.8,63.0,-0.7079132017161143,12000,-1.311289834306148,142000,-1.1433809715010697,192000,-0.1141962057626494,36000,-0.792920119073625,36000,0.1659517583799787,12000,180000,2.5657600000000005,108000.0,105.5,2025-11-21_09-33,1,0.9729448048706075,1,104309.13392894823,85.8511628321372,106898.0689826011
R_AK_3DBall_2849,3DBall,2849,ppo,0.0002557808999019,500000,73,13722,3.0,12.0,262,49.4,84.5,0.8572024356059699,12000,0.7173596335131767,442000,0.6270461975427244,108000,0.1421641405857691,24000,1.6970751631143417,24000,-0.5456006242166717,12000,480000,2.5657600000000005,48000.0,19.7,2025-11-21_09-33,1,0.9998996725013353,1,53482.855195143435,24.19791221259979,53527.65314339262
R_LN_3DBall_3227,3DBall,3227,ppo,0.0004859761098137,100000,88,16560,3.0,12.0,109,39.8,57.6,0.2715314050631788,12000,-1.5887546240753754,46000,-1.526182446784889,96000,0.0723771574131441,24000,0.1427845852194752,24000,0.0544398178237865,12000,84000,2.5657600000000005,60000.0,62.4,2025-11-21_09-33,1,0.31383889614638905,0,71340.65936916735,76.37562637159046,91005.58417213612
R_AP_3DBall_1234,3DBall,1234,ppo,0.0004708843903721,500000,95,17964,3.0,12.0,441,62.4,88.9,-0.3479135774375186,12000,0.7173596335131767,442000,0.6270461975427244,180000,0.0545743555833928,24000,0.0607828274977891,24000,0.4739371180113694,12000,480000,2.5657600000000005,60000.0,44.1,2025-11-21_09-33,1,0.9953468373009718,1,68415.17129204192,49.29919938420307,70423.40571845225
R_LN_3DBall_4121,3DBall,4121,ppo,0.0003386363818484,200000,189,35536,3.0,12.0,176,44.2,60.8,-0.6204079625524465,12000,-1.6356141962961634,142000,-1.773088005887501,192000,-0.12345366271412,36000,-0.8657349578804335,36000,0.5376582269006271,12000,180000,2.5657600000000005,120000.0,105.3,2025-11-21_09-33,1,0.5404824874408073,1,134534.82658921802,120.8120677040218,164617.22023419675
R_LN_3DBall_4355,3DBall,4355,ppo,0.0005523193821711,200000,183,34402,3.0,12.0,169,45.1,63.3,-0.30799890694181,12000,-1.612124811365775,142000,-1.752456457617718,192000,-0.1156204299090295,36000,-0.7939408878419448,36000,0.4792472104188066,12000,180000,2.5657600000000005,120000.0,101.6,2025-11-21_09-33,1,0.8999530565559175,1,120533.18319013459,101.51864504780266,128483.59531719246
R_AP_3DBall_1133,3DBall,1133,ppo,0.0004161622275301,500000,50,9540,3.0,12.0,482,53.6,88.6,0.1794206269961605,12000,0.7173596335131767,442000,0.6270461975427244,132000,0.263935305101268,12000,0.19110097358661,12000,-0.6252520103282408,12000,480000,2.5657600000000005,60000.0,48.2,2025-11-21_09-33,1,0.9999257547700015,1,52665.08004621633,32.34790193294315,52698.29253023468
R_AK_3DBall_2107,3DBall,2107,ppo,0.0008951739512821,500000,126,23634,3.0,12.0,243,44.0,83.7,-0.6050561662079433,12000,0.7173596335131767,442000,0.6270461975427244,276000,-0.0223337483211326,24000,-0.3369767358908052,24000,-0.2163748949555322,12000,480000,2.5657600000000005,84000.0,36.4,2025-11-21_09-33,1,0.9998562673143785,1,74309.25073979406,35.093405857050826,74370.43641442947
R_LN_3DBall_4381,3DBall,4381,ppo,0.0008364925729444,200000,69,13057,3.0,12.0,181,44.3,63.8,-0.1951632038097131,12000,0.6360891925979816,142000,0.6270461975427244,168000,0.1514215975372398,24000,0.7491212336014041,24000,0.0809902798609723,12000,180000,2.5657600000000005,60000.0,48.4,2025-11-21_09-33,1,0.969271457139799,1,55077.705159010846,41.064230654197004,59530.956107430866
R_AK_3DBall_2035,3DBall,2035,ppo,9.525935843945289e-05,500000,130,24443,3.0,12.0,216,32.0,84.0,-0.2066770510680909,12000,0.6806467603964768,442000,0.6270461975427244,324000,-0.0237579724675128,36000,-0.3727036427819963,36000,0.5854490585675617,12000,480000,2.5657600000000005,156000.0,64.7,2025-11-21_09-33,1,0.9429101195281787,1,105614.05661452365,43.348229465167556,128129.50298216697
R_AP_3DBall_1077,3DBall,1077,ppo,0.0007436168615878,500000,55,10317,3.0,12.0,635,64.4,87.9,0.4442391139388394,12000,0.6799588906823716,442000,0.6270461975427244,156000,0.250405175710657,12000,1.468082702754612,12000,-2.149248531262871,12000,480000,2.5657600000000005,48000.0,47.6,2025-11-21_09-33,1,0.9999994475895929,1,38365.807646469126,27.59611734725857,38366.06265800125
R_AP_3DBall_1309,3DBall,1309,ppo,0.0005051588730657,500000,85,15998,3.0,12.0,431,53.5,90.1,-0.4906852834413964,12000,0.7173596335131767,442000,0.6270461975427244,168000,0.0766498298522844,24000,-0.1249970883364047,24000,0.1022306494907328,12000,480000,2.5657600000000005,60000.0,43.1,2025-11-21_09-33,1,0.997679802833518,1,66957.7202641079,40.481055586078824,67962.46373451804
R_AP_3DBall_1149,3DBall,1149,ppo,0.0003254434121825,500000,62,11729,3.0,12.0,579,60.9,88.2,0.2354546836535972,12000,0.7046477018651527,442000,0.6270461975427244,132000,0.1891635374163125,12000,1.7930274273363975,12000,-0.6252520103282408,12000,480000,2.5657600000000005,48000.0,43.5,2025-11-21_09-33,1,0.9981834020970118,1,49887.4295263172,34.682480442972974,50705.103077948304
R_LN_3DBall_3889,3DBall,3889,ppo,0.0002959698301658,200000,41,7778,3.0,12.0,198,44.2,59.8,1.4789501875583424,12000,0.6933537254761677,142000,0.6270461975427244,156000,0.3707521160797756,12000,2.9873268862705,12000,0.1181609267130442,12000,180000,2.5657600000000005,36000.0,26.5,2025-11-21_09-33,1,0.6167323230660785,1,43888.53527328864,35.517106555181975,103721.01370184713
R_AK_3DBall_2705,3DBall,2705,ppo,0.0003984145168508,500000,140,26431,3.0,12.0,213,28.8,83.4,-0.4108559424499809,12000,0.7173596335131767,442000,0.6270461975427244,264000,-0.0493940071023547,36000,-0.4448379690765917,36000,0.6013793357898731,12000,480000,2.5657600000000005,120000.0,47.9,2025-11-21_09-33,1,0.9861390871709159,1,106314.73672137858,37.12412862896085,111771.57383777857
R_AK_3DBall_2014,3DBall,2014,ppo,0.0003161008530917,500000,134,25206,3.0,12.0,213,29.1,84.2,-0.2611759280910757,12000,0.7173596335131767,442000,0.6270461975427244,300000,-0.0394244380776939,36000,-0.2985277789507615,36000,0.7075811839386281,12000,480000,2.5657600000000005,120000.0,47.9,2025-11-21_09-33,1,0.928719089418496,1,103711.352585018,39.77024046247119,131959.1682258705
R_AK_3DBall_2699,3DBall,2699,ppo,0.0008347687419273,500000,72,13503,3.0,12.0,219,32.4,83.8,0.028973022820032,12000,0.7173596335131767,442000,0.6270461975427244,144000,0.1599669424155205,24000,0.1808932859034125,24000,0.3942857318998002,12000,480000,2.5657600000000005,60000.0,21.9,2025-11-21_09-33,1,0.9996400716811052,1,58341.88821894477,19.739588189094103,58500.85348064436
R_LN_3DBall_3487,3DBall,3487,ppo,0.0003402252794535,200000,176,33181,3.0,12.0,192,51.5,69.1,-0.4169966609877814,12000,-1.5781038182854994,142000,-1.6828723643718615,192000,-0.1020903005184185,36000,-0.8497429138434243,36000,0.5004875800485553,12000,180000,2.5657600000000005,108000.0,102.5,2025-11-21_09-33,1,0.5215660807129942,1,127581.78342186825,132.75938916406386,162229.11460711906
R_LN_3DBall_3017,3DBall,3017,ppo,0.0003581229035572,100000,149,27990,3.0,12.0,92,41.9,66.3,-0.4845445649035942,12000,-1.7343396416172896,46000,-1.9159642496735452,96000,-0.0914086194205677,36000,-0.4285056687834759,36000,0.776612385235323,12000,84000,2.5657600000000005,,,2025-11-21_09-33,0,0.002527906334736419,0,118582.07935304326,138.0053470887419,100046.97375610913
R_AK_3DBall_2517,3DBall,2517,ppo,0.0008554599246992,500000,67,12682,3.0,12.0,221,32.3,85.0,-0.6917938155543862,12000,0.6801501035631877,442000,0.6270461975427244,132000,0.1507094854640497,24000,0.3482993639078509,24000,-0.1101730468067772,12000,480000,2.5657600000000005,60000.0,22.1,2025-11-21_09-33,1,0.9992353628598825,1,58335.970595525214,20.332308392744597,58673.68331586184
R_AK_3DBall_2691,3DBall,2691,ppo,0.0004049400278563,500000,110,20732,3.0,12.0,217,37.3,84.8,-0.5106426186892499,12000,0.7173596335131767,442000,0.6270461975427244,204000,0.0082870708260395,24000,-0.613945328361563,24000,0.1287811115279186,12000,480000,2.5657600000000005,84000.0,32.5,2025-11-21_09-33,1,0.9992407505371146,1,85367.68760227918,33.906798122902295,85682.49696276209
R_AK_3DBall_2371,3DBall,2371,ppo,0.0006004054419071,500000,65,12304,3.0,12.0,220,27.1,82.7,-0.4500030231284627,12000,0.7173596335131767,442000,0.6270461975427244,120000,0.1571184941227603,24000,0.2247863429411614,24000,-0.8695162610703856,12000,480000,2.5657600000000005,60000.0,22.0,2025-11-21_09-33,1,0.9998568317088776,1,60481.964235786545,20.148758806047994,60544.889281884374
R_AK_3DBall_2585,3DBall,2585,ppo,0.0001449934668862,500000,110,20687,3.0,12.0,230,41.2,84.8,-0.4707279481935429,12000,0.7173596335131767,442000,0.6270461975427244,204000,-0.0002582740522411,24000,-0.7020716986931678,24000,0.6066894281973103,12000,480000,2.5657600000000005,84000.0,34.5,2025-11-21_09-33,1,0.9942267498436728,1,91871.62441061455,40.597293704515664,94227.85161878755
R_AK_3DBall_2011,3DBall,2011,ppo,0.0008774973417153,500000,140,26433,3.0,12.0,251,43.7,84.9,-0.5259944150337529,12000,0.6424414334957438,442000,0.6270461975427244,252000,-0.0358638777117436,36000,-0.193048339557721,36000,0.2721536065287337,12000,480000,2.5657600000000005,72000.0,31.4,2025-11-21_09-33,1,0.9986524273370146,1,84495.36153333116,40.2427946484124,85055.28422547245
R_LN_3DBall_4169,3DBall,4169,ppo,0.0001179675267325,200000,141,26442,3.0,12.0,182,44.1,60.8,-0.4960584121619719,12000,-1.7114189287610164,142000,-1.8862662692432128,180000,-0.0536666795414949,36000,-0.1688901453741537,36000,0.6863408143088795,12000,180000,2.5657600000000005,,,2025-11-21_09-33,0,0.18106749584800372,0,105621.1425744426,92.15772505052836,182911.05662495855
R_LN_3DBall_3246,3DBall,3246,ppo,0.0005392051950058,100000,77,14596,3.0,12.0,108,41.8,57.4,-0.324118293103538,12000,-1.553042514477752,46000,-1.466407428606931,96000,0.1215128904632577,24000,-0.0627301934689001,24000,-0.5137400697720487,12000,84000,2.5657600000000005,60000.0,61.8,2025-11-21_09-33,1,0.6707731497097877,1,67453.80081502511,75.81207237768112,78168.88346161226
R_AK_3DBall_2056,3DBall,2056,ppo,0.0004863600020942,500000,106,20039,3.0,12.0,215,27.0,82.4,-0.5620711364433345,12000,0.7173596335131767,442000,0.6270461975427244,216000,0.0282262088753609,24000,-0.6295971161424657,24000,0.8403334941245689,12000,480000,2.5657600000000005,96000.0,37.6,2025-11-21_09-33,1,0.9642874212275147,1,89881.15515054131,32.65655000345595,104527.55670330829
R_LN_3DBall_3992,3DBall,3992,ppo,0.0004135736936829,200000,119,22351,3.0,12.0,195,43.3,62.2,-0.6495763756070024,12000,-0.4110297920137332,142000,0.16676231225885,168000,-0.0088036189305217,24000,-0.4911128199070869,24000,-0.0623822151398427,12000,180000,2.5657600000000005,72000.0,64.9,2025-11-21_09-33,1,0.9060639261113267,1,87150.43156042327,73.69648715404936,97751.07695966825
R_AK_3DBall_2419,3DBall,2419,ppo,0.000188015150169,500000,130,24468,3.0,12.0,245,43.8,83.4,-0.6726040701237578,12000,0.7139252515109854,442000,0.6270461975427244,204000,-0.0194853000283725,36000,-0.535005876944836,36000,0.426146286344435,12000,480000,2.5657600000000005,84000.0,36.7,2025-11-21_09-33,1,0.9917272947821597,1,98415.4404108387,47.87376472353449,101737.63109235605
R_LN_3DBall_3678,3DBall,3678,ppo,0.0005679922575159,200000,101,19032,3.0,12.0,300,78.6,85.5,-0.2358454641226451,12000,0.4275703044258905,142000,0.5988953898360349,156000,0.0203929760702703,24000,-0.4924738449315132,24000,0.176571943194853,12000,180000,2.5657600000000005,72000.0,100.1,2025-11-21_09-33,1,0.9927380470424089,1,71920.61990440085,99.0613373005063,72850.72633749252
R_LN_3DBall_3936,3DBall,3936,ppo,0.000104164091457,200000,77,14491,3.0,12.0,185,43.9,59.5,-0.1951632038097131,12000,-1.4906301335225285,142000,-1.4258173522021498,192000,0.112967545584977,24000,-0.2141442274363292,24000,0.4686270256039323,12000,180000,2.5657600000000005,108000.0,98.4,2025-11-21_09-33,1,0.6888772189731023,1,74052.77640658486,64.26235531242494,113237.82687358468
R_AK_3DBall_2580,3DBall,2580,ppo,0.0002360367082877,500000,88,16612,3.0,12.0,253,48.0,84.2,-0.0807923210431645,12000,0.7173596335131767,442000,0.6270461975427244,156000,0.0495895710710625,24000,-0.2641618970839967,24000,0.4420765635667465,12000,480000,2.5657600000000005,72000.0,31.6,2025-11-21_09-33,1,0.9991914769328621,1,73093.65828523555,35.126429982550064,73438.82191001938
R_AK_3DBall_2331,3DBall,2331,ppo,0.0003287721456953,500000,131,24670,3.0,12.0,232,39.7,84.0,-0.7585741296529739,12000,0.7173596335131767,442000,0.6270461975427244,240000,-0.0308790931994133,36000,-0.5809404715192246,36000,0.4898673952336809,12000,480000,2.5657600000000005,84000.0,34.8,2025-11-21_09-33,1,0.987847916484514,1,98868.60127965987,44.603806244752775,103743.18353759316
R_AK_3DBall_2333,3DBall,2333,ppo,0.000257278218335,500000,142,26761,3.0,12.0,214,27.1,84.2,-0.6495763756070024,12000,0.7173596335131767,442000,0.6270461975427244,336000,-0.0607878002733954,36000,-0.2835565036820718,36000,0.5535885041229387,12000,480000,2.5657600000000005,144000.0,58.8,2025-11-21_09-33,1,0.8853180032591369,1,113268.10686347897,41.064667291618065,157619.2925717493
R_AK_3DBall_2018,3DBall,2018,ppo,0.0002840070609391,500000,123,23101,3.0,12.0,225,37.8,84.0,-0.4300456878806093,12000,0.7173596335131767,442000,0.6270461975427244,228000,-0.0173489638088023,24000,-0.6037376406783656,24000,0.5111077648634296,12000,480000,2.5657600000000005,84000.0,33.7,2025-11-21_09-33,1,0.9880640188924082,1,94843.58433223775,42.643868466273595,99679.52365526775
R_LN_3DBall_4633,3DBall,4633,ppo,0.0007378199670047,200000,123,23118,3.0,12.0,172,44.7,65.5,-0.2005363325302886,12000,-0.2944371171150463,142000,0.3872344253780167,180000,-0.0294548690530332,24000,-0.5343253644326227,24000,-0.1845143405109092,12000,180000,2.5657600000000005,84000.0,68.9,2025-11-21_09-33,1,0.9975519586252737,1,79616.69802990826,59.345158681685206,79911.40133395721
R_AK_3DBall_2230,3DBall,2230,ppo,0.0008613651931387,500000,96,18170,3.0,12.0,241,43.9,84.2,-0.3325617810930155,12000,0.7173596335131767,442000,0.6270461975427244,180000,0.0645439246080535,24000,-0.6357217287523842,24000,0.4420765635667465,12000,480000,2.5657600000000005,72000.0,30.1,2025-11-21_09-33,1,0.9998272447655336,1,68166.81573909322,30.806551756215217,68241.41718209058
R_LN_3DBall_3144,3DBall,3144,ppo,0.0003105172638693,100000,63,11933,3.0,12.0,98,40.9,56.0,-0.0623701654297612,12000,-1.6034209003623905,46000,-1.6044977514345056,96000,0.1991331064409732,12000,-0.0287045678582421,12000,0.0916104646758466,12000,84000,2.5657600000000005,60000.0,56.0,2025-11-21_09-33,1,0.1968888401186955,0,67238.15320186166,77.14001954830498,93549.55798376814
R_LN_3DBall_3346,3DBall,3346,ppo,7.340666821328078e-05,100000,129,24310,3.0,12.0,96,41.9,57.7,-0.3486811672547436,12000,-1.737851005428641,46000,-1.9212426872823751,96000,-0.0365759897849337,36000,-0.1018596629211571,36000,0.6544802598642565,12000,84000,2.5657600000000005,,,2025-11-21_09-33,0,0.003685711165813516,0,107397.48477147796,126.670218423315,100027.26499222117
R_AK_3DBall_2873,3DBall,2873,ppo,0.0008319735266581,500000,179,33661,3.0,12.0,214,33.1,84.6,-0.6879558664682609,12000,0.7173596335131767,442000,0.6270461975427244,300000,-0.0864238349082373,36000,-0.8851295644785088,36000,0.4420765635667465,12000,480000,2.5657600000000005,108000.0,42.8,2025-11-21_09-33,1,0.9988404940089001,1,115103.84826372619,42.53178030294558,115550.1376576157
R_AP_3DBall_1199,3DBall,1199,ppo,0.0003520633281354,500000,34,6474,3.0,12.0,545,53.8,87.2,0.2193352974918691,12000,0.7173596335131767,442000,0.6270461975427244,108000,0.4483723320574914,12000,2.4027666382793926,12000,-1.7456815082976116,12000,480000,2.5657600000000005,48000.0,40.9,2025-11-21_09-33,1,0.9998423015646337,1,40271.911481195864,25.132404041639774,40344.40988144921
R_AK_3DBall_2339,3DBall,2339,ppo,0.000542304506617,500000,78,14733,3.0,12.0,231,41.1,83.8,0.4864565538862215,12000,0.667388506231835,442000,0.6270461975427244,132000,0.1029979765603163,24000,-0.1062829942505427,24000,-0.2588556342150413,12000,480000,2.5657600000000005,60000.0,23.1,2025-11-21_09-33,1,0.9999773274695838,1,61258.83846594361,25.59180831006975,61268.78583827334
R_LN_3DBall_3320,3DBall,3320,ppo,0.0002642685757634,100000,176,33136,3.0,12.0,95,40.7,58.2,-0.7931156714281054,12000,-1.730751295996779,46000,-1.9117378895167931,84000,-0.1170446540554095,36000,-0.6986691361321019,36000,0.776612385235323,12000,84000,2.5657600000000005,,,2025-11-21_09-33,0,0.0024365413405078346,0,140272.13137685697,167.3495164526926,100098.12471297008
R_LN_3DBall_3365,3DBall,3365,ppo,0.0005624896885359,100000,91,17231,3.0,12.0,94,41.3,57.6,-0.9604502515831888,12000,-1.7192189243278155,46000,-1.88351745903754,96000,0.056710691802963,24000,-0.6551163353504594,24000,-0.0995528619919029,12000,84000,2.5657600000000005,96000.0,94.1,2025-11-21_09-33,1,0.2892940825829466,0,79028.69898886766,88.64165077358265,93933.12671341366
R_AP_3DBall_1240,3DBall,1240,ppo,0.0004668252339707,500000,135,25319,3.0,12.0,401,52.7,88.1,-0.9028810152913018,12000,0.7038729172052224,442000,0.6270461975427244,264000,-0.0429849984436441,36000,-0.7177234864740705,36000,0.3093242533808056,12000,480000,2.5657600000000005,108000.0,80.1,2025-11-21_09-33,1,0.9899888052364091,1,92576.11771647519,59.3088882570816,96654.91755335388
R_AK_3DBall_2048,3DBall,2048,ppo,0.0001101893014954,500000,63,11829,3.0,12.0,244,44.5,82.1,0.640742107148477,12000,0.7173596335131767,442000,0.6270461975427244,120000,0.1905877615626927,12000,1.0226872635110962,12000,0.0863003722684095,12000,480000,2.5657600000000005,48000.0,18.3,2025-11-21_09-33,1,0.9978031954248473,1,58268.25841794231,28.10585316146768,59238.65672883994
R_AK_3DBall_2430,3DBall,2430,ppo,0.0007944401849507,500000,36,6860,3.0,12.0,330,48.9,84.2,5.512634677076516,12000,0.642784126710713,442000,0.6270461975427244,84000,0.4177515129103192,12000,3.836946757768635,12000,-2.574055923857891,12000,480000,2.5657600000000005,24000.0,8.2,2025-11-21_09-33,1,0.9999999999750397,1,24104.0580621683,8.830704311277385,24104.058074046785
R_LN_3DBall_3433,3DBall,3433,ppo,7.640907404785448e-05,100000,54,10138,3.0,12.0,121,44.0,68.5,1.7890564737173038,12000,-1.0481064117781371,46000,-0.3495343828633233,96000,0.2546778481497973,12000,1.3915250451306311,12000,0.3093242533808056,12000,84000,2.5657600000000005,36000.0,34.6,2025-11-21_09-33,1,0.185146282211213,0,60492.84749024388,62.60988789522127,92685.39759206727
R_AK_3DBall_2434,3DBall,2434,ppo,0.0007276253298747,500000,159,29825,3.0,12.0,219,38.9,84.1,-0.3463783978030684,12000,0.6802643346348445,442000,0.6270461975427244,252000,-0.0835753866154772,36000,-0.7942811440980514,36000,0.7288215535683767,12000,480000,2.5657600000000005,96000.0,38.3,2025-11-21_09-33,1,0.9980853815231457,1,101204.60150809657,43.087427405155594,101968.14254653364
R_LN_3DBall_3611,3DBall,3611,ppo,0.0007693465229852,200000,32,6017,3.0,12.0,218,43.5,62.8,5.811994705794324,12000,0.6367720957437536,142000,0.6270461975427244,120000,0.4839779357169939,12000,2.0825855012830994,12000,-3.444911078677692,12000,180000,2.5657600000000005,24000.0,14.5,2025-11-21_09-33,1,0.9999999999918643,1,26026.00544894144,17.4704057450336,26026.005450356843
R_AP_3DBall_1237,3DBall,1237,ppo,0.0001385674108922,500000,71,13330,3.0,12.0,490,61.8,87.4,0.2431305818258496,12000,0.6809124718022862,442000,0.6270461975427244,156000,0.1464368130249095,24000,0.8716134857997737,24000,0.4049059167146746,12000,480000,2.5657600000000005,60000.0,49.0,2025-11-21_09-33,1,0.9885097831592315,1,59614.58138676242,42.912307288103776,64674.7053401411
R_AK_3DBall_2640,3DBall,2640,ppo,7.767658355494472e-05,500000,93,17599,3.0,12.0,221,33.1,84.4,-0.3594274246958946,12000,0.7173596335131767,442000,0.6270461975427244,312000,0.0723771574131441,24000,-0.3407195547079777,24000,0.6385499826419451,12000,480000,2.5657600000000005,132000.0,55.2,2025-11-21_09-33,1,0.9803309694742434,1,88542.31351248418,33.5481348389772,96635.28730806432
R_LN_3DBall_3019,3DBall,3019,ppo,0.000329770812606,100000,68,12919,3.0,12.0,99,40.7,66.0,0.0013397893999261,12000,-1.5963112577938627,46000,-1.5543229400067542,96000,0.1492852613176697,24000,0.2741235000766159,24000,0.1447113887502301,12000,84000,2.5657600000000005,60000.0,56.5,2025-11-21_09-33,1,0.045896660001890216,0,72487.72062933835,78.61170769089054,98737.27826784774
R_AK_3DBall_2465,3DBall,2465,ppo,8.652374314319183e-05,500000,91,17096,3.0,12.0,247,45.7,84.0,-0.1759734583790848,12000,0.7173596335131767,442000,0.6270461975427244,192000,0.0624075883884834,24000,-0.3002290602312944,24000,0.5164178572708668,12000,480000,2.5657600000000005,72000.0,30.9,2025-11-21_09-33,1,0.9966885246928813,1,78349.85417209382,37.731309504077274,79746.13821824595
R_AK_3DBall_2957,3DBall,2957,ppo,9.31799645938823e-05,500000,101,19122,3.0,12.0,236,43.9,84.6,-0.8291923928376885,12000,0.7173596335131767,442000,0.6270461975427244,228000,0.0218172002166504,24000,-0.4455184815888049,24000,0.8031628472725089,12000,480000,2.5657600000000005,96000.0,41.3,2025-11-21_09-33,1,0.9815826969358453,1,90170.49323857547,40.14016639090972,97718.44746923365
R_AK_3DBall_2149,3DBall,2149,ppo,0.0005296781427218,500000,156,29403,3.0,12.0,218,38.1,84.0,-0.3578922450614444,12000,0.7173596335131767,442000,0.6270461975427244,252000,-0.0835753866154772,36000,-0.8354521510869478,36000,0.4526967483816208,12000,480000,2.5657600000000005,96000.0,38.1,2025-11-21_09-33,1,0.9972956266752322,1,107460.80003595499,47.48934153539799,108522.37257726345
R_LN_3DBall_4429,3DBall,4429,ppo,0.0007444300934408,200000,140,26331,3.0,12.0,171,44.4,65.0,-0.3816875293954249,12000,-1.0627006728243256,142000,-0.8218526933159364,180000,-0.0465455588095944,36000,-0.4785233384311434,36000,0.3942857318998002,12000,180000,2.5657600000000005,96000.0,79.9,2025-11-21_09-33,1,0.9538258464309033,1,90387.53255128847,70.45402289911097,95448.7954563529
R_LN_3DBall_3147,3DBall,3147,ppo,0.0002885976647236,100000,87,16422,3.0,12.0,96,42.0,56.2,0.6760512387408353,12000,-1.6574993796550297,46000,-1.7485034313088093,96000,0.0695287091203839,24000,0.054998471143977,24000,0.1659517583799787,12000,84000,2.5657600000000005,60000.0,54.8,2025-11-21_09-33,1,0.3659925155824411,0,73436.53185219348,83.31132553008476,90277.96946999025
R_AK_3DBall_2258,3DBall,2258,ppo,0.0008879661633656,500000,112,21020,3.0,12.0,219,32.2,83.4,0.1180134416181483,12000,0.7173596335131767,442000,0.6270461975427244,168000,-0.0002582740522411,24000,-0.4795441071994632,24000,0.2031224052320506,12000,480000,2.5657600000000005,72000.0,27.4,2025-11-21_09-33,1,0.9998586508643079,1,73079.62863321682,26.454049909069717,73139.97345871886
R_AK_3DBall_2752,3DBall,2752,ppo,0.0007239105342741,500000,171,32122,3.0,12.0,244,45.4,84.4,-0.3901310173849007,12000,0.7173596335131767,442000,0.6270461975427244,312000,-0.0885601711278075,36000,-0.8395352261602268,36000,0.3518049926403029,12000,480000,2.5657600000000005,84000.0,36.6,2025-11-21_09-33,1,0.9997775409230953,1,103306.42924102751,47.809299374379165,103394.67732659256
R_LN_3DBall_4301,3DBall,4301,ppo,0.0008279964092415,200000,65,12286,3.0,12.0,185,45.6,62.8,-0.4039476340949536,12000,0.6843518203728102,142000,0.6270461975427244,144000,0.1777697442452718,24000,0.5772918242675803,24000,0.1022306494907328,12000,180000,2.5657600000000005,48000.0,37.1,2025-11-21_09-33,1,0.9670504732833644,1,54338.22134213454,42.63790604902732,59137.70800961454
R_AK_3DBall_2719,3DBall,2719,ppo,0.0001817309022091,500000,102,19296,3.0,12.0,248,47.2,84.0,-0.164459611120707,12000,0.7173596335131767,442000,0.6270461975427244,168000,0.0360594416804515,24000,-0.5033620451269238,24000,0.2402930520841107,12000,480000,2.5657600000000005,72000.0,31.0,2025-11-21_09-33,1,0.9995917714309094,1,81469.69916358155,38.736352824859516,81640.55518941308
R_AK_3DBall_2083,3DBall,2083,ppo,0.000773170464049,500000,189,35460,3.0,12.0,210,27.2,83.0,-0.5505572891849585,12000,0.7173596335131767,442000,0.6270461975427244,348000,-0.1084993091771289,36000,-0.6387840350573435,36000,0.6969609991237539,12000,480000,2.5657600000000005,156000.0,62.9,2025-11-21_09-33,1,0.9712236050631303,1,124692.4186287519,46.936972470599514,135492.4178130923
R_AK_3DBall_2394,3DBall,2394,ppo,0.0007094241843102,500000,190,35801,3.0,12.0,215,36.3,83.3,-0.8268896233860134,12000,0.7173596335131767,442000,0.6270461975427244,300000,-0.1319990075924006,36000,-0.8987398147227721,36000,0.8350234017171319,12000,480000,2.5657600000000005,120000.0,48.3,2025-11-21_09-33,1,0.9839263448927542,1,128781.7812900506,55.02693166239101,134748.61490712047
R_AK_3DBall_2250,3DBall,2250,ppo,0.0005663518105335,500000,75,14124,3.0,12.0,270,45.9,83.5,-0.2488944910154729,12000,0.6544977781238268,442000,0.6270461975427244,144000,0.1136796576581671,24000,0.8413306790062879,24000,-0.8482758914406252,12000,480000,2.5657600000000005,60000.0,27.0,2025-11-21_09-33,1,0.9999017288204755,1,55376.01454646798,26.022558944445677,55419.708269963405
R_AK_3DBall_2055,3DBall,2055,ppo,0.0005385917769596,500000,142,26681,3.0,12.0,213,26.8,82.6,-0.8959727069362763,12000,0.7173596335131767,442000,0.6270461975427244,300000,-0.0444092225900243,36000,-0.5581433023600835,36000,0.4951774876411181,12000,480000,2.5657600000000005,120000.0,47.9,2025-11-21_09-33,1,0.9508917795487276,1,105116.18354009575,39.32598329915849,124508.2250514485
R_LN_3DBall_4035,3DBall,4035,ppo,0.0002343288361909,200000,133,24947,3.0,12.0,194,43.6,61.3,-0.8437765993649665,12000,-1.0277062323508044,142000,-0.7911954657969449,192000,-0.0330154294189834,36000,-0.7360973243038259,36000,0.5482784117155015,12000,180000,2.5657600000000005,84000.0,77.4,2025-11-21_09-33,1,0.40665290146243205,0,102981.57974369015,90.54620538197682,160547.17790747
R_AK_3DBall_2666,3DBall,2666,ppo,0.0003374743986859,500000,83,15732,3.0,12.0,219,33.1,83.6,-0.4192994304394566,12000,0.7173596335131767,442000,0.6270461975427244,156000,0.0873315109501352,24000,-0.2958057289019088,24000,0.4792472104188066,12000,480000,2.5657600000000005,72000.0,27.3,2025-11-21_09-33,1,0.9957343672245914,1,77067.55709995954,28.312242586364814,78871.63159017757
R_LN_3DBall_3222,3DBall,3222,ppo,0.0003898014945286,100000,67,12628,3.0,12.0,110,42.2,57.0,0.8149849956585877,12000,-1.1584238275882217,46000,-0.0567422593986577,96000,0.1464368130249095,24000,1.5881931611602351,24000,-0.7208336736621216,12000,84000,2.5657600000000005,48000.0,47.2,2025-11-21_09-33,1,0.5315916587171289,1,55795.308635426016,61.01668901188694,76501.15479442738
R_LN_3DBall_3018,3DBall,3018,ppo,0.0005842777154731,100000,184,34546,3.0,12.0,90,41.8,66.0,-0.7800666445352792,12000,-1.731523597372543,46000,-1.9099663767482216,96000,-0.1263021110068802,36000,-0.7296324554378009,36000,0.7182013687535025,12000,84000,2.5657600000000005,,,2025-11-21_09-33,0,0.003970244736883396,0,137186.63332917693,162.9331138114288,100147.64003525759
R_AK_3DBall_2543,3DBall,2543,ppo,0.0002984501278321,500000,113,21215,3.0,12.0,218,34.2,84.2,-0.9558447126798384,12000,0.7173596335131767,442000,0.6270461975427244,252000,-0.0095157310037117,24000,-0.4856687198093816,24000,0.3730453622700516,12000,480000,2.5657600000000005,120000.0,49.0,2025-11-21_09-33,1,0.9829305706757343,1,92211.99374587355,36.4673419698449,99172.70229791157
R_AK_3DBall_2947,3DBall,2947,ppo,0.000238116628284,500000,150,28280,3.0,12.0,237,45.3,85.0,-0.5329027233887802,12000,0.6420962569966083,442000,0.6270461975427244,252000,-0.0707573692980562,36000,-0.8650544453682204,36000,0.6385499826419451,12000,480000,2.5657600000000005,96000.0,41.4,2025-11-21_09-33,1,0.997361219551424,1,110846.41227035932,51.16256549369326,111873.30314915351
R_AP_3DBall_1019,3DBall,1019,ppo,0.0004799262095894,500000,165,31094,3.0,12.0,414,61.4,87.0,-0.3885958377504505,12000,0.692732904434557,442000,0.6270461975427244,288000,-0.0750300417371965,36000,-0.792239606561412,36000,0.4633169331964951,12000,480000,2.5657600000000005,108000.0,82.8,2025-11-21_09-33,1,0.9964720511662257,1,103336.3566534302,80.14465895679473,104735.76569137539
R_AK_3DBall_2365,3DBall,2365,ppo,0.000462513252879,500000,141,26439,3.0,12.0,224,43.0,83.7,-0.8161433659448607,12000,0.7173596335131767,442000,0.6270461975427244,228000,-0.0565151278342551,36000,-0.5863845716169299,36000,0.4473866559741836,12000,480000,2.5657600000000005,84000.0,33.6,2025-11-21_09-33,1,0.994272093455863,1,96704.46118457551,45.9937277020606,99014.50034057765
R_AK_3DBall_2695,3DBall,2695,ppo,0.000228843010714,500000,38,7225,3.0,12.0,258,52.0,84.4,1.0705924047945623,12000,0.7173596335131767,442000,0.6270461975427244,108000,0.402797159373328,12000,2.3449230747412737,12000,-0.4765694229199885,12000,480000,2.5657600000000005,36000.0,12.9,2025-11-21_09-33,1,0.9998545066126913,1,42634.32323180053,20.782930410583297,42700.86691335229
R_AK_3DBall_2435,3DBall,2435,ppo,0.0006251114816407,500000,43,8123,3.0,12.0,228,26.4,82.9,0.8264988429169637,12000,0.6812179157547587,442000,0.6270461975427244,96000,0.3230406071760422,12000,1.967919142975181,12000,-1.3952154094067115,12000,480000,2.5657600000000005,36000.0,11.4,2025-11-21_09-33,1,0.9999705112343343,1,43998.08939672786,13.504720235313386,44011.53633021274
R_AK_3DBall_2984,3DBall,2984,ppo,9.248308206064696e-05,500000,157,29618,3.0,12.0,265,47.4,84.0,-0.7401519740395706,12000,0.7173596335131767,442000,0.6270461975427244,264000,-0.0764542658835766,36000,-0.8497429138434243,36000,0.7341316459758139,12000,480000,2.5657600000000005,108000.0,53.0,2025-11-21_09-33,1,0.9914914050211434,1,120012.47855090663,59.071183244544635,123245.63846793654
R_LN_3DBall_4632,3DBall,4632,ppo,6.955177692039946e-05,200000,96,18095,3.0,12.0,192,44.4,65.2,-0.175205868561858,12000,-1.7277490054395488,142000,-1.9107373844888376,168000,0.0624075883884834,24000,0.4122675400558881,24000,0.6757206294940051,12000,180000,2.5657600000000005,,,2025-11-21_09-33,0,0.305302813294344,0,83245.73621141877,64.71095087055005,164354.59480123618
R_LN_3DBall_3198,3DBall,3198,ppo,8.935573297712267e-05,100000,116,21855,3.0,12.0,105,41.2,57.0,-0.4922204630758465,12000,-1.7137532158774735,46000,-1.8790203436541504,96000,-0.0016824981986211,24000,-0.6445683914111553,24000,0.7235114611609397,12000,84000,2.5657600000000005,96000.0,104.9,2025-11-21_09-33,1,0.007037950548728539,0,103774.46698653587,123.98657994947797,100026.56451199905
R_AK_3DBall_2175,3DBall,2175,ppo,0.0006819482583149,500000,140,26402,3.0,12.0,232,39.4,82.7,-0.58509883096009,12000,0.7173596335131767,442000,0.6270461975427244,216000,-0.0593635761270154,36000,-0.5809404715192246,36000,0.1925022204171645,12000,480000,2.5657600000000005,84000.0,34.8,2025-11-21_09-33,1,0.9988413992340295,1,91672.0317182639,40.792714675198994,92145.1208150823
R_LN_3DBall_4354,3DBall,4354,ppo,0.0003634757352985,200000,75,14236,3.0,12.0,181,40.9,63.9,-0.0961441173876675,12000,0.2434571330416061,142000,0.6089958491002194,192000,0.1193765542436875,24000,-0.217546789997395,24000,0.2668435141212966,12000,180000,2.5657600000000005,72000.0,60.5,2025-11-21_09-33,1,0.9447210622042571,1,71043.7496388783,52.289074405419626,78172.314180963
R_LN_3DBall_3269,3DBall,3269,ppo,0.0008683911963052,100000,41,7845,3.0,12.0,108,40.7,57.8,2.126028403479146,12000,-0.4141910127576156,46000,0.341017797501586,96000,0.3429797452253637,12000,3.0540171124673905,12000,-1.899674188113301,12000,84000,2.5657600000000005,36000.0,30.8,2025-11-21_09-33,1,0.9979415769413925,1,35321.95259800887,34.07732172778862,35455.08738216684
R_LN_3DBall_4451,3DBall,4451,ppo,0.0002324929639916,200000,81,15251,3.0,12.0,207,44.5,63.7,0.4611260899177926,12000,0.4747800197141471,142000,0.6270461975427244,168000,0.099437416194366,24000,0.4102260025192488,24000,-0.1420336012514119,12000,180000,2.5657600000000005,60000.0,55.1,2025-11-21_09-33,1,0.982274026108267,1,67313.45356798064,51.762486114835696,69665.45182581883
R_AK_3DBall_2441,3DBall,2441,ppo,0.0001792906793996,500000,84,15750,3.0,12.0,244,46.0,83.8,-0.2013039223475137,12000,0.6893183887056972,442000,0.6270461975427244,156000,0.0944526316820357,24000,-0.3152003354999841,24000,0.6438600750493823,12000,480000,2.5657600000000005,60000.0,24.4,2025-11-21_09-33,1,0.9969402032932674,1,73512.65410533943,35.479995695975035,74817.61868177105
R_AK_3DBall_2781,3DBall,2781,ppo,0.0004765439619141,500000,38,7253,3.0,12.0,321,53.3,84.6,4.477923603457011,12000,0.6432435342815052,442000,0.6270461975427244,288000,0.3700400040065857,12000,1.9257273672179644,12000,-3.3865000621958714,12000,480000,2.5657600000000005,36000.0,16.0,2025-11-21_09-33,1,0.9999999999995108,1,29451.061893276226,12.15275636004777,29451.0618935064
R_LN_3DBall_4313,3DBall,4313,ppo,0.0003446709665941,200000,50,9383,3.0,12.0,196,40.0,62.6,-0.2865063920595064,12000,0.7173596335131767,142000,0.6270461975427244,144000,0.2553899602229874,12000,-0.1634460452764484,12000,-1.3102539308877172,12000,180000,2.5657600000000005,60000.0,52.1,2025-11-21_09-33,1,0.9995226600745281,1,56606.92089047604,42.14625567891041,56675.36813217137
R_AP_3DBall_1064,3DBall,1064,ppo,0.000247856302049,500000,78,14683,3.0,12.0,455,59.6,88.0,0.0397192802611829,12000,0.6799588906823716,442000,0.6270461975427244,168000,0.1094069852190267,24000,-0.3679400551965041,24000,0.176571943194853,12000,480000,2.5657600000000005,72000.0,56.8,2025-11-21_09-33,1,0.9991907281744641,1,65737.46361556074,46.57685217150616,66088.90005114244
R_AK_3DBall_2238,3DBall,2238,ppo,0.0004667726824267,500000,172,32383,3.0,12.0,269,42.6,82.6,-0.1729030991101828,12000,0.680301583897341,442000,0.6270461975427244,300000,-0.1156204299090295,36000,-0.883428283197976,36000,0.5854490585675617,12000,480000,2.5657600000000005,108000.0,53.8,2025-11-21_09-33,1,0.9979937524189594,1,114613.38505259265,55.16980535857977,115386.56601659633
R_AK_3DBall_2484,3DBall,2484,ppo,5.628560763727482e-05,500000,40,7577,3.0,12.0,262,47.8,83.1,-0.0416452403646826,12000,0.7173596335131767,442000,0.6270461975427244,120000,0.3821459092508166,12000,0.3731380706036313,12000,0.4951774876411181,12000,480000,2.5657600000000005,60000.0,26.2,2025-11-21_09-33,1,0.997449986464556,1,56914.13812677253,28.730906659845637,58044.01307191315
R_AK_3DBall_2320,3DBall,2320,ppo,0.0004894247989946,500000,48,9174,3.0,12.0,256,46.9,83.4,1.1634707726788058,12000,0.6852011035577338,442000,0.6270461975427244,108000,0.2860107793701595,12000,2.092112676454083,12000,-1.862503541261241,12000,480000,2.5657600000000005,36000.0,12.8,2025-11-21_09-33,1,0.9999988116057269,1,40891.145194843855,18.36878368640383,40891.69079717763
R_AK_3DBall_2214,3DBall,2214,ppo,0.0004469316399792,500000,75,14227,3.0,12.0,254,44.4,83.3,0.1026616452736453,12000,0.7000188601789019,442000,0.6270461975427244,144000,0.1364672440002488,24000,1.5242249850121978,24000,-0.991648386441452,12000,480000,2.5657600000000005,48000.0,19.0,2025-11-21_09-33,1,0.9997744617730812,1,55107.24504275118,25.28028288071039,55207.585365873274
R_AP_3DBall_1341,3DBall,1341,ppo,3.1716643590758594e-05,500000,117,22118,3.0,12.0,457,62.0,90.3,-0.6979345340921868,12000,0.7173596335131767,442000,0.6270461975427244,252000,-0.0095157310037117,24000,-0.4536846317353628,24000,0.7288215535683767,12000,480000,2.5657600000000005,96000.0,79.9,2025-11-21_09-33,1,0.9404363943221642,1,93927.16638288349,70.0815341037413,118114.32852093485
R_LN_3DBall_3905,3DBall,3905,ppo,9.915906809534996e-05,200000,68,12847,3.0,12.0,187,43.8,59.2,-0.1268477100766736,12000,0.6883846738591145,142000,0.6270461975427244,168000,0.1357551319270587,24000,0.2799078564304279,24000,0.6332398902345079,12000,180000,2.5657600000000005,60000.0,49.9,2025-11-21_09-33,1,0.3685507283322863,0,69534.43275615924,59.97042970895591,151916.8201699976
R_AK_3DBall_2146,3DBall,2146,ppo,0.0002968018669491,500000,83,15563,3.0,12.0,243,41.3,83.6,0.4089299823464812,12000,0.6792610878316011,442000,0.6270461975427244,144000,0.1151038818045472,24000,0.2775260626376817,24000,0.1447113887502301,12000,480000,2.5657600000000005,60000.0,24.3,2025-11-21_09-33,1,0.9991597261458718,1,66480.18997415536,29.703385401103837,66844.46533576671
R_AK_3DBall_2069,3DBall,2069,ppo,0.0006025056701649,500000,53,10098,3.0,12.0,252,43.0,83.8,1.6984808752847371,12000,0.6816773233255508,442000,0.6270461975427244,168000,0.2297539255881455,12000,1.773292564482216,12000,-1.0766098649604467,12000,480000,2.5657600000000005,36000.0,12.6,2025-11-21_09-33,1,0.9999966185664974,1,42860.77123230287,17.901305523421044,42862.31701820639
R_AK_3DBall_2354,3DBall,2354,ppo,0.0006066104940717,500000,138,25907,3.0,12.0,221,38.0,82.9,-0.4407919453217619,12000,0.7173596335131767,442000,0.6270461975427244,216000,-0.0380002139313138,36000,-0.6479709539722212,36000,0.4526967483816208,12000,480000,2.5657600000000005,96000.0,38.6,2025-11-21_09-33,1,0.9982349031104064,1,92398.5227882018,39.4028176370797,93117.97888782209
R_AP_3DBall_1113,3DBall,1113,ppo,0.0001104736652259,500000,102,19130,3.0,12.0,439,55.0,88.3,-0.5958450884012426,12000,0.6800333892073649,442000,0.6270461975427244,300000,0.0389078899732117,24000,0.0131469516428675,24000,0.564208688937813,12000,480000,2.5657600000000005,156000.0,131.7,2025-11-21_09-33,1,0.8949635574895135,1,81610.70681547516,55.32219614109124,125556.82975605458
R_AK_3DBall_2123,3DBall,2123,ppo,0.0004073697800308,500000,140,26286,3.0,12.0,220,38.2,82.8,-1.0187870776923007,12000,0.7099917293913389,442000,0.6270461975427244,252000,-0.0550909036878751,36000,-0.670087610619149,36000,0.4686270256039323,12000,480000,2.5657600000000005,96000.0,38.5,2025-11-21_09-33,1,0.9771091534442594,1,102277.1680734657,46.945735569461036,111381.38039081059
R_AK_3DBall_2621,3DBall,2621,ppo,0.0006437590177206,500000,119,22339,3.0,12.0,215,33.4,84.4,-0.0485535487197082,12000,0.6796906959923956,442000,0.6270461975427244,192000,-0.0137884034428521,24000,-0.6350412162401711,24000,0.2243627748617992,12000,480000,2.5657600000000005,84000.0,32.2,2025-11-21_09-33,1,0.9997573073890936,1,82629.54589065969,29.98109211451871,82730.83861588266
R_LN_3DBall_3548,3DBall,3548,ppo,0.0006662545739792,200000,34,6524,3.0,12.0,211,37.7,61.6,1.6931077465641602,12000,0.7173596335131767,142000,0.6270461975427244,108000,0.4412512113255909,12000,2.6501329364688773,12000,-1.51734753477779,12000,180000,2.5657600000000005,36000.0,28.1,2025-11-21_09-33,1,0.9992465657177001,1,37497.19552852942,27.026082103376492,37619.6307123881
R_AK_3DBall_2797,3DBall,2797,ppo,0.0007263057929552,500000,41,7764,3.0,12.0,247,44.9,83.8,1.5104213700645737,12000,0.6799961399448685,442000,0.6270461975427244,84000,0.3565098746159746,12000,2.41093278842595,12000,-2.005876036262056,12000,480000,2.5657600000000005,36000.0,12.4,2025-11-21_09-33,1,0.9999998786896332,1,34998.14577960849,13.672293191118692,34998.20218915396
R_LN_3DBall_3111,3DBall,3111,ppo,0.0005656910747959,100000,182,34220,3.0,12.0,90,42.6,56.3,-0.4615168703868404,12000,-1.7265396460504907,46000,-1.9030556719159484,84000,-0.1056508608843687,36000,-0.8881918707834681,36000,0.5164178572708668,12000,84000,2.5657600000000005,,,2025-11-21_09-33,0,0.05153540513937439,0,126656.61877669988,158.01016810697658,101373.7596483031
R_AP_3DBall_1347,3DBall,1347,ppo,0.0004543586444717,500000,162,30486,3.0,12.0,397,56.0,87.9,-0.2281695659503944,12000,0.7173596335131767,442000,0.6270461975427244,252000,-0.095681291859708,36000,-0.7480062932675563,36000,0.6597903522716937,12000,480000,2.5657600000000005,108000.0,79.5,2025-11-21_09-33,1,0.9943962611636148,1,104998.9504941139,69.77239689934297,107212.43321564296
R_AK_3DBall_2864,3DBall,2864,ppo,0.0005167793278067,500000,63,11940,3.0,12.0,264,49.0,84.7,0.9646650100174912,12000,0.7173596335131767,442000,0.6270461975427244,120000,0.1991331064409732,12000,0.9158467990936294,12000,-1.3845952245918374,12000,480000,2.5657600000000005,48000.0,19.8,2025-11-21_09-33,1,0.9999997053345038,1,47720.69318227486,20.794028913284187,47720.82645338124
R_AK_3DBall_2457,3DBall,2457,ppo,0.0001820929070742,500000,67,12633,3.0,12.0,244,46.0,83.9,-0.4446298944078873,12000,0.7173596335131767,442000,0.6270461975427244,132000,0.1521337096104299,24000,-0.0025048361380351,24000,0.3411848078254286,12000,480000,2.5657600000000005,60000.0,24.4,2025-11-21_09-33,1,0.9970816035708583,1,66612.77524644863,32.01506279926831,67877.57097560503
R_AK_3DBall_2016,3DBall,2016,ppo,0.0002425029553758,500000,37,6965,3.0,12.0,301,47.2,83.8,3.1461552705713727,12000,0.6611306301323973,442000,0.6270461975427244,96000,0.375736900592106,12000,2.432709188816772,12000,-1.3739750397769632,12000,480000,2.5657600000000005,36000.0,15.1,2025-11-21_09-33,1,0.9999996707888934,1,36783.68616922125,16.535205306217332,36783.83866517652
R_LN_3DBall_4128,3DBall,4128,ppo,0.0001521598497125,200000,82,15465,3.0,12.0,182,44.8,61.4,-0.3402376792652662,12000,-1.0368844506299792,142000,-0.7621369834257181,192000,0.0894678471697053,24000,-0.3965215807094571,24000,0.3040141609733567,12000,180000,2.5657600000000005,96000.0,85.1,2025-11-21_09-33,1,0.8501947002105177,1,76532.62391410237,65.12052163140481,95028.69120287102
R_LN_3DBall_3301,3DBall,3301,ppo,0.0002767931208814,100000,126,23682,3.0,12.0,94,39.6,57.6,-0.4146938915361062,12000,-1.7152605693665046,46000,-1.8852554497304328,96000,-0.0422728863704542,24000,-0.576517140189839,24000,0.4686270256039323,12000,84000,2.5657600000000005,96000.0,94.0,2025-11-21_09-33,1,0.026570221363851693,0,101984.93469569039,114.47158976249807,100052.74015425728
R_AK_3DBall_2598,3DBall,2598,ppo,0.0002573765017008,500000,63,11938,3.0,12.0,222,29.4,84.6,0.0013397893999261,12000,0.7173596335131767,442000,0.6270461975427244,144000,0.1877393132699325,12000,0.2543886372224341,12000,0.5960692433824359,12000,480000,2.5657600000000005,60000.0,22.2,2025-11-21_09-33,1,0.9884619230821406,1,69062.54005503541,23.554556946754662,74034.72961466735
R_AK_3DBall_2266,3DBall,2266,ppo,0.0001628633493801,500000,156,29344,3.0,12.0,290,47.8,84.0,-0.4054828137294037,12000,0.6061159527090091,442000,0.6270461975427244,276000,-0.0493940071023547,36000,-0.8344313823186281,36000,0.6279297978270589,12000,480000,2.5657600000000005,96000.0,50.8,2025-11-21_09-33,1,0.9934555568030363,1,113165.80646685722,61.07660704641849,115697.42087307814
R_LN_3DBall_3314,3DBall,3314,ppo,0.0005810087775226,100000,177,33215,3.0,12.0,104,41.0,58.4,-0.6503439654242275,12000,-1.722273363852541,46000,-1.896526603022174,96000,-0.0978176280792782,36000,-0.8327301010380952,36000,0.3783554546774887,12000,84000,2.5657600000000005,,,2025-11-21_09-33,0,0.05389620774340662,0,123926.07285502009,145.0857827755981,101289.52459307804
R_LN_3DBall_4206,3DBall,4206,ppo,0.0007798369876295,200000,40,7523,3.0,12.0,201,44.0,60.9,1.4536197235899135,12000,0.6797676778015554,142000,0.6270461975427244,84000,0.360782547055115,12000,2.457207639256445,12000,-2.568745831450454,12000,180000,2.5657600000000005,36000.0,26.7,2025-11-21_09-33,1,0.9999959100201938,1,34124.16731070961,24.9570078163186,34124.84573951564
R_LN_3DBall_3697,3DBall,3697,ppo,0.0008456020410606,200000,160,30154,3.0,12.0,170,42.7,49.7,-0.3018581884040094,12000,-1.4276043813781931,142000,-1.3385619678310812,192000,-0.0707573692980562,36000,-0.8300080509892426,36000,0.6757206294940051,12000,180000,2.5657600000000005,96000.0,79.5,2025-11-21_09-33,1,0.941055308830674,1,94066.94546129202,85.95393169130136,100311.13664569953
R_AK_3DBall_2430,3DBall,2430,ppo,0.0007944401849507,500000,36,6860,3.0,12.0,330,48.9,84.2,5.512634677076516,12000,0.642784126710713,442000,0.6270461975427244,84000,0.4177515129103192,12000,3.836946757768635,12000,-2.574055923857891,12000,480000,2.5657600000000005,24000.0,8.2,2025-11-21_09-33,1,0.9999999999750397,1,24104.0580621683,8.830704311277385,24104.058074046785
R_AK_3DBall_2150,3DBall,2150,ppo,0.0001014946063345,500000,101,19059,3.0,12.0,232,42.7,84.0,-0.5520924688194087,12000,0.7173596335131767,442000,0.6270461975427244,180000,0.0381957779000216,24000,-0.6146258408737763,24000,0.6491701674568193,12000,480000,2.5657600000000005,84000.0,34.8,2025-11-21_09-33,1,0.9839138677408895,1,88859.55893195883,43.13708289393789,95473.21844404837
R_LN_3DBall_4248,3DBall,4248,ppo,0.0001125386462579,200000,98,18418,3.0,12.0,201,53.1,74.0,-0.2849712124250562,12000,-1.532105945670467,142000,-1.5913184184502709,192000,0.0417563382659719,24000,-0.1481345137516522,24000,0.2615334217138594,12000,180000,2.5657600000000005,108000.0,107.0,2025-11-21_09-33,1,0.7706949157746233,1,84533.61080465617,76.83847630392589,111010.64090429462
R_LN_3DBall_4430,3DBall,4430,ppo,0.000888844910013,200000,100,18757,3.0,12.0,202,43.9,64.8,-0.075419192322589,12000,0.2938330356420781,142000,0.6270461975427244,168000,0.0282262088753609,24000,-0.5149307578345477,24000,-0.4871896077348628,12000,180000,2.5657600000000005,60000.0,53.8,2025-11-21_09-33,1,0.9996141917730985,1,65622.34268784983,48.31398278310111,65674.1866935526
R_LN_3DBall_3114,3DBall,3114,ppo,0.0004219877459759,100000,188,35322,3.0,12.0,89,41.6,56.6,-0.1421995064211767,12000,-1.7283027778086657,46000,-1.9075888879962235,84000,-0.1255899989336902,36000,-0.8024472942446095,36000,0.776612385235323,12000,84000,2.5657600000000005,,,2025-11-21_09-33,0,0.018942161419088787,0,135619.1194309867,166.3850895841949,100674.70310986755
R_LN_3DBall_4302,3DBall,4302,ppo,0.000584450083452,200000,130,24533,3.0,12.0,183,44.6,62.8,-0.748595462029048,12000,-0.7917644371286781,142000,-0.1125616726465009,192000,-0.0436971105168342,36000,-0.6813160670706662,36000,0.5164178572708668,12000,180000,2.5657600000000005,84000.0,73.1,2025-11-21_09-33,1,0.8434402846416076,1,93048.5904685563,76.23364256531437,109792.87270197799
R_LN_3DBall_4403,3DBall,4403,ppo,0.000107109128508,200000,65,12303,3.0,12.0,185,44.9,63.8,0.0635145645951634,12000,0.5052027340372459,142000,0.6270461975427244,192000,0.1692243993669911,24000,-0.0845065938597214,24000,0.5323481344931901,12000,180000,2.5657600000000005,72000.0,61.5,2025-11-21_09-33,1,0.8575102252491332,1,70014.6335383901,56.00797773101838,88536.21912641377
R_LN_3DBall_4216,3DBall,4216,ppo,0.0007063999445445,200000,191,35962,3.0,12.0,172,43.6,61.1,-0.193628024175263,12000,-1.6568214430775905,142000,-1.7864297920077186,192000,-0.1312868955192106,36000,-0.7493673182919827,36000,0.5695187813452501,12000,180000,2.5657600000000005,132000.0,114.3,2025-11-21_09-33,1,0.9098053853653427,1,120484.56389802755,100.48807707399745,127656.42801475167
R_LN_3DBall_3672,3DBall,3672,ppo,0.0007519620595294,200000,174,32670,3.0,12.0,178,43.3,63.6,-0.4615168703868404,12000,-1.6530394012920973,142000,-1.801254285321427,192000,-0.0971055160060881,36000,-0.688801704705011,36000,0.3783554546774887,12000,180000,2.5657600000000005,144000.0,130.8,2025-11-21_09-33,1,0.8186156394804377,1,109422.56844351794,96.03311935043615,125851.89794389487
R_AP_3DBall_1012,3DBall,1012,ppo,0.0007096914244523,500000,38,7165,3.0,12.0,578,65.5,84.8,1.2033854431745143,12000,0.7173596335131767,442000,0.6270461975427244,96000,0.4163272887639391,12000,3.160857576884857,12000,-1.9474650197802472,12000,480000,2.5657600000000005,36000.0,28.9,2025-11-21_09-33,1,0.999996006845688,1,30666.084028996564,22.642110604936875,30667.958151746887
R_AP_3DBall_1103,3DBall,1103,ppo,0.0004617050621388,500000,101,18949,3.0,12.0,460,63.7,86.3,0.1049644147253222,12000,0.6796906959923956,442000,0.6270461975427244,180000,0.0389078899732117,24000,-0.5928494404829548,24000,0.0863003722684095,12000,480000,2.5657600000000005,72000.0,57.5,2025-11-21_09-33,1,0.9998822484230315,1,67303.47419473824,50.95549729103321,67354.42489300059
R_LN_3DBall_3782,3DBall,3782,ppo,0.0008742883787496,200000,135,25322,3.0,12.0,169,43.1,50.7,-0.8583608058922445,12000,-1.04651959319578,142000,-0.4322513939117049,192000,-0.0451213346632144,36000,-0.640825572593983,36000,0.0809902798609723,12000,180000,2.5657600000000005,84000.0,67.7,2025-11-21_09-33,1,0.9718082796356831,1,79315.26713030072,71.67212341063328,82717.57737160557
R_LN_3DBall_4469,3DBall,4469,ppo,5.682692947004142e-05,200000,170,31931,3.0,12.0,186,45.6,64.1,-0.5167833372270522,12000,-1.7345854867497676,142000,-1.9173283402915573,180000,-0.0914086194205677,36000,-0.1369060573001351,36000,0.7925426624576345,12000,180000,2.5657600000000005,,,2025-11-21_09-33,0,0.09509865812063623,0,127997.80241861587,111.01565045104964,193152.68762827344
R_AK_3DBall_2644,3DBall,2644,ppo,0.0001745344678723,500000,38,7187,3.0,12.0,233,34.7,84.5,-0.0278286236546297,12000,0.7173596335131767,442000,0.6270461975427244,120000,0.3992365990073777,12000,0.3557850015421956,12000,-0.3119565582894129,12000,480000,2.5657600000000005,60000.0,23.3,2025-11-21_09-33,1,0.9996507364103915,1,56549.745297176385,21.66158683954136,56704.6263249467
R_AK_3DBall_2605,3DBall,2605,ppo,0.0007834621350953,500000,48,9085,3.0,12.0,227,32.3,84.2,0.2446657614602997,12000,0.7173596335131767,442000,0.6270461975427244,108000,0.2696322016867884,12000,1.6980959318826614,12000,-0.6358721951431152,12000,480000,2.5657600000000005,48000.0,17.0,2025-11-21_09-33,1,0.9997953070381319,1,45837.87887914496,15.25620885666391,45930.84266888548
R_AK_3DBall_2505,3DBall,2505,ppo,0.0001775753262285,500000,143,26903,3.0,12.0,223,42.1,83.8,-0.8253544437515615,12000,0.7173596335131767,442000,0.6270461975427244,228000,-0.0515303433219248,36000,-0.5595043273845098,36000,0.4686270256039323,12000,480000,2.5657600000000005,96000.0,39.0,2025-11-21_09-33,1,0.9821473826948518,1,108098.44167602857,51.02544701207893,115094.91021807764
R_AK_3DBall_2434,3DBall,2434,ppo,0.0007276253298747,500000,159,29825,3.0,12.0,219,38.9,84.1,-0.3463783978030684,12000,0.6802643346348445,442000,0.6270461975427244,252000,-0.0835753866154772,36000,-0.7942811440980514,36000,0.7288215535683767,12000,480000,2.5657600000000005,96000.0,38.3,2025-11-21_09-33,1,0.9980853815231457,1,101204.60150809657,43.087427405155594,101968.14254653364
R_LN_3DBall_4234,3DBall,4234,ppo,0.0001572538202307,200000,154,28921,3.0,12.0,176,44.6,61.3,-0.689491046102711,12000,-1.66751198141413,142000,-1.814162863079024,192000,-0.0785906021031467,36000,-0.5962520030440207,36000,0.7447518307907001,12000,180000,2.5657600000000005,132000.0,117.5,2025-11-21_09-33,1,0.23625238462216727,0,116743.23816621522,102.87806924880826,180330.39148084848
R_AK_3DBall_2582,3DBall,2582,ppo,0.0002397040073036,500000,139,26126,3.0,12.0,251,42.3,84.8,-0.6480411959725523,12000,0.7008457938063275,442000,0.6270461975427244,252000,-0.0401365501508839,36000,-0.5588238148722968,36000,0.4314563787518721,12000,480000,2.5657600000000005,84000.0,37.6,2025-11-21_09-33,1,0.9929744858633793,1,102795.70062024037,47.279091379570914,105586.26504065939
R_AK_3DBall_2284,3DBall,2284,ppo,0.0007490499340054,500000,106,20021,3.0,12.0,213,26.8,81.9,-0.2013039223475137,12000,0.7173596335131767,442000,0.6270461975427244,180000,0.0082870708260395,24000,-0.5557615085673375,24000,0.0172691709717264,12000,480000,2.5657600000000005,72000.0,26.6,2025-11-21_09-33,1,0.9996665201916731,1,77695.05117296094,26.135942309825367,77835.88134635128
R_AK_3DBall_2516,3DBall,2516,ppo,0.0008648308898889,500000,32,6115,3.0,12.0,285,50.6,84.9,7.658048216220814,12000,0.6661667304219449,442000,0.6270461975427244,168000,0.4839779357169939,12000,2.940711779183899,12000,-3.779446900346268,12000,480000,2.5657600000000005,24000.0,7.1,2025-11-21_09-33,1,0.9999999999999998,1,20361.3497253743,6.8934424080911425,20361.34972537441
R_AK_3DBall_2532,3DBall,2532,ppo,5.438349259790714e-05,500000,72,13531,3.0,12.0,252,47.6,84.4,0.2707638152459538,12000,0.7173596335131767,442000,0.6270461975427244,144000,0.1450125888785293,24000,0.4408490655688412,24000,0.564208688937813,12000,480000,2.5657600000000005,60000.0,25.2,2025-11-21_09-33,1,0.9961360550826248,1,66577.20796908387,32.10101392467928,68251.92976342629
R_LN_3DBall_3249,3DBall,3249,ppo,0.0007130928264838,100000,103,19397,3.0,12.0,95,40.0,57.3,-0.1283828897111238,12000,-1.6813389076528868,46000,-1.8019556702894783,96000,0.0239535364362206,24000,-0.6119037908249235,24000,-0.1526537860662863,12000,84000,2.5657600000000005,72000.0,67.7,2025-11-21_09-33,1,0.7751849800277507,1,76287.4724671352,82.05835898036568,81618.4048180287
R_AK_3DBall_2117,3DBall,2117,ppo,0.0007306364714301,500000,145,27374,3.0,12.0,228,38.2,83.1,-0.4691927685590911,12000,0.6796137141832361,442000,0.6270461975427244,252000,-0.0550909036878751,36000,-0.2515724156080532,36000,0.1606416659725415,12000,480000,2.5657600000000005,96000.0,39.9,2025-11-21_09-33,1,0.9981556539216305,1,91813.70829253696,40.02209209642531,92566.5450788918
R_AK_3DBall_2469,3DBall,2469,ppo,6.45803011018218e-05,500000,155,29240,3.0,12.0,228,40.7,83.4,-0.7447575129429209,12000,0.6368590106895792,442000,0.6270461975427244,408000,-0.0586514640538253,36000,-0.2396634466443229,36000,0.7500619231981372,12000,480000,2.5657600000000005,156000.0,68.3,2025-11-21_09-33,1,0.858654451435836,1,120344.23793588587,56.67516408047099,174006.8898903838
R_LN_3DBall_3456,3DBall,3456,ppo,0.0006589550132971,100000,78,14788,3.0,12.0,98,42.4,63.0,0.0159239959272041,12000,-1.6955035605382802,46000,-1.839722156473611,96000,0.1307703474147283,24000,-0.5156112703467609,24000,0.0278893557866007,12000,84000,2.5657600000000005,72000.0,70.0,2025-11-21_09-33,1,0.7879289850940439,1,69775.4411875302,73.37818341448566,76185.19404997543
R_AP_3DBall_1360,3DBall,1360,ppo,0.000701015301124,500000,35,6571,3.0,12.0,560,61.8,89.8,4.334384307635908,12000,0.7173596335131767,442000,0.6270461975427244,108000,0.4312816423009301,12000,2.058767563355638,12000,-3.683865237012388,12000,480000,2.5657600000000005,36000.0,28.0,2025-11-21_09-33,1,0.9999999999991331,1,26191.88586089408,14.883547107801162,26191.885861304807
R_LN_3DBall_3809,3DBall,3809,ppo,0.0006618070480765,200000,59,11214,3.0,12.0,187,42.9,51.2,0.2216380669435443,12000,0.6925665243954051,142000,0.6270461975427244,120000,0.1984209943677833,12000,1.0087367570107264,12000,-0.4978097925497372,12000,180000,2.5657600000000005,48000.0,37.4,2025-11-21_09-33,1,0.9931352758908785,1,48576.36621183503,40.90442723620106,49615.84768139144
R_LN_3DBall_4330,3DBall,4330,ppo,0.000171619828537,200000,106,19963,3.0,12.0,188,44.7,63.2,-0.5359730826576805,12000,-1.7120670659284585,142000,-1.8887056449041568,192000,0.0139839674115598,24000,-0.2961459851580155,24000,0.5960692433824359,12000,180000,2.5657600000000005,,,2025-11-21_09-33,0,0.4883256986271899,0,88895.92600208902,73.71992927459812,145745.02544464314
R_LN_3DBall_3758,3DBall,3758,ppo,0.0001760637984509,200000,131,24628,3.0,12.0,177,42.7,51.0,-0.1276152998938987,12000,-1.3835732698229843,142000,-1.2866259581195825,192000,-0.0344396535653636,36000,-0.4703571882845854,36000,0.4633169331964951,12000,180000,2.5657600000000005,96000.0,82.8,2025-11-21_09-33,1,0.723071014647257,1,93554.19889947627,86.80926832515996,123032.12659330419
R_LN_3DBall_3904,3DBall,3904,ppo,0.0005397927668435,200000,77,14603,3.0,12.0,179,43.6,59.0,-0.5175509270442772,12000,0.6298337997827103,142000,0.6270461975427244,168000,0.1072706489994566,24000,-0.3903969680995387,24000,0.6757206294940051,12000,180000,2.5657600000000005,72000.0,59.8,2025-11-21_09-33,1,0.8012288102127316,1,68891.56203351605,58.09428149059211,94952.14223926433
R_AK_3DBall_2541,3DBall,2541,ppo,0.0006840689178406,500000,87,16314,3.0,12.0,232,45.1,84.5,-0.6626254024998303,12000,0.6765518248060114,442000,0.6270461975427244,132000,0.0823467264378048,24000,-0.0576263496273015,24000,-0.6040116406984922,12000,480000,2.5657600000000005,60000.0,23.2,2025-11-21_09-33,1,0.9999548449926919,1,61862.612589388256,27.911031329560483,61882.396686318716
R_AP_3DBall_1033,3DBall,1033,ppo,0.0007632299227501,500000,85,16061,3.0,12.0,487,65.3,88.4,-0.0815599108603895,12000,0.643320516090665,442000,0.6270461975427244,180000,0.1065585369262665,24000,0.3033855381017817,24000,-0.5031198849571743,12000,480000,2.5657600000000005,60000.0,48.7,2025-11-21_09-33,1,0.9999504609797598,1,54107.20172817994,40.72898624229857,54129.29082053849
R_LN_3DBall_4388,3DBall,4388,ppo,0.0003991728252741,200000,138,26011,3.0,12.0,176,45.2,63.7,-0.1521781740451042,12000,-1.4623355937300715,142000,-1.431877112036419,192000,-0.0365759897849337,36000,-0.5948909780195945,36000,0.6385499826419451,12000,180000,2.5657600000000005,108000.0,94.0,2025-11-21_09-33,1,0.8643687328696328,1,99132.978446527,81.15724661321093,112813.70039149061
R_AK_3DBall_2690,3DBall,2690,ppo,0.000816454231429,500000,70,13189,3.0,12.0,238,48.5,84.9,0.6384393376968018,12000,0.7173596335131767,442000,0.6270461975427244,144000,0.1457247009517194,24000,2.062510382172811,24000,-0.5296703469943601,12000,480000,2.5657600000000005,48000.0,17.8,2025-11-21_09-33,1,0.9999380587287179,1,45025.43572995024,19.35669013142629,45053.61743286216
R_LN_3DBall_3850,3DBall,3850,ppo,0.0008269247219872,200000,117,22078,3.0,12.0,195,42.4,52.6,-0.4031800442777285,12000,0.0826446169910603,142000,0.537225085071614,192000,-0.0201974121015625,24000,-0.5224163954688925,24000,0.0491297254163493,12000,180000,2.5657600000000005,72000.0,65.1,2025-11-21_09-33,1,0.9891568404544443,1,73430.58527364428,62.38000551240452,74802.99763110976
R_AK_3DBall_2472,3DBall,2472,ppo,0.0004668860577097,500000,41,7753,3.0,12.0,267,49.5,83.3,2.126795993296371,12000,0.6211224389268268,442000,0.6270461975427244,84000,0.346540305591314,12000,2.9478571605621373,12000,-1.6394796601488566,12000,480000,2.5657600000000005,36000.0,13.4,2025-11-21_09-33,1,0.9999991700544801,1,35134.08738790335,15.635487694472333,35134.47320128486
R_AK_3DBall_2089,3DBall,2089,ppo,0.000492532509947,500000,82,15548,3.0,12.0,253,43.3,82.4,0.8633431541437722,12000,0.7173596335131767,442000,0.6270461975427244,132000,0.0973010799747959,24000,0.826699659993705,24000,-0.6518024723654267,12000,480000,2.5657600000000005,48000.0,19.0,2025-11-21_09-33,1,0.9999707288413621,1,57523.413875146456,25.703953351113345,57536.36567749249
R_AK_3DBall_2652,3DBall,2652,ppo,0.0007573665587131,500000,120,22631,3.0,12.0,214,33.0,84.4,-0.6587874534137049,12000,0.7173596335131767,442000,0.6270461975427244,228000,-0.0209095241747526,24000,-0.6357217287523842,24000,0.0013388937494149,12000,480000,2.5657600000000005,84000.0,32.1,2025-11-21_09-33,1,0.9996626251016708,1,83641.17304302545,30.279370233466267,83781.64205993853
R_AP_3DBall_1163,3DBall,1163,ppo,0.0005078395733639,500000,172,32418,3.0,12.0,398,50.2,89.0,-1.345780339830215,12000,0.7173596335131767,442000,0.6270461975427244,324000,-0.0721815934444363,36000,-0.7098975925836192,36000,0.5801389661601245,12000,480000,2.5657600000000005,144000.0,109.6,2025-11-21_09-33,1,0.8550947068960415,1,120640.6141932012,77.52325108412023,175611.79718527306
R_LN_3DBall_3652,3DBall,3652,ppo,5.56116893512305e-05,200000,43,8221,3.0,12.0,209,43.7,66.6,-0.3601950145131196,12000,-1.379997340623306,142000,-1.3648639041330168,192000,0.3315859520543229,12000,-0.0555848120906619,12000,0.5057976724559924,12000,180000,2.5657600000000005,96000.0,97.8,2025-11-21_09-33,1,0.39036832825939494,0,66860.39436425011,58.900448433628696,148026.51472285722
R_AK_3DBall_2371,3DBall,2371,ppo,0.0006004054419071,500000,65,12304,3.0,12.0,220,27.1,82.7,-0.4500030231284627,12000,0.7173596335131767,442000,0.6270461975427244,120000,0.1571184941227603,24000,0.2247863429411614,24000,-0.8695162610703856,12000,480000,2.5657600000000005,60000.0,22.0,2025-11-21_09-33,1,0.9998568317088776,1,60481.964235786545,20.148758806047994,60544.889281884374
R_LN_3DBall_3029,3DBall,3029,ppo,0.0004695792027761,100000,172,32418,3.0,12.0,100,45.0,60.5,-0.3732440414059475,12000,-1.734280042797295,46000,-1.9176429320786983,84000,-0.094969179786518,36000,-0.3730438990381028,36000,0.9730858043105216,12000,84000,2.5657600000000005,,,2025-11-21_09-33,0,0.0034903778333623798,0,125288.0718584995,159.79747853218322,100088.26492546337
R_AP_3DBall_1312,3DBall,1312,ppo,0.0002480982190589,500000,72,13675,3.0,12.0,440,53.7,88.8,-0.0769543719570391,12000,0.7173596335131767,442000,0.6270461975427244,156000,0.1336187957074885,24000,-0.2866188099870311,24000,0.1447113887502301,12000,480000,2.5657600000000005,72000.0,54.9,2025-11-21_09-33,1,0.9987069941988374,1,67220.67234318162,41.304040412307906,67780.25852446516
R_LN_3DBall_3808,3DBall,3808,ppo,0.0008848886035118,200000,46,8708,3.0,12.0,201,42.9,51.4,1.2916582721554055,12000,0.5190520098335014,142000,0.6270461975427244,108000,0.3038135811999108,12000,2.4054886883282456,12000,-2.005876036262056,12000,180000,2.5657600000000005,36000.0,26.7,2025-11-21_09-33,1,0.9999710470236339,1,34205.900845849916,27.060956069491045,34210.70107848436
R_AP_3DBall_1272,3DBall,1272,ppo,0.0008318541998021,500000,102,19249,3.0,12.0,415,53.4,87.2,-0.4054828137294037,12000,0.6807609914681331,442000,0.6270461975427244,180000,0.043892674485542,24000,-0.6159868658982025,24000,0.0172691709717264,12000,480000,2.5657600000000005,72000.0,51.9,2025-11-21_09-33,1,0.9998349102812527,1,67446.02630006618,40.746324319725126,67517.43651392733
R_LN_3DBall_3536,3DBall,3536,ppo,0.0007892581211151,200000,61,11610,3.0,12.0,184,43.5,65.1,-0.4254401489772589,12000,0.5336636538688545,142000,0.6270461975427244,144000,0.2048300030264937,12000,0.8716134857997737,12000,-0.7102134888472472,12000,180000,2.5657600000000005,48000.0,36.8,2025-11-21_09-33,1,0.9719744139321281,1,53256.42839907608,44.17573907242706,57369.00299488469
R_AK_3DBall_2614,3DBall,2614,ppo,0.0006653555103318,500000,151,28439,3.0,12.0,247,49.9,84.2,-0.4016448646432784,12000,0.6630477255088917,442000,0.6270461975427244,228000,-0.0778784900299567,36000,-0.7861149939514935,36000,0.3464949002328658,12000,480000,2.5657600000000005,72000.0,30.9,2025-11-21_09-33,1,0.9998171798511077,1,93001.61555556118,46.78529793419879,93076.02306080422
R_AK_3DBall_2267,3DBall,2267,ppo,4.958683297110998e-05,500000,146,27514,3.0,12.0,271,48.3,84.0,-0.3586598348786695,12000,0.7173596335131767,442000,0.6270461975427244,312000,-0.0643483606393457,36000,-0.4074097809048677,36000,0.7288215535683767,12000,480000,2.5657600000000005,96000.0,47.4,2025-11-21_09-33,1,0.9740929322234768,1,109143.66581766667,58.874446907707465,119269.60735821177
R_LN_3DBall_4114,3DBall,4114,ppo,0.0002938072646796,200000,80,15030,3.0,12.0,184,43.9,60.8,0.040486870078408,12000,0.2749650425454407,142000,0.5002657073249821,192000,0.1051343127798865,24000,-0.433269256368968,24000,0.4580068407890579,12000,180000,2.5657600000000005,72000.0,61.4,2025-11-21_09-33,1,0.9412345809140067,1,71351.60417476327,58.6784691522018,78911.68107017406
R_AK_3DBall_2941,3DBall,2941,ppo,0.0002330767707563,500000,183,34493,3.0,12.0,235,42.8,84.4,-0.4922204630758465,12000,0.7173596335131767,442000,0.6270461975427244,324000,-0.1028024125916085,36000,-0.8306885635014557,36000,0.6119995206047475,12000,480000,2.5657600000000005,120000.0,52.8,2025-11-21_09-33,1,0.9948243483175787,1,133277.03062325585,60.728766118967805,135175.06097669312
R_LN_3DBall_4225,3DBall,4225,ppo,0.000272159024491,200000,156,29366,3.0,12.0,174,44.5,61.7,-0.8560580364405677,12000,-1.6172180271911505,142000,-1.7080319714795076,192000,-0.0778784900299567,36000,-0.7429024494259575,36000,0.5748288737526873,12000,180000,2.5657600000000005,108000.0,93.0,2025-11-21_09-33,1,0.4137256155681433,0,116752.72117066826,102.30715573376422,165558.46832196187
R_AP_3DBall_1258,3DBall,1258,ppo,0.0007254861909486,500000,185,34780,3.0,12.0,431,62.4,88.6,-0.9612178414004138,12000,0.6905798970622503,442000,0.6270461975427244,300000,-0.1191809902749797,36000,-0.9147318587597816,36000,0.3411848078254286,12000,480000,2.5657600000000005,108000.0,86.1,2025-11-21_09-33,1,0.9973211088811975,1,109392.61630690724,83.86735434006282,110439.01095802133
R_AK_3DBall_2670,3DBall,2670,ppo,0.0007653795800904,500000,173,32441,3.0,12.0,214,32.3,84.3,-0.5820284716911897,12000,0.7173596335131767,442000,0.6270461975427244,276000,-0.0942570677133279,36000,-0.8123147256717003,36000,0.5695187813452501,12000,480000,2.5657600000000005,108000.0,42.7,2025-11-21_09-33,1,0.9971881400220275,1,112136.67497586572,41.871559745757395,113227.29233642443
R_AK_3DBall_2091,3DBall,2091,ppo,0.000827466593466,500000,56,10668,3.0,12.0,250,44.4,82.0,0.862575564326547,12000,0.7173596335131767,442000,0.6270461975427244,96000,0.2190722444902947,12000,1.5664167607694144,12000,-1.857193448853804,12000,480000,2.5657600000000005,48000.0,18.7,2025-11-21_09-33,1,0.9999995551861547,1,40766.99653890574,17.775068517526165,40767.2008121039
R_LN_3DBall_3945,3DBall,3945,ppo,0.0004223439158971,200000,186,35013,3.0,12.0,172,44.6,59.8,-0.8000239797831326,12000,-1.6624038658837554,142000,-1.8081701473961125,192000,-0.1334232317387807,36000,-0.8027875505007159,36000,0.7447518307907001,12000,180000,2.5657600000000005,132000.0,114.9,2025-11-21_09-33,1,0.29095707856395964,0,131331.78853549855,121.35020607470477,180020.49780207645
R_LN_3DBall_3563,3DBall,3563,ppo,0.0002355041278073,200000,155,29092,3.0,12.0,191,43.9,63.0,-0.2742249549839036,12000,-1.314356690251706,142000,-1.1021333466887402,192000,-0.0622120244197756,36000,-0.7517491120847286,36000,0.5111077648634296,12000,180000,2.5657600000000005,96000.0,89.1,2025-11-21_09-33,1,0.4760042869984728,0,113971.77658680675,105.79672188426265,159050.1968524576
R_AK_3DBall_2697,3DBall,2697,ppo,0.0008337612985944,500000,124,23378,3.0,12.0,239,46.3,84.1,-0.8399386502788395,12000,0.67942250130242,442000,0.6270461975427244,276000,-0.0201974121015625,24000,-0.3311923795369934,24000,-0.4500189608828027,12000,480000,2.5657600000000005,60000.0,23.9,2025-11-21_09-33,1,0.9999545395941493,1,75115.48736709105,34.36245743725429,75134.80278947503
R_LN_3DBall_3243,3DBall,3243,ppo,0.0007661306150403,100000,178,33481,3.0,12.0,90,41.7,57.5,-0.7862073630730797,12000,-1.7282506288411703,46000,-1.9055698275918689,84000,-0.1113477574698891,36000,-0.9252798026990856,36000,0.4792472104188066,12000,84000,2.5657600000000005,,,2025-11-21_09-33,0,0.06874766507023303,0,120620.54489935098,142.9242691836902,101417.61431430628
R_AK_3DBall_2096,3DBall,2096,ppo,0.0003471248315893,500000,103,19428,3.0,12.0,235,43.7,82.9,0.4089299823464812,12000,0.7173596335131767,442000,0.6270461975427244,192000,0.0346352175340713,24000,-0.3339144295858461,24000,-0.0676923075472799,12000,480000,2.5657600000000005,60000.0,23.5,2025-11-21_09-33,1,0.999887133235616,1,74685.36844246482,35.24755554291167,74733.37232877391
R_AK_3DBall_2495,3DBall,2495,ppo,9.77961476296405e-05,500000,104,19555,3.0,12.0,220,33.3,83.6,-0.4400243555045369,12000,0.7173596335131767,442000,0.6270461975427244,336000,0.0268019847289807,24000,-0.1995132084237461,24000,0.5960692433824359,12000,480000,2.5657600000000005,132000.0,54.9,2025-11-21_09-33,1,0.9618632130717524,1,90805.66810601593,35.539699918656886,106411.02515370345
R_AK_3DBall_2888,3DBall,2888,ppo,0.0004842656958816,500000,74,13898,3.0,12.0,221,33.2,84.5,0.0527683071540108,12000,0.7173596335131767,442000,0.6270461975427244,156000,0.1143917697313571,24000,0.2077735301358323,24000,-0.0358317531026569,12000,480000,2.5657600000000005,72000.0,27.6,2025-11-21_09-33,1,0.9997213812387662,1,63835.26879729041,21.802815359328527,63956.79247439199
R_LN_3DBall_3422,3DBall,3422,ppo,3.379242472220606e-05,100000,118,22138,3.0,12.0,103,49.2,72.7,-0.7286381267811929,12000,-1.7376473761269924,46000,-1.9214154549031817,84000,-0.0173489638088023,24000,0.7780430153704638,24000,0.7075811839386281,12000,84000,2.5657600000000005,,,2025-11-21_09-33,0,0.0001673454822576753,0,103158.54449290081,126.74348557067297,100000.52856815139
R_LN_3DBall_3663,3DBall,3663,ppo,0.0006001130238092,200000,46,8764,3.0,12.0,202,43.0,63.3,0.1748150880928101,12000,0.6387736227819071,142000,0.6270461975427244,120000,0.2966924604680103,12000,1.7062620820292196,12000,-1.3155640232951544,12000,180000,2.5657600000000005,48000.0,40.3,2025-11-21_09-33,1,0.9930557947795653,1,45963.2853430791,37.330676976700985,47032.9479011383
R_AK_3DBall_2627,3DBall,2627,ppo,0.0004708376653287,500000,111,20860,3.0,12.0,232,45.0,83.8,-0.3471459876202935,12000,0.7136769230943408,442000,0.6270461975427244,180000,0.01540819155794,24000,-0.6986691361321019,24000,0.3093242533808056,12000,480000,2.5657600000000005,72000.0,29.0,2025-11-21_09-33,1,0.9997191403113259,1,79840.16242519168,36.60694688727517,79958.16838636629
R_AK_3DBall_2560,3DBall,2560,ppo,0.0006070306980832,500000,188,35402,3.0,12.0,215,33.2,84.8,-0.4515382027629129,12000,0.7173596335131767,442000,0.6270461975427244,300000,-0.109923533323509,36000,-0.7398401431209983,36000,0.6332398902345079,12000,480000,2.5657600000000005,120000.0,48.3,2025-11-21_09-33,1,0.9920906147033933,1,128984.78804800085,50.49608977381419,131919.2903102314
R_LN_3DBall_4164,3DBall,4164,ppo,0.0002912518320467,200000,173,32470,3.0,12.0,178,43.2,60.8,-0.5467193400988315,12000,-1.6907952537587034,142000,-1.8566559619338867,192000,-0.0935449556401379,36000,-0.535686389457049,36000,0.6810307219014423,12000,180000,2.5657600000000005,156000.0,142.5,2025-11-21_09-33,1,0.31658672900867074,0,122801.87382336732,106.8392470420195,175560.0977481412
R_AK_3DBall_2593,3DBall,2593,ppo,0.0005738530119001,500000,71,13313,3.0,12.0,217,27.1,84.2,0.2270111956641215,12000,0.7173596335131767,442000,0.6270461975427244,132000,0.1371793560734387,24000,0.5735490054504079,24000,-0.1685840632885978,12000,480000,2.5657600000000005,60000.0,21.7,2025-11-21_09-33,1,0.9994776502545495,1,60943.85219763014,19.134705309534368,61173.19306467319
R_LN_3DBall_3117,3DBall,3117,ppo,0.0001691285978872,100000,176,33171,3.0,12.0,95,40.0,56.3,-0.3740116312231726,12000,-1.7304706848859708,46000,-1.9101958740355625,84000,-0.1170446540554095,36000,-0.7190845114984968,36000,0.6916509067163167,12000,84000,2.5657600000000005,,,2025-11-21_09-33,0,0.00472024652414054,0,140624.22165412307,170.85047761595507,100191.75634105879
R_LN_3DBall_4187,3DBall,4187,ppo,0.0003248305602148,200000,189,35503,3.0,12.0,174,43.8,61.1,-0.5943099087667925,12000,-1.6786942100156248,142000,-1.82596263371801,192000,-0.12345366271412,36000,-0.8051693442934621,36000,0.8403334941245689,12000,180000,2.5657600000000005,156000.0,139.4,2025-11-21_09-33,1,0.2956973064534124,0,136187.32165981387,120.2672648092022,181130.76289722894
R_AK_3DBall_2457,3DBall,2457,ppo,0.0001820929070742,500000,67,12633,3.0,12.0,244,46.0,83.9,-0.4446298944078873,12000,0.7173596335131767,442000,0.6270461975427244,132000,0.1521337096104299,24000,-0.0025048361380351,24000,0.3411848078254286,12000,480000,2.5657600000000005,60000.0,24.4,2025-11-21_09-33,1,0.9970816035708583,1,66612.77524644863,32.01506279926831,67877.57097560503
R_LN_3DBall_4281,3DBall,4281,ppo,0.0002608669906298,200000,99,18610,3.0,12.0,178,44.8,62.3,-0.3271886523724384,12000,0.0817208352811434,142000,0.2840895771351316,192000,0.0403321141195917,24000,-0.6398048038256632,24000,0.3677352698626144,12000,180000,2.5657600000000005,72000.0,59.5,2025-11-21_09-33,1,0.9170374170990008,1,82219.0391454438,68.13006557446951,91990.45187449927
R_AK_3DBall_2544,3DBall,2544,ppo,0.0007462200002404,500000,149,28031,3.0,12.0,239,47.7,84.1,-0.4891501038069463,12000,0.6991372942998145,442000,0.6270461975427244,276000,-0.0629241364929657,36000,-0.8538259889167034,36000,0.2615334217138594,12000,480000,2.5657600000000005,96000.0,41.8,2025-11-21_09-33,1,0.9998557952733208,1,90894.39859404622,44.33705048937988,90953.39355547988
R_AK_3DBall_2828,3DBall,2828,ppo,0.0007164826765304,500000,116,21762,3.0,12.0,250,43.1,84.9,0.4212114194220839,12000,0.7173596335131767,442000,0.6270461975427244,216000,-0.0073793947841416,24000,-0.2189078150218214,24000,-0.7102134888472472,12000,480000,2.5657600000000005,72000.0,31.2,2025-11-21_09-33,1,0.9999980224911299,1,68647.81255292181,27.83280846196416,68648.66555569862
R_AK_3DBall_2101,3DBall,2101,ppo,0.0003403336044125,500000,130,24450,3.0,12.0,222,38.5,82.8,-0.2619435179083008,12000,0.7173596335131767,442000,0.6270461975427244,228000,-0.0145005155160421,36000,-0.6061194344711116,36000,0.3783554546774887,12000,480000,2.5657600000000005,84000.0,33.3,2025-11-21_09-33,1,0.9965032073805544,1,94761.86237636227,42.78552463652161,96178.89610512248
R_AP_3DBall_1350,3DBall,1350,ppo,0.0005036178499812,500000,69,13098,3.0,12.0,520,68.1,91.0,0.1556253426621817,12000,0.6806467603964768,442000,0.6270461975427244,156000,0.1336187957074885,24000,1.6800623503090126,24000,-0.8748263534778228,12000,480000,2.5657600000000005,48000.0,39.0,2025-11-21_09-33,1,0.999807778749727,1,48335.5977581044,35.86560124547348,48422.41725420713
R_LN_3DBall_3503,3DBall,3503,ppo,0.0007520783343786,200000,47,8899,3.0,12.0,200,48.2,68.5,1.6823614891230092,12000,0.5540663165803541,142000,0.6270461975427244,120000,0.3009651329071507,12000,2.6310785861269093,12000,-1.936844834965361,12000,180000,2.5657600000000005,36000.0,26.7,2025-11-21_09-33,1,0.9998805066415914,1,37523.18610237581,30.800204793324323,37542.601002531956
R_AK_3DBall_2479,3DBall,2479,ppo,0.0001145454275183,500000,68,12889,3.0,12.0,242,45.4,83.1,-0.1736706889274079,12000,0.7173596335131767,442000,0.6270461975427244,144000,0.1499973733908597,24000,-0.0936935127745992,24000,0.3942857318998002,12000,480000,2.5657600000000005,72000.0,30.2,2025-11-21_09-33,1,0.998100350047604,1,68475.25815138708,32.48718880141223,69295.0041066975
R_LN_3DBall_3053,3DBall,3053,ppo,0.0008204837515197,100000,108,20385,3.0,12.0,101,42.2,55.2,-0.3932013766538026,12000,-1.6836086293810162,46000,-1.8019866137439515,96000,0.0068628466796593,24000,-0.4751207758700775,24000,-0.1314134164365376,12000,84000,2.5657600000000005,72000.0,72.1,2025-11-21_09-33,1,0.6433279897435527,1,75349.63074761952,87.46285219696044,84141.72750242979
R_AK_3DBall_2338,3DBall,2338,ppo,0.0007600641572179,500000,102,19235,3.0,12.0,229,40.5,84.0,0.2277787854813465,12000,0.6422626370357599,442000,0.6270461975427244,180000,0.0218172002166504,24000,-0.3597739050499463,24000,-0.6093217331059294,12000,480000,2.5657600000000005,72000.0,28.6,2025-11-21_09-33,1,0.9999941442279269,1,66332.31310167481,27.384018531714723,66334.85256080476
R_LN_3DBall_4384,3DBall,4384,ppo,0.0001361514033383,200000,101,19082,3.0,12.0,186,44.6,63.6,0.3344737700756411,12000,0.0215856259065486,142000,0.3590552528380606,192000,0.0481653469246823,24000,-0.4523236067109366,24000,0.4951774876411181,12000,180000,2.5657600000000005,72000.0,62.2,2025-11-21_09-33,1,0.9393493457077741,1,84847.3852810649,67.77653648333464,91831.46670722892
R_AK_3DBall_2236,3DBall,2236,ppo,0.0006008428727631,500000,150,28186,3.0,12.0,212,28.4,82.5,-0.1982335630786134,12000,0.7173596335131767,442000,0.6270461975427244,276000,-0.0757421538103866,36000,-0.5230969079811056,36000,0.3252545306031171,12000,480000,2.5657600000000005,108000.0,42.3,2025-11-21_09-33,1,0.9965292596938559,1,101749.16438902421,37.08974041285853,103131.38961613481
R_LN_3DBall_3476,3DBall,3476,ppo,0.0004649043657011,200000,149,28072,3.0,12.0,177,46.4,68.2,-0.338702499630816,12000,-1.6679043403124278,142000,-1.819918345610977,192000,-0.0849996107618572,36000,-0.4860089760654881,36000,0.808472939679946,12000,180000,2.5657600000000005,144000.0,129.7,2025-11-21_09-33,1,0.2593478356348704,0,107471.50744310877,99.04331659772623,176002.93572081305
R_AK_3DBall_2372,3DBall,2372,ppo,0.0008792691099341,500000,103,19373,3.0,12.0,213,26.9,82.3,0.2753693541493058,12000,0.6930656645128602,442000,0.6270461975427244,192000,0.0061507346064693,24000,-0.3961813244533506,24000,0.1871921280097273,12000,480000,2.5657600000000005,72000.0,26.6,2025-11-21_09-33,1,0.9998703379520238,1,70910.55266074854,22.751716749195296,70966.1892772555
R_AK_3DBall_2537,3DBall,2537,ppo,0.0005172866094953,500000,179,33642,3.0,12.0,214,32.8,84.8,-0.1260801202594486,12000,0.7173596335131767,442000,0.6270461975427244,300000,-0.1070750850307488,36000,-0.6959470860832492,36000,0.6332398902345079,12000,480000,2.5657600000000005,120000.0,48.1,2025-11-21_09-33,1,0.9946729631317817,1,122705.02856311516,47.293621795697966,124714.89278615284
R_AP_3DBall_1117,3DBall,1117,ppo,0.0002528261700298,500000,45,8504,3.0,12.0,509,58.0,88.2,0.3851346980125024,12000,0.7173596335131767,442000,0.6270461975427244,108000,0.3251769433956124,12000,1.133610803001842,12000,-0.598701548291055,12000,480000,2.5657600000000005,48000.0,38.2,2025-11-21_09-33,1,0.9995967300283104,1,48413.9241071264,32.699948845826505,48596.03521116714
R_AK_3DBall_2414,3DBall,2414,ppo,0.000145358590225,500000,82,15392,3.0,12.0,230,41.5,83.1,0.0397192802611829,12000,0.7173596335131767,442000,0.6270461975427244,192000,0.0937405196088456,24000,-0.2454478029981347,24000,0.426146286344435,12000,480000,2.5657600000000005,72000.0,28.8,2025-11-21_09-33,1,0.9982489970552821,1,73226.55866208159,32.57098437575256,73973.84021459165
R_AK_3DBall_2730,3DBall,2730,ppo,0.0002718111215082,500000,64,12179,3.0,12.0,252,49.5,84.1,-0.2726897753494535,12000,0.6796137141832361,442000,0.6270461975427244,108000,0.1699365114401812,24000,1.1557274596487697,24000,-0.1632739708811606,12000,480000,2.5657600000000005,48000.0,18.9,2025-11-21_09-33,1,0.9985432485735536,1,57733.566035012554,27.70820942344915,58377.83829356042
R_AK_3DBall_2826,3DBall,2826,ppo,0.000172377371674,500000,48,9111,3.0,12.0,245,45.6,83.3,-0.0209203152996041,12000,0.7173596335131767,442000,0.6270461975427244,108000,0.2867228914433496,12000,0.1652414981225096,12000,0.0916104646758466,12000,480000,2.5657600000000005,48000.0,18.4,2025-11-21_09-33,1,0.9997533212285201,1,57850.80544032371,26.10714928451085,57959.874260448516
R_AK_3DBall_2204,3DBall,2204,ppo,4.90122362854653e-05,500000,155,29101,3.0,12.0,256,42.8,82.6,-0.3893634275676756,12000,0.7173596335131767,442000,0.6270461975427244,276000,-0.0664846968589159,36000,-0.7476660370114497,36000,0.7022710915311909,12000,480000,2.5657600000000005,108000.0,51.2,2025-11-21_09-33,1,0.9751548618941417,1,117426.37537436213,59.30932490415257,126931.4699138449
R_LN_3DBall_4611,3DBall,4611,ppo,0.0003419984351389,200000,92,17367,3.0,12.0,179,44.8,64.8,0.0827043100257918,12000,-0.2987505817121585,142000,0.2721170388753385,192000,0.0545743555833928,24000,-0.3846126117457267,24000,0.0969205570832956,12000,180000,2.5657600000000005,84000.0,71.5,2025-11-21_09-33,1,0.9892056859870395,1,75457.21629131326,57.250633456452256,76801.57020671305
R_AK_3DBall_2568,3DBall,2568,ppo,0.000779585738445,500000,87,16372,3.0,12.0,248,44.3,84.2,0.1870965251684129,12000,0.7173596335131767,442000,0.6270461975427244,180000,0.0773619419254745,24000,0.8440527290551406,24000,-0.8695162610703856,12000,480000,2.5657600000000005,60000.0,24.8,2025-11-21_09-33,1,0.9999872781958106,1,54708.76816345711,23.07412752079719,54714.43307131581
R_LN_3DBall_3776,3DBall,3776,ppo,0.0005834496961593,200000,161,30204,3.0,12.0,179,42.9,51.7,-0.1475726351417539,12000,-1.2903035998155343,142000,-1.2056933529458027,192000,-0.0721815934444363,36000,-0.8170783132571925,36000,0.3571150850477401,12000,180000,2.5657600000000005,96000.0,83.6,2025-11-21_09-33,1,0.9569114553656375,1,98394.32446254109,90.19293443213084,102772.36514804146
R_LN_3DBall_4586,3DBall,4586,ppo,6.578887936229118e-05,200000,114,21543,3.0,12.0,189,44.4,65.2,-0.5874016004117651,12000,-1.3424426341741813,142000,-1.117177022804965,192000,-0.0073793947841416,24000,-0.6347009599840645,24000,0.7182013687535025,12000,180000,2.5657600000000005,96000.0,88.4,2025-11-21_09-33,1,0.4722734037529221,0,100686.98987252968,80.54812265732039,153097.10667015114
R_LN_3DBall_3638,3DBall,3638,ppo,0.0003520876016931,200000,191,35972,3.0,12.0,175,42.8,63.5,-0.9612178414004138,12000,-1.673288100385277,142000,-1.8271591139576275,192000,-0.1070750850307488,36000,-0.7993849879396502,36000,0.7872325700501973,12000,180000,2.5657600000000005,120000.0,104.9,2025-11-21_09-33,1,0.06401630127598498,0,144483.63720243104,134.97472099971722,196446.04779340394
R_AK_3DBall_2448,3DBall,2448,ppo,8.14982351603076e-05,500000,78,14731,3.0,12.0,220,33.4,84.3,-0.3210479338346378,12000,0.7173596335131767,442000,0.6270461975427244,228000,0.126497674975588,24000,-0.2505516468397334,24000,0.3995958243072374,12000,480000,2.5657600000000005,96000.0,38.5,2025-11-21_09-33,1,0.9898717447540617,1,79421.97245687747,30.871912441881285,83681.6940706675
R_AK_3DBall_2509,3DBall,2509,ppo,3.714788071268449e-05,500000,105,19712,3.0,12.0,225,40.8,82.0,-0.452305792580138,12000,0.7173596335131767,442000,0.6270461975427244,228000,0.01540819155794,24000,-0.2229908900951003,24000,0.6916509067163167,12000,480000,2.5657600000000005,96000.0,39.3,2025-11-21_09-33,1,0.9725725331132099,1,88378.4103731884,40.01571148954986,99668.14789256567
R_LN_3DBall_4090,3DBall,4090,ppo,0.0007553891311066,200000,157,29576,3.0,12.0,174,44.2,60.3,-0.5897043698634403,12000,-1.3759620038528353,142000,-1.096475851762618,192000,-0.0835753866154772,36000,-0.9286823652601516,36000,0.6916509067163167,12000,180000,2.5657600000000005,108000.0,93.0,2025-11-21_09-33,1,0.8840235633133501,1,102091.9549128724,86.70666888388628,113446.98110503332
R_LN_3DBall_3961,3DBall,3961,ppo,0.0007195302443852,200000,186,34949,3.0,12.0,173,43.8,60.5,-0.5144805677753752,12000,-1.6063685586679588,142000,-1.6944194301326527,192000,-0.0999539642988483,36000,-0.8946567396494932,36000,0.6704105370865681,12000,180000,2.5657600000000005,120000.0,103.6,2025-11-21_09-33,1,0.7914667098407995,1,118651.7532845873,104.63650652006109,135615.5708208347
R_LN_3DBall_4478,3DBall,4478,ppo,0.0001973187053848,200000,126,23663,3.0,12.0,177,44.5,64.2,-0.0838626803120664,12000,-1.0179096763141848,142000,-0.6101556281610331,192000,-0.0187731879551824,24000,-0.474780519613971,24000,0.5057976724559924,12000,180000,2.5657600000000005,84000.0,70.6,2025-11-21_09-33,1,0.8370478988528717,1,96083.38151150374,77.20069466616695,113016.81283830873
R_LN_3DBall_4075,3DBall,4075,ppo,0.0006867642652142,200000,186,34884,3.0,12.0,171,43.9,61.9,-0.4323484573322845,12000,-1.617836364948595,142000,-1.7103501519437665,192000,-0.1163325419822195,36000,-0.8089121631106344,36000,0.7288215535683767,12000,180000,2.5657600000000005,120000.0,102.4,2025-11-21_09-33,1,0.7541698115874252,1,118655.43365461432,102.14898026390819,138652.38372563967
R_AK_3DBall_2510,3DBall,2510,ppo,0.0002019560287681,500000,141,26577,3.0,12.0,227,47.4,85.3,-0.7309408962328681,12000,0.7173596335131767,442000,0.6270461975427244,264000,-0.0486818950291646,36000,-0.6462696726916882,36000,0.5111077648634296,12000,480000,2.5657600000000005,96000.0,39.7,2025-11-21_09-33,1,0.9923353874310844,1,105089.28439432287,53.552466146292694,108116.12202875358
R_AP_3DBall_1095,3DBall,1095,ppo,0.0005315065107612,500000,134,25143,3.0,12.0,433,65.7,89.3,-0.4761010769141184,12000,0.7173596335131767,442000,0.6270461975427244,192000,-0.0387123260045039,36000,-0.2685852284133824,36000,0.0756801874535352,12000,480000,2.5657600000000005,84000.0,64.9,2025-11-21_09-33,1,0.998697871537884,1,80123.71371124164,63.792760643912786,80670.44657418579
R_AK_3DBall_2313,3DBall,2313,ppo,0.0006561389770543,500000,161,30283,3.0,12.0,214,25.8,83.1,-0.482241795451919,12000,0.7173596335131767,442000,0.6270461975427244,276000,-0.0728937055176264,36000,-0.7639983373045657,36000,0.5323481344931901,12000,480000,2.5657600000000005,108000.0,42.7,2025-11-21_09-33,1,0.9912221793960581,1,112777.64132711834,39.48349843612865,116176.60972538416
R_LN_3DBall_3827,3DBall,3827,ppo,0.0007234159263305,200000,129,24351,3.0,12.0,180,42.6,51.9,-0.3340969607274657,12000,-0.6008470671283385,142000,-0.2490068351446013,192000,-0.0387123260045039,36000,-0.464232575674667,36000,-0.0199014758803454,12000,180000,2.5657600000000005,84000.0,71.8,2025-11-21_09-33,1,0.9850698097671061,1,79667.67543562099,69.40588243639425,81464.25993253349
R_LN_3DBall_3216,3DBall,3216,ppo,0.0004487310357024,100000,71,13410,3.0,12.0,97,40.7,57.1,0.1218513907042753,12000,-1.6123582400774206,46000,-1.6891642001146778,96000,0.140027804366199,24000,0.700464588978163,24000,0.5588985965303759,12000,84000,2.5657600000000005,60000.0,55.4,2025-11-21_09-33,1,0.02515977727955311,0,65865.77877031326,72.11401858983183,99141.19059625009
R_LN_3DBall_3399,3DBall,3399,ppo,0.0004956378231286,100000,58,10990,3.0,12.0,116,53.6,59.0,0.407394802712031,12000,-0.9568357855246744,46000,-0.3069561895086602,96000,0.2176480203439146,12000,1.2622276678101298,12000,-0.6624226571803128,12000,84000,2.5657600000000005,48000.0,49.8,2025-11-21_09-33,1,0.835511574314488,1,51402.50245565962,67.17736260149631,59396.2283189837
R_AP_3DBall_1105,3DBall,1105,ppo,0.0001463949917726,500000,161,30333,3.0,12.0,448,58.9,89.8,-0.5183185168615022,12000,0.393224001119811,442000,0.5711777904919656,492000,-0.0828632745422871,36000,-0.0688548060788186,36000,0.6544802598642565,12000,480000,2.5657600000000005,192000.0,168.0,2025-11-21_09-33,1,0.8321638126172979,1,111955.05445777591,82.87234396888674,177083.03865071107
R_AK_3DBall_2976,3DBall,2976,ppo,0.0006502171903261,500000,152,28666,3.0,12.0,266,48.4,84.2,-0.3225831134690879,12000,0.583649680855195,442000,0.6270461975427244,324000,-0.0835753866154772,36000,-0.8657349578804335,36000,0.2084324976394878,12000,480000,2.5657600000000005,72000.0,33.3,2025-11-21_09-33,1,0.9999436104555572,1,94360.18358158416,43.92021762213472,94383.05742603984
R_LN_3DBall_4494,3DBall,4494,ppo,0.00020653541547,200000,65,12221,3.0,12.0,185,44.2,64.4,0.0719580525846391,12000,0.5869449989440655,142000,0.6270461975427244,144000,0.1706486235133713,24000,0.2982816942601832,24000,0.3836655470849259,12000,180000,2.5657600000000005,60000.0,49.2,2025-11-21_09-33,1,0.8679036756874905,1,65668.85961675526,50.59616534855223,83413.5095020896
R_AK_3DBall_2236,3DBall,2236,ppo,0.0006008428727631,500000,150,28186,3.0,12.0,212,28.4,82.5,-0.1982335630786134,12000,0.7173596335131767,442000,0.6270461975427244,276000,-0.0757421538103866,36000,-0.5230969079811056,36000,0.3252545306031171,12000,480000,2.5657600000000005,108000.0,42.3,2025-11-21_09-33,1,0.9965292596938559,1,101749.16438902421,37.08974041285853,103131.38961613481
R_AP_3DBall_1316,3DBall,1316,ppo,0.0008342025487533,500000,114,21466,3.0,12.0,450,63.0,89.7,-0.0669757043331116,12000,0.7173596335131767,442000,0.6270461975427244,192000,0.0033022863137091,24000,-0.2260531964000596,24000,-0.2163748949555322,12000,480000,2.5657600000000005,60000.0,45.0,2025-11-21_09-33,1,0.9999575650552274,1,65343.0283998336,45.380734029284646,65361.47304441849
R_LN_3DBall_4426,3DBall,4426,ppo,0.0001567089318607,200000,152,28612,3.0,12.0,175,44.3,64.7,-0.0884682192154169,12000,-1.5161260120594031,142000,-1.6032729063616211,192000,-0.0743179296640064,36000,-0.7388193743526785,36000,0.6810307219014423,12000,180000,2.5657600000000005,96000.0,81.9,2025-11-21_09-33,1,0.7081118026440248,1,116074.26339933308,95.03959209904146,140571.19536747414
R_AK_3DBall_2234,3DBall,2234,ppo,0.0006643152324434,500000,141,26509,3.0,12.0,242,42.4,82.3,-0.6603226330481551,12000,0.6803388331598378,442000,0.6270461975427244,204000,-0.0337275414921735,36000,-0.3825710742090872,36000,-0.0092812910654593,12000,480000,2.5657600000000005,84000.0,36.3,2025-11-21_09-33,1,0.9992226220958355,1,88109.31381614397,41.60150134999955,88429.50853451448
R_LN_3DBall_3593,3DBall,3593,ppo,0.0006404828411291,200000,142,26676,3.0,12.0,174,43.0,62.5,-0.7854397732558547,12000,-1.3684500692493438,142000,-1.3323294403760049,192000,-0.0657725847857259,36000,-0.651373516533287,36000,0.2668435141212966,12000,180000,2.5657600000000005,96000.0,81.1,2025-11-21_09-33,1,0.730411637312091,1,96064.50375567321,84.82162171901244,124084.3040133366
R_LN_3DBall_3988,3DBall,3988,ppo,0.000248836439412,200000,45,8492,3.0,12.0,234,43.7,61.0,2.1352394812858484,12000,0.6647140091845752,142000,0.6270461975427244,144000,0.3223284951028523,12000,3.170044495799735,12000,-1.1031603269976442,12000,180000,2.5657600000000005,36000.0,31.2,2025-11-21_09-33,1,0.9947946479349202,1,41118.869079484146,31.41184689228902,41945.90130242347
R_AK_3DBall_2206,3DBall,2206,ppo,0.0005024872483985,500000,121,22821,3.0,12.0,262,42.4,83.3,-0.452305792580138,12000,0.6919531532062937,442000,0.6270461975427244,204000,-0.0045309464913814,24000,-0.5322838268959833,24000,-0.0676923075472799,12000,480000,2.5657600000000005,84000.0,39.3,2025-11-21_09-33,1,0.9995754487109557,1,84001.13516235957,39.23229785179616,84177.74801666735
R_LN_3DBall_3773,3DBall,3773,ppo,0.0001692202524467,200000,129,24298,3.0,12.0,201,42.2,51.9,-0.3494487570719687,12000,-0.9343471641133624,142000,0.0260675820131424,192000,-0.0301669811262232,36000,-0.6418463413623027,36000,0.6279297978270589,12000,180000,2.5657600000000005,84000.0,80.2,2025-11-21_09-33,1,0.5507160216942377,1,96969.53028124271,89.21101807647173,143259.46960319736
R_AK_3DBall_2379,3DBall,2379,ppo,0.0008374651924554,500000,38,7247,3.0,12.0,230,26.0,83.4,1.373790382598498,12000,0.7173596335131767,442000,0.6270461975427244,120000,0.3807216851044365,12000,2.2003141658959766,12000,-1.793472339964546,12000,480000,2.5657600000000005,36000.0,11.5,2025-11-21_09-33,1,0.9999983384723645,1,38494.30285305486,11.269873174266305,38495.0696575246
R_AK_3DBall_2170,3DBall,2170,ppo,0.000633472916735,500000,180,33797,3.0,12.0,253,42.6,83.9,-0.8453117789994167,12000,0.6368639772579119,442000,0.6270461975427244,300000,-0.109211421250319,36000,-0.865394701624327,36000,0.2562233293064223,12000,480000,2.5657600000000005,108000.0,50.6,2025-11-21_09-33,1,0.997351851161805,1,115352.44505225106,56.818716502749595,116371.04902800047
R_LN_3DBall_3796,3DBall,3796,ppo,0.0004690707105655,200000,46,8721,3.0,12.0,235,42.4,51.3,0.8902087977466512,12000,0.6298784988977063,142000,0.6270461975427244,132000,0.304525693273101,12000,2.5300224780632545,12000,-1.3474245777397773,12000,180000,2.5657600000000005,36000.0,31.3,2025-11-21_09-33,1,0.9956797778462122,1,40574.67614014064,33.69657004608526,41263.4289561548
R_AK_3DBall_2518,3DBall,2518,ppo,0.0006526172703378,500000,129,24276,3.0,12.0,215,32.3,85.1,-0.7401519740395706,12000,0.7173596335131767,442000,0.6270461975427244,264000,-0.0337275414921735,36000,-0.7122793863763651,36000,0.5907591509749988,12000,480000,2.5657600000000005,108000.0,43.0,2025-11-21_09-33,1,0.9944976571003772,1,94080.74321266163,34.90890792183614,96314.25015306562
R_LN_3DBall_4143,3DBall,4143,ppo,0.0006556418597672,200000,179,33607,3.0,12.0,171,43.9,60.6,-0.5904719596806653,12000,-1.671053144635478,142000,-1.832380821899924,180000,-0.1077871971039389,36000,-0.6010155906295129,36000,0.6332398902345079,12000,180000,2.5657600000000005,144000.0,125.6,2025-11-21_09-33,1,0.6865500955144784,1,114152.32730898845,98.20547607835314,141061.27211429033
R_AK_3DBall_2262,3DBall,2262,ppo,0.0002268737706201,500000,50,9411,3.0,12.0,298,50.1,82.6,1.2770740656281276,12000,0.7173596335131767,442000,0.6270461975427244,132000,0.2746169861991188,12000,1.9828904182438705,12000,-0.7951749673662536,12000,480000,2.5657600000000005,36000.0,14.9,2025-11-21_09-33,1,0.9999540198390077,1,44942.835678511474,22.272738535229948,44963.75928018769
R_AK_3DBall_2225,3DBall,2225,ppo,0.0001498803620875,500000,64,12106,3.0,12.0,225,34.7,84.4,-0.3839902988471002,12000,0.7173596335131767,442000,0.6270461975427244,204000,0.1863150891235523,24000,-0.2559957469374387,24000,0.3199444381956799,12000,480000,2.5657600000000005,108000.0,45.0,2025-11-21_09-33,1,0.9932821924097109,1,71935.04761246686,29.281509746930652,74810.70559875257
R_AK_3DBall_2271,3DBall,2271,ppo,0.0005584988791248,500000,125,23471,3.0,12.0,266,46.3,84.1,-0.5244592353993028,12000,0.6802643346348445,442000,0.6270461975427244,168000,-0.0173489638088023,24000,-0.4557261692720024,24000,-0.0570721227324056,12000,480000,2.5657600000000005,84000.0,39.9,2025-11-21_09-33,1,0.9996589365349884,1,81640.71231846897,40.34512606830274,81783.39938674543
R_AK_3DBall_2866,3DBall,2866,ppo,0.0008190951801375,500000,95,17822,3.0,12.0,216,32.5,84.5,-0.179043817647985,12000,0.7173596335131767,442000,0.6270461975427244,180000,0.0538622435102028,24000,-0.2144844836924357,24000,-0.28009600384479,12000,480000,2.5657600000000005,72000.0,27.0,2025-11-21_09-33,1,0.9999602255967841,1,66429.02638198096,22.2570553104974,66446.27140870836
R_AP_3DBall_1042,3DBall,1042,ppo,0.0005987812405044,500000,164,30925,3.0,12.0,413,57.6,87.5,-0.1805789972824351,12000,0.7173596335131767,442000,0.6270461975427244,276000,-0.1006660763720383,36000,-0.7013911861809545,36000,0.4473866559741836,12000,480000,2.5657600000000005,108000.0,82.7,2025-11-21_09-33,1,0.9976870476904822,1,100401.33079081513,70.54911450699163,101325.58345564274
R_AK_3DBall_2779,3DBall,2779,ppo,0.000437561423586,500000,77,14492,3.0,12.0,261,48.5,84.2,0.114943082349248,12000,0.7173596335131767,442000,0.6270461975427244,204000,0.1193765542436875,24000,0.5095808293023708,24000,-0.5509107166241206,12000,480000,2.5657600000000005,48000.0,19.6,2025-11-21_09-33,1,0.9999714895499153,1,57931.9703350441,26.558341027973444,57944.57389353789
R_AK_3DBall_2653,3DBall,2653,ppo,0.0004954494089895,500000,151,28374,3.0,12.0,214,33.1,84.6,-0.2435213622948975,12000,0.7173596335131767,442000,0.6270461975427244,252000,-0.0693331451516761,36000,-0.682336835838986,36000,0.4473866559741836,12000,480000,2.5657600000000005,96000.0,37.4,2025-11-21_09-33,1,0.9978268311633472,1,105417.76643050597,39.602722071962546,106275.26024399603
R_LN_3DBall_3752,3DBall,3752,ppo,0.000191738238538,200000,121,22794,3.0,12.0,182,42.8,51.6,-0.6825827377476836,12000,-0.904878030910178,142000,-0.2877918767051324,192000,-0.0102278430769018,24000,-0.6411658288500895,24000,0.5057976724559924,12000,180000,2.5657600000000005,84000.0,72.9,2025-11-21_09-33,1,0.5163881485779405,1,92880.19170399837,87.27664717831797,144684.6005180038
R_LN_3DBall_4571,3DBall,4571,ppo,0.0005567407201168,200000,115,21635,3.0,12.0,177,44.2,65.1,0.1018940554564202,12000,0.0510026101422379,142000,0.581706300876358,192000,-0.0045309464913814,24000,-0.5703925275799204,24000,-0.1898244329183464,12000,180000,2.5657600000000005,72000.0,59.1,2025-11-21_09-33,1,0.9978677927440227,1,79584.98030526606,59.56387880982709,79841.73008398782
R_LN_3DBall_3977,3DBall,3977,ppo,0.000593155031624,200000,107,20063,3.0,12.0,174,41.8,60.1,-0.3770819904920745,12000,-0.9059905422167444,142000,-0.4515910529572459,192000,0.0182566398507002,24000,-0.5972727718123404,24000,0.2827737913436081,12000,180000,2.5657600000000005,96000.0,81.4,2025-11-21_09-33,1,0.9498566877568274,1,77513.76669353493,62.75384347473527,83655.63213571109
R_AK_3DBall_2681,3DBall,2681,ppo,0.0004875566451141,500000,133,25042,3.0,12.0,225,46.4,84.6,-0.1613892518518068,12000,0.6846945135877794,442000,0.6270461975427244,192000,-0.0444092225900243,36000,-0.3849528680018332,36000,0.4473866559741836,12000,480000,2.5657600000000005,84000.0,33.7,2025-11-21_09-33,1,0.9993519175298783,1,87974.8963578831,40.85402964842966,88241.92260480364
R_AP_3DBall_1020,3DBall,1020,ppo,7.471209277855806e-05,500000,52,9878,3.0,12.0,515,65.3,87.0,0.8272664327341889,12000,0.7173596335131767,442000,0.6270461975427244,144000,0.2447082791251366,12000,0.6579325569648404,12000,0.5854490585675617,12000,480000,2.5657600000000005,48000.0,38.6,2025-11-21_09-33,1,0.9973416085900597,1,54224.219106893666,42.21366650657215,55409.26561357932
R_LN_3DBall_4113,3DBall,4113,ppo,0.0005113439865997,200000,132,24899,3.0,12.0,178,43.4,61.2,-0.6549495043275778,12000,-1.170405673691311,142000,-0.7853445742803672,192000,-0.0323033173457934,36000,-0.7027522112053809,36000,0.6173096130121846,12000,180000,2.5657600000000005,96000.0,83.2,2025-11-21_09-33,1,0.7313429038781353,1,95879.29802896762,80.26394336778789,123852.0634666753
R_AP_3DBall_1043,3DBall,1043,ppo,0.0006746796361571,500000,146,27452,3.0,12.0,445,66.8,87.5,0.0358813311750576,12000,0.7173596335131767,442000,0.6270461975427244,204000,-0.0664846968589159,36000,-0.0970960753356651,36000,0.1447113887502301,12000,480000,2.5657600000000005,72000.0,55.7,2025-11-21_09-33,1,0.9995771990454682,1,78703.40015545607,63.25371820946865,78881.52476001137
R_AK_3DBall_2671,3DBall,2671,ppo,0.0008900806145801,500000,64,12015,3.0,12.0,221,34.4,84.0,-0.0071036985895512,12000,0.6096446995095253,442000,0.6270461975427244,120000,0.1834666408307921,24000,0.8859042485562502,24000,-1.1456410662571417,12000,480000,2.5657600000000005,48000.0,16.6,2025-11-21_09-33,1,0.999991552483352,1,48808.58087377862,16.849600994421138,48812.39232080311
R_AK_3DBall_2552,3DBall,2552,ppo,0.0007791284284388,500000,136,25510,3.0,12.0,218,36.6,80.2,-0.6173376032835461,12000,0.6769243174309779,442000,0.6270461975427244,204000,-0.0301669811262232,36000,-0.3618154425865857,36000,0.0013388937494149,12000,480000,2.5657600000000005,84000.0,32.7,2025-11-21_09-33,1,0.9995904747631438,1,83334.36582071258,33.85336564292727,83505.00091323971
R_LN_3DBall_3192,3DBall,3192,ppo,0.0004011578497275,100000,176,33007,3.0,12.0,105,40.8,57.0,-0.7823694139869544,12000,-1.7244611372031775,46000,-1.89918774010684,84000,-0.0814390503959069,36000,-0.9058851961010104,36000,0.6226197054196217,12000,84000,2.5657600000000005,,,2025-11-21_09-33,0,0.00998365039159857,0,131558.19938339392,161.0346671558259,100315.06602963217
R_LN_3DBall_3980,3DBall,3980,ppo,0.0003262297461802,200000,122,23009,3.0,12.0,174,43.9,60.5,-0.238148233574322,12000,-1.1389300468816406,142000,-0.6799769545578481,192000,-0.0308790931994133,24000,-0.6939055485466098,24000,0.5057976724559924,12000,180000,2.5657600000000005,84000.0,69.8,2025-11-21_09-33,1,0.8377054654445361,1,92594.6972661991,79.24146491365215,110025.99088217001
R_LN_3DBall_3291,3DBall,3291,ppo,0.0002695511989267,100000,57,10845,3.0,12.0,106,41.5,57.7,0.6514883645896297,12000,-1.1535714903269911,46000,-0.5035502702595992,96000,0.2283297014417654,12000,0.80628428462731,12000,-0.4128483140307308,12000,84000,2.5657600000000005,48000.0,45.5,2025-11-21_09-33,1,0.560905338961223,1,59843.20918437278,65.55395874774074,77475.84163596568
R_AK_3DBall_2638,3DBall,2638,ppo,4.3715300418814754e-05,500000,171,32227,3.0,12.0,241,45.2,84.5,-0.1867197158202357,12000,0.7008184776804968,442000,0.6270461975427244,336000,-0.0985297401524682,36000,-0.5023412763586041,36000,0.7235114611609397,12000,480000,2.5657600000000005,120000.0,54.2,2025-11-21_09-33,1,0.9836632962554658,1,126854.98594091849,62.30414190797269,132950.94548935175
R_LN_3DBall_3210,3DBall,3210,ppo,0.000149191679992,100000,46,8805,3.0,12.0,106,42.1,57.2,-0.6326893996280492,12000,-1.6790791190614232,46000,-1.7886912428054436,96000,0.3031014691267208,12000,-0.4798843634555698,12000,0.2402930520841107,12000,84000,2.5657600000000005,72000.0,75.7,2025-11-21_09-33,1,0.08638067671710815,0,69092.89311567898,83.10006158348132,97330.22319196435
R_AP_3DBall_1273,3DBall,1273,ppo,0.0006005556945572,500000,64,12179,3.0,12.0,596,63.2,87.6,0.540187841091983,12000,0.6799961399448685,442000,0.6270461975427244,180000,0.1998452185141633,24000,1.7321215574933195,24000,-1.989945759039745,12000,480000,2.5657600000000005,48000.0,44.7,2025-11-21_09-33,1,0.9999978069649568,1,42766.55755289986,29.482947423515693,42767.56028186208
R_AK_3DBall_2099,3DBall,2099,ppo,0.0004570396612269,500000,137,25803,3.0,12.0,212,28.5,82.4,-0.1575513027656797,12000,0.7173596335131767,442000,0.6270461975427244,264000,-0.0394244380776939,36000,-0.3822308179529807,36000,0.6279297978270589,12000,480000,2.5657600000000005,108000.0,42.4,2025-11-21_09-33,1,0.98125465725876,1,100388.26813828194,37.50971612528833,107879.12701545033
R_AK_3DBall_2969,3DBall,2969,ppo,3.5643058614796486e-05,500000,175,32995,3.0,12.0,224,32.7,83.8,-0.748595462029048,12000,-1.7123625767442652,442000,-1.8932698044389047,480000,-0.0942570677133279,36000,0.3636108954326469,36000,0.7341316459758139,12000,480000,2.5657600000000005,,,2025-11-21_09-33,0,0.5183498963463716,1,136107.96881097055,52.59437628917492,311376.60335189593
R_AK_3DBall_2135,3DBall,2135,ppo,0.0003578952793,500000,143,26842,3.0,12.0,225,41.1,84.1,-0.5643739058950114,12000,0.7173596335131767,442000,0.6270461975427244,216000,-0.0515303433219248,36000,-0.6166673784104156,36000,0.3677352698626144,12000,480000,2.5657600000000005,96000.0,39.3,2025-11-21_09-33,1,0.9935807274646468,1,101161.69331607773,48.044895800411375,103721.94510422062
R_AK_3DBall_2882,3DBall,2882,ppo,0.0005810172982953,500000,120,22549,3.0,12.0,265,47.4,84.6,-0.4707279481935429,12000,0.6803388331598378,442000,0.6270461975427244,240000,-0.0116520672232819,24000,-0.5588238148722968,24000,-0.10486295439934,12000,480000,2.5657600000000005,72000.0,33.1,2025-11-21_09-33,1,0.9999425428310047,1,78540.51143000845,36.02245264951557,78564.72729906789
R_AK_3DBall_2146,3DBall,2146,ppo,0.0002968018669491,500000,83,15563,3.0,12.0,243,41.3,83.6,0.4089299823464812,12000,0.6792610878316011,442000,0.6270461975427244,144000,0.1151038818045472,24000,0.2775260626376817,24000,0.1447113887502301,12000,480000,2.5657600000000005,60000.0,24.3,2025-11-21_09-33,1,0.9991597261458718,1,66480.18997415536,29.703385401103837,66844.46533576671
R_LN_3DBall_3718,3DBall,3718,ppo,0.0008725721134683,200000,72,13596,3.0,12.0,179,42.9,51.3,0.6015950264699952,12000,0.6858417908726764,142000,0.6270461975427244,144000,0.1279218991219681,24000,1.5027888408774832,24000,-0.6836630268100614,12000,180000,2.5657600000000005,48000.0,35.7,2025-11-21_09-33,1,0.9969219822448745,1,45969.03184019117,37.72959060061956,46443.14189502624
R_AK_3DBall_2490,3DBall,2490,ppo,0.0008508233014198,500000,40,7553,3.0,12.0,342,47.0,83.1,1.8082462191479336,12000,-1.763495881015502,442000,0.4368238897919895,84000,0.3864185816899568,12000,1.9995629747930932,12000,-3.205956920342984,12000,480000,2.5657600000000005,36000.0,17.1,2025-11-21_09-33,1,0.9999999995906537,1,31353.660186264937,13.083347695373519,31353.6603781036
R_LN_3DBall_4034,3DBall,4034,ppo,0.0005214258242461,200000,39,7450,3.0,12.0,204,43.7,61.0,1.7000160549191874,12000,0.6089468966587545,142000,0.6270461975427244,84000,0.3736005643725359,12000,2.53648734692928,12000,-1.9156044653356128,12000,180000,2.5657600000000005,36000.0,27.3,2025-11-21_09-33,1,0.9999216689354137,1,37949.35275776255,28.70442840993914,37962.046357477935
R_LN_3DBall_4567,3DBall,4567,ppo,0.0006945578065857,200000,32,6046,3.0,12.0,214,38.9,65.0,0.9086309533600562,12000,0.7173596335131767,142000,0.6270461975427244,96000,0.4647509097408626,12000,2.144512139894497,12000,-0.6995933040323729,12000,180000,2.5657600000000005,36000.0,28.5,2025-11-21_09-33,1,0.9963089030596716,1,40518.65578407656,26.40127608032321,41107.31688575142
R_AK_3DBall_2460,3DBall,2460,ppo,0.0002403936692071,500000,169,31756,3.0,12.0,234,47.2,83.8,-0.7071456118988892,12000,0.7173596335131767,442000,0.6270461975427244,300000,-0.0928328435669478,36000,-0.8306885635014557,36000,0.5695187813452501,12000,480000,2.5657600000000005,108000.0,46.8,2025-11-21_09-33,1,0.9918826734277196,1,119604.79751976581,62.83476781350174,122692.58960482659
R_LN_3DBall_3560,3DBall,3560,ppo,0.0005767524265494,200000,47,8985,3.0,12.0,197,43.1,62.1,1.1788225690233087,12000,0.7173596335131767,142000,0.6270461975427244,96000,0.2860107793701595,12000,2.2302567164333555,12000,-1.7616117855199231,12000,180000,2.5657600000000005,48000.0,39.5,2025-11-21_09-33,1,0.9994143726503428,1,41906.68219627504,33.41249191611421,41999.26596697894
R_LN_3DBall_4103,3DBall,4103,ppo,0.0005374447337372,200000,189,35533,3.0,12.0,174,44.2,60.6,-0.93972532651811,12000,-1.628611334946793,142000,-1.74186606032438,192000,-0.1028024125916085,36000,-0.8895528958078943,36000,0.5376582269006271,12000,180000,2.5657600000000005,120000.0,104.2,2025-11-21_09-33,1,0.557457369251723,1,129083.34545085368,116.19695935050649,160466.98831889968
R_AP_3DBall_1153,3DBall,1153,ppo,0.0004331918140957,500000,70,13235,3.0,12.0,449,53.2,88.6,0.2500388901808752,12000,0.7173596335131767,442000,0.6270461975427244,144000,0.1457247009517194,24000,-0.0739586499204174,24000,-0.1314134164365376,12000,480000,2.5657600000000005,72000.0,56.2,2025-11-21_09-33,1,0.9997538904893096,1,59989.96764242554,36.301306659868565,60098.25829618791
R_AP_3DBall_1311,3DBall,1311,ppo,0.00040531297374,500000,138,25975,3.0,12.0,402,51.9,87.8,-0.3056961374901348,12000,0.7173596335131767,442000,0.6270461975427244,240000,-0.0387123260045039,36000,-0.4710377007967987,36000,0.6916509067163167,12000,480000,2.5657600000000005,96000.0,70.4,2025-11-21_09-33,1,0.9830387812156077,1,94859.84940013103,58.55555421971489,101731.52013279704
R_AK_3DBall_2528,3DBall,2528,ppo,0.000661805999342,500000,122,23058,3.0,12.0,231,44.1,84.8,-0.833797931741039,12000,0.6803785657065008,442000,0.6270461975427244,204000,-0.0344396535653636,24000,-0.7170429739618573,24000,0.0544398178237865,12000,480000,2.5657600000000005,84000.0,34.6,2025-11-21_09-33,1,0.9996806081455204,1,84023.75498558926,38.13880552837603,84156.61440990386
R_AK_3DBall_2717,3DBall,2717,ppo,0.0002122559134762,500000,189,35555,3.0,12.0,215,32.8,83.4,-0.65955504323093,12000,0.4747825029983136,442000,0.6208136700876482,444000,-0.1220294385677399,36000,-0.3359559671224856,36000,0.6385499826419451,12000,480000,2.5657600000000005,192000.0,80.5,2025-11-21_09-33,1,0.8980314352644597,1,141831.79896612422,56.65086523646496,178353.69635945896
R_AK_3DBall_2520,3DBall,2520,ppo,0.000523090234217,500000,97,18275,3.0,12.0,216,34.6,84.6,-0.045483189450808,12000,0.7173596335131767,442000,0.6270461975427244,180000,0.043180562412352,24000,-0.5030217888708173,24000,0.2031224052320506,12000,480000,2.5657600000000005,72000.0,27.0,2025-11-21_09-33,1,0.9996574181528562,1,75919.00058969385,28.399557516818202,76064.28304181041
R_AK_3DBall_2403,3DBall,2403,ppo,0.0008081312738097,500000,149,27986,3.0,12.0,229,40.3,83.5,-0.4346512267839597,12000,0.6425556645674004,442000,0.6270461975427244,216000,-0.068621033078486,36000,-0.8589298327583018,36000,0.2827737913436081,12000,480000,2.5657600000000005,96000.0,40.0,2025-11-21_09-33,1,0.9997280869288517,1,92031.61697372147,39.95277164695611,92142.54890968154
R_LN_3DBall_4459,3DBall,4459,ppo,0.0007611693199451,200000,124,23392,3.0,12.0,182,44.5,63.8,-0.7908129019764301,12000,-0.5429045976727132,142000,0.0454820210736597,192000,-0.0223337483211326,24000,-0.7109183613519389,24000,0.0597499102312237,12000,180000,2.5657600000000005,84000.0,72.7,2025-11-21_09-33,1,0.9834867394681152,1,84296.24001264709,66.09399418104995,86206.88634583692
R_AK_3DBall_2932,3DBall,2932,ppo,0.0003389796755891,500000,101,19082,3.0,12.0,217,33.0,84.5,-0.500663951065324,12000,0.7173596335131767,442000,0.6270461975427244,204000,0.0374836658268315,24000,-0.6136050721054563,24000,0.3571150850477401,12000,480000,2.5657600000000005,84000.0,32.5,2025-11-21_09-33,1,0.9983204908731249,1,86041.89636977854,30.735842539977643,86737.1427829694
R_AK_3DBall_2408,3DBall,2408,ppo,0.0007460958417932,500000,111,20930,3.0,12.0,221,38.7,83.1,-0.3172099847485125,12000,0.7173596335131767,442000,0.6270461975427244,180000,-0.0166368517356123,24000,-0.5816209840314377,24000,0.0969205570832956,12000,480000,2.5657600000000005,72000.0,27.6,2025-11-21_09-33,1,0.9998408018082512,1,75701.34343458945,30.923356773136096,75768.89101347611
R_AP_3DBall_1040,3DBall,1040,ppo,0.0002175733633558,500000,151,28369,3.0,12.0,432,65.4,87.9,-0.7186594591572669,12000,0.7041162790535338,442000,0.6270461975427244,276000,-0.0444092225900243,36000,-0.7932603753297317,36000,0.6226197054196217,12000,480000,2.5657600000000005,96000.0,75.6,2025-11-21_09-33,1,0.9811391332363791,1,102698.08599749346,87.33107833193577,110191.54446242629
R_LN_3DBall_4228,3DBall,4228,ppo,0.0001183804294476,200000,63,11957,3.0,12.0,188,44.2,61.0,-0.6357597588969495,12000,0.4882046539179404,142000,0.6270461975427244,168000,0.1763455200988916,12000,-0.1607239952275959,12000,0.3146343457882428,12000,180000,2.5657600000000005,72000.0,62.5,2025-11-21_09-33,1,0.7049101193428204,1,70666.31054985087,59.46086369988764,108831.3735346481
R_AK_3DBall_2249,3DBall,2249,ppo,0.0004028018906385,500000,159,29918,3.0,12.0,255,44.8,83.7,-0.7401519740395706,12000,0.7173596335131767,442000,0.6270461975427244,240000,-0.0721815934444363,36000,-0.8837685394540824,36000,0.7606821080130115,12000,480000,2.5657600000000005,108000.0,51.0,2025-11-21_09-33,1,0.9885534464715604,1,112076.45168153555,56.943764389954055,116516.83934230507
R_LN_3DBall_4088,3DBall,4088,ppo,0.0004954547163951,200000,142,26776,3.0,12.0,174,43.8,60.2,-0.6587874534137049,12000,-1.5810763094327325,142000,-1.6741308384832774,192000,-0.0380002139313138,36000,-0.6925445235221834,36000,0.5748288737526873,12000,180000,2.5657600000000005,120000.0,104.6,2025-11-21_09-33,1,0.7206755373828152,1,100487.89194032208,86.40376019891994,128284.05804799483
R_LN_3DBall_4542,3DBall,4542,ppo,0.0003160900240047,200000,87,16497,3.0,12.0,179,45.1,64.5,-0.1475726351417539,12000,0.1895748331981157,142000,0.6270461975427244,192000,0.0787861660718545,24000,-0.2059780772897712,24000,0.3358747154179914,12000,180000,2.5657600000000005,60000.0,47.6,2025-11-21_09-33,1,0.9402193050405924,1,75657.77522511124,58.83616327385368,83091.03983495296
