run_id,environment,seed,algorithm,learning_rate,steps,batch_size,buffer_size,epochs,num_agents,total_time,average_cpu,average_ram,early_reward_mean,early_reward_mean_step,final_reward_mean,final_reward_mean_step,best_reward,best_reward_step,p_loss_mean,p_loss_mean_step,v_loss_mean,v_loss_mean_step,entropy_mean,entropy_mean_step,step_interval,threshold_value,steps_to_threshold,time_to_threshold,threshold_version,run_reached_threshold,p_reach,pred_reach,pred_steps_to_threshold_cond,pred_time_to_threshold_cond,expected_steps
R_LN_3DBall_4238,3DBall,4238,ppo,0.0006063624299467,200000,66,12494,3.0,12.0,193,44.8,61.3,1.1604004134099055,12000,0.6252372407906237,142000,0.6270461975427244,168000,0.1706486235133713,24000,2.275510798495531,24000,-1.623549382926545,12000,180000,2.5657600000000005,48000.0,38.5,2025-11-21_09-33,1,0.9994037654777751,1,45067.123250305594,33.35234281919655,45159.49958005138
R_LN_3DBall_3615,3DBall,3615,ppo,0.0006656033819784,200000,121,22697,3.0,12.0,174,43.3,62.5,-0.9044161949257536,12000,-1.2222392640974855,142000,-1.026659682608215,180000,0.0033022863137091,24000,-0.7357570680477193,24000,0.426146286344435,12000,180000,2.5657600000000005,96000.0,81.4,2025-11-21_09-33,1,0.7042535696728234,1,86383.12876795391,75.88896174055813,119984.91285977402
C_LF_3DBall_109,3DBall,109,ppo,0.0003,500000,64,12000,3.0,12.0,804,23.4,53.4,0.4311900870460116,12000,0.680224602088181,442000,0.6270461975427244,120000,0.1663759510742309,24000,1.0730451894148705,24000,-0.0305216606952198,12000,480000,2.5657600000000005,48000.0,60.3,2025-11-21_09-33,1,0.9129765522879149,1,55293.57226030494,39.24515856431664,93993.45882193846
R_AK_3DBall_2556,3DBall,2556,ppo,0.0003844068249589,500000,146,27458,3.0,12.0,212,25.0,79.4,-0.5106426186892499,12000,0.7173596335131767,442000,0.6270461975427244,276000,-0.0700452572248662,36000,-0.5979532843245536,36000,0.7925426624576345,12000,480000,2.5657600000000005,120000.0,47.6,2025-11-21_09-33,1,0.9899888560625553,1,103793.99685933423,46.633826494202815,107760.47218565512
R_AK_3DBall_2507,3DBall,2507,ppo,0.0002533006310968,500000,169,31864,3.0,12.0,232,43.5,82.1,-0.7033076628127639,12000,0.7022538159287011,442000,0.6270461975427244,300000,-0.0892722832009975,36000,-0.8568882952216627,36000,0.5588985965303759,12000,480000,2.5657600000000005,108000.0,46.4,2025-11-21_09-33,1,0.9893296346190219,1,124314.7291522601,59.997818066988906,128323.4282604572
R_LN_3DBall_3100,3DBall,3100,ppo,0.0003431111685279,100000,75,14086,3.0,12.0,112,40.2,56.4,0.4757102964450705,12000,-1.5674306629381254,46000,-1.527505279463604,96000,0.1321945715611084,24000,1.0842736458663875,24000,-0.3969180368084193,12000,84000,2.5657600000000005,60000.0,64.1,2025-11-21_09-33,1,0.23519971558886885,0,59297.96446221862,79.15251227904845,90426.89281762579
R_AK_3DBall_2343,3DBall,2343,ppo,0.0003986687269981,500000,168,31516,3.0,12.0,221,39.0,83.0,-0.9166976320013548,12000,0.7173596335131767,442000,0.6270461975427244,276000,-0.0871359469814274,36000,-0.8596103452705152,36000,0.6491701674568193,12000,480000,2.5657600000000005,108000.0,44.2,2025-11-21_09-33,1,0.9809820683081671,1,117263.09745768276,58.091882094477576,124541.96172617623
R_LN_3DBall_4472,3DBall,4472,ppo,0.0006561553939033,200000,54,10247,3.0,12.0,188,44.6,64.1,0.0312757922717072,12000,0.6772198282467846,142000,0.6270461975427244,156000,0.2404356066859962,12000,0.4895057101920824,12000,0.0119590785642892,12000,180000,2.5657600000000005,48000.0,37.5,2025-11-21_09-33,1,0.9892084825104605,1,55091.36673411309,36.28199004195937,56655.15078438718
R_AP_3DBall_1252,3DBall,1252,ppo,0.0008375957593236,500000,74,13907,3.0,12.0,479,61.6,88.2,0.7620212982700513,12000,0.7173596335131767,442000,0.6270461975427244,180000,0.1329066836342985,24000,1.901569173034397,24000,-1.5279677195926644,12000,480000,2.5657600000000005,48000.0,35.9,2025-11-21_09-33,1,0.9999465969372187,1,43623.41189913841,23.514080148301332,43647.7838067247
R_AK_3DBall_2638,3DBall,2638,ppo,4.3715300418814754e-05,500000,171,32227,3.0,12.0,241,45.2,84.5,-0.1867197158202357,12000,0.7008184776804968,442000,0.6270461975427244,336000,-0.0985297401524682,36000,-0.5023412763586041,36000,0.7235114611609397,12000,480000,2.5657600000000005,120000.0,54.2,2025-11-21_09-33,1,0.980088744137764,1,127645.34107846256,60.86560939776226,135059.3899637449
R_LN_3DBall_3528,3DBall,3528,ppo,0.0002226495688328,200000,144,27101,3.0,12.0,182,43.1,66.4,-0.3018581884040094,12000,-1.4001765077598254,142000,-1.275741598008752,192000,-0.0486818950291646,36000,-0.5955714905318076,36000,0.3942857318998002,12000,180000,2.5657600000000005,96000.0,85.0,2025-11-21_09-33,1,0.49265104932685205,0,106268.82529306762,103.02114499192962,153823.23842599127
R_AK_3DBall_2024,3DBall,2024,ppo,0.0004707996792515,500000,36,6846,3.0,12.0,256,44.9,84.4,3.312722260909231,12000,0.7173596335131767,442000,0.6270461975427244,120000,0.4184636249835092,12000,2.283676948642089,12000,-2.595296293487652,12000,480000,2.5657600000000005,36000.0,12.8,2025-11-21_09-33,1,0.9999999975663343,1,32461.719984770752,14.625703526925802,32461.721122602634
R_AK_3DBall_2171,3DBall,2171,ppo,0.0007070081115114,500000,37,7059,3.0,12.0,277,45.2,83.6,2.538224135329053,12000,0.6846572643252826,442000,0.6270461975427244,168000,0.3985244869341878,12000,1.389143251337885,12000,-2.499714630153771,12000,480000,2.5657600000000005,36000.0,13.9,2025-11-21_09-33,1,0.9999999990840267,1,34041.20372148226,14.528641229136781,34041.20414828808
R_AP_3DBall_1261,3DBall,1261,ppo,6.0613101867130064e-05,500000,124,23291,3.0,12.0,422,52.4,87.7,-1.156185654975603,12000,0.3212832588179438,442000,0.4336496070873149,456000,-0.0429849984436441,24000,-0.3652180051476516,24000,0.6066894281973103,12000,480000,2.5657600000000005,180000.0,147.8,2025-11-21_09-33,1,0.4596827796923778,0,99908.16763078066,62.790956245185214,316084.6743643004
R_AK_3DBall_2766,3DBall,2766,ppo,0.0006363179078942,500000,112,21026,3.0,12.0,267,48.0,84.4,0.3145164348277877,12000,0.6951342402235078,442000,0.6270461975427244,192000,0.0054386225332793,24000,-0.1784173205451381,24000,-0.248235449400167,12000,480000,2.5657600000000005,60000.0,26.7,2025-11-21_09-33,1,0.9999821467072404,1,70677.53876852951,28.761531627021846,70685.20358811815
R_AK_3DBall_2972,3DBall,2972,ppo,0.00052042652506,500000,166,31185,3.0,12.0,247,50.1,84.2,-0.5989154476701428,12000,0.7173596335131767,442000,0.6270461975427244,228000,-0.0842874986886671,36000,-0.7503880870603024,36000,0.2137425900469249,12000,480000,2.5657600000000005,96000.0,43.2,2025-11-21_09-33,1,0.9994558615329703,1,108288.54773762825,46.163115901977484,108501.69300678029
R_LN_3DBall_3336,3DBall,3336,ppo,0.0001156509507295,100000,92,17395,3.0,12.0,98,40.2,58.0,-0.3179775745657375,12000,-1.7027423338834629,46000,-1.8606373530760616,96000,0.0730892694863342,24000,-0.4730792383334381,24000,0.5217279496783039,12000,84000,2.5657600000000005,84000.0,84.0,2025-11-21_09-33,1,0.04330122046418112,0,85190.0058718441,111.1666716294979,99358.7091791835
R_AK_3DBall_2445,3DBall,2445,ppo,0.0006871536969176,500000,37,6986,3.0,12.0,329,54.6,83.8,2.516731620446748,12000,0.6800731217540283,442000,0.6270461975427244,132000,0.3885549179095269,12000,1.794388452360824,12000,-3.3280890457140506,12000,480000,2.5657600000000005,36000.0,16.5,2025-11-21_09-33,1,0.9999999998830029,1,31337.8243482179,13.199968841456062,31337.824403050003
R_LN_3DBall_4229,3DBall,4229,ppo,0.0003781065314291,200000,88,16533,3.0,12.0,184,44.3,61.2,-0.1107283239149455,12000,0.5982389753330505,142000,0.6270461975427244,180000,0.0787861660718545,24000,0.1812335421595191,24000,-0.2535455418076042,12000,180000,2.5657600000000005,60000.0,49.1,2025-11-21_09-33,1,0.9727236366285906,1,69280.58462723765,54.16446330554606,72846.13490064332
R_AK_3DBall_2723,3DBall,2723,ppo,0.0004300585507907,500000,69,12979,3.0,12.0,281,49.6,83.8,-0.1652272009379321,12000,0.5722464399628867,442000,0.6270461975427244,108000,0.1499973733908597,24000,1.4514101462053894,24000,-0.70490339643981,12000,480000,2.5657600000000005,48000.0,21.1,2025-11-21_09-33,1,0.999335891280679,1,54788.78177665384,22.484462979929674,55084.450428615484
R_AK_3DBall_2382,3DBall,2382,ppo,0.000128381679988,500000,166,31142,3.0,12.0,218,28.0,83.3,-0.222796437229819,12000,-0.9167580623624432,442000,-0.868922844811577,492000,-0.0835753866154772,36000,0.0675879526199207,36000,0.6704105370865681,12000,480000,2.5657600000000005,252000.0,108.9,2025-11-21_09-33,1,0.9261671847141217,1,114078.10286592516,57.13496222480094,142571.80301180104
R_AP_3DBall_1177,3DBall,1177,ppo,0.0006994993081991,500000,63,11977,3.0,12.0,585,60.9,88.8,0.993065833254822,12000,0.6443138297572422,442000,0.6270461975427244,156000,0.1756334080257016,12000,1.1455197719655723,12000,-1.3208741157025916,12000,480000,2.5657600000000005,48000.0,43.8,2025-11-21_09-33,1,0.9999859242207785,1,45882.452858299206,24.823317443266177,45888.844916633396
R_LN_3DBall_3918,3DBall,3918,ppo,0.0006267083410832,200000,163,30631,3.0,12.0,176,43.8,59.7,-0.86373393461282,12000,-1.5687343871255082,142000,-1.6499872081308238,192000,-0.0828632745422871,36000,-0.9245992901868724,36000,0.7925426624576345,12000,180000,2.5657600000000005,108000.0,93.9,2025-11-21_09-33,1,0.47197921596758124,0,113181.411988707,96.26478666381061,159023.43089901746
R_AK_3DBall_2655,3DBall,2655,ppo,0.0004737557057688,500000,143,26929,3.0,12.0,213,33.1,84.8,-0.2964850596834322,12000,0.7173596335131767,442000,0.6270461975427244,264000,-0.0793027141763368,36000,-0.3886956868190058,36000,0.4314563787518721,12000,480000,2.5657600000000005,120000.0,47.9,2025-11-21_09-33,1,0.9982207366027621,1,95888.08130854246,41.69023511356523,96607.10285385775
R_AK_3DBall_2816,3DBall,2816,ppo,9.58757375257688e-05,500000,178,33487,3.0,12.0,224,39.2,83.1,-0.1867197158202357,12000,0.7173596335131767,442000,0.6270461975427244,348000,-0.1163325419822195,36000,-0.7602555184873933,36000,0.776612385235323,12000,480000,2.5657600000000005,120000.0,50.3,2025-11-21_09-33,1,0.9912438201470021,1,131697.11842182238,60.685466632846925,134922.0446932983
R_AK_3DBall_2078,3DBall,2078,ppo,0.0006748705008507,500000,82,15486,3.0,12.0,269,44.8,83.8,0.5340471225541807,12000,0.7173596335131767,442000,0.6270461975427244,132000,0.1029979765603163,24000,0.5575569614133988,24000,-1.3261842081100286,12000,480000,2.5657600000000005,60000.0,26.9,2025-11-21_09-33,1,0.9999967599658497,1,53703.49392572206,25.10827630026038,53704.93994164291
R_AP_3DBall_1248,3DBall,1248,ppo,0.0004804583185837,500000,186,34977,3.0,12.0,426,62.2,87.5,-0.2987878291351075,12000,0.6806070278498134,442000,0.6270461975427244,276000,-0.1141962057626494,36000,-0.8385144573919071,36000,0.1234710191204814,12000,480000,2.5657600000000005,84000.0,63.9,2025-11-21_09-33,1,0.9937886522195075,1,118144.11799735068,74.98204021352794,120515.95768249583
R_LN_3DBall_3242,3DBall,3242,ppo,0.0004984508173028,100000,142,26727,3.0,12.0,91,40.9,57.3,-0.2588731586394006,12000,-1.7218859715225758,46000,-1.8886282862679749,96000,-0.0607878002733954,36000,-0.7078560550469796,36000,0.564208688937813,12000,84000,2.5657600000000005,,,2025-11-21_09-33,0,0.09180296873074768,0,99474.38395614388,132.03827378860308,99951.7468867615
R_LN_3DBall_3763,3DBall,3763,ppo,0.0001933170560585,200000,142,26746,3.0,12.0,197,42.2,51.4,-0.2742249549839036,12000,-1.1320985321397543,142000,-0.8769346208988432,192000,-0.0501061191755447,36000,-0.3747451803186358,36000,0.4792472104188066,12000,180000,2.5657600000000005,96000.0,91.7,2025-11-21_09-33,1,0.40045600097092987,0,105726.90604056988,96.85946082768125,162247.7737938499
R_AK_3DBall_2704,3DBall,2704,ppo,0.0002020746758862,500000,42,8060,3.0,12.0,251,45.7,83.8,1.2202724191534675,12000,0.6499285352575709,442000,0.6270461975427244,192000,0.3422676331521737,12000,2.192148015749418,12000,-0.6624226571803128,12000,480000,2.5657600000000005,36000.0,12.6,2025-11-21_09-33,1,0.9998320891391236,1,46840.24517010975,18.291268163097875,46916.335614657786
R_LN_3DBall_3813,3DBall,3813,ppo,0.0006840405910475,200000,59,11176,3.0,12.0,186,42.4,51.6,0.0097832773894019,12000,0.7173596335131767,142000,0.6270461975427244,144000,0.2019815547337335,12000,0.1611584230492307,12000,-1.262463099220771,12000,180000,2.5657600000000005,48000.0,37.3,2025-11-21_09-33,1,0.9996979479171617,1,52158.03621236619,42.54568227035489,52202.69218545914
R_LN_3DBall_3425,3DBall,3425,ppo,0.0003749483282325,100000,132,24929,3.0,12.0,98,47.0,72.9,-0.4638196398385156,12000,-1.7285312399519783,46000,-1.9041876866254144,96000,-0.0451213346632144,36000,-0.6323191661913184,36000,0.5111077648634296,12000,84000,2.5657600000000005,,,2025-11-21_09-33,0,0.06065219109717677,0,99631.42716467853,128.1684529408889,99977.64524995885
R_LN_3DBall_3190,3DBall,3190,ppo,0.0003409305790647,100000,96,18009,3.0,12.0,94,40.8,56.9,0.0827043100257918,12000,-1.7032414740009183,46000,-1.8574037620836477,96000,0.056710691802963,24000,-0.6119037908249235,24000,0.5854490585675617,12000,84000,2.5657600000000005,84000.0,80.3,2025-11-21_09-33,1,0.181294720288439,0,78877.5151957786,102.96305998607501,96170.60502562187
R_AP_3DBall_1214,3DBall,1214,ppo,0.0001623858522957,500000,189,35489,3.0,12.0,421,62.2,87.7,-0.5252268252165279,12000,0.7173596335131767,442000,0.6270461975427244,372000,-0.1163325419822195,36000,-0.8507636826117441,36000,0.5323481344931901,12000,480000,2.5657600000000005,120000.0,94.6,2025-11-21_09-33,1,0.8776515660960535,1,134375.29046025424,90.06360510203108,179108.90106902743
R_LN_3DBall_4037,3DBall,4037,ppo,0.0007744054995665,200000,72,13620,3.0,12.0,190,44.5,61.5,-0.0147795967618019,12000,0.5925597044443942,142000,0.6270461975427244,168000,0.1443004768053393,24000,1.6579456936620849,24000,-0.811105244588565,12000,180000,2.5657600000000005,48000.0,38.1,2025-11-21_09-33,1,0.9690592703696161,1,51621.50571271376,38.73964596654584,56212.44458742014
R_LN_3DBall_3836,3DBall,3836,ppo,0.0002419194289968,200000,41,7692,3.0,12.0,203,38.0,52.4,0.0113184570238537,12000,0.6795764649207393,142000,0.6270461975427244,132000,0.360782547055115,12000,0.4827005850699507,12000,-0.9544777395893802,12000,180000,2.5657600000000005,60000.0,54.0,2025-11-21_09-33,1,0.9949524984279898,1,52806.846830990326,45.01419592338981,53549.804503000036
R_LN_3DBall_3704,3DBall,3704,ppo,0.0005604147781057,200000,167,31357,3.0,12.0,173,42.9,49.8,-0.438489175870085,12000,-1.6129840276873642,142000,-1.755506966504501,192000,-0.0914086194205677,36000,-0.8521247076361704,36000,0.8031628472725089,12000,180000,2.5657600000000005,108000.0,92.4,2025-11-21_09-33,1,0.5100780957999499,1,113687.72143252948,101.99710353532028,155973.99730414982
R_AK_3DBall_2376,3DBall,2376,ppo,0.0003350672475272,500000,144,27137,3.0,12.0,214,26.7,82.8,-0.0477859589024832,12000,0.7161602072607846,442000,0.6270461975427244,276000,-0.068621033078486,36000,-0.4393938689788864,36000,0.6066894281973103,12000,480000,2.5657600000000005,120000.0,48.1,2025-11-21_09-33,1,0.995920995175695,1,100236.82648850325,46.715911379999824,101867.46240183614
R_AK_3DBall_2588,3DBall,2588,ppo,0.0003051765148033,500000,115,21651,3.0,12.0,226,42.1,84.4,-0.7823694139869544,12000,0.7173596335131767,442000,0.6270461975427244,240000,-0.0031067223450013,24000,-0.6952665735710362,24000,0.5854490585675617,12000,480000,2.5657600000000005,84000.0,33.9,2025-11-21_09-33,1,0.9943378980532217,1,91310.44554612046,40.4049692379331,93624.48746802173
R_AK_3DBall_2804,3DBall,2804,ppo,0.0002672304766173,500000,101,19016,3.0,12.0,224,40.4,83.4,-0.5336703132060053,12000,0.7173596335131767,442000,0.6270461975427244,180000,0.0310746571681211,24000,-0.628576347374146,24000,0.6597903522716937,12000,480000,2.5657600000000005,84000.0,33.6,2025-11-21_09-33,1,0.9973381757795423,1,84870.46088509084,35.0886623653334,85975.46274693435
R_AK_3DBall_2409,3DBall,2409,ppo,0.0007695551351266,500000,46,8709,3.0,12.0,297,43.4,83.2,2.624961784675494,12000,-1.614287751874747,442000,-0.1439615430728414,84000,0.3137831502245716,12000,2.104702157930027,12000,-2.8130100821925987,12000,480000,2.5657600000000005,36000.0,14.9,2025-11-21_09-33,1,0.9999999990085657,1,32537.966262929494,13.288526527433282,32537.966726387374
R_LN_3DBall_3072,3DBall,3072,ppo,0.0006591024414206,100000,87,16345,3.0,12.0,110,40.2,55.2,-0.1498754045934291,12000,-1.6335356874488505,46000,-1.6286903755898745,96000,0.0631197004616734,24000,-0.2376219091076832,24000,-0.4340886836604794,12000,84000,2.5657600000000005,60000.0,62.9,2025-11-21_09-33,1,0.7948125985803279,1,64466.05792305594,85.29521065275979,71757.17516002123
R_LN_3DBall_3200,3DBall,3200,ppo,0.0006287748840704,100000,119,22339,3.0,12.0,93,40.5,57.0,-0.512945388140925,12000,-1.718680051663697,46000,-1.8882492289506825,96000,-0.0080915068573317,24000,-0.6680460730825095,24000,0.5429683193080643,12000,84000,2.5657600000000005,,,2025-11-21_09-33,0,0.10562729046927173,0,85137.29051833022,110.15227461759804,98430.09226841926
R_AK_3DBall_2795,3DBall,2795,ppo,0.0007616192778523,500000,47,8986,3.0,12.0,286,50.6,83.7,2.4169449442074784,12000,0.6766735057301669,442000,0.6270461975427244,96000,0.3237527192492323,12000,2.108444976747199,12000,-3.1422358114537383,12000,480000,2.5657600000000005,36000.0,14.3,2025-11-21_09-33,1,0.9999999997039473,1,33145.790375469434,12.612556690498048,33145.7905136829
R_LN_3DBall_3777,3DBall,3777,ppo,0.0005151557951638,200000,190,35742,3.0,12.0,170,43.0,51.8,-0.5344379030232304,12000,-1.6562900202659716,142000,-1.7783122924510033,192000,-0.1191809902749797,36000,-0.8344313823186281,36000,0.6651004446791309,12000,180000,2.5657600000000005,120000.0,102.2,2025-11-21_09-33,1,0.44226959682817696,0,130731.77865568105,119.83280023662954,169364.77167304314
R_LN_3DBall_4445,3DBall,4445,ppo,0.0003657330967643,200000,108,20297,3.0,12.0,175,44.8,63.7,-0.1767410481963098,12000,-0.7083459554095095,142000,-0.2895092384283763,192000,0.0047265104600892,24000,-0.574135346397093,24000,0.6757206294940051,12000,180000,2.5657600000000005,84000.0,70.1,2025-11-21_09-33,1,0.8990304361914223,1,85890.49166049309,63.087302534174235,97412.07894394436
R_LN_3DBall_3441,3DBall,3441,ppo,5.817526725859885e-05,100000,55,10398,3.0,12.0,107,44.4,65.0,-0.1468050453245288,12000,-1.65541838752355,46000,-1.736474163382483,96000,0.2261933652221953,12000,-0.1617447639959155,12000,0.4473866559741836,12000,84000,2.5657600000000005,60000.0,61.2,2025-11-21_09-33,1,0.08256551728053257,0,68988.934653849,85.4593381152775,97439.55534827463
R_AK_3DBall_2585,3DBall,2585,ppo,0.0001449934668862,500000,110,20687,3.0,12.0,230,41.2,84.8,-0.4707279481935429,12000,0.7173596335131767,442000,0.6270461975427244,204000,-0.0002582740522411,24000,-0.7020716986931678,24000,0.6066894281973103,12000,480000,2.5657600000000005,84000.0,34.5,2025-11-21_09-33,1,0.9955356417158062,1,90947.98963070639,40.90046927191564,92774.14436186467
R_AK_3DBall_2606,3DBall,2606,ppo,0.0007352890211209,500000,139,26183,3.0,12.0,215,34.1,85.4,-0.6273162709074738,12000,0.7173596335131767,442000,0.6270461975427244,228000,-0.0401365501508839,36000,-0.596932515556234,36000,0.2456031444915479,12000,480000,2.5657600000000005,96000.0,37.6,2025-11-21_09-33,1,0.9994745195005553,1,89454.17324698663,38.08834171062036,89669.90707307373
R_AP_3DBall_1161,3DBall,1161,ppo,0.0008615314322983,500000,146,27460,3.0,12.0,401,55.6,89.3,-0.5451841604643813,12000,0.7173596335131767,442000,0.6270461975427244,240000,-0.0700452572248662,36000,-0.5428317708352873,36000,-0.0464519379175313,12000,480000,2.5657600000000005,96000.0,70.2,2025-11-21_09-33,1,0.9979535980804924,1,85447.53272564804,49.932425444139625,86295.87369041487
R_AK_3DBall_2497,3DBall,2497,ppo,0.0001076410789874,500000,100,18821,3.0,12.0,249,45.8,82.9,0.0105508672066287,12000,0.7173596335131767,442000,0.6270461975427244,192000,0.0175445277775101,24000,-0.4336095126250746,24000,0.7341316459758139,12000,480000,2.5657600000000005,72000.0,31.1,2025-11-21_09-33,1,0.9957117209456332,1,84519.24317848777,37.680973483076315,86300.94060545793
R_AK_3DBall_2603,3DBall,2603,ppo,0.0001430523845259,500000,144,27088,3.0,12.0,219,34.6,84.3,-0.7386167944051204,12000,0.69240262764042,442000,0.6270461975427244,396000,-0.0522424553951149,36000,-0.2440867779737083,36000,0.5695187813452501,12000,480000,2.5657600000000005,156000.0,65.6,2025-11-21_09-33,1,0.9594150577265588,1,107307.41206119779,50.33949232166257,123244.81807390232
R_AK_3DBall_2521,3DBall,2521,ppo,0.0002289347255457,500000,111,20987,3.0,12.0,226,44.3,84.8,-0.8829236800434483,12000,0.7173596335131767,442000,0.6270461975427244,228000,-0.0045309464913814,24000,-0.5033620451269238,24000,0.5907591509749988,12000,480000,2.5657600000000005,96000.0,39.5,2025-11-21_09-33,1,0.9837373521099417,1,92247.54826530632,41.41609984920964,98878.68281417563
R_AK_3DBall_2062,3DBall,2062,ppo,0.000394670481533,500000,84,15809,3.0,12.0,239,41.8,83.2,-0.0262934440201796,12000,0.7173596335131767,442000,0.6270461975427244,156000,0.071665045339954,24000,0.0209728455333188,24000,-0.1261033240291005,12000,480000,2.5657600000000005,60000.0,23.9,2025-11-21_09-33,1,0.9994826662084999,1,66349.42999960018,31.602565380314278,66573.77209316466
R_AK_3DBall_2300,3DBall,2300,ppo,0.0003933175862116,500000,32,6159,3.0,12.0,321,49.3,83.6,4.610716641836963,12000,0.681332146826415,442000,0.6270461975427244,144000,0.4804173753510435,12000,1.86346047235046,12000,-3.163476181083487,12000,480000,2.5657600000000005,36000.0,16.1,2025-11-21_09-33,1,0.9999999999962528,1,30389.04859489734,12.868049468885058,30389.048596657078
R_AK_3DBall_2617,3DBall,2617,ppo,0.0006984200854828,500000,170,31877,3.0,12.0,239,45.5,84.2,-0.7662500278252262,12000,0.7173596335131767,442000,0.6270461975427244,252000,-0.0978176280792782,36000,-0.9113292961987156,36000,0.5164178572708668,12000,480000,2.5657600000000005,108000.0,47.8,2025-11-21_09-33,1,0.9983522470272745,1,107911.32871054247,48.1984543646727,108557.39398423165
R_AP_3DBall_1176,3DBall,1176,ppo,0.0008540496470057,500000,101,19077,3.0,12.0,519,61.1,89.9,0.0266702533683568,12000,0.7057080642042239,442000,0.6270461975427244,156000,0.0246656485094106,24000,-0.5071048639440964,24000,-0.2960262810671014,12000,480000,2.5657600000000005,60000.0,51.9,2025-11-21_09-33,1,0.9998975588715787,1,65552.87772723024,35.83944703546235,65597.38298067525
R_LN_3DBall_4026,3DBall,4026,ppo,0.0008635459194614,200000,128,24098,3.0,12.0,199,43.2,61.5,-0.2120501797886663,12000,-0.276661769051644,142000,0.1032431360896752,168000,-0.0230458603943227,36000,-0.2971667539263352,36000,0.0438196330089122,12000,180000,2.5657600000000005,72000.0,66.5,2025-11-21_09-33,1,0.9837907879450494,1,79450.91024001568,61.724368706241094,81404.91599896655
R_AK_3DBall_2387,3DBall,2387,ppo,0.0005796106323489,500000,83,15562,3.0,12.0,216,26.6,83.2,0.0082480977549518,12000,0.7173596335131767,442000,0.6270461975427244,168000,0.1015737524139362,24000,0.0148482329234005,24000,0.426146286344435,12000,480000,2.5657600000000005,60000.0,21.6,2025-11-21_09-33,1,0.9992588731493701,1,64632.746252101686,27.075265077226945,64955.408613739244
R_AK_3DBall_2185,3DBall,2185,ppo,0.0005410778727008,500000,42,7959,3.0,12.0,266,44.1,83.2,1.5511036303775074,12000,0.7173596335131767,442000,0.6270461975427244,132000,0.3436918572985538,12000,2.700490862372652,12000,-2.106767792003374,12000,480000,2.5657600000000005,36000.0,13.3,2025-11-21_09-33,1,0.9999981358595262,1,36303.98313140181,16.01187516680297,36304.847525914374
R_LN_3DBall_3431,3DBall,3431,ppo,0.0002430536775247,100000,149,28001,3.0,12.0,99,44.5,68.7,-0.6096617051112955,12000,-1.723780717341572,46000,-1.890242503142976,96000,-0.0743179296640064,36000,-0.9011216085155184,36000,0.6916509067163167,12000,84000,2.5657600000000005,,,2025-11-21_09-33,0,0.021683046957359054,0,113911.97137111548,153.86523733979865,100301.65392850933
R_LN_3DBall_3975,3DBall,3975,ppo,0.0007454436995673,200000,33,6221,3.0,12.0,213,43.7,60.4,3.4670078141714864,12000,0.6422129713524312,142000,0.6270461975427244,84000,0.4711599183995729,12000,2.674291130652445,12000,-1.8890540032984269,12000,180000,2.5657600000000005,36000.0,28.5,2025-11-21_09-33,1,0.9999991793033601,1,30936.159369935678,21.824080885957894,30936.29812006161
R_AP_3DBall_1030,3DBall,1030,ppo,0.0002207183961895,500000,185,34777,3.0,12.0,502,64.8,87.6,-0.5229240557648527,12000,0.7173596335131767,442000,0.6270461975427244,264000,-0.1049387488111787,36000,-0.8313690760136688,36000,0.7341316459758139,12000,480000,2.5657600000000005,108000.0,100.3,2025-11-21_09-33,1,0.7731418109117834,1,131986.3117368394,89.3820808855,215473.23061589547
R_AP_3DBall_1307,3DBall,1307,ppo,0.0004527809885082,500000,88,16569,3.0,12.0,464,62.1,87.8,0.2201028873090942,12000,0.679462233849083,442000,0.6270461975427244,168000,0.0645439246080535,24000,0.9716488250951087,24000,-0.4553290532902398,12000,480000,2.5657600000000005,60000.0,46.4,2025-11-21_09-33,1,0.9966251267866644,1,60692.76789128611,33.991511835817356,62175.37410135442
R_LN_3DBall_3760,3DBall,3760,ppo,0.0006203164881259,200000,121,22759,3.0,12.0,170,42.8,58.5,-0.4991287714308721,12000,-0.6152103827470474,142000,-0.1938140268498335,192000,-0.0145005155160421,24000,-0.5050633264074567,24000,0.3730453622700516,12000,180000,2.5657600000000005,84000.0,68.2,2025-11-21_09-33,1,0.8303543441500831,1,85160.90562989544,71.97847548550749,104642.85911152232
R_AK_3DBall_2529,3DBall,2529,ppo,0.0008527688539902,500000,47,8855,3.0,12.0,228,32.7,84.9,1.5518712201947324,12000,0.6694198326799858,442000,0.6270461975427244,96000,0.3130710381513815,12000,2.5147109465384583,12000,-2.080217329966188,12000,480000,2.5657600000000005,36000.0,11.4,2025-11-21_09-33,1,0.9999997473437764,1,34523.7059056273,13.421190567738034,34523.82351110995
R_LN_3DBall_3805,3DBall,3805,ppo,0.0003555241168694,200000,33,6222,3.0,12.0,219,44.0,51.4,2.6495246588266994,12000,0.6453667422438142,142000,0.6270461975427244,108000,0.4497965562038714,12000,2.836593364815285,12000,-2.3722724123752674,12000,180000,2.5657600000000005,36000.0,29.2,2025-11-21_09-33,1,0.9999886523272764,1,34320.39098935401,28.19220572691571,34322.27106733404
R_LN_3DBall_3230,3DBall,3230,ppo,0.0005633838264467,100000,69,13113,3.0,12.0,97,41.8,57.6,0.1325976481454263,12000,-1.583197034110875,46000,-1.5169638759731812,96000,0.167088063147421,24000,0.5140041606317562,24000,-0.7102134888472472,12000,84000,2.5657600000000005,60000.0,55.3,2025-11-21_09-33,1,0.8183066611319681,1,57785.6045875581,72.66372820392216,65455.67903833999
R_AK_3DBall_2963,3DBall,2963,ppo,4.381232236594175e-05,500000,143,26833,3.0,12.0,267,50.8,84.9,-0.2772953142528039,12000,0.7173596335131767,442000,0.6270461975427244,276000,-0.0707573692980562,36000,-0.5033620451269238,36000,0.6810307219014423,12000,480000,2.5657600000000005,96000.0,46.7,2025-11-21_09-33,1,0.9925894781369721,1,108080.25075781101,47.25512494300701,110984.58062812268
R_LN_3DBall_3580,3DBall,3580,ppo,0.000104083344474,200000,137,25732,3.0,12.0,196,42.6,62.9,-0.5812608818739646,12000,-1.2546833717320696,142000,-1.0745214708141198,192000,-0.0529545674683049,36000,-0.6200699409714815,36000,0.5588985965303759,12000,180000,2.5657600000000005,96000.0,91.5,2025-11-21_09-33,1,0.19455048906187353,0,107502.25229933456,104.65487723400287,182004.51794771376
R_LN_3DBall_3626,3DBall,3626,ppo,0.0006107392495279,200000,49,9220,3.0,12.0,193,37.9,63.0,0.5117870178546522,12000,0.6796906959923956,142000,0.6270461975427244,132000,0.263935305101268,12000,0.8671901544703883,12000,-0.7898648749588164,12000,180000,2.5657600000000005,48000.0,38.6,2025-11-21_09-33,1,0.9968973618520807,1,47986.23057937187,39.43732353921223,48457.87429938533
R_LN_3DBall_3143,3DBall,3143,ppo,0.0001177647201455,100000,90,17038,3.0,12.0,95,41.2,56.7,-0.175205868561858,12000,-1.7075499720296976,46000,-1.854048975894548,96000,0.0673923729008138,24000,-0.42510310622241,24000,0.5004875800485553,12000,84000,2.5657600000000005,96000.0,94.9,2025-11-21_09-33,1,0.042782626557279525,0,83380.51437868256,112.57227579408952,99288.9747530891
R_AK_3DBall_2040,3DBall,2040,ppo,0.0001263283554586,500000,95,17980,3.0,12.0,251,44.2,82.6,0.0320433820889322,12000,0.7173596335131767,442000,0.6270461975427244,192000,0.0552864676565828,24000,-0.497577688773112,24000,0.4739371180113694,12000,480000,2.5657600000000005,60000.0,25.1,2025-11-21_09-33,1,0.9970904191784655,1,82106.30915747883,40.202491883045454,83322.20462579449
R_AK_3DBall_2319,3DBall,2319,ppo,0.0008849099328638,500000,82,15510,3.0,12.0,257,48.2,83.8,-0.3010905985867844,12000,0.7058123621392145,442000,0.6270461975427244,108000,0.0958768558284157,24000,0.3357098824319072,24000,-0.9279272775521944,12000,480000,2.5657600000000005,48000.0,19.3,2025-11-21_09-33,1,0.9999829982963008,1,55634.478456544864,23.750255805904597,55642.03342747629
R_AP_3DBall_1205,3DBall,1205,ppo,0.0005229546877001,500000,58,10898,3.0,12.0,465,54.7,89.6,0.9892278841686968,12000,0.7173596335131767,442000,0.6270461975427244,144000,0.2147995720511544,12000,0.9022365488493662,12000,-1.2996337460728429,12000,480000,2.5657600000000005,48000.0,34.9,2025-11-21_09-33,1,0.9999866981337484,1,46383.90478825169,25.98557638697167,46389.938728879766
R_AK_3DBall_2416,3DBall,2416,ppo,0.0008133755171059,500000,79,14907,3.0,12.0,216,26.5,83.0,0.1418087259521288,12000,0.7173596335131767,442000,0.6270461975427244,132000,0.0766498298522844,24000,-0.0732781374082043,24000,-0.4128483140307308,12000,480000,2.5657600000000005,60000.0,21.6,2025-11-21_09-33,1,0.9999885418102514,1,57215.94390432531,23.3944734220579,57221.0174080577
R_AK_3DBall_2375,3DBall,2375,ppo,0.0007402177791973,500000,177,33285,3.0,12.0,218,37.6,83.4,-0.3755468108576227,12000,0.7173596335131767,442000,0.6270461975427244,288000,-0.0928328435669478,36000,-0.9320849278212172,36000,0.3571150850477401,12000,480000,2.5657600000000005,108000.0,43.5,2025-11-21_09-33,1,0.9994711960026925,1,109139.7511956237,50.91381051498728,109346.43965758005
R_LN_3DBall_4523,3DBall,4523,ppo,0.0006176614143268,200000,101,19023,3.0,12.0,177,42.4,64.8,-0.7516658212979482,12000,-0.6584269770956629,142000,-0.1253052186469095,180000,0.01540819155794,24000,-0.651373516533287,24000,0.2031224052320506,12000,180000,2.5657600000000005,84000.0,70.6,2025-11-21_09-33,1,0.9738200273406306,1,78578.81974295585,55.778045796863616,81757.62292235364
R_LN_3DBall_3694,3DBall,3694,ppo,0.0001646408872378,200000,127,23958,3.0,12.0,181,42.7,50.2,-0.2926471105973069,12000,-1.1092076186934787,142000,-0.8003186276240281,192000,-0.0251821966138929,24000,-0.5462343333963531,24000,0.5270380420857529,12000,180000,2.5657600000000005,84000.0,72.6,2025-11-21_09-33,1,0.4630531356493023,0,100474.99223672201,91.88028353344123,153914.63307969298
R_AK_3DBall_2015,3DBall,2015,ppo,0.0003089811330572,500000,99,18636,3.0,12.0,225,41.6,84.3,-0.222796437229819,12000,0.7173596335131767,442000,0.6270461975427244,192000,0.0211050881434604,24000,-0.6129245595932433,24000,0.6438600750493823,12000,480000,2.5657600000000005,72000.0,28.1,2025-11-21_09-33,1,0.9956314955095575,1,80791.17178796021,39.012459956335086,82622.48743643763
R_LN_3DBall_3825,3DBall,3825,ppo,0.0004055683094164,200000,188,35401,3.0,12.0,176,43.2,52.2,-0.6050561662079433,12000,-1.715151304863181,142000,-1.8897551437350284,192000,-0.1319990075924006,36000,-0.5193540891639332,36000,0.8403334941245689,12000,180000,2.5657600000000005,,,2025-11-21_09-33,0,0.11741169745113006,0,133667.6647321892,121.59804247213997,192211.80792030884
R_LN_3DBall_3397,3DBall,3397,ppo,0.0003897927001752,100000,162,30537,3.0,12.0,99,49.2,62.7,-0.6871882766510358,12000,-1.7293979061260671,46000,-1.9068256161192256,96000,-0.0871359469814274,36000,-0.8344313823186281,36000,0.7606821080130115,12000,84000,2.5657600000000005,,,2025-11-21_09-33,0,0.015489760865768629,0,119972.35074612603,159.76535436157542,100309.36693698475
R_LN_3DBall_3110,3DBall,3110,ppo,0.0008499772608148,100000,111,20970,3.0,12.0,103,39.9,56.2,-0.0807923210431645,12000,-1.6972915251381195,46000,-1.836999132479999,96000,0.0068628466796593,24000,-0.5261592142860649,24000,0.0597499102312237,12000,84000,2.5657600000000005,72000.0,73.5,2025-11-21_09-33,1,0.7176330373024871,1,74203.793068957,93.42250469708056,81487.78966919215
R_AK_3DBall_2609,3DBall,2609,ppo,0.0007604150465483,500000,136,25653,3.0,12.0,216,35.4,84.6,-0.2926471105973069,12000,0.6798421763265488,442000,0.6270461975427244,228000,-0.0223337483211326,36000,-0.4278251562712626,36000,0.4580068407890579,12000,480000,2.5657600000000005,84000.0,32.4,2025-11-21_09-33,1,0.9994285571481903,1,86910.22215417844,35.81808419615684,87146.27935488407
R_LN_3DBall_4227,3DBall,4227,ppo,0.0003358408438226,200000,32,6131,3.0,12.0,216,44.0,61.2,2.627264554127171,12000,0.7173596335131767,142000,0.6270461975427244,108000,0.4882506081561343,12000,2.69572727478716,12000,-1.7032007690381026,12000,180000,2.5657600000000005,36000.0,28.8,2025-11-21_09-33,1,0.99996609299213,1,37092.67662209032,26.697648968553953,37098.20032198617
R_LN_3DBall_4569,3DBall,4569,ppo,0.0007477493035728,200000,71,13385,3.0,12.0,215,45.3,66.8,0.2999322283005097,12000,0.5116692060066648,142000,0.6270461975427244,156000,0.1186644421704975,24000,1.813442802702793,24000,-0.8164153369960022,12000,180000,2.5657600000000005,48000.0,42.9,2025-11-21_09-33,1,0.9914706690630652,1,50096.04616534115,33.44197963108894,51374.62659635194
R_AK_3DBall_2404,3DBall,2404,ppo,0.0001736772544659,500000,119,22399,3.0,12.0,247,42.7,83.6,-0.1429670962384018,12000,0.7173596335131767,442000,0.6270461975427244,204000,-0.0031067223450013,24000,-0.6013558468856195,24000,0.6226197054196217,12000,480000,2.5657600000000005,84000.0,37.0,2025-11-21_09-33,1,0.9961472671714053,1,92736.88785550588,43.14883551130243,94305.9638175406
R_LN_3DBall_3148,3DBall,3148,ppo,0.0005317881467513,100000,73,13839,3.0,12.0,111,40.4,56.4,0.7159659092365421,12000,-1.4268544295599277,46000,-1.0009791940169428,96000,0.1200886663168775,24000,1.7328020700055329,24000,-0.5031198849571743,12000,84000,2.5657600000000005,48000.0,47.7,2025-11-21_09-33,1,0.2659540617734876,0,54072.78177502137,67.75593773849906,87785.4697671096
R_LN_3DBall_3083,3DBall,3083,ppo,4.822894123348807e-05,100000,53,10114,3.0,12.0,103,42.0,55.2,0.362874593312972,12000,-1.6739933530885471,46000,-1.7901713713777292,96000,0.2482688394910868,12000,-0.1573214326665301,12000,0.6173096130121846,12000,84000,2.5657600000000005,72000.0,73.6,2025-11-21_09-33,1,0.08915660985906511,0,68354.65261083451,88.68904087927683,97178.60810896958
R_AK_3DBall_2673,3DBall,2673,ppo,0.0004179895200912,500000,135,25491,3.0,12.0,269,49.5,83.8,-0.5382758521093557,12000,0.7082534304748287,442000,0.6270461975427244,228000,-0.0436971105168342,36000,-0.3291508420003539,36000,0.0331994481940379,12000,480000,2.5657600000000005,84000.0,40.3,2025-11-21_09-33,1,0.9989561615533855,1,93157.42221779488,41.136003115321394,93582.1001422037
R_LN_3DBall_4378,3DBall,4378,ppo,0.0008210363523636,200000,171,32213,3.0,12.0,175,44.7,64.3,0.085007079477467,12000,-1.4992595460009197,142000,-1.5369120896233552,180000,-0.1141962057626494,36000,-0.8228626696110043,36000,0.3146343457882428,12000,180000,2.5657600000000005,108000.0,93.6,2025-11-21_09-33,1,0.9929378602155452,1,104519.0204124018,78.12961455738021,105193.3204370061
R_AK_3DBall_2059,3DBall,2059,ppo,0.0002044200694003,500000,135,25344,3.0,12.0,254,43.3,83.1,-0.7508982314807232,12000,0.6050158578232745,442000,0.6270461975427244,216000,-0.0294548690530332,36000,-0.6360619850084909,36000,0.6279297978270589,12000,480000,2.5657600000000005,96000.0,44.4,2025-11-21_09-33,1,0.9634681078606792,1,101969.94623589962,52.96670633095045,116510.73722821781
R_AK_3DBall_2758,3DBall,2758,ppo,0.0004384341205318,500000,181,34020,3.0,12.0,264,49.4,83.7,-0.426207738794484,12000,0.7173596335131767,442000,0.6270461975427244,252000,-0.109211421250319,36000,-0.7881565314881329,36000,0.2987040685659196,12000,480000,2.5657600000000005,84000.0,39.6,2025-11-21_09-33,1,0.9988940966146044,1,119515.89914520693,54.58646526924876,119936.67780043145
R_LN_3DBall_4363,3DBall,4363,ppo,0.0004680652838263,200000,38,7245,3.0,12.0,206,44.4,63.6,3.2728075904135223,12000,0.7023357643061936,142000,0.6270461975427244,132000,0.3828580213240066,12000,2.687561124640602,12000,-1.5704484588521617,12000,180000,2.5657600000000005,36000.0,27.5,2025-11-21_09-33,1,0.9999939356853771,1,35773.70166161743,24.016661431026627,35774.697581559914
R_AP_3DBall_1296,3DBall,1296,ppo,0.0001400248662813,500000,60,11400,3.0,12.0,490,62.5,86.8,-0.0838626803120664,12000,0.7173596335131767,442000,0.6270461975427244,132000,0.2112390116852042,12000,0.4568411096058503,12000,0.4367664711593093,12000,480000,2.5657600000000005,60000.0,49.0,2025-11-21_09-33,1,0.94179392157794,1,64742.27202946102,35.550017847757964,90076.9174775219
R_LN_3DBall_3914,3DBall,3914,ppo,0.0002811321582021,200000,159,29858,3.0,12.0,177,45.2,66.9,-0.5620711364433345,12000,-1.6262969141036676,142000,-1.7382740409843214,192000,-0.0700452572248662,36000,-0.7214663052912429,36000,0.9412252498658868,12000,180000,2.5657600000000005,132000.0,118.3,2025-11-21_09-33,1,0.18500861742289418,0,118763.40065976046,105.21336670448613,184970.52907192468
R_LN_3DBall_3038,3DBall,3038,ppo,0.0006108632229171,100000,177,33289,3.0,12.0,97,40.0,56.9,-0.8361007011927142,12000,-1.7280345831186896,46000,-1.9049922164417088,84000,-0.0928328435669478,36000,-0.9429731280166278,36000,0.6066894281973103,12000,84000,2.5657600000000005,,,2025-11-21_09-33,0,0.01991928760907632,0,120979.38946916605,173.85041341535373,100417.89449269914
R_LN_3DBall_4049,3DBall,4049,ppo,0.0002731145127853,200000,154,28918,3.0,12.0,176,44.3,61.1,-0.1590864824001299,12000,-1.7024368899309903,142000,-1.873798635711854,192000,-0.0793027141763368,36000,-0.348545448598429,36000,0.7128912763460653,12000,180000,2.5657600000000005,156000.0,140.4,2025-11-21_09-33,1,0.4153835189190961,0,109464.58357887044,93.74563596006377,162393.08014018548
R_AK_3DBall_2134,3DBall,2134,ppo,0.0004240715132033,500000,67,12647,3.0,12.0,222,32.9,84.4,-0.3463783978030684,12000,0.7173596335131767,442000,0.6270461975427244,180000,0.1585427182691403,24000,-0.3733841552942096,24000,-0.0517620303249684,12000,480000,2.5657600000000005,72000.0,27.7,2025-11-21_09-33,1,0.9996929030115544,1,63689.1483660726,29.207592015272837,63823.1381146355
R_AK_3DBall_2670,3DBall,2670,ppo,0.0007653795800904,500000,173,32441,3.0,12.0,214,32.3,84.3,-0.5820284716911897,12000,0.7173596335131767,442000,0.6270461975427244,276000,-0.0942570677133279,36000,-0.8123147256717003,36000,0.5695187813452501,12000,480000,2.5657600000000005,108000.0,42.7,2025-11-21_09-33,1,0.9988346509994485,1,106489.23472101425,46.284998716003386,106947.81209803838
R_AK_3DBall_2654,3DBall,2654,ppo,0.0002621868816596,500000,191,35877,3.0,12.0,224,42.7,84.7,-0.0669757043331116,12000,0.7173596335131767,442000,0.6270461975427244,312000,-0.1141962057626494,36000,-0.7973434504030107,36000,0.5960692433824359,12000,480000,2.5657600000000005,120000.0,50.4,2025-11-21_09-33,1,0.9969371036775176,1,131278.02134727107,62.62117348197076,132407.37853970495
R_AK_3DBall_2370,3DBall,2370,ppo,0.0004453773772851,500000,51,9655,3.0,12.0,242,44.2,83.1,0.8725542319504729,12000,0.680301583897341,442000,0.6270461975427244,192000,0.2760412103454989,12000,1.2128905106746757,12000,-1.6978906766306654,12000,480000,2.5657600000000005,36000.0,12.1,2025-11-21_09-33,1,0.9999986736017613,1,45227.566452934836,19.951362840980327,45228.16966228969
R_LN_3DBall_3373,3DBall,3373,ppo,0.0004894040422345,100000,160,30131,3.0,12.0,96,40.3,58.2,-0.4461650740423374,12000,-1.7216326765375982,46000,-1.897362076292941,84000,-0.0800148262495269,36000,-0.8796854643808035,36000,0.4526967483816208,12000,84000,2.5657600000000005,,,2025-11-21_09-33,0,0.10963860249291082,0,111516.39711806741,148.5079408635376,101262.64168577829
R_LN_3DBall_3835,3DBall,3835,ppo,0.0002391383313884,200000,70,13137,3.0,12.0,181,42.7,51.3,-0.0569970367091857,12000,0.5738531248185758,142000,0.6270461975427244,180000,0.1421641405857691,24000,-0.3019303415118273,24000,-0.0995528619919029,12000,180000,2.5657600000000005,72000.0,60.5,2025-11-21_09-33,1,0.9711917071392125,1,67459.60270526841,57.34089246279848,71277.86528642016
R_AK_3DBall_2022,3DBall,2022,ppo,0.0006294342313035,500000,151,28406,3.0,12.0,213,28.2,84.4,-0.8399386502788395,12000,0.7173596335131767,442000,0.6270461975427244,264000,-0.0493940071023547,36000,-0.8038083192690357,36000,0.4155261015295607,12000,480000,2.5657600000000005,96000.0,37.2,2025-11-21_09-33,1,0.99504252756575,1,100175.28099568737,50.13630484620317,102157.40101868303
R_LN_3DBall_4044,3DBall,4044,ppo,0.0006207001000401,200000,132,24934,3.0,12.0,193,44.4,61.2,-0.1659947907551572,12000,-0.3346340379172666,142000,0.1623425555116422,192000,-0.0358638777117436,36000,-0.3237067419026486,36000,-0.0199014758803454,12000,180000,2.5657600000000005,84000.0,77.0,2025-11-21_09-33,1,0.9727904075672663,1,87429.06057715345,70.41589998076,90492.06995861906
R_AK_3DBall_2113,3DBall,2113,ppo,0.0003413181815241,500000,151,28369,3.0,12.0,213,28.1,83.3,-0.4139263017188812,12000,0.7173596335131767,442000,0.6270461975427244,252000,-0.0714694813712462,36000,-0.5778781652142654,36000,0.6651004446791309,12000,480000,2.5657600000000005,96000.0,37.2,2025-11-21_09-33,1,0.9843369851259799,1,105163.251230694,53.09343612206586,111347.58509947738
R_AK_3DBall_2801,3DBall,2801,ppo,0.000524035985285,500000,60,11372,3.0,12.0,243,42.7,83.7,0.7059872416126146,12000,0.7173596335131767,442000,0.6270461975427244,132000,0.2069663392460638,12000,1.1502833595510642,12000,-0.6199419179208037,12000,480000,2.5657600000000005,48000.0,18.2,2025-11-21_09-33,1,0.9999763707226871,1,50741.12069787808,19.235106525788815,50751.73636052241
R_LN_3DBall_3235,3DBall,3235,ppo,0.0007257881745849,100000,133,25106,3.0,12.0,90,43.4,57.2,-0.3064637273073598,12000,-1.7274236952137447,46000,-1.9042830956100387,96000,-0.0479697829559745,36000,-0.6129245595932433,36000,0.4420765635667465,12000,84000,2.5657600000000005,,,2025-11-21_09-33,0,0.21624058078253136,0,89670.2192106194,113.49278271787546,97766.28220274812
R_AK_3DBall_2105,3DBall,2105,ppo,0.0008880471164655,500000,143,26862,3.0,12.0,239,43.6,83.5,-0.65955504323093,12000,0.7173596335131767,442000,0.6270461975427244,288000,-0.054378791614685,36000,-0.5404499770425413,36000,0.2243627748617992,12000,480000,2.5657600000000005,96000.0,41.8,2025-11-21_09-33,1,0.999029913825377,1,85806.04430521501,40.214104081815215,86207.84813524694
R_LN_3DBall_4317,3DBall,4317,ppo,0.0002656315064592,200000,169,31728,3.0,12.0,176,44.0,62.8,0.1579281121138569,12000,-1.646284868359371,142000,-1.801045417003735,192000,-0.0999539642988483,36000,-0.5863845716169299,36000,0.7394417383832629,12000,180000,2.5657600000000005,132000.0,117.5,2025-11-21_09-33,1,0.7587883766731072,1,118430.6000399682,96.9680307242332,138106.08741812807
R_AK_3DBall_2451,3DBall,2451,ppo,0.0008079326070225,500000,169,31828,3.0,12.0,213,34.0,84.2,-0.5474869299160582,12000,0.7173596335131767,442000,0.6270461975427244,300000,-0.0999539642988483,36000,-0.723848099083989,36000,0.6226197054196217,12000,480000,2.5657600000000005,108000.0,42.6,2025-11-21_09-33,1,0.998093870809037,1,105302.98381969615,46.531676357392975,106055.32732382343
R_AK_3DBall_2846,3DBall,2846,ppo,0.0007232809273867,500000,72,13625,3.0,12.0,221,32.7,84.9,-0.2949498800489821,12000,0.7173596335131767,442000,0.6270461975427244,156000,0.1443004768053393,24000,1.1802259100884436,24000,-0.3385070203266105,12000,480000,2.5657600000000005,60000.0,22.1,2025-11-21_09-33,1,0.9995408451043617,1,54888.4347011702,20.416520783867654,55092.80985548238
R_LN_3DBall_3962,3DBall,3962,ppo,0.0006400484982797,200000,161,30302,3.0,12.0,171,44.0,60.3,-0.615802423649096,12000,-1.5936591103041011,142000,-1.686835705165595,192000,-0.0721815934444363,36000,-0.7837332001587474,36000,0.7075811839386281,12000,180000,2.5657600000000005,108000.0,91.4,2025-11-21_09-33,1,0.6500258156491157,1,109726.42238419339,91.37466156477656,141319.84407872154
R_LN_3DBall_3614,3DBall,3614,ppo,0.000228143303658,200000,34,6386,3.0,12.0,255,42.2,63.7,3.741804968738091,12000,0.6335661758848748,142000,0.6270461975427244,60000,0.4476602199843013,12000,1.842364584471852,12000,-0.9757181092191288,12000,180000,2.5657600000000005,36000.0,34.1,2025-11-21_09-33,1,0.9999864999303952,1,38709.54385344953,31.09519921030292,38711.7212858341
R_AK_3DBall_2405,3DBall,2405,ppo,0.0004657212022226,500000,60,11259,3.0,12.0,221,27.0,83.6,-0.1161014526355227,12000,0.6413711380200068,442000,0.6270461975427244,108000,0.1863150891235523,12000,-0.004206117418568,12000,-0.0995528619919029,12000,480000,2.5657600000000005,60000.0,22.1,2025-11-21_09-33,1,0.9998380865422468,1,57948.05768893273,24.64330753292574,58019.63184741882
R_AK_3DBall_2803,3DBall,2803,ppo,0.0005171404233843,500000,174,32694,3.0,12.0,218,36.6,83.4,-0.9827103562827192,12000,0.7173596335131767,442000,0.6270461975427244,312000,-0.0857117228350473,36000,-0.8939762271372799,36000,0.5907591509749988,12000,480000,2.5657600000000005,120000.0,49.1,2025-11-21_09-33,1,0.994663192291259,1,119205.63133675815,52.76107829340287,121237.8576588853
R_AK_3DBall_2848,3DBall,2848,ppo,4.522909071206314e-05,500000,190,35660,3.0,12.0,226,41.8,84.0,-0.4285105082461591,12000,0.4324872070754487,442000,0.5211087025336631,432000,-0.1113477574698891,36000,-0.3458233985495765,36000,0.7447518307907001,12000,480000,2.5657600000000005,192000.0,84.7,2025-11-21_09-33,1,0.9485349979726265,1,138274.24878331888,65.61519784609965,156890.46530303857
R_LN_3DBall_4371,3DBall,4371,ppo,0.0004651830784085,200000,113,21243,3.0,12.0,177,44.8,63.5,-0.2320075150365198,12000,-0.4729430328515016,142000,-0.0139990342868061,192000,0.0082870708260395,24000,-0.7163624614496441,24000,0.5482784117155015,12000,180000,2.5657600000000005,84000.0,70.7,2025-11-21_09-33,1,0.9498328790854464,1,86206.09521713313,64.1713759652154,91914.8077977144
R_LN_3DBall_3535,3DBall,3535,ppo,0.0007829655065384,200000,76,14367,3.0,12.0,188,43.3,68.5,-0.0807923210431645,12000,0.4599498466721468,142000,0.6270461975427244,132000,0.1357551319270587,24000,1.7198723322734826,24000,-1.198741990331525,12000,180000,2.5657600000000005,48000.0,37.5,2025-11-21_09-33,1,0.9677124716098479,1,50977.51622754371,43.747547102877085,55789.083903117884
R_LN_3DBall_4235,3DBall,4235,ppo,7.131157249530925e-05,200000,101,19124,3.0,12.0,206,43.4,61.2,-0.1713679194757326,12000,-0.3432907665214884,142000,-0.0270649079379734,192000,0.0396200020464017,24000,-0.6030571281661524,24000,0.6332398902345079,12000,180000,2.5657600000000005,72000.0,68.8,2025-11-21_09-33,1,0.7539016064877581,1,91816.44200376706,72.71140639264843,118440.24183107846
R_AK_3DBall_2279,3DBall,2279,ppo,0.000521973701391,500000,46,8693,3.0,12.0,225,26.4,81.8,1.35767099643677,12000,0.7173596335131767,442000,0.6270461975427244,96000,0.2981166846143905,12000,2.419098938572509,12000,-0.5509107166241206,12000,480000,2.5657600000000005,36000.0,11.2,2025-11-21_09-33,1,0.9997684819965413,1,42141.63645210974,17.127246285464697,42247.638906305205
R_LN_3DBall_3116,3DBall,3116,ppo,0.0001515987538951,100000,96,18148,3.0,12.0,107,41.2,56.4,0.0044101486688264,12000,-1.6790667026405912,46000,-1.8052537268120448,96000,0.044604786558732,24000,-0.7078560550469796,24000,0.2349829596766736,12000,84000,2.5657600000000005,72000.0,76.4,2025-11-21_09-33,1,0.23610204099753612,0,83948.84017423891,115.63733195944391,96210.28840476015
R_AK_3DBall_2649,3DBall,2649,ppo,0.000494343851532,500000,176,33105,3.0,12.0,214,36.7,84.5,-0.775461105631927,12000,0.7173596335131767,442000,0.6270461975427244,324000,-0.1020903005184185,36000,-0.7245286115962022,36000,0.6704105370865681,12000,480000,2.5657600000000005,120000.0,48.1,2025-11-21_09-33,1,0.9906798657970837,1,119838.36422608122,54.410290348420624,123381.52169029434
R_AK_3DBall_2685,3DBall,2685,ppo,0.0007308342755637,500000,36,6836,3.0,12.0,283,50.5,84.6,4.049608485445377,12000,0.5990584591079765,442000,0.6270461975427244,132000,0.3871306937631468,12000,2.325188211887092,12000,-2.7333586960810297,12000,480000,2.5657600000000005,36000.0,14.2,2025-11-21_09-33,1,0.9999999999674727,1,28870.787375325086,10.464475427850681,28870.787390649653
R_AK_3DBall_2257,3DBall,2257,ppo,0.0002104032738993,500000,60,11314,3.0,12.0,278,47.4,83.2,0.1395059565004536,12000,0.7150005135550555,442000,0.6270461975427244,108000,0.2204964686366748,12000,0.6824310074045142,12000,-0.0039711986580222,12000,480000,2.5657600000000005,48000.0,20.9,2025-11-21_09-33,1,0.9980971864621928,1,59809.12143320133,26.914339292549663,60646.72259615748
R_AK_3DBall_2353,3DBall,2353,ppo,0.0008386040593472,500000,177,33192,3.0,12.0,246,43.2,82.9,-0.2911119309628568,12000,0.6768349192009858,442000,0.6270461975427244,336000,-0.0935449556401379,36000,-0.8368131761113742,36000,0.2933939761584824,12000,480000,2.5657600000000005,84000.0,36.9,2025-11-21_09-33,1,0.999678391813007,1,102952.579974576,47.91903085724423,103080.27367548062
R_AP_3DBall_1038,3DBall,1038,ppo,0.0005118975970282,500000,99,18568,3.0,12.0,506,72.8,87.0,-0.4024124544605035,12000,0.7173596335131767,442000,0.6270461975427244,180000,0.0339231054608813,24000,-0.5074451202002029,24000,0.0278893557866007,12000,480000,2.5657600000000005,60000.0,50.6,2025-11-21_09-33,1,0.9964304817642146,1,72256.30235345582,43.4448551324744,73783.14128244745
R_LN_3DBall_3509,3DBall,3509,ppo,0.0007542775565348,200000,177,33284,3.0,12.0,184,50.5,70.3,-0.4914528732586215,12000,-1.6646264052127224,142000,-1.8161767662409665,180000,-0.0864238349082373,36000,-0.5629068899455757,36000,0.7606821080130115,12000,180000,2.5657600000000005,144000.0,134.9,2025-11-21_09-33,1,0.3824671092348649,0,112896.02500791538,103.07926698021255,166685.59448191145
R_LN_3DBall_3751,3DBall,3751,ppo,0.0001398314303072,200000,180,33927,3.0,12.0,177,42.8,51.4,-0.6871882766510358,12000,-1.7308779434892676,142000,-1.913816258208888,180000,-0.1220294385677399,36000,0.0111054141062281,36000,0.6119995206047475,12000,180000,2.5657600000000005,,,2025-11-21_09-33,0,0.023822923628708827,0,132704.2939532196,127.96856417439298,198396.81953430752
R_LN_3DBall_3461,3DBall,3461,ppo,3.685410174246679e-05,100000,42,7883,3.0,12.0,117,43.6,63.3,0.9140040820806316,12000,-1.2270618019487187,46000,-0.4100752515394846,96000,0.3344344003470831,12000,1.8062974213245544,12000,0.5429683193080643,12000,84000,2.5657600000000005,48000.0,50.2,2025-11-21_09-33,1,0.011071828829617155,0,54585.73757107831,64.24199845480925,99497.18105996367
R_AK_3DBall_2040,3DBall,2040,ppo,0.0001263283554586,500000,95,17980,3.0,12.0,251,44.2,82.6,0.0320433820889322,12000,0.7173596335131767,442000,0.6270461975427244,192000,0.0552864676565828,24000,-0.497577688773112,24000,0.4739371180113694,12000,480000,2.5657600000000005,60000.0,25.1,2025-11-21_09-33,1,0.9970904191784655,1,82106.30915747883,40.202491883045454,83322.20462579449
R_AK_3DBall_2113,3DBall,2113,ppo,0.0003413181815241,500000,151,28369,3.0,12.0,213,28.1,83.3,-0.4139263017188812,12000,0.7173596335131767,442000,0.6270461975427244,252000,-0.0714694813712462,36000,-0.5778781652142654,36000,0.6651004446791309,12000,480000,2.5657600000000005,96000.0,37.2,2025-11-21_09-33,1,0.9843369851259799,1,105163.251230694,53.09343612206586,111347.58509947738
R_AK_3DBall_2624,3DBall,2624,ppo,0.0001376359912429,500000,182,34166,3.0,12.0,226,42.5,84.7,-0.1805789972824351,12000,0.715663550427496,442000,0.6270461975427244,324000,-0.1220294385677399,36000,-0.6095219970321775,36000,0.7288215535683767,12000,480000,2.5657600000000005,120000.0,50.8,2025-11-21_09-33,1,0.986029244212741,1,129324.12701356661,62.50617311249128,134502.74911128913
R_LN_3DBall_3151,3DBall,3151,ppo,0.0001647437478417,100000,87,16315,3.0,12.0,101,41.9,56.7,-0.0301313931063049,12000,-1.675550372260907,46000,-1.7893900491522894,96000,0.0837709505841849,24000,-0.2083598710825172,24000,0.2880838837510452,12000,84000,2.5657600000000005,60000.0,57.8,2025-11-21_09-33,1,0.08850615282590243,0,76037.88511630832,103.65262988976882,97879.20539807215
R_AK_3DBall_2657,3DBall,2657,ppo,0.0003126257108671,500000,76,14436,3.0,12.0,232,46.8,84.0,0.2907211504938089,12000,0.6805697785873169,442000,0.6270461975427244,132000,0.1186644421704975,24000,-0.0477589182002106,24000,0.2349829596766736,12000,480000,2.5657600000000005,60000.0,23.2,2025-11-21_09-33,1,0.9997666896719948,1,67904.5501644887,27.43010831083347,68005.36249561938
R_AK_3DBall_2373,3DBall,2373,ppo,0.0001520016136862,500000,169,31813,3.0,12.0,212,27.6,82.8,-0.1391291471522764,12000,0.7173596335131767,442000,0.6270461975427244,372000,-0.1113477574698891,36000,-0.2913823975725233,36000,0.6173096130121846,12000,480000,2.5657600000000005,144000.0,58.2,2025-11-21_09-33,1,0.9772946964655818,1,118876.28194789044,59.151851769308884,127529.81165042962
R_LN_3DBall_4015,3DBall,4015,ppo,0.0001820341321033,200000,176,33016,3.0,12.0,182,43.9,61.0,-0.1437346860556268,12000,-1.7104305816627718,142000,-1.8878933792242445,192000,-0.1035145246647986,36000,-0.4366718189300339,36000,0.6491701674568193,12000,180000,2.5657600000000005,,,2025-11-21_09-33,0,0.3408348543538239,0,124814.70754740252,113.0078676300403,174374.23179736928
R_AK_3DBall_2071,3DBall,2071,ppo,0.0005460036675083,500000,39,7438,3.0,12.0,264,44.2,83.3,2.57660362619031,12000,0.7173596335131767,442000,0.6270461975427244,204000,0.3714642281529658,12000,2.200654422152083,12000,-1.8518833564463664,12000,480000,2.5657600000000005,36000.0,13.2,2025-11-21_09-33,1,0.999999892388405,1,35614.06921770006,15.404740864813864,35614.11919101075
R_AK_3DBall_2036,3DBall,2036,ppo,0.000352706949563,500000,164,30847,3.0,12.0,220,38.4,83.4,0.1901668844373132,12000,0.7173596335131767,442000,0.6270461975427244,288000,-0.0857117228350473,36000,-0.7098975925836192,36000,0.6491701674568193,12000,480000,2.5657600000000005,108000.0,44.0,2025-11-21_09-33,1,0.9966647781813389,1,109934.43036828154,56.30160018617596,111235.3855668257
R_AK_3DBall_2161,3DBall,2161,ppo,0.0005449180809069,500000,54,10148,3.0,12.0,224,27.0,83.8,-0.1398967369695015,12000,0.7173596335131767,442000,0.6270461975427244,132000,0.2553899602229874,12000,-0.0164553426384049,12000,-0.5190501621794859,12000,480000,2.5657600000000005,60000.0,22.4,2025-11-21_09-33,1,0.99995702224576,1,53856.041161081834,24.149247825037193,53875.21542650047
R_AK_3DBall_2700,3DBall,2700,ppo,0.0005732848874434,500000,67,12734,3.0,12.0,238,48.3,84.4,0.7420639630221979,12000,0.7173596335131767,442000,0.6270461975427244,144000,0.1649517269278508,24000,1.5776452172209314,24000,-0.949167647181943,12000,480000,2.5657600000000005,48000.0,17.8,2025-11-21_09-33,1,0.9999750428819194,1,49836.12193431916,19.46354930683445,49847.356727379665
R_LN_3DBall_4218,3DBall,4218,ppo,4.134769710471657e-05,200000,90,17022,3.0,12.0,193,44.1,61.0,-0.3010905985867844,12000,-1.7313597006175574,142000,-1.914259781056332,168000,0.056710691802963,24000,0.2547288934785408,24000,0.6544802598642565,12000,180000,2.5657600000000005,,,2025-11-21_09-33,0,0.21713580916012437,0,83380.9730801157,65.70559102213517,174677.8332262846
R_AK_3DBall_2381,3DBall,2381,ppo,0.0004052329558535,500000,102,19302,3.0,12.0,234,45.1,83.8,0.1349004175971032,12000,0.6788339629549728,442000,0.6270461975427244,180000,0.0339231054608813,24000,-0.4254433624785166,24000,-0.1101730468067772,12000,480000,2.5657600000000005,72000.0,29.2,2025-11-21_09-33,1,0.9999076020980514,1,75721.79334105481,33.93539031583895,75760.99575719262
R_AK_3DBall_2076,3DBall,2076,ppo,0.0004238951042446,500000,51,9670,3.0,12.0,254,45.8,83.1,1.7614232402971997,12000,0.7173596335131767,442000,0.6270461975427244,120000,0.2717685379063585,12000,1.7852015334459466,12000,-1.5120374423703529,12000,480000,2.5657600000000005,36000.0,12.7,2025-11-21_09-33,1,0.9999980842722748,1,42455.41110573073,19.287877107579586,42456.287636585206
R_LN_3DBall_4621,3DBall,4621,ppo,0.0005094630987541,200000,35,6624,3.0,12.0,209,39.5,64.9,0.6092709246422459,12000,0.7077989894723692,142000,0.6270461975427244,108000,0.4092061680320386,12000,1.892041997863413,12000,-1.0606795877381352,12000,180000,2.5657600000000005,48000.0,41.9,2025-11-21_09-33,1,0.998161728825673,1,43237.570966310865,28.641716445763276,43525.742820820975
R_AK_3DBall_2125,3DBall,2125,ppo,0.0002430393797697,500000,164,30924,3.0,12.0,214,27.4,83.1,-0.4745658972796683,12000,0.6744236502753693,442000,0.6270461975427244,384000,-0.0707573692980562,36000,0.0631646212905351,36000,0.7341316459758139,12000,480000,2.5657600000000005,156000.0,64.1,2025-11-21_09-33,1,0.8431822153791838,1,114794.53283070987,58.66182387289772,175201.60081602447
R_LN_3DBall_3267,3DBall,3267,ppo,0.0005199740104747,100000,104,19532,3.0,12.0,107,39.8,57.8,0.0305082024544821,12000,-1.6795161770747171,46000,-1.8103232961031823,96000,0.0225293122898405,24000,-0.4475600191254444,24000,-0.2163748949555322,12000,84000,2.5657600000000005,72000.0,76.5,2025-11-21_09-33,1,0.7604846851686349,1,74204.70557028476,97.02045306674115,80383.07363678576
R_AK_3DBall_2680,3DBall,2680,ppo,0.0002311598864982,500000,57,10694,3.0,12.0,226,34.8,84.4,-0.3885958377504505,12000,0.7173596335131767,442000,0.6270461975427244,132000,0.209814787538824,12000,-0.1576616889226366,12000,-0.1314134164365376,12000,480000,2.5657600000000005,60000.0,22.6,2025-11-21_09-33,1,0.9997422203099522,1,62215.90349635771,26.151573567470948,62328.75534506228
R_LN_3DBall_4562,3DBall,4562,ppo,0.0003238232185107,200000,66,12394,3.0,12.0,217,44.1,64.9,0.5186953262096777,12000,0.6582475372151567,142000,0.6270461975427244,168000,0.167800175220611,24000,1.225479992150619,24000,-0.4924997001423,12000,180000,2.5657600000000005,48000.0,43.4,2025-11-21_09-33,1,0.9865190142956584,1,56510.22844768854,39.998898108530824,58444.612006704505
R_LN_3DBall_4254,3DBall,4254,ppo,0.0002630097817359,200000,102,19278,3.0,12.0,187,50.5,69.8,-0.1859521260030106,12000,-1.484054397049786,142000,-1.4560284782524908,192000,0.0282262088753609,24000,-0.5247981892616386,24000,0.4155261015295607,12000,180000,2.5657600000000005,108000.0,99.5,2025-11-21_09-33,1,0.9075933049182507,1,85604.0244784117,66.36228093818193,96174.97850701436
R_AK_3DBall_2030,3DBall,2030,ppo,0.0003023239085524,500000,143,26958,3.0,12.0,223,40.0,83.3,-0.4653548194729658,12000,0.7173596335131767,442000,0.6270461975427244,192000,-0.0586514640538253,36000,-0.5605250961528296,36000,0.4314563787518721,12000,480000,2.5657600000000005,96000.0,39.0,2025-11-21_09-33,1,0.9897705473638022,1,102312.23636879753,52.62504526221647,106380.36451085834
R_LN_3DBall_4079,3DBall,4079,ppo,0.0003153277488784,200000,171,32232,3.0,12.0,200,44.0,61.7,-0.4599816907523903,12000,-1.5370998301291847,142000,-1.6289250301196267,180000,-0.1042266367379886,36000,-0.8602908577827284,36000,0.564208688937813,12000,180000,2.5657600000000005,108000.0,106.5,2025-11-21_09-33,1,0.6257413427863643,1,125451.28964061478,108.74856229171195,153351.78987672657
R_AK_3DBall_2607,3DBall,2607,ppo,0.0005318626356657,500000,134,25130,3.0,12.0,215,33.1,85.3,-0.5497896993677335,12000,0.6796137141832361,442000,0.6270461975427244,216000,-0.0536666795414949,36000,-0.4965569200047921,36000,0.3624251774551772,12000,480000,2.5657600000000005,96000.0,37.6,2025-11-21_09-33,1,0.9984517119230739,1,89648.93658324982,39.398883840611255,90284.27824209191
R_LN_3DBall_3390,3DBall,3390,ppo,0.0003100814589676,100000,97,18350,3.0,12.0,125,60.7,78.3,-0.5137129779581502,12000,-1.72094729010766,46000,-1.8918283551847104,96000,0.0396200020464017,24000,-0.6612409479603779,24000,0.914674787828701,12000,84000,2.5657600000000005,,,2025-11-21_09-33,0,0.023591581351903423,0,87245.22353509873,107.75505766277514,99699.09465340294
R_AK_3DBall_2345,3DBall,2345,ppo,7.402737415364043e-05,500000,184,34636,3.0,12.0,223,37.0,82.6,-0.501431540882549,12000,0.6939397805394484,442000,0.6270461975427244,372000,-0.1120598695430792,36000,-0.6612409479603779,36000,0.7022710915311909,12000,480000,2.5657600000000005,144000.0,61.3,2025-11-21_09-33,1,0.9475633956149613,1,137609.0592890357,71.56780861023869,156611.60967981856
R_AK_3DBall_2467,3DBall,2467,ppo,0.0005811787536821,500000,83,15691,3.0,12.0,271,51.3,83.5,0.7850489927868067,12000,0.7173596335131767,442000,0.6270461975427244,132000,0.0823467264378048,24000,1.2724353554933274,24000,-1.5120374423703529,12000,480000,2.5657600000000005,48000.0,20.3,2025-11-21_09-33,1,0.9999962437921455,1,52087.45657421371,22.63996503767205,52089.13902682747
R_LN_3DBall_4369,3DBall,4369,ppo,0.0005611201371539,200000,107,20161,3.0,12.0,172,44.7,63.9,-0.3701736821370472,12000,-0.1913261919559809,142000,0.5911621048390248,192000,0.0089991828992295,24000,-0.6455891601794751,24000,0.6173096130121846,12000,180000,2.5657600000000005,72000.0,57.5,2025-11-21_09-33,1,0.9332708162539679,1,82825.25063117377,59.902380578649336,90644.22601220143
R_LN_3DBall_3590,3DBall,3590,ppo,0.0006509600546382,200000,66,12391,3.0,12.0,212,43.1,62.9,0.5478637392642337,12000,0.5188061647010235,142000,0.6270461975427244,168000,0.1635275027814707,24000,1.6967349068582351,24000,-1.0128887560712008,12000,180000,2.5657600000000005,48000.0,42.4,2025-11-21_09-33,1,0.9861438981818413,1,48226.23256845965,40.729893498530764,50329.22534331661
R_LN_3DBall_3812,3DBall,3812,ppo,0.0003809067331741,200000,90,16909,3.0,12.0,202,42.1,51.9,0.9892278841686968,12000,0.4566719115724416,142000,0.4497169958223501,144000,0.0602712521689132,24000,0.8726342545680934,24000,-0.4978097925497372,12000,180000,2.5657600000000005,48000.0,40.5,2025-11-21_09-33,1,0.9904618347014162,1,62049.13998851753,52.175208510159585,63364.93809438884
R_AK_3DBall_2094,3DBall,2094,ppo,0.0007509720889301,500000,71,13413,3.0,12.0,219,26.5,82.3,-0.1091931442804954,12000,0.7173596335131767,442000,0.6270461975427244,132000,0.1350430198538686,24000,0.6538494818915614,24000,0.1871921280097273,12000,480000,2.5657600000000005,60000.0,21.9,2025-11-21_09-33,1,0.9984091325998513,1,56513.201917049664,24.070196229130598,57218.730606516154
R_AK_3DBall_2342,3DBall,2342,ppo,0.0001329789486236,500000,86,16164,3.0,12.0,250,44.1,83.5,0.099591286004745,12000,0.6799588906823716,442000,0.6270461975427244,168000,0.0951647437552258,24000,-0.0021645798819286,24000,0.3252545306031171,12000,480000,2.5657600000000005,60000.0,25.0,2025-11-21_09-33,1,0.9976870176795656,1,73563.77276854041,33.8113603192696,74550.11222291953
R_AK_3DBall_2069,3DBall,2069,ppo,0.0006025056701649,500000,53,10098,3.0,12.0,252,43.0,83.8,1.6984808752847371,12000,0.6816773233255508,442000,0.6270461975427244,168000,0.2297539255881455,12000,1.773292564482216,12000,-1.0766098649604467,12000,480000,2.5657600000000005,36000.0,12.6,2025-11-21_09-33,1,0.9999948658056547,1,42617.797713132786,18.317863793667026,42620.14600224942
R_AK_3DBall_2244,3DBall,2244,ppo,0.0004164275671122,500000,107,20075,3.0,12.0,235,39.8,82.5,-0.1391291471522764,12000,0.7173596335131767,442000,0.6270461975427244,192000,0.0268019847289807,24000,-0.6384437788012368,24000,0.5217279496783039,12000,480000,2.5657600000000005,72000.0,29.4,2025-11-21_09-33,1,0.9988634067776899,1,80211.38104704964,36.941287978536074,80688.50994615446
R_AK_3DBall_2007,3DBall,2007,ppo,0.0008772381257862,500000,49,9237,3.0,12.0,225,27.6,84.6,1.0176287074060275,12000,0.7173596335131767,442000,0.6270461975427244,96000,0.2852986672969695,12000,1.7338228387738526,12000,-1.7138209538529767,12000,480000,2.5657600000000005,48000.0,16.9,2025-11-21_09-33,1,0.9999987675251982,1,38008.21345373524,16.65279534385794,38008.78284697078
R_LN_3DBall_4442,3DBall,4442,ppo,0.0001766472059308,200000,123,23240,3.0,12.0,177,44.8,63.5,-0.6411328876175266,12000,-1.6484651918575082,142000,-1.787461240490147,192000,-0.0180610758819924,24000,-0.4148954185392126,24000,0.4208361939369978,12000,180000,2.5657600000000005,132000.0,118.3,2025-11-21_09-33,1,0.6231463517940133,1,99915.1236973075,78.0033768176154,137632.47446222208
R_AP_3DBall_1055,3DBall,1055,ppo,0.0003310406172619,500000,53,10113,3.0,12.0,651,63.6,87.2,1.780612985727828,12000,0.7173596335131767,442000,0.6270461975427244,108000,0.2447082791251366,12000,1.6810831190773323,12000,-0.9332373699596316,12000,480000,2.5657600000000005,36000.0,32.6,2025-11-21_09-33,1,0.9999099968388058,1,45964.801811967176,25.754720409871425,46005.66641509755
R_AP_3DBall_1157,3DBall,1157,ppo,0.0007700398609769,500000,60,11269,3.0,12.0,458,53.0,88.5,0.3298682311722907,12000,0.7173596335131767,442000,0.6270461975427244,156000,0.1834666408307921,12000,0.2890947753453053,12000,-0.8270355218108766,12000,480000,2.5657600000000005,48000.0,34.4,2025-11-21_09-33,1,0.9999647167073092,1,48468.625111918365,26.257583113754023,48484.5566255776
R_AP_3DBall_1343,3DBall,1343,ppo,0.000303195511518,500000,92,17328,3.0,12.0,534,61.6,85.3,-0.222796437229819,12000,0.6798819088732118,442000,0.6270461975427244,168000,0.0467411227783023,24000,0.222744805404522,24000,0.0650600026386608,12000,480000,2.5657600000000005,60000.0,53.4,2025-11-21_09-33,1,0.984521816643254,1,71355.9119433341,40.47816721874072,77990.54373306036
R_LN_3DBall_3138,3DBall,3138,ppo,0.0005262329389803,100000,190,35773,3.0,12.0,88,43.2,56.2,-0.3156748051140624,12000,-1.729911945948521,46000,-1.9081587632827648,96000,-0.12345366271412,36000,-0.71976502401071,36000,0.6916509067163167,12000,84000,2.5657600000000005,,,2025-11-21_09-33,0,0.022719637689260625,0,128790.63403409356,182.36597309936582,100654.1127740987
R_LN_3DBall_4292,3DBall,4292,ppo,0.0008054993407887,200000,78,14673,3.0,12.0,209,44.0,63.0,-0.1913252547235878,12000,0.4164153919502267,142000,0.5363973476644649,132000,0.1215128904632577,24000,0.2833104189914937,24000,-0.460639145697677,12000,180000,2.5657600000000005,60000.0,55.7,2025-11-21_09-33,1,0.9964821810201413,1,58246.78470862712,41.62579855349321,58745.44685983511
R_AP_3DBall_1110,3DBall,1110,ppo,0.0002944043008265,500000,187,35083,3.0,12.0,425,62.9,89.3,-0.2366130539398702,12000,0.7173596335131767,442000,0.6270461975427244,336000,-0.1020903005184185,36000,-0.7347362992793997,36000,0.7235114611609397,12000,480000,2.5657600000000005,120000.0,95.6,2025-11-21_09-33,1,0.8937798786556204,1,126397.9487438226,83.32723859076212,166082.00396276292
R_AK_3DBall_2183,3DBall,2183,ppo,0.0003382948955831,500000,69,12938,3.0,12.0,247,42.8,83.5,0.3421496682478935,12000,0.7173596335131767,442000,0.6270461975427244,132000,0.1663759510742309,24000,1.6872077316872507,24000,-0.5349804394017973,12000,480000,2.5657600000000005,48000.0,18.5,2025-11-21_09-33,1,0.9979097681615009,1,53810.704122664734,24.814754278596354,54743.34319490504
R_AP_3DBall_1132,3DBall,1132,ppo,3.980272650920342e-05,500000,170,31954,3.0,12.0,434,62.8,89.7,-0.3709412719542723,12000,0.6036252186900662,442000,0.6270461975427244,360000,-0.1049387488111787,36000,-0.5703925275799204,36000,0.776612385235323,12000,480000,2.5657600000000005,144000.0,119.3,2025-11-21_09-33,1,0.6523518094507381,1,125352.0028163598,83.51036777572051,255597.70113015728
R_AK_3DBall_2464,3DBall,2464,ppo,0.0006192466635233,500000,181,34041,3.0,12.0,224,43.2,83.6,-0.7347788453189951,12000,0.7173596335131767,442000,0.6270461975427244,300000,-0.1006660763720383,36000,-0.8841087957101892,36000,0.4739371180113694,12000,480000,2.5657600000000005,108000.0,44.8,2025-11-21_09-33,1,0.9970067855309308,1,118067.54748607158,55.53716727321429,119210.75322914336
R_AP_3DBall_1235,3DBall,1235,ppo,0.0007799550435184,500000,129,24334,3.0,12.0,423,61.6,88.6,-0.9259087098080572,12000,0.6533678838280953,442000,0.6270461975427244,228000,-0.0422728863704542,36000,-0.5778781652142654,36000,0.2402930520841107,12000,480000,2.5657600000000005,84000.0,63.4,2025-11-21_09-33,1,0.9895293038450027,1,84500.27278964414,47.677612857360856,88850.84418574804
R_AP_3DBall_1362,3DBall,1362,ppo,0.0008393479432139,500000,129,24237,3.0,12.0,404,51.4,89.1,-0.2696194160805532,12000,0.7173596335131767,442000,0.6270461975427244,228000,-0.0515303433219248,36000,-0.4118331122342533,36000,0.4367664711593093,12000,480000,2.5657600000000005,84000.0,60.6,2025-11-21_09-33,1,0.9963324601533741,1,79096.5565843944,42.21983613419833,80640.2367347032
R_AK_3DBall_2216,3DBall,2216,ppo,0.0008428468041169,500000,156,29403,3.0,12.0,230,38.9,83.2,0.0013397893999261,12000,0.6910368213488759,442000,0.6270461975427244,276000,-0.0828632745422871,36000,-0.7622970560240327,36000,-0.0252115682877826,12000,480000,2.5657600000000005,72000.0,28.7,2025-11-21_09-33,1,0.9999409260893303,1,91047.98423740716,42.17597054296703,91072.14263225452
R_AK_3DBall_2213,3DBall,2213,ppo,0.0001168358715727,500000,128,24024,3.0,12.0,214,26.9,82.9,-0.5459517502816064,12000,0.7173596335131767,442000,0.6270461975427244,288000,-0.040848662224074,36000,-0.42510310622241,36000,0.5907591509749988,12000,480000,2.5657600000000005,120000.0,48.1,2025-11-21_09-33,1,0.9698818177017636,1,98028.88947268872,49.3518863739325,110135.52865817481
R_AK_3DBall_2658,3DBall,2658,ppo,0.0008177717689444,500000,116,21838,3.0,12.0,213,35.4,83.7,-0.6188727829179963,12000,0.7173596335131767,442000,0.6270461975427244,228000,-0.0102278430769018,24000,-0.6663447918019766,24000,0.5748288737526873,12000,480000,2.5657600000000005,84000.0,31.9,2025-11-21_09-33,1,0.999436083469532,1,79318.96672083244,31.49735934160441,79556.19570955289
R_AK_3DBall_2283,3DBall,2283,ppo,0.0008687033743798,500000,72,13571,3.0,12.0,253,43.8,81.8,0.188631704802863,12000,0.6742696866570496,442000,0.6270461975427244,156000,0.140739916439389,24000,1.1979192354059858,24000,-0.5880813634761807,12000,480000,2.5657600000000005,60000.0,25.3,2025-11-21_09-33,1,0.9998920157841595,1,49767.79865452804,20.527870673732625,49816.416625736456
R_AK_3DBall_2621,3DBall,2621,ppo,0.0006437590177206,500000,119,22339,3.0,12.0,215,33.4,84.4,-0.0485535487197082,12000,0.6796906959923956,442000,0.6270461975427244,192000,-0.0137884034428521,24000,-0.6350412162401711,24000,0.2243627748617992,12000,480000,2.5657600000000005,84000.0,32.2,2025-11-21_09-33,1,0.9999012661162735,1,78781.92116973035,32.980312777697954,78823.50966654909
R_AK_3DBall_2318,3DBall,2318,ppo,0.0001419798669469,500000,137,25689,3.0,12.0,244,44.3,83.8,-0.1943956139924881,12000,0.6801873528256847,442000,0.6270461975427244,264000,-0.0444092225900243,36000,-0.4101318309537204,36000,0.6704105370865681,12000,480000,2.5657600000000005,84000.0,36.6,2025-11-21_09-33,1,0.9852026082981915,1,100181.00345114103,49.14690865874234,106097.28175289852
R_AK_3DBall_2979,3DBall,2979,ppo,0.0001342329415639,500000,104,19568,3.0,12.0,252,46.3,84.3,-0.249662080832698,12000,0.7173596335131767,442000,0.6270461975427244,180000,0.0225293122898405,24000,-0.5625666336894691,24000,0.6969609991237539,12000,480000,2.5657600000000005,72000.0,31.5,2025-11-21_09-33,1,0.9978766759623563,1,87714.26970499851,35.57480381212599,88589.68590651138
R_LN_3DBall_4153,3DBall,4153,ppo,0.0001746773838327,200000,117,22021,3.0,12.0,177,43.4,60.6,-0.4093207628155307,12000,-1.5346835946352353,142000,-1.5705579391201845,192000,-0.0116520672232819,24000,-0.3427610922446172,24000,0.5854490585675617,12000,180000,2.5657600000000005,108000.0,94.6,2025-11-21_09-33,1,0.4862922229437177,0,94356.45832232594,77.46410528442195,148626.3672779166
R_AK_3DBall_2379,3DBall,2379,ppo,0.0008374651924554,500000,38,7247,3.0,12.0,230,26.0,83.4,1.373790382598498,12000,0.7173596335131767,442000,0.6270461975427244,120000,0.3807216851044365,12000,2.2003141658959766,12000,-1.793472339964546,12000,480000,2.5657600000000005,36000.0,11.5,2025-11-21_09-33,1,0.9999994808790925,1,35265.00326141519,13.84697639837787,35265.244515068436
R_LN_3DBall_3515,3DBall,3515,ppo,6.760447883091596e-05,200000,39,7427,3.0,12.0,213,48.2,78.7,0.4081623925292561,12000,0.6275963607487449,142000,0.6270461975427244,120000,0.3586462108355449,12000,0.5296559484126587,12000,0.2562233293064223,12000,180000,2.5657600000000005,60000.0,56.8,2025-11-21_09-33,1,0.7481786032891912,1,58851.27925834472,50.856064972784075,94395.54725945226
R_LN_3DBall_3325,3DBall,3325,ppo,0.0008742913927587,100000,147,27645,3.0,12.0,94,40.8,57.6,-0.9758020479276918,12000,-1.7188464317028491,46000,-1.8794329230471216,96000,-0.0671968089321059,36000,-0.7224870740595626,36000,0.4739371180113694,12000,84000,2.5657600000000005,96000.0,94.0,2025-11-21_09-33,1,0.08610678548964071,0,95347.7587176723,120.20605555961247,99599.41045785655
R_LN_3DBall_4287,3DBall,4287,ppo,0.0007868126757224,200000,151,28353,3.0,12.0,175,44.3,62.6,-0.4446298944078873,12000,-1.439375148327135,142000,-1.3860137552652203,192000,-0.0892722832009975,36000,-0.8902334083201076,36000,0.4526967483816208,12000,180000,2.5657600000000005,96000.0,81.8,2025-11-21_09-33,1,0.9675497168287015,1,97069.47909121889,73.87598450445985,100409.6036416781
R_AK_3DBall_2278,3DBall,2278,ppo,0.00025157396092,500000,82,15480,3.0,12.0,235,40.5,81.9,0.5440257901781084,12000,0.7173596335131767,442000,0.6270461975427244,168000,0.0923162954624655,24000,-0.1355450322757087,24000,0.0916104646758466,12000,480000,2.5657600000000005,60000.0,23.5,2025-11-21_09-33,1,0.9998202863463027,1,68469.20138315723,30.930492257449213,68546.75335965956
R_AK_3DBall_2501,3DBall,2501,ppo,0.0007353503849045,500000,175,32901,3.0,12.0,214,28.0,85.0,-0.1621568416690318,12000,0.7124352810111192,442000,0.6270461975427244,312000,-0.1120598695430792,36000,-0.6544358228382463,36000,0.7819224776427602,12000,480000,2.5657600000000005,120000.0,48.3,2025-11-21_09-33,1,0.9981162711001286,1,108015.46640188398,47.569772898398455,108753.85899612537
R_AK_3DBall_2857,3DBall,2857,ppo,0.0005636795810279,500000,91,17201,3.0,12.0,254,46.9,84.2,0.5302091734680554,12000,0.7173596335131767,442000,0.6270461975427244,168000,0.085195174730565,24000,0.6259484688908218,24000,-0.2588556342150413,12000,480000,2.5657600000000005,60000.0,25.4,2025-11-21_09-33,1,0.9999505370828313,1,62626.26298213369,24.04202297742877,62647.89676305955
R_LN_3DBall_4141,3DBall,4141,ppo,0.0001974430228263,200000,158,29739,3.0,12.0,193,44.0,60.6,-0.3225831134690879,12000,-1.384941559398695,142000,-1.1539713687944082,192000,-0.0978176280792782,36000,-0.8514441951239571,36000,0.6757206294940051,12000,180000,2.5657600000000005,96000.0,90.3,2025-11-21_09-33,1,0.5968291260318704,1,119698.86768884602,102.46667439027165,152073.94538336436
R_AK_3DBall_2046,3DBall,2046,ppo,0.0007890612973777,500000,179,33646,3.0,12.0,237,42.6,82.0,-0.4853121547208209,12000,0.6796534467298991,442000,0.6270461975427244,264000,-0.0992418522256582,36000,-0.836132663599161,36000,0.2456031444915479,12000,480000,2.5657600000000005,84000.0,35.5,2025-11-21_09-33,1,0.9990132933650263,1,107467.534661131,53.99985622481081,107854.84904912344
R_AK_3DBall_2820,3DBall,2820,ppo,0.0005030125300106,500000,123,23097,3.0,12.0,213,26.9,82.9,-0.556698007722759,12000,0.7173596335131767,442000,0.6270461975427244,216000,-0.0173489638088023,24000,-0.6704278668752557,24000,0.7075811839386281,12000,480000,2.5657600000000005,84000.0,31.9,2025-11-21_09-33,1,0.9981183098614758,1,89025.6574727293,36.31447613696443,89798.98384024936
R_AK_3DBall_2478,3DBall,2478,ppo,0.0006285656975956,500000,177,33313,3.0,12.0,231,42.5,83.1,-0.1268477100766736,12000,0.534281991626299,442000,0.6270461975427244,324000,-0.1113477574698891,36000,-0.8643739328560074,36000,0.5004875800485553,12000,480000,2.5657600000000005,108000.0,46.2,2025-11-21_09-33,1,0.9993359332250896,1,112101.8578100463,51.25748608063937,112359.44807832412
R_AK_3DBall_2253,3DBall,2253,ppo,0.000437957471431,500000,164,30891,3.0,12.0,288,47.6,83.4,-0.3555894756097693,12000,0.7173596335131767,442000,0.6270461975427244,312000,-0.1049387488111787,36000,-0.8684570079292863,36000,0.5004875800485553,12000,480000,2.5657600000000005,96000.0,50.4,2025-11-21_09-33,1,0.9971894895491268,1,111724.8357275538,54.727495986444836,112816.08713455602
R_AP_3DBall_1158,3DBall,1158,ppo,0.0007151250854814,500000,156,29358,3.0,12.0,395,50.6,90.8,-0.8414738299132913,12000,0.6796906959923956,442000,0.6270461975427244,276000,-0.0671968089321059,36000,-0.7439232181942773,36000,0.5748288737526873,12000,480000,2.5657600000000005,108000.0,79.0,2025-11-21_09-33,1,0.9624603239335163,1,100581.54606362835,59.54816663350528,115575.58543937549
R_AK_3DBall_2029,3DBall,2029,ppo,0.0002466390584454,500000,89,16816,3.0,12.0,232,44.3,83.2,-0.208979820519766,12000,0.7173596335131767,442000,0.6270461975427244,168000,0.0595591400957232,24000,0.0900448655229551,24000,0.2349829596766736,12000,480000,2.5657600000000005,60000.0,23.2,2025-11-21_09-33,1,0.9939055673780214,1,73841.76861366502,35.82458361997649,76438.96124115061
R_LN_3DBall_3353,3DBall,3353,ppo,0.0007816343353559,100000,64,12124,3.0,12.0,105,42.4,58.2,-0.1821141769168853,12000,-1.2744503136969594,46000,-0.3724557467640984,96000,0.1706486235133713,24000,0.9961472755347828,24000,-1.2412227295910223,12000,84000,2.5657600000000005,48000.0,45.0,2025-11-21_09-33,1,0.9130352084825034,1,50391.75427755807,61.28191449508975,54705.92502435898
R_LN_3DBall_3742,3DBall,3742,ppo,0.0007528200747725,200000,181,34025,3.0,12.0,169,43.4,51.1,-0.4039476340949536,12000,-1.665145411603509,142000,-1.8160452565594567,192000,-0.1177567661285996,36000,-0.6476306977161146,36000,0.7394417383832629,12000,180000,2.5657600000000005,144000.0,124.2,2025-11-21_09-33,1,0.5839164244937223,1,115014.38576159302,100.41742044611703,150375.5040005066
R_AK_3DBall_2893,3DBall,2893,ppo,8.099549972744532e-05,500000,60,11255,3.0,12.0,224,32.9,83.8,-0.5298323641198782,12000,0.7173596335131767,442000,0.6270461975427244,192000,0.196284658148213,12000,-0.3533090361839212,12000,0.3730453622700516,12000,480000,2.5657600000000005,84000.0,33.6,2025-11-21_09-33,1,0.9985743984745272,1,69298.25943657289,28.092097033640258,69912.26849494388
R_AK_3DBall_2234,3DBall,2234,ppo,0.0006643152324434,500000,141,26509,3.0,12.0,242,42.4,82.3,-0.6603226330481551,12000,0.6803388331598378,442000,0.6270461975427244,204000,-0.0337275414921735,36000,-0.3825710742090872,36000,-0.0092812910654593,12000,480000,2.5657600000000005,84000.0,36.3,2025-11-21_09-33,1,0.9988900679570597,1,88504.58291006248,42.206273830268046,88961.31485901368
R_AP_3DBall_1175,3DBall,1175,ppo,0.000877916842411,500000,60,11313,3.0,12.0,487,62.6,89.6,0.3122136653761125,12000,0.7173596335131767,442000,0.6270461975427244,120000,0.209102675465634,12000,1.2394304986509888,12000,-1.4961071651480295,12000,480000,2.5657600000000005,48000.0,36.6,2025-11-21_09-33,1,0.9999729183947651,1,43204.01341197494,23.376984449173868,43216.384180556604
R_AK_3DBall_2602,3DBall,2602,ppo,0.0002110973450839,500000,165,31050,3.0,12.0,217,38.8,84.9,-0.4331160471495096,12000,0.6795764649207393,442000,0.6270461975427244,336000,-0.094969179786518,36000,-0.4887310261143409,36000,0.7022710915311909,12000,480000,2.5657600000000005,132000.0,54.2,2025-11-21_09-33,1,0.9810114322273088,1,118520.28742258727,55.59542045915914,125764.04079877022
R_AP_3DBall_1300,3DBall,1300,ppo,0.0005801175617807,500000,120,22598,3.0,12.0,509,62.4,88.5,-0.483009385269144,12000,0.6328286404874414,442000,0.6270461975427244,192000,-0.0123641792964719,24000,-0.2917226538286299,24000,-0.4712593305125513,12000,480000,2.5657600000000005,60000.0,50.9,2025-11-21_09-33,1,0.9989398384491214,1,77379.44545186141,45.354089741784556,77827.49151440435
R_LN_3DBall_4604,3DBall,4604,ppo,0.0008093609614227,200000,58,10974,3.0,12.0,219,44.2,65.3,0.3843671081952773,12000,0.6603459123358012,142000,0.6270461975427244,84000,0.2454203911983266,12000,1.7957494773852505,12000,-1.8837439108909892,12000,180000,2.5657600000000005,48000.0,43.8,2025-11-21_09-33,1,0.9998866908418595,1,43353.80059718181,29.40800424189462,43371.55004616205
R_LN_3DBall_4147,3DBall,4147,ppo,0.000858970102578,200000,103,19469,3.0,12.0,206,43.8,61.1,-0.2872739818767315,12000,0.262794466845701,142000,0.3697359018736111,144000,0.01683241570432,24000,-0.6258542973252934,24000,-0.5402905318092345,12000,180000,2.5657600000000005,72000.0,68.8,2025-11-21_09-33,1,0.999288061913162,1,69826.12947094446,52.73223693019388,69918.80520728522
R_AK_3DBall_2308,3DBall,2308,ppo,0.000765236987096,500000,143,26840,3.0,12.0,240,41.6,84.5,-0.0101740578584515,12000,0.4922946229400731,442000,0.6270461975427244,180000,-0.0550909036878751,36000,-0.0218994427361104,36000,-0.0623822151398427,12000,480000,2.5657600000000005,72000.0,30.0,2025-11-21_09-33,1,0.9997197585699088,1,81331.75082665004,37.14929903246715,81449.07901553216
R_LN_3DBall_3792,3DBall,3792,ppo,0.0001206152822961,200000,88,16574,3.0,12.0,203,42.2,51.4,-0.0792571414087143,12000,0.4211236987298035,142000,0.5857882582455705,180000,0.0481653469246823,24000,-0.051501737017383,24000,0.2615334217138594,12000,180000,2.5657600000000005,60000.0,54.0,2025-11-21_09-33,1,0.6884535788179057,1,77725.38581545162,67.70929765735869,115819.60426606901
R_LN_3DBall_3273,3DBall,3273,ppo,0.0002656099441836,100000,67,12742,3.0,12.0,98,43.0,57.2,-0.1567837129484547,12000,-1.588148702738763,46000,-1.5377063049548254,96000,0.1699365114401812,24000,0.1778309795984532,24000,-0.0092812910654593,12000,84000,2.5657600000000005,60000.0,55.8,2025-11-21_09-33,1,0.16600300785804392,0,67131.75659603684,85.39865325584341,94543.77273193181
R_AP_3DBall_1277,3DBall,1277,ppo,0.0004642365772162,500000,92,17331,3.0,12.0,465,62.0,91.0,-0.4292780980633842,12000,0.7173596335131767,442000,0.6270461975427244,204000,0.071665045339954,24000,-0.0559250683467686,24000,-0.2907161886596643,12000,480000,2.5657600000000005,60000.0,46.5,2025-11-21_09-33,1,0.9973499034586681,1,68748.32222318822,39.46254459740676,69891.18080290811
C_LF_3DBall_106,3DBall,106,ppo,0.0003,500000,64,12000,3.0,12.0,784,22.7,53.3,0.0013397893999261,12000,0.7173596335131767,442000,0.6270461975427244,144000,0.195572546075023,24000,1.2659704866273025,24000,0.0066489861568521,12000,480000,2.5657600000000005,48000.0,58.8,2025-11-21_09-33,1,0.6711002803552044,1,56207.87960869456,40.22580301609608,202170.98358596428
R_AK_3DBall_2017,3DBall,2017,ppo,0.0004832450337158,500000,156,29421,3.0,12.0,223,40.9,83.9,-0.3555894756097693,12000,0.7020054875120566,442000,0.6270461975427244,264000,-0.0743179296640064,36000,-0.8072108818301016,36000,0.6013793357898731,12000,480000,2.5657600000000005,96000.0,39.0,2025-11-21_09-33,1,0.9949802232269656,1,106798.09802227787,53.624119181379406,108771.88379693861
R_LN_3DBall_3225,3DBall,3225,ppo,0.0004756297256826,100000,54,10140,3.0,12.0,100,40.6,57.6,0.5094842484029769,12000,-1.1544257400802476,46000,-0.0577376071842016,96000,0.2219206927830549,12000,0.3445565450906785,12000,-1.124400696627393,12000,84000,2.5657600000000005,48000.0,42.8,2025-11-21_09-33,1,0.9848961607109277,1,51207.904206717656,66.23812985281462,51944.85218015641
R_LN_3DBall_3286,3DBall,3286,ppo,0.0006770946461023,100000,45,8562,3.0,12.0,104,42.3,58.2,2.2396316964284693,12000,-0.7206953275692327,46000,0.1658417444882821,84000,0.3016772449803407,12000,2.07952319497814,12000,-0.673042841995187,12000,84000,2.5657600000000005,36000.0,29.7,2025-11-21_09-33,1,0.9814494036198103,1,40406.533504039406,45.12046978804789,41512.02784790233
R_LN_3DBall_4560,3DBall,4560,ppo,0.0003766401262907,200000,50,9461,3.0,12.0,196,44.2,64.6,0.9692705489208416,12000,0.6905798970622503,142000,0.6270461975427244,120000,0.2689200896135983,12000,1.8015338337390625,12000,-0.5084299773646115,12000,180000,2.5657600000000005,48000.0,39.3,2025-11-21_09-33,1,0.9905414735107823,1,49287.077929959996,33.175685481625344,50712.600095626876
R_LN_3DBall_3129,3DBall,3129,ppo,0.0008107001942513,100000,136,25628,3.0,12.0,93,42.4,55.9,-0.7017724831783121,12000,-1.715811858451455,46000,-1.87529165739017,96000,-0.0415607742972641,36000,-0.7085365675591928,36000,0.3040141609733567,12000,84000,2.5657600000000005,96000.0,92.9,2025-11-21_09-33,1,0.17620692796826817,0,89905.91659855517,117.64974756287732,98221.35257317591
R_AK_3DBall_2493,3DBall,2493,ppo,7.222768057835257e-05,500000,89,16816,3.0,12.0,250,46.9,83.3,-0.3609626043303447,12000,0.7173596335131767,442000,0.6270461975427244,204000,0.0816346143646147,24000,-0.1780770642890315,24000,0.6173096130121846,12000,480000,2.5657600000000005,72000.0,31.2,2025-11-21_09-33,1,0.9877741097831729,1,81605.73817119142,36.41118148037265,86720.98048366084
R_AK_3DBall_2829,3DBall,2829,ppo,0.0003151506194768,500000,55,10437,3.0,12.0,223,26.5,84.7,-0.0224554949340543,12000,0.7173596335131767,442000,0.6270461975427244,120000,0.2418598308323764,12000,-0.0800832625303359,12000,-0.0358317531026569,12000,480000,2.5657600000000005,60000.0,22.3,2025-11-21_09-33,1,0.9999117902298464,1,60708.03343363893,23.621573347301993,60746.78327704005
R_LN_3DBall_4184,3DBall,4184,ppo,4.137723963725532e-05,200000,54,10279,3.0,12.0,213,44.0,67.4,-0.6227107320041216,12000,-1.735658265509671,142000,-1.9190328089087716,180000,0.2347387101004758,12000,0.0662269275954943,12000,0.5323481344931901,12000,180000,2.5657600000000005,,,2025-11-21_09-33,0,0.3737817456354187,0,71347.22126517534,55.06515748394044,151911.93978364998
R_AK_3DBall_2316,3DBall,2316,ppo,0.0008974853391121,500000,167,31326,3.0,12.0,239,41.1,83.4,-0.3563570654269943,12000,0.6877886856591681,442000,0.6270461975427244,276000,-0.0743179296640064,36000,-0.8538259889167034,36000,0.3995958243072374,12000,480000,2.5657600000000005,96000.0,41.8,2025-11-21_09-33,1,0.9996307780175129,1,97590.00690126384,44.541207454109575,97738.58551668838
R_LN_3DBall_3489,3DBall,3489,ppo,0.0003925827187383,200000,110,20746,3.0,12.0,186,51.3,69.0,-0.397039325739928,12000,-1.472646189589145,142000,-1.4587953388066062,180000,0.01683241570432,24000,-0.1927080833016144,24000,0.7075811839386281,12000,180000,2.5657600000000005,108000.0,99.2,2025-11-21_09-33,1,0.25272886317403764,0,86026.13526278613,76.96361913600954,171195.5147334124
R_AK_3DBall_2995,3DBall,2995,ppo,0.0003313633781533,500000,106,19997,3.0,12.0,255,48.5,83.4,-0.2772953142528039,12000,0.6797279452548924,442000,0.6270461975427244,192000,0.0196808639970802,24000,-0.5336448519204097,24000,0.5323481344931901,12000,480000,2.5657600000000005,72000.0,31.9,2025-11-21_09-33,1,0.9992835950039667,1,84113.94640946336,33.02966408766836,84411.8892560362
R_LN_3DBall_4119,3DBall,4119,ppo,0.0005716706503874,200000,185,34778,3.0,12.0,176,43.8,60.5,-0.8115378270415103,12000,-1.6912794941711602,142000,-1.8513929960522932,192000,-0.1106356453966991,36000,-0.6673655605702964,36000,0.3358747154179914,12000,180000,2.5657600000000005,156000.0,140.5,2025-11-21_09-33,1,0.6578563298061877,1,123351.72274911756,106.08685088688105,149576.44564176735
R_LN_3DBall_3691,3DBall,3691,ppo,0.0004318146576024,200000,133,24940,3.0,12.0,169,42.8,50.1,-0.4776362565485685,12000,-1.217391893404588,142000,-0.9400902114779616,192000,-0.0294548690530332,36000,-0.622111478508121,36000,0.6013793357898731,12000,180000,2.5657600000000005,84000.0,67.7,2025-11-21_09-33,1,0.5441085272191228,1,95767.05966171379,85.71449162583005,143285.96834481639
R_LN_3DBall_3130,3DBall,3130,ppo,7.737216190387251e-05,100000,185,34848,3.0,12.0,88,41.7,55.9,-0.5329027233887802,12000,-1.7370215885170486,46000,-1.920487151268996,60000,-0.1341353438119708,36000,0.1774907233423467,36000,0.6757206294940051,12000,84000,2.5657600000000005,,,2025-11-21_09-33,0,0.0003460949916962264,0,135908.25547525648,206.18378856886346,100012.42766738053
R_AK_3DBall_2280,3DBall,2280,ppo,0.0007194759948891,500000,119,22355,3.0,12.0,235,40.6,82.2,-0.526762004850978,12000,0.7173596335131767,442000,0.6270461975427244,192000,-0.0102278430769018,24000,-0.4438172003082721,24000,0.0916104646758466,12000,480000,2.5657600000000005,72000.0,29.3,2025-11-21_09-33,1,0.9995138079868814,1,77734.15574607246,35.13355699219341,77939.45802696151
R_LN_3DBall_3077,3DBall,3077,ppo,0.0004914342469824,100000,62,11808,3.0,12.0,98,40.3,55.3,-0.0815599108603895,12000,-1.5909995129618402,46000,-1.5254784831956314,96000,0.1969967702214031,12000,0.077795640303118,12000,0.4473866559741836,12000,84000,2.5657600000000005,60000.0,55.9,2025-11-21_09-33,1,0.10946960779570125,0,63619.35604327875,78.77706293341613,96017.42517470267
R_AK_3DBall_2377,3DBall,2377,ppo,5.199682896443426e-05,500000,46,8763,3.0,12.0,245,45.5,83.4,0.4342604463149118,12000,0.7173596335131767,442000,0.6270461975427244,108000,0.2945561242484402,12000,1.3183699500677155,12000,0.5535885041229387,12000,480000,2.5657600000000005,48000.0,18.4,2025-11-21_09-33,1,0.9746379056573629,1,58202.09456900119,24.536492860065866,69407.01472692167
R_LN_3DBall_3105,3DBall,3105,ppo,0.0004204416050925,100000,74,13941,3.0,12.0,98,40.5,55.9,-0.1383615573350513,12000,-1.7095092832370216,46000,-1.8653381795347317,96000,0.1378914681466288,24000,-0.348545448598429,24000,0.0438196330089122,12000,84000,2.5657600000000005,84000.0,84.0,2025-11-21_09-33,1,0.40631635569117086,0,67304.1008828704,88.24371614168403,86715.12142468174
R_LN_3DBall_3125,3DBall,3125,ppo,0.0001276681529218,100000,167,31436,3.0,12.0,94,41.7,56.8,-0.6787447886615584,12000,-1.7364082173279372,46000,-1.9202189746635647,84000,-0.0842874986886671,36000,0.0839202529130365,36000,0.7500619231981372,12000,84000,2.5657600000000005,,,2025-11-21_09-33,0,0.00039818805994944477,0,123833.59781215436,183.38281200702562,100009.49025407444
R_AK_3DBall_2452,3DBall,2452,ppo,0.0006747781358872,500000,33,6219,3.0,12.0,240,34.1,83.7,0.4419363444871625,12000,0.6931476128903531,442000,0.6270461975427244,108000,0.4633266855944825,12000,1.903610710571037,12000,-1.9580852045951216,12000,480000,2.5657600000000005,36000.0,12.0,2025-11-21_09-33,1,0.9999979606881645,1,37494.860365493114,15.555538585257121,37495.80355769835
R_LN_3DBall_3312,3DBall,3312,ppo,0.0005168215390189,100000,98,18379,3.0,12.0,95,41.6,64.8,-0.2028391019819638,12000,-1.71582924144062,46000,-1.8864699803184928,96000,0.0595591400957232,24000,-0.4070695246487611,24000,-0.0305216606952198,12000,84000,2.5657600000000005,,,2025-11-21_09-33,0,0.5214682407844369,1,73409.06088404405,94.32149689296965,86133.66975839638
R_LN_3DBall_3965,3DBall,3965,ppo,0.0006198541332879,200000,57,10688,3.0,12.0,188,44.4,60.7,0.2300815549330218,12000,0.7152910578025294,142000,0.6270461975427244,132000,0.2439961670519465,12000,0.2142383990018574,12000,-0.6942832116249358,12000,180000,2.5657600000000005,48000.0,37.7,2025-11-21_09-33,1,0.9989290228834186,1,52700.981374617106,41.00713441857604,52858.7352528598
R_LN_3DBall_4311,3DBall,4311,ppo,0.0006856726965873,200000,141,26609,3.0,12.0,174,45.0,62.9,-0.6134996541974208,12000,-0.9643800028223296,142000,-0.3311978074669444,192000,-0.0422728863704542,36000,-0.6364022412645974,36000,0.4208361939369978,12000,180000,2.5657600000000005,96000.0,81.4,2025-11-21_09-33,1,0.9138113469141879,1,96646.10418514846,72.87035041898058,105554.03725660188
R_AK_3DBall_2247,3DBall,2247,ppo,0.0005412082718938,500000,63,11914,3.0,12.0,320,51.7,84.4,0.1272245194248508,12000,0.7173596335131767,442000,0.6270461975427244,132000,0.1784818563184617,12000,1.2445343424925877,12000,-1.6713402145934797,12000,480000,2.5657600000000005,48000.0,24.0,2025-11-21_09-33,1,0.9999876599784405,1,48644.691227921496,22.38617833467316,48650.26096216273
R_LN_3DBall_3124,3DBall,3124,ppo,0.0003124246461547,100000,85,16111,3.0,12.0,97,40.4,56.6,0.6829595470958609,12000,-1.6551352931285757,46000,-1.7424900866562492,96000,0.0730892694863342,24000,0.0526166773512311,24000,0.0278893557866007,12000,84000,2.5657600000000005,60000.0,55.3,2025-11-21_09-33,1,0.5415464856288471,1,69667.07469690224,90.83412523086112,83573.31090326508
R_AK_3DBall_2626,3DBall,2626,ppo,0.0004013204980163,500000,42,7905,3.0,12.0,233,34.4,83.9,-0.0838626803120664,12000,0.7173596335131767,442000,0.6270461975427244,96000,0.3451160814449339,12000,1.985272212036616,12000,-1.135020881442267,12000,480000,2.5657600000000005,48000.0,17.5,2025-11-21_09-33,1,0.9996645951610067,1,45401.030204852366,18.7588873310726,45553.50489912303
R_AK_3DBall_2551,3DBall,2551,ppo,0.0004149381976142,500000,163,30632,3.0,12.0,250,38.2,80.2,-0.3010905985867844,12000,0.6429082909190355,442000,0.6270461975427244,228000,-0.0785906021031467,36000,-0.8061901130617818,36000,0.4420765635667465,12000,480000,2.5657600000000005,84000.0,37.5,2025-11-21_09-33,1,0.998591022823808,1,109616.38934626487,50.93577830971085,110166.43094363542
R_LN_3DBall_3035,3DBall,3035,ppo,0.000631350598516,100000,164,30777,3.0,12.0,92,39.9,60.7,-0.4308132776978344,12000,-1.7239793800748875,46000,-1.898029939185314,96000,-0.0785906021031467,36000,-0.7231675865717758,36000,0.3836655470849259,12000,84000,2.5657600000000005,,,2025-11-21_09-33,0,0.08363705002334115,0,105634.54066277017,150.31554839920187,100471.25635927066
R_LN_3DBall_3483,3DBall,3483,ppo,0.0003580660456115,200000,32,6006,3.0,12.0,220,47.9,68.0,0.7520426306461238,12000,0.7173596335131767,142000,0.6270461975427244,96000,0.4647509097408626,12000,2.2962664301180324,12000,-1.9474650197802472,12000,180000,2.5657600000000005,36000.0,29.4,2025-11-21_09-33,1,0.9975171394754172,1,39796.039239023645,36.196197530397015,40193.80332907888
R_LN_3DBall_4029,3DBall,4029,ppo,0.0002641846356153,200000,113,21343,3.0,12.0,201,43.3,68.6,-0.3548218857925442,12000,-0.0306204571245922,142000,0.1922906621989639,180000,0.0132718553383698,24000,-0.4533443754792562,24000,0.1553315735651044,12000,180000,2.5657600000000005,72000.0,66.8,2025-11-21_09-33,1,0.8716016385048436,1,89314.83899239029,74.89120506211917,103526.63230759495
R_AK_3DBall_2437,3DBall,2437,ppo,0.0002952818857044,500000,107,20157,3.0,12.0,217,33.6,83.7,-0.5551628280883089,12000,0.7173596335131767,442000,0.6270461975427244,228000,0.029650433021741,24000,-0.3635167238671187,24000,0.5270380420857529,12000,480000,2.5657600000000005,96000.0,38.0,2025-11-21_09-33,1,0.993177873785862,1,84930.55719897179,38.29272344887692,87762.21332539235
R_AK_3DBall_2492,3DBall,2492,ppo,0.0003682012671476,500000,35,6720,3.0,12.0,319,51.7,83.4,5.944787744174276,12000,0.6556574718295559,442000,0.6270461975427244,132000,0.4334179785205002,12000,2.357512556217217,12000,-2.319171488300884,12000,480000,2.5657600000000005,36000.0,15.9,2025-11-21_09-33,1,0.9999999999944857,1,29655.541491470005,11.115416813202835,29655.541494063607
R_LN_3DBall_3427,3DBall,3427,ppo,0.0003858264411628,100000,113,21333,3.0,12.0,106,51.4,72.8,-0.5651414957122365,12000,-1.7039839759666848,46000,-1.8547555181050115,96000,-0.0116520672232819,24000,-0.6962873423393559,24000,0.4420765635667465,12000,84000,2.5657600000000005,84000.0,91.0,2025-11-21_09-33,1,0.09719333670899445,0,90020.16615725233,114.07138680074148,99030.02664902201
R_LN_3DBall_4362,3DBall,4362,ppo,0.0004887725571513,200000,108,20268,3.0,12.0,181,44.7,63.8,-0.2757601346183537,12000,0.4346898801310838,142000,0.6270461975427244,180000,0.0082870708260395,24000,-0.4046877308560151,24000,0.2615334217138594,12000,180000,2.5657600000000005,72000.0,60.2,2025-11-21_09-33,1,0.9589218341823368,1,80094.20400537844,60.15653497404082,85019.71417574442
R_AP_3DBall_1165,3DBall,1165,ppo,0.0003235371397988,500000,134,25305,3.0,12.0,437,61.8,88.1,-0.8798533207745481,12000,0.7173596335131767,442000,0.6270461975427244,252000,-0.0358638777117436,36000,-0.6112232783127104,36000,0.4792472104188066,12000,480000,2.5657600000000005,84000.0,65.5,2025-11-21_09-33,1,0.8950099709710406,1,99881.00478585534,61.283529051143915,141889.50970842643
R_LN_3DBall_3157,3DBall,3157,ppo,0.000871974056083,100000,184,34646,3.0,12.0,91,41.7,57.0,-0.3763144006748478,12000,-1.7273144307104211,46000,-1.903579132020781,84000,-0.1206052144213598,36000,-0.8783244393563772,36000,0.4792472104188066,12000,84000,2.5657600000000005,,,2025-11-21_09-33,0,0.18568935138941448,0,113802.4886096646,152.4576022728443,102562.9751574884
R_LN_3DBall_4199,3DBall,4199,ppo,0.0008457111911666,200000,165,31070,3.0,12.0,172,43.5,61.5,-0.2373806437570952,12000,-1.3655620097637702,142000,-1.3346115201433786,192000,-0.0963934039328981,36000,-0.7605957747434998,36000,0.2721536065287337,12000,180000,2.5657600000000005,84000.0,68.9,2025-11-21_09-33,1,0.9819414068520113,1,101366.86254478004,78.7315043908907,103148.03824499351
R_AK_3DBall_2317,3DBall,2317,ppo,0.0003311492961843,500000,155,29074,3.0,12.0,211,29.4,83.9,-0.7063780220816642,12000,0.6953825686401519,442000,0.6270461975427244,288000,-0.0736058175908164,36000,-0.7309934804622271,36000,0.7606821080130115,12000,480000,2.5657600000000005,108000.0,42.2,2025-11-21_09-33,1,0.976824522557085,1,110265.37710717336,54.05703118948793,119297.66306874907
R_AK_3DBall_2601,3DBall,2601,ppo,0.0003931019843242,500000,99,18571,3.0,12.0,250,44.0,84.3,0.1717447288239098,12000,0.7173596335131767,442000,0.6270461975427244,204000,0.0488774589978724,24000,-0.109345300555502,24000,-0.8642061686629366,12000,480000,2.5657600000000005,48000.0,18.8,2025-11-21_09-33,1,0.999989613358701,1,67745.5320808571,30.435299548734868,67750.02175296527
R_AK_3DBall_2815,3DBall,2815,ppo,0.0006083815622698,500000,187,35131,3.0,12.0,214,31.4,83.3,-0.0063361087723261,12000,0.7173596335131767,442000,0.6270461975427244,312000,-0.1070750850307488,36000,-0.5224163954688925,36000,0.564208688937813,12000,480000,2.5657600000000005,120000.0,48.1,2025-11-21_09-33,1,0.9990759745771759,1,115254.31716949132,49.66128128018677,115609.83196174852
R_LN_3DBall_3654,3DBall,3654,ppo,0.0008761104785465,200000,169,31707,3.0,12.0,197,42.2,63.5,-0.1483402249589789,12000,-1.5062946900444538,142000,-1.6057947979011598,192000,-0.0743179296640064,36000,-0.8728803392586719,36000,0.4420765635667465,12000,180000,2.5657600000000005,108000.0,105.1,2025-11-21_09-33,1,0.9527223739102265,1,101307.15001370605,88.61748255477936,105973.11367309216
R_AK_3DBall_2269,3DBall,2269,ppo,0.0008100562153883,500000,140,26295,3.0,12.0,236,38.9,81.7,-0.175205868561858,12000,0.7173596335131767,442000,0.6270461975427244,264000,-0.0536666795414949,36000,-0.3778074866235951,36000,0.1128508343056071,12000,480000,2.5657600000000005,84000.0,35.5,2025-11-21_09-33,1,0.9997246017836774,1,82674.73975648166,37.48966058674366,82789.67038877911
R_AK_3DBall_2782,3DBall,2782,ppo,0.0008973338001436,500000,154,28906,3.0,12.0,213,34.9,84.8,-0.542113801195481,12000,0.7173596335131767,442000,0.6270461975427244,228000,-0.0657725847857259,36000,-0.703432723717594,36000,0.3518049926403029,12000,480000,2.5657600000000005,96000.0,37.2,2025-11-21_09-33,1,0.9997545036462168,1,91848.92702426795,37.39255330525934,91949.12662447621
R_LN_3DBall_3830,3DBall,3830,ppo,0.0005136289126699,200000,174,32666,3.0,12.0,177,43.0,52.2,-0.4453974842251123,12000,-1.684515028101768,142000,-1.84289386055708,192000,-0.1184688782017896,36000,-0.2451075467420282,36000,0.7819224776427602,12000,180000,2.5657600000000005,144000.0,130.1,2025-11-21_09-33,1,0.1899434020253965,0,115081.85588585329,101.85856378527686,183870.35881327608
R_AP_3DBall_1238,3DBall,1238,ppo,0.0002657471626883,500000,54,10274,3.0,12.0,496,61.4,89.1,0.2584823781703527,12000,0.7173596335131767,442000,0.6270461975427244,96000,0.2553899602229874,12000,0.417371383897487,12000,-0.6146318255133665,12000,480000,2.5657600000000005,48000.0,37.2,2025-11-21_09-33,1,0.9995049651000398,1,55860.940238771946,31.5737101550566,56080.804573789246
R_LN_3DBall_3126,3DBall,3126,ppo,0.0001119340147391,100000,176,33146,3.0,12.0,97,40.0,56.3,-0.3617301941475715,12000,-1.730892843194266,46000,-1.911142228018191,96000,-0.0928328435669478,36000,-0.7330350179988667,36000,0.7500619231981372,12000,84000,2.5657600000000005,,,2025-11-21_09-33,0,0.005105840945248195,0,134672.27598247485,201.21376620077842,100177.03112637627
R_LN_3DBall_4466,3DBall,4466,ppo,0.0004139506134917,200000,51,9706,3.0,12.0,227,44.5,63.9,2.09225445152124,12000,0.6751438026836378,142000,0.6270461975427244,156000,0.2582384085157476,12000,1.6630495375036836,12000,-2.011186128669493,12000,180000,2.5657600000000005,36000.0,30.2,2025-11-21_09-33,1,0.9999965298916049,1,42582.77360874532,30.419665110440974,42583.319863584155
R_AK_3DBall_2527,3DBall,2527,ppo,0.0008515016538806,500000,146,27432,3.0,12.0,229,43.9,84.7,-0.4922204630758465,12000,0.7173596335131767,442000,0.6270461975427244,228000,-0.0607878002733954,36000,-0.5013205075902843,36000,0.4049059167146746,12000,480000,2.5657600000000005,96000.0,40.0,2025-11-21_09-33,1,0.9993105593165097,1,88487.07400860554,37.67401645691516,88770.78776156614
R_LN_3DBall_3177,3DBall,3177,ppo,0.0004919257491562,100000,74,13941,3.0,12.0,99,40.2,56.3,-0.629619040359149,12000,-1.6604122719822676,46000,-1.7329543454361946,96000,0.1343309077806786,24000,-0.078381981249803,24000,0.3783554546774887,12000,84000,2.5657600000000005,72000.0,70.7,2025-11-21_09-33,1,0.04941190734754937,0,68313.40873529551,86.46255523393198,98434.30508826875
R_AK_3DBall_2078,3DBall,2078,ppo,0.0006748705008507,500000,82,15486,3.0,12.0,269,44.8,83.8,0.5340471225541807,12000,0.7173596335131767,442000,0.6270461975427244,132000,0.1029979765603163,24000,0.5575569614133988,24000,-1.3261842081100286,12000,480000,2.5657600000000005,60000.0,26.9,2025-11-21_09-33,1,0.9999967599658497,1,53703.49392572206,25.10827630026038,53704.93994164291
R_AK_3DBall_2559,3DBall,2559,ppo,0.000765870381118,500000,100,18911,3.0,12.0,217,25.8,81.5,-0.175205868561858,12000,0.7173596335131767,442000,0.6270461975427244,216000,0.0602712521689132,24000,-0.4968971762608988,24000,0.4049059167146746,12000,480000,2.5657600000000005,72000.0,27.1,2025-11-21_09-33,1,0.9998345555680144,1,71974.33296115331,28.551267050143274,72045.14742451183
R_LN_3DBall_3435,3DBall,3435,ppo,0.0002703276432584,100000,70,13177,3.0,12.0,102,43.5,67.4,-0.2120501797886663,12000,-1.7135297203024935,46000,-1.881715002814496,96000,0.1485731492444796,24000,-0.2325180652660845,24000,0.5004875800485553,12000,84000,2.5657600000000005,96000.0,102.0,2025-11-21_09-33,1,0.10345925360717116,0,70541.5224213752,86.11338800789385,96952.2478973119
R_LN_3DBall_3032,3DBall,3032,ppo,0.0008700978863923,100000,34,6426,3.0,12.0,150,50.6,61.3,3.694981989887357,12000,0.0946363962308158,46000,0.5903008453561966,96000,0.4469481079111113,12000,1.4759085966450634,12000,-2.8926614683041563,12000,84000,2.5657600000000005,36000.0,42.8,2025-11-21_09-33,1,0.9999999487108144,1,29742.593947034984,36.71375081943149,29742.59755048012
R_LN_3DBall_4264,3DBall,4264,ppo,0.0002331580504846,200000,81,15340,3.0,12.0,183,45.7,63.2,0.6668401609341328,12000,0.5783404193073387,142000,0.6270461975427244,156000,0.1051343127798865,24000,0.2754845251010421,24000,0.0172691709717264,12000,180000,2.5657600000000005,60000.0,48.9,2025-11-21_09-33,1,0.9840714165739761,1,69057.7404950226,52.04636710757664,71143.46519953971
R_AK_3DBall_2352,3DBall,2352,ppo,0.0006922327107721,500000,190,35646,3.0,12.0,229,40.0,82.8,-0.3839902988471002,12000,0.6415126852174942,442000,0.6270461975427244,288000,-0.1263021110068802,36000,-0.7881565314881329,36000,0.3199444381956799,12000,480000,2.5657600000000005,84000.0,34.3,2025-11-21_09-33,1,0.9989222448700121,1,115085.50175953495,55.78268472018171,115500.34533462032
R_AP_3DBall_1293,3DBall,1293,ppo,0.000781284290799,500000,68,12859,3.0,12.0,445,54.4,85.4,-0.2289371557676195,12000,0.643052321400689,442000,0.6270461975427244,144000,0.1770576321720817,24000,1.6198369929781475,24000,-0.6624226571803128,12000,480000,2.5657600000000005,48000.0,33.4,2025-11-21_09-33,1,0.9948564589713027,1,49570.98297949892,25.914308677227176,51887.78310905966
R_LN_3DBall_3101,3DBall,3101,ppo,0.0007812447005863,100000,79,14966,3.0,12.0,95,40.6,55.7,-0.0884682192154169,12000,-1.6026833649649568,46000,-1.6243634492060852,96000,0.1058464248530765,24000,-0.2869590662431377,24000,-0.3597473899563592,12000,84000,2.5657600000000005,60000.0,54.2,2025-11-21_09-33,1,0.8867553303581356,1,61735.825082233176,77.41881898297484,66069.0389299142
R_AK_3DBall_2843,3DBall,2843,ppo,0.0008180181596169,500000,52,9795,3.0,12.0,272,49.3,84.5,0.8372451003581164,12000,0.6473657859978013,442000,0.6270461975427244,216000,0.2682079775404082,12000,1.2193553795407008,12000,-1.857193448853804,12000,480000,2.5657600000000005,48000.0,20.4,2025-11-21_09-33,1,0.9999999005128534,1,40643.8602423351,15.256935559484598,40643.905942366735
R_LN_3DBall_3888,3DBall,3888,ppo,0.0004643068097051,200000,33,6357,3.0,12.0,266,44.6,61.9,4.140184083877943,12000,0.6147056326407371,142000,0.6270461975427244,108000,0.444099659618351,12000,2.043115775574736,12000,-3.0041734088603484,12000,180000,2.5657600000000005,36000.0,35.5,2025-11-21_09-33,1,0.9999999969728004,1,31706.85864882943,24.76633974278844,31706.859158286363
R_LN_3DBall_3817,3DBall,3817,ppo,0.0008534118712857,200000,58,10945,3.0,12.0,184,42.7,51.3,0.2485037105464251,12000,0.6402635932817728,142000,0.6270461975427244,108000,0.2048300030264937,12000,1.1097928650743814,12000,-1.336804392924903,12000,180000,2.5657600000000005,48000.0,36.9,2025-11-21_09-33,1,0.9993179443268416,1,45810.37651872607,36.01059110036696,45915.54242616363
R_AK_3DBall_2630,3DBall,2630,ppo,0.0006771268783424,500000,190,35681,3.0,12.0,242,49.0,84.8,-0.1107283239149455,12000,0.7173596335131767,442000,0.6270461975427244,336000,-0.1149083178358394,36000,-0.7813514063660013,36000,0.4367664711593093,12000,480000,2.5657600000000005,84000.0,36.3,2025-11-21_09-33,1,0.9995006997287333,1,115824.21630180335,52.16198773990285,116016.03537481793
R_AK_3DBall_2086,3DBall,2086,ppo,0.0006263614697653,500000,110,20807,3.0,12.0,223,39.7,83.5,-0.3033933680384595,12000,0.7173596335131767,442000,0.6270461975427244,192000,0.01540819155794,24000,-0.5084658889685225,24000,0.1659517583799787,12000,480000,2.5657600000000005,72000.0,27.9,2025-11-21_09-33,1,0.9994951399318177,1,77795.95174402001,36.01971102764562,78009.10570860936
R_AK_3DBall_2042,3DBall,2042,ppo,0.0006811453503469,500000,163,30571,3.0,12.0,210,26.9,82.5,-0.6096617051112955,12000,0.7173596335131767,442000,0.6270461975427244,276000,-0.0971055160060881,36000,-0.7925798628175185,36000,0.4473866559741836,12000,480000,2.5657600000000005,108000.0,41.9,2025-11-21_09-33,1,0.9967413920724579,1,102062.23805829464,51.22566472971696,103358.96120402623
R_LN_3DBall_4310,3DBall,4310,ppo,7.731062184154283e-05,200000,126,23702,3.0,12.0,187,45.4,62.7,-0.0646729348814364,12000,-1.734396757153118,142000,-1.915051417766596,180000,-0.026606420760273,24000,0.1142030597065224,24000,0.7447518307907001,12000,180000,2.5657600000000005,,,2025-11-21_09-33,0,0.26471559485683216,0,97953.06106854878,78.42142226483209,172986.58385744208
R_AK_3DBall_2574,3DBall,2574,ppo,0.0008609219582769,500000,72,13516,3.0,12.0,221,34.9,84.2,-0.0147795967618019,12000,0.7173596335131767,442000,0.6270461975427244,168000,0.1286340111951582,24000,0.8961119362394476,24000,-0.1845143405109092,12000,480000,2.5657600000000005,60000.0,22.1,2025-11-21_09-33,1,0.9998063683548198,1,52217.27465928955,20.073021208819853,52303.979565080524
R_LN_3DBall_4440,3DBall,4440,ppo,0.0002793666768174,200000,54,10242,3.0,12.0,200,44.1,63.8,1.035283273202206,12000,0.5056720747447038,142000,0.6270461975427244,96000,0.2382992704664261,12000,1.000230350608062,12000,-0.8376557066257508,12000,180000,2.5657600000000005,48000.0,39.9,2025-11-21_09-33,1,0.99920516917022,1,52862.97419656027,38.04069000508472,52979.92324087099
R_AP_3DBall_1050,3DBall,1050,ppo,0.000136130152989,500000,45,8564,3.0,12.0,536,65.2,87.5,0.3859022878297274,12000,0.6957749275384499,442000,0.6270461975427244,108000,0.3287375037615627,12000,0.7365317521254608,12000,-0.5190501621794859,12000,480000,2.5657600000000005,48000.0,40.2,2025-11-21_09-33,1,0.9981195088182069,1,54014.42940054553,31.92876105657466,54853.10133326477
R_LN_3DBall_3226,3DBall,3226,ppo,0.0003303381849645,100000,137,25786,3.0,12.0,90,42.2,57.6,-0.7017724831783121,12000,-1.7261423205838595,46000,-1.9042573093979784,96000,-0.0522424553951149,36000,-0.6064596907272182,36000,0.7819224776427602,12000,84000,2.5657600000000005,,,2025-11-21_09-33,0,0.0074714628933882565,0,104625.74949810532,142.300899849861,100034.5611157292
R_LN_3DBall_3469,3DBall,3469,ppo,0.0003169463143865,100000,170,31908,3.0,12.0,100,47.7,64.9,-0.3033933680384595,12000,-1.7318489075983468,46000,-1.9124238027576088,96000,-0.0971055160060881,36000,-0.4713779570529052,36000,0.8403334941245689,12000,84000,2.5657600000000005,,,2025-11-21_09-33,0,0.010093524208473146,0,119907.56285376032,160.36057457150088,100200.93746759613
R_AK_3DBall_2072,3DBall,2072,ppo,0.0001305916656084,500000,130,24462,3.0,12.0,241,43.7,83.5,-0.6726040701237578,12000,0.7173596335131767,442000,0.6270461975427244,216000,-0.0145005155160421,36000,-0.6217712222520144,36000,0.7075811839386281,12000,480000,2.5657600000000005,84000.0,36.1,2025-11-21_09-33,1,0.95424945598629,1,102514.08851487412,52.82415701435209,120699.28520310402
R_LN_3DBall_4016,3DBall,4016,ppo,0.0003060463645098,200000,93,17486,3.0,12.0,179,44.0,60.9,-0.1314532489800257,12000,0.2081324157739475,142000,0.3386377301283813,192000,0.0503016831442525,24000,-0.0082891924918471,24000,0.1553315735651044,12000,180000,2.5657600000000005,72000.0,59.8,2025-11-21_09-33,1,0.8696335401686246,1,75269.1570897501,61.46470480331928,91529.87551174278
R_AP_3DBall_1289,3DBall,1289,ppo,0.000628400493494,500000,116,21830,3.0,12.0,524,63.3,89.9,-0.8007915696003577,12000,0.7173596335131767,442000,0.6270461975427244,300000,-0.0009703861254312,24000,-0.5680107337871744,24000,-0.1685840632885978,12000,480000,2.5657600000000005,72000.0,65.4,2025-11-21_09-33,1,0.9974573543392596,1,78650.67456982833,45.41539192058462,79722.01660378923
R_AK_3DBall_2551,3DBall,2551,ppo,0.0004149381976142,500000,163,30632,3.0,12.0,250,38.2,80.2,-0.3010905985867844,12000,0.6429082909190355,442000,0.6270461975427244,228000,-0.0785906021031467,36000,-0.8061901130617818,36000,0.4420765635667465,12000,480000,2.5657600000000005,84000.0,37.5,2025-11-21_09-33,1,0.998591022823808,1,109616.38934626487,50.93577830971085,110166.43094363542
R_LN_3DBall_3959,3DBall,3959,ppo,0.0003481606174005,200000,45,8566,3.0,12.0,196,44.7,59.7,0.6200171820833985,12000,0.7173596335131767,142000,0.6270461975427244,132000,0.319480046810092,12000,1.1730805287102055,12000,-0.8642061686629366,12000,180000,2.5657600000000005,48000.0,39.3,2025-11-21_09-33,1,0.995299073218523,1,50197.623150828236,39.568508958524845,50901.83315608742
R_AK_3DBall_2442,3DBall,2442,ppo,0.0001596028554787,500000,112,21041,3.0,12.0,240,45.8,83.7,-0.7232649980606174,12000,0.7173596335131767,442000,0.6270461975427244,180000,0.0246656485094106,24000,-0.651373516533287,24000,0.5057976724559924,12000,480000,2.5657600000000005,84000.0,36.0,2025-11-21_09-33,1,0.9914874716278864,1,91560.40343713798,43.05821106424645,95037.25709117397
R_LN_3DBall_3622,3DBall,3622,ppo,0.0008883203865832,200000,88,16521,3.0,12.0,174,39.2,62.7,0.1487170343071544,12000,0.4710004612128203,142000,0.5790451637916916,192000,0.0730892694863342,24000,-0.2699462534378086,24000,-0.418158406438168,12000,180000,2.5657600000000005,72000.0,57.9,2025-11-21_09-33,1,0.9985485639757643,1,60111.84875150008,49.40044926997774,60314.887453585885
R_AK_3DBall_2861,3DBall,2861,ppo,0.0003452392630714,500000,60,11254,3.0,12.0,299,50.8,84.4,1.2947286314243076,12000,0.7173596335131767,442000,0.6270461975427244,144000,0.2069663392460638,12000,1.6882285004555704,12000,-0.7686245053290678,12000,480000,2.5657600000000005,48000.0,22.4,2025-11-21_09-33,1,0.9999793577234658,1,48383.72976339305,18.684405698362045,48393.052151330616
R_LN_3DBall_4306,3DBall,4306,ppo,0.0005004948011848,200000,71,13373,3.0,12.0,192,44.3,62.8,0.0673525136812887,12000,0.5669744276775273,142000,0.623178265733616,120000,0.1450125888785293,24000,1.40955862670428,24000,-0.7420740432918702,12000,180000,2.5657600000000005,48000.0,38.5,2025-11-21_09-33,1,0.9724823407854112,1,55482.07400843619,41.249135319564715,59458.86904627121
R_LN_3DBall_3357,3DBall,3357,ppo,0.0005996363872123,100000,175,32962,3.0,12.0,94,39.8,57.7,-0.3955041461054778,12000,-1.727369062962083,46000,-1.905822532470064,96000,-0.1006660763720383,36000,-0.7398401431209983,36000,0.6757206294940051,12000,84000,2.5657600000000005,,,2025-11-21_09-33,0,0.05095261841305142,0,117815.94131842394,154.90638990944,100907.76885966698
R_AK_3DBall_2348,3DBall,2348,ppo,0.0008132221915936,500000,54,10184,3.0,12.0,240,43.9,82.9,1.0490998899122588,12000,0.6119541537843174,442000,0.6270461975427244,168000,0.2397234946128063,12000,1.745731807737583,12000,-2.536885277005831,12000,480000,2.5657600000000005,36000.0,12.0,2025-11-21_09-33,1,0.9999999365053291,1,37606.061064122325,16.1890745536047,37606.09042367328
R_LN_3DBall_3665,3DBall,3665,ppo,0.000783562325415,200000,181,33956,3.0,12.0,171,43.2,63.6,-0.4484678434940126,12000,-1.651586680054728,142000,-1.774475304096368,192000,-0.1028024125916085,36000,-0.7833929439026408,36000,0.8775041409766409,12000,180000,2.5657600000000005,144000.0,125.4,2025-11-21_09-33,1,0.5236631700910572,1,114753.32582105971,101.55637359522066,155359.45635973665
R_LN_3DBall_4461,3DBall,4461,ppo,0.0008891119944453,200000,161,30303,3.0,12.0,173,45.2,64.2,-0.179043817647985,12000,-1.3581891390735992,142000,-1.2245791746590748,192000,-0.1049387488111787,36000,-0.8408962511846532,36000,0.3995958243072374,12000,180000,2.5657600000000005,96000.0,80.9,2025-11-21_09-33,1,0.9902646796697551,1,98990.05231841592,71.3625118927288,99973.41651563742
R_AK_3DBall_2383,3DBall,2383,ppo,0.0004971695080559,500000,151,28404,3.0,12.0,211,27.1,83.0,-0.3463783978030684,12000,0.7173596335131767,442000,0.6270461975427244,252000,-0.068621033078486,36000,-0.718063742730177,36000,0.5004875800485553,12000,480000,2.5657600000000005,96000.0,36.9,2025-11-21_09-33,1,0.9980502124544796,1,101247.62748637213,47.13646832272004,102025.10989604593
R_AP_3DBall_1330,3DBall,1330,ppo,0.0005978012901119,500000,112,21009,3.0,12.0,430,62.2,89.1,-0.1928604343580379,12000,0.7173596335131767,442000,0.6270461975427244,168000,-0.0002582740522411,24000,-0.5237774204933188,24000,0.1128508343056071,12000,480000,2.5657600000000005,72000.0,53.7,2025-11-21_09-33,1,0.9985320037911813,1,75318.67442042353,42.15652808406466,75942.10499633042
R_AP_3DBall_1358,3DBall,1358,ppo,0.0007155999958302,500000,111,20952,3.0,12.0,511,61.4,90.1,-0.0877006293981918,12000,0.7173596335131767,442000,0.6270461975427244,216000,0.0189687519238903,24000,-0.3686205677087174,24000,-0.2163748949555322,12000,480000,2.5657600000000005,72000.0,63.9,2025-11-21_09-33,1,0.999658728105677,1,71962.92041163695,39.171759561309045,72108.99743662855
R_AK_3DBall_2565,3DBall,2565,ppo,0.0005023742157307,500000,45,8618,3.0,12.0,230,32.7,85.0,-0.3279562421896634,12000,0.7173596335131767,442000,0.6270461975427244,132000,0.304525693273101,12000,0.4946095540336809,12000,-0.5190501621794859,12000,480000,2.5657600000000005,48000.0,17.2,2025-11-21_09-33,1,0.999893801119781,1,52936.91459326795,21.280269091379147,52984.39219232541
R_LN_3DBall_4489,3DBall,4489,ppo,4.364077619013747e-05,200000,187,35116,3.0,12.0,180,44.6,64.8,-0.6864206868338107,12000,-1.734111179473977,142000,-1.917758970032972,168000,-0.1149083178358394,36000,-0.0154345738700853,36000,0.7288215535683767,12000,180000,2.5657600000000005,,,2025-11-21_09-33,0,0.042965004133096604,0,140092.3937364786,119.0679919921987,197426.0694492839
R_LN_3DBall_4305,3DBall,4305,ppo,0.0008362394746126,200000,52,9787,3.0,12.0,229,43.9,62.5,1.894983868494375,12000,0.6475098164794552,142000,0.6270461975427244,144000,0.2539657360766073,12000,1.8005130649707426,12000,-2.738668788488467,12000,180000,2.5657600000000005,36000.0,30.5,2025-11-21_09-33,1,0.9999997667675729,1,35820.413930347226,25.913415194206483,35820.45222235058
R_AK_3DBall_2466,3DBall,2466,ppo,0.0006745743906597,500000,153,28873,3.0,12.0,214,32.2,83.8,-0.7040752526299889,12000,0.7173596335131767,442000,0.6270461975427244,276000,-0.0736058175908164,36000,-0.7150014364252179,36000,0.2296728672692364,12000,480000,2.5657600000000005,120000.0,48.1,2025-11-21_09-33,1,0.9990429663022552,1,99648.12295979528,44.87061478356345,100031.27319707813
R_LN_3DBall_3762,3DBall,3762,ppo,0.0005183885436766,200000,60,11325,3.0,12.0,188,38.4,51.1,0.0151564061099791,12000,0.7173596335131767,142000,0.6270461975427244,132000,0.1905877615626927,12000,0.007022339032949,12000,-0.460639145697677,12000,180000,2.5657600000000005,60000.0,50.2,2025-11-21_09-33,1,0.9944931193632971,1,57700.06222679834,47.29050067765527,58483.690998725615
R_AK_3DBall_2340,3DBall,2340,ppo,0.0006567247370088,500000,80,15099,3.0,12.0,216,27.3,83.2,0.874089411584923,12000,0.7173596335131767,442000,0.6270461975427244,180000,0.1051343127798865,24000,0.0519361648390178,24000,0.1075407418981699,12000,480000,2.5657600000000005,60000.0,21.6,2025-11-21_09-33,1,0.9999740811487291,1,59258.12798340514,24.235911914721644,59269.5515064348
R_AK_3DBall_2634,3DBall,2634,ppo,0.0001904202232774,500000,74,14020,3.0,12.0,222,32.7,84.0,0.0727256424018659,12000,0.7173596335131767,442000,0.6270461975427244,192000,0.1208007783900676,24000,-0.149155282519972,24000,0.2296728672692364,12000,480000,2.5657600000000005,96000.0,38.8,2025-11-21_09-33,1,0.9995154869757304,1,70043.44699632595,29.303445443557933,70251.76654612627
R_AK_3DBall_2317,3DBall,2317,ppo,0.0003311492961843,500000,155,29074,3.0,12.0,211,29.4,83.9,-0.7063780220816642,12000,0.6953825686401519,442000,0.6270461975427244,288000,-0.0736058175908164,36000,-0.7309934804622271,36000,0.7606821080130115,12000,480000,2.5657600000000005,108000.0,42.2,2025-11-21_09-33,1,0.976824522557085,1,110265.37710717336,54.05703118948793,119297.66306874907
R_AK_3DBall_2494,3DBall,2494,ppo,0.0001268426005745,500000,127,23897,3.0,12.0,228,42.2,83.3,-0.6211755523696715,12000,0.7173596335131767,442000,0.6270461975427244,264000,-0.0209095241747526,24000,-0.4598092443452813,24000,0.8668839561617666,12000,480000,2.5657600000000005,108000.0,45.6,2025-11-21_09-33,1,0.9558401092905582,1,101191.72677462242,46.93920478820641,118803.05653427631
R_LN_3DBall_3285,3DBall,3285,ppo,0.0008494546179675,100000,146,27423,3.0,12.0,92,41.8,57.4,-0.8276572132032385,12000,-1.7273044975737557,46000,-1.900103150634996,96000,-0.0586514640538253,36000,-0.7252091241084153,36000,0.8137830320873831,12000,84000,2.5657600000000005,,,2025-11-21_09-33,0,0.038711671856464944,0,96208.74282741763,120.59730869916172,99853.23409641151
R_LN_3DBall_4395,3DBall,4395,ppo,0.0004689337316342,200000,54,10252,3.0,12.0,188,44.3,63.6,0.2692286356115036,12000,0.6798421763265488,142000,0.6270461975427244,132000,0.2468446153447068,12000,0.4912069914726151,12000,-0.4765694229199885,12000,180000,2.5657600000000005,48000.0,37.5,2025-11-21_09-33,1,0.9972106545552335,1,55364.81536275483,39.0495053541573,55768.25285617569
R_AK_3DBall_2386,3DBall,2386,ppo,0.0008376420696857,500000,65,12201,3.0,12.0,218,26.4,82.9,-0.2596407484566256,12000,0.7173596335131767,442000,0.6270461975427244,144000,0.1699365114401812,24000,0.2707209375155501,24000,-0.0783124923621542,12000,480000,2.5657600000000005,60000.0,21.8,2025-11-21_09-33,1,0.9998536349111405,1,53568.78408780697,21.51184357893576,53634.12603239359
R_LN_3DBall_3565,3DBall,3565,ppo,0.0006459609902079,200000,185,34750,3.0,12.0,174,43.6,62.9,-0.3686385025025971,12000,-1.6935268663417913,142000,-1.8588065320197509,192000,-0.1120598695430792,36000,-0.4203395186369179,36000,0.5535885041229387,12000,180000,2.5657600000000005,156000.0,139.4,2025-11-21_09-33,1,0.4278306485382225,0,116831.9523814305,109.48390315048316,164418.16024968965
R_LN_3DBall_4300,3DBall,4300,ppo,0.0002380011365422,200000,171,32119,3.0,12.0,180,44.2,65.8,-0.3417728588997163,12000,-1.7072172119513944,142000,-1.8795979548043105,180000,-0.1141962057626494,36000,-0.1171711944459533,36000,0.6757206294940051,12000,180000,2.5657600000000005,180000.0,168.4,2025-11-21_09-33,1,0.22861539360003816,0,120365.03037072784,100.60176917167404,181794.22007387687
R_AP_3DBall_1094,3DBall,1094,ppo,0.0007343159712933,500000,137,25796,3.0,12.0,417,56.6,89.6,-0.7086807915333394,12000,0.7065573473891475,442000,0.6270461975427244,240000,-0.0700452572248662,36000,-0.7058145175103402,36000,0.4633169331964951,12000,480000,2.5657600000000005,96000.0,73.0,2025-11-21_09-33,1,0.9836958254926556,1,89124.71337771387,52.15327462541595,95823.6957515588
R_AK_3DBall_2153,3DBall,2153,ppo,0.000518489809566,500000,88,16557,3.0,12.0,249,43.5,83.4,0.0335785617233824,12000,0.6808752225397894,442000,0.6270461975427244,156000,0.071665045339954,24000,0.0961694781328735,24000,0.070370095046098,12000,480000,2.5657600000000005,60000.0,24.9,2025-11-21_09-33,1,0.9994189101690573,1,65947.12819834719,29.92260663413554,66199.35190824262
R_LN_3DBall_4063,3DBall,4063,ppo,0.000375377398338,200000,181,34014,3.0,12.0,172,44.2,61.6,-0.3103016763934851,12000,-1.6693868609597944,142000,-1.8288713184384595,192000,-0.1149083178358394,36000,-0.6210907097398012,36000,0.6597903522716937,12000,180000,2.5657600000000005,144000.0,126.3,2025-11-21_09-33,1,0.5042044779995518,1,125674.5521078475,109.48121498589124,162524.77634345437
R_AK_3DBall_2831,3DBall,2831,ppo,0.0007496257373344,500000,59,11149,3.0,12.0,262,51.9,84.7,0.0074805079377267,12000,0.7173596335131767,442000,0.6270461975427244,96000,0.2105268996120141,12000,1.3398060942024308,12000,-0.9332373699596316,12000,480000,2.5657600000000005,48000.0,19.7,2025-11-21_09-33,1,0.9999673006192309,1,47587.60526603543,17.78623027523317,47602.3988711955
R_AK_3DBall_2023,3DBall,2023,ppo,0.0005139110434227,500000,130,24413,3.0,12.0,226,40.0,84.4,-0.3187451643829626,12000,0.6389648356627232,442000,0.6270461975427244,228000,-0.0394244380776939,36000,-0.4050279871121217,36000,0.2084324976394878,12000,480000,2.5657600000000005,84000.0,33.9,2025-11-21_09-33,1,0.9980913844803351,1,85940.12047214463,42.722713974224185,86730.40158428208
R_AK_3DBall_2341,3DBall,2341,ppo,8.438999123902009e-05,500000,83,15707,3.0,12.0,229,40.4,82.9,-0.4922204630758465,12000,0.7173596335131767,442000,0.6270461975427244,156000,0.0958768558284157,24000,-0.3196236668293695,24000,0.7075811839386281,12000,480000,2.5657600000000005,72000.0,28.6,2025-11-21_09-33,1,0.9818058450021897,1,80726.92065941246,36.79471503291848,88355.24005134431
R_LN_3DBall_3065,3DBall,3065,ppo,0.0007782760233561,100000,73,13845,3.0,12.0,99,41.5,55.6,0.2024483215129159,12000,-1.5780442194655049,46000,-1.5259503708763429,96000,0.1293461232683483,24000,0.5864787431824582,24000,-0.2641657266224785,12000,84000,2.5657600000000005,60000.0,56.5,2025-11-21_09-33,1,0.6046405785416016,1,56542.40358648768,69.68712327292458,73723.77376250649
R_LN_3DBall_3726,3DBall,3726,ppo,0.0002550523999872,200000,183,34328,3.0,12.0,173,43.3,51.2,0.1241541601559505,12000,-1.6900304022354389,142000,-1.8569653964786152,192000,-0.1277263351532603,36000,-0.400604655782736,36000,0.6651004446791309,12000,180000,2.5657600000000005,156000.0,138.6,2025-11-21_09-33,1,0.3680491613686977,0,124482.33797234386,118.54777581315324,172205.7878221964
R_AP_3DBall_1346,3DBall,1346,ppo,0.0004654366399586,500000,164,30925,3.0,12.0,432,62.1,88.3,-0.2918795207800819,12000,0.6501271979908863,442000,0.6270461975427244,228000,-0.0835753866154772,36000,-0.8609713702949415,36000,0.4739371180113694,12000,480000,2.5657600000000005,96000.0,75.6,2025-11-21_09-33,1,0.9894469556154922,1,110196.21042790865,65.12517004802893,114309.82712051226
R_LN_3DBall_3993,3DBall,3993,ppo,0.0004563828506893,200000,32,6157,3.0,12.0,214,44.5,61.0,5.181803465852476,12000,0.6094162373662123,142000,0.6270461975427244,96000,0.4718720304727631,12000,2.2302567164333555,12000,-2.287310933856261,12000,180000,2.5657600000000005,36000.0,28.5,2025-11-21_09-33,1,0.9999999972037248,1,30967.28154515846,22.179334841169876,30967.28201782046
R_LN_3DBall_4501,3DBall,4501,ppo,0.0007362981703694,200000,184,34554,3.0,12.0,170,44.9,64.5,-0.5405786215610309,12000,-1.6514625158464056,142000,-1.7730364334633797,192000,-0.1198931023481697,36000,-0.6731499169241083,36000,0.4367664711593093,12000,180000,2.5657600000000005,144000.0,124.4,2025-11-21_09-33,1,0.9110529457729297,1,116134.45206243715,88.68321884411712,123594.04550262251
R_AK_3DBall_2523,3DBall,2523,ppo,0.0001838148530181,500000,144,27169,3.0,12.0,230,44.6,85.1,-0.2258667964987192,12000,0.7173596335131767,442000,0.6270461975427244,264000,-0.0501061191755447,36000,-0.4863492323215946,36000,0.5376582269006271,12000,480000,2.5657600000000005,96000.0,40.2,2025-11-21_09-33,1,0.994169033071902,1,106040.31102121498,49.40406368151314,108337.47693865406
R_LN_3DBall_3915,3DBall,3915,ppo,0.0003234854397079,200000,75,14248,3.0,12.0,184,46.6,62.0,-0.6050561662079433,12000,0.3501762700945138,142000,0.6004013046203811,168000,0.1236492266828278,24000,-0.3175821292927301,24000,0.2456031444915479,12000,180000,2.5657600000000005,72000.0,61.5,2025-11-21_09-33,1,0.8044084084037639,1,73842.2353615517,59.819691580424454,98517.63333940916
R_AK_3DBall_2832,3DBall,2832,ppo,0.0007892969317732,500000,134,25296,3.0,12.0,215,33.9,84.2,-0.2105150001542162,12000,0.6929092176103744,442000,0.6270461975427244,240000,-0.0394244380776939,36000,-0.6493319789966475,36000,0.5960692433824359,12000,480000,2.5657600000000005,96000.0,37.6,2025-11-21_09-33,1,0.9997496815678236,1,87245.44051027244,33.661216951406104,87348.76058447755
R_LN_3DBall_4223,3DBall,4223,ppo,0.0001499218441824,200000,96,18165,3.0,12.0,179,44.6,68.1,-0.3901310173849007,12000,-0.442001312137616,142000,0.1080548432602057,180000,0.0624075883884834,24000,-0.6251737848130802,24000,0.5057976724559924,12000,180000,2.5657600000000005,84000.0,71.4,2025-11-21_09-33,1,0.8019395933740027,1,87790.78783599351,69.34227640895546,110014.99002437944
R_AK_3DBall_2716,3DBall,2716,ppo,7.756954432565695e-05,500000,165,31028,3.0,12.0,216,33.0,83.4,-0.6864206868338107,12000,0.550992010782297,442000,0.577407739325836,492000,-0.0842874986886671,36000,-0.1583422014348497,36000,0.7394417383832629,12000,480000,2.5657600000000005,192000.0,80.9,2025-11-21_09-33,1,0.8946035139191341,1,122127.29484784724,57.43074515555441,161953.75015675527
R_LN_3DBall_3311,3DBall,3311,ppo,0.0006435675329617,100000,170,31981,3.0,12.0,94,39.7,63.0,-0.3717088617714973,12000,-1.7295022040610577,46000,-1.9090122869019752,84000,-0.0978176280792782,36000,-0.7711437186828038,36000,0.6597903522716937,12000,84000,2.5657600000000005,,,2025-11-21_09-33,0,0.07031365871985773,0,112431.31568822608,148.0428514155727,100874.09128874073
R_AK_3DBall_2290,3DBall,2290,ppo,0.0008852292173052,500000,145,27308,3.0,12.0,214,28.5,81.9,-0.1314532489800257,12000,0.7173596335131767,442000,0.6270461975427244,240000,-0.0501061191755447,36000,-0.5819612402875443,36000,0.4049059167146746,12000,480000,2.5657600000000005,96000.0,37.4,2025-11-21_09-33,1,0.9996936571542978,1,86866.50957231518,38.104575884395686,86993.07006142767
R_AP_3DBall_1201,3DBall,1201,ppo,0.000441291775025,500000,103,19421,3.0,12.0,421,55.0,90.6,0.055071076605686,12000,0.7173596335131767,442000,0.6270461975427244,168000,0.0075749587528494,24000,-0.595231234275701,24000,0.2456031444915479,12000,480000,2.5657600000000005,72000.0,52.6,2025-11-21_09-33,1,0.9980704073103907,1,76246.31861543791,43.58845348176191,77063.99062123262
R_AK_3DBall_2027,3DBall,2027,ppo,0.0007063408929922,500000,156,29290,3.0,12.0,226,40.2,84.7,-0.5474869299160582,12000,0.7173596335131767,442000,0.6270461975427244,264000,-0.067908921005296,36000,-0.8473611200506782,36000,0.2456031444915479,12000,480000,2.5657600000000005,96000.0,39.5,2025-11-21_09-33,1,0.9989626670000317,1,97198.38001549117,48.609649135996065,97616.2194283418
R_LN_3DBall_4495,3DBall,4495,ppo,0.0006707736134914,200000,187,35138,3.0,12.0,173,45.3,64.2,-0.6419004774347518,12000,-1.6868964976173872,142000,-1.8432393957986928,192000,-0.1312868955192106,36000,-0.6748511982046412,36000,0.7341316459758139,12000,180000,2.5657600000000005,156000.0,138.1,2025-11-21_09-33,1,0.6926822199987183,1,123478.11431568232,94.35901362876218,146994.6503456987
R_AP_3DBall_1076,3DBall,1076,ppo,0.0003083616788489,500000,49,9196,3.0,12.0,652,64.7,87.8,2.4914011564783185,12000,0.6798421763265488,442000,0.6270461975427244,120000,0.2874350035165397,12000,1.2724353554933274,12000,-1.3261842081100286,12000,480000,2.5657600000000005,36000.0,32.6,2025-11-21_09-33,1,0.9999985212397045,1,42186.208936896786,24.04000343757909,42186.885933753765
R_LN_3DBall_3909,3DBall,3909,ppo,0.0001187321107694,200000,88,16523,3.0,12.0,195,43.3,59.5,-0.4638196398385156,12000,-1.7260107065230383,142000,-1.905972092500016,192000,0.0730892694863342,24000,0.285351956528133,24000,0.5270380420857529,12000,180000,2.5657600000000005,,,2025-11-21_09-33,0,0.16788545782604505,0,78676.55605112546,66.76421262375058,179631.5580676107
R_LN_3DBall_4326,3DBall,4326,ppo,0.0001111917090141,200000,105,19860,3.0,12.0,182,44.1,63.3,-0.4392567656873118,12000,-1.3726716523322977,142000,-1.3172909215021922,180000,0.0089991828992295,24000,-0.4615105256258143,24000,0.7500619231981372,12000,180000,2.5657600000000005,96000.0,84.7,2025-11-21_09-33,1,0.48489995950903436,0,93756.5498920867,72.69353302989411,148482.5553445727
R_LN_3DBall_3232,3DBall,3232,ppo,0.0002251736162059,100000,78,14635,3.0,12.0,96,40.4,57.0,-0.5213888761304025,12000,-1.71093468834856,46000,-1.869226740313488,96000,0.1051343127798865,24000,-0.4846479510410618,24000,0.0916104646758466,12000,84000,2.5657600000000005,84000.0,82.2,2025-11-21_09-33,1,0.15016865201662002,0,73821.33424863179,99.07882714574009,96068.78505252338
R_AK_3DBall_2833,3DBall,2833,ppo,0.0004694744572616,500000,51,9658,3.0,12.0,278,50.2,83.1,0.8809977199399504,12000,0.6192872919278253,442000,0.6270461975427244,96000,0.263935305101268,12000,0.9821967690344128,12000,-0.8960667231075714,12000,480000,2.5657600000000005,36000.0,13.9,2025-11-21_09-33,1,0.9999961322184872,1,48166.51129769779,18.33847234943321,48168.25889091228
R_LN_3DBall_3641,3DBall,3641,ppo,0.0008410183781868,200000,175,32857,3.0,12.0,177,43.0,63.6,-0.5774229327878375,12000,-1.5268537996584393,142000,-1.6108231092530003,180000,-0.0992418522256582,36000,-0.8997605834910918,36000,0.6013793357898731,12000,180000,2.5657600000000005,108000.0,94.4,2025-11-21_09-33,1,0.7686616161772949,1,109636.61583429809,97.36801638038747,130541.1350839418
R_AK_3DBall_2494,3DBall,2494,ppo,0.0001268426005745,500000,127,23897,3.0,12.0,228,42.2,83.3,-0.6211755523696715,12000,0.7173596335131767,442000,0.6270461975427244,264000,-0.0209095241747526,24000,-0.4598092443452813,24000,0.8668839561617666,12000,480000,2.5657600000000005,108000.0,45.6,2025-11-21_09-33,1,0.9558401092905582,1,101191.72677462242,46.93920478820641,118803.05653427631
R_AK_3DBall_2584,3DBall,2584,ppo,0.0006146010572941,500000,114,21426,3.0,12.0,260,47.1,85.0,0.1134079027147979,12000,0.6473657859978013,442000,0.6270461975427244,216000,0.0111355191187997,24000,-0.4635520631624537,24000,0.2562233293064223,12000,480000,2.5657600000000005,72000.0,32.5,2025-11-21_09-33,1,0.9998828633580706,1,76530.2683046772,31.952590652700643,76579.87212700672
R_AK_3DBall_2407,3DBall,2407,ppo,0.0003718859307552,500000,101,18991,3.0,12.0,226,43.4,83.2,0.158695701931082,12000,0.7173596335131767,442000,0.6270461975427244,216000,0.0503016831442525,24000,-0.3975423494777769,24000,0.1553315735651044,12000,480000,2.5657600000000005,72000.0,28.2,2025-11-21_09-33,1,0.9997735648522134,1,75358.31427889771,33.67974673025809,75454.46808176034
R_AK_3DBall_2648,3DBall,2648,ppo,0.0002943623668212,500000,136,25679,3.0,12.0,215,32.9,84.5,-0.4500030231284627,12000,0.6798049270640524,442000,0.6270461975427244,300000,-0.0579393519806353,36000,-0.416936956075852,36000,0.6757206294940051,12000,480000,2.5657600000000005,120000.0,48.3,2025-11-21_09-33,1,0.991085659660094,1,100806.22359746885,44.22567873342633,104364.77278189336
R_AK_3DBall_2350,3DBall,2350,ppo,0.0007468464308279,500000,32,6126,3.0,12.0,302,50.5,83.0,5.6715257692421215,12000,0.6716299555881204,442000,0.6270461975427244,300000,0.4611903493749123,12000,2.3422010246924208,12000,-3.683865237012388,12000,480000,2.5657600000000005,24000.0,7.6,2025-11-21_09-33,1,0.9999999999999591,1,24414.478023029693,9.432973214662802,24414.478023049123
R_AK_3DBall_2090,3DBall,2090,ppo,0.0001096586046063,500000,159,29854,3.0,12.0,238,41.9,82.3,-0.1352911980661511,12000,0.7173596335131767,442000,0.6270461975427244,264000,-0.0842874986886671,36000,-0.7214663052912429,36000,0.7182013687535025,12000,480000,2.5657600000000005,96000.0,41.6,2025-11-21_09-33,1,0.982050433591193,1,115656.2026358383,61.26522691663238,122555.00715043937
R_LN_3DBall_3127,3DBall,3127,ppo,0.0003594425846382,100000,81,15225,3.0,12.0,109,41.6,56.0,-0.0792571414087143,12000,-1.5346885612035683,46000,-1.314544689917725,96000,0.0951647437552258,24000,0.1278133099507857,24000,-0.2163748949555322,12000,84000,2.5657600000000005,60000.0,62.3,2025-11-21_09-33,1,0.2926606777211181,0,67135.20237775557,90.26838466679699,90381.76605470656
R_LN_3DBall_3996,3DBall,3996,ppo,0.0008175339088112,200000,161,30286,3.0,12.0,180,43.7,61.1,-0.6242459116385718,12000,-1.3274733972188604,142000,-1.1663848512804391,192000,-0.0558030157610651,36000,-0.9018021210277314,36000,0.2615334217138594,12000,180000,2.5657600000000005,96000.0,84.1,2025-11-21_09-33,1,0.9540176906706607,1,102252.98772934402,84.18522788469245,106747.62108359205
R_AK_3DBall_2346,3DBall,2346,ppo,0.0006334399628706,500000,120,22584,3.0,12.0,248,42.7,82.4,-0.9880834850032946,12000,0.6051772712940934,442000,0.6270461975427244,192000,0.002590174240519,24000,-0.5363669019692624,24000,-0.0570721227324056,12000,480000,2.5657600000000005,84000.0,37.2,2025-11-21_09-33,1,0.9990730859544804,1,82366.08012749553,37.899725287288774,82753.19087371076
R_AK_3DBall_2909,3DBall,2909,ppo,0.0002835845347028,500000,49,9245,3.0,12.0,227,33.5,84.1,-0.5613035466261095,12000,0.7173596335131767,442000,0.6270461975427244,156000,0.2703443137599784,12000,-0.2968264976702286,12000,0.3624251774551772,12000,480000,2.5657600000000005,60000.0,22.7,2025-11-21_09-33,1,0.9993820226258014,1,62814.0170015087,24.00991427978066,63084.18804731852
R_AK_3DBall_2081,3DBall,2081,ppo,0.0004812642763635,500000,138,26039,3.0,12.0,230,41.8,83.9,-0.1828817667341103,12000,0.6801501035631877,442000,0.6270461975427244,252000,-0.0458334467364044,36000,-0.5322838268959833,36000,0.1553315735651044,12000,480000,2.5657600000000005,96000.0,40.2,2025-11-21_09-33,1,0.9990249995789061,1,92275.06404260466,45.462780178244216,92672.5960268536
R_LN_3DBall_3107,3DBall,3107,ppo,0.0004448842872104,100000,43,8233,3.0,12.0,103,39.9,55.8,0.1533225732105065,12000,-1.2349437458930104,46000,-0.3644336561920081,96000,0.318767934736902,12000,0.4544593158131045,12000,-0.2854060962522271,12000,84000,2.5657600000000005,48000.0,44.2,2025-11-21_09-33,1,0.5700455611524805,1,54003.97836273617,67.57935918126091,73780.1720350043
R_AK_3DBall_2050,3DBall,2050,ppo,0.0005626153803667,500000,158,29729,3.0,12.0,211,28.2,82.5,-0.4292780980633842,12000,0.7173596335131767,442000,0.6270461975427244,276000,-0.0586514640538253,36000,-0.7388193743526785,36000,0.5482784117155015,12000,480000,2.5657600000000005,96000.0,36.9,2025-11-21_09-33,1,0.9956805190263683,1,104088.1098518798,51.891696372687115,105798.24372860916
R_LN_3DBall_4023,3DBall,4023,ppo,0.0002989138907418,200000,165,31000,3.0,12.0,175,43.9,61.8,-0.3187451643829626,12000,-1.6046252931831153,142000,-1.7311338388647075,192000,-0.1106356453966991,36000,-0.7578737246946472,36000,0.6119995206047475,12000,180000,2.5657600000000005,108000.0,93.5,2025-11-21_09-33,1,0.5978267145546509,1,118283.2109949842,103.76003192338541,151147.52050517578
R_LN_3DBall_3009,3DBall,3009,ppo,0.0007558952768987,100000,176,33163,3.0,12.0,102,45.6,66.8,-0.5183185168615022,12000,-1.729313474464408,46000,-1.908898827568908,84000,-0.0814390503959069,36000,-0.7891773002564527,36000,0.6226197054196217,12000,84000,2.5657600000000005,,,2025-11-21_09-33,0,0.046318304653088616,0,114380.79022191327,158.77736028321308,100666.09382265074
R_LN_3DBall_3382,3DBall,3382,ppo,0.0001888661289162,100000,163,30588,3.0,12.0,92,40.5,57.8,-0.7854397732558547,12000,-1.7361772719004578,46000,-1.9198115525130048,84000,-0.0935449556401379,36000,0.2489445371247288,36000,0.7553720156055744,12000,84000,2.5657600000000005,,,2025-11-21_09-33,0,0.00042538013789169345,0,116955.96267382563,163.29712873000076,100007.21272974028
R_LN_3DBall_3099,3DBall,3099,ppo,0.0002711417094158,100000,67,12573,3.0,12.0,97,43.3,56.3,0.0765635914879913,12000,-1.5896808890694587,46000,-1.548701545777517,96000,0.1613911665619005,24000,0.3159750195777254,24000,0.0969205570832956,12000,84000,2.5657600000000005,60000.0,55.4,2025-11-21_09-33,1,0.1177189767746725,0,63857.57402086062,84.699352831492,95745.35059558137
R_AK_3DBall_2615,3DBall,2615,ppo,0.0003205162470493,500000,142,26653,3.0,12.0,241,45.6,83.9,-0.4154614813533313,12000,0.6922312810329354,442000,0.6270461975427244,252000,-0.0650604727125358,36000,-0.5744756026531995,36000,0.2402930520841107,12000,480000,2.5657600000000005,96000.0,42.2,2025-11-21_09-33,1,0.9985050884984994,1,98111.48727653168,45.18417871366239,98712.27503652297
R_AK_3DBall_2498,3DBall,2498,ppo,0.000722783597871,500000,159,29822,3.0,12.0,234,45.3,83.7,-0.6764420192098831,12000,0.7173596335131767,442000,0.6270461975427244,300000,-0.0800148262495269,36000,-0.8912541770884274,36000,0.4420765635667465,12000,480000,2.5657600000000005,96000.0,40.9,2025-11-21_09-33,1,0.9989820354514024,1,100307.72632722647,45.173889628749606,100714.59889217373
R_AK_3DBall_2246,3DBall,2246,ppo,0.0001162449220978,500000,37,6942,3.0,12.0,317,45.8,82.1,3.13540901313022,12000,0.7104883862246275,442000,0.6270461975427244,72000,0.3985244869341878,12000,3.0778350503948517,12000,-0.773934597736505,12000,480000,2.5657600000000005,36000.0,15.8,2025-11-21_09-33,1,0.9999779972406335,1,38289.783370974816,16.121585940196177,38299.942269768355
R_AK_3DBall_2946,3DBall,2946,ppo,0.000711822396232,500000,130,24401,3.0,12.0,237,44.1,84.5,-0.4093207628155307,12000,0.7173596335131767,442000,0.6270461975427244,228000,-0.0415607742972641,36000,-0.5023412763586041,36000,0.0066489861568521,12000,480000,2.5657600000000005,84000.0,35.5,2025-11-21_09-33,1,0.9999113100501171,1,81878.02956801277,32.61967660931219,81915.11278461531
R_AK_3DBall_2366,3DBall,2366,ppo,0.0002647593118685,500000,139,26074,3.0,12.0,244,45.3,83.7,-0.1214745813560981,12000,0.680224602088181,442000,0.6270461975427244,300000,-0.0323033173457934,36000,-0.4108123434659335,36000,0.3305646230105543,12000,480000,2.5657600000000005,84000.0,36.6,2025-11-21_09-33,1,0.9974903483653491,1,95773.80474504757,46.3232057671515,96788.27167673787
R_LN_3DBall_4046,3DBall,4046,ppo,0.0002698291232267,200000,60,11267,3.0,12.0,189,44.0,61.0,0.1395059565004536,12000,0.7173596335131767,142000,0.6270461975427244,132000,0.2062542271728737,12000,0.5776320805236869,12000,0.0756801874535352,12000,180000,2.5657600000000005,48000.0,37.9,2025-11-21_09-33,1,0.8876110618313596,1,60872.00956697104,47.59212838313961,76508.45668127591
R_LN_3DBall_4342,3DBall,4342,ppo,0.0005641794130764,200000,156,29285,3.0,12.0,177,44.9,62.9,-0.5889367800462153,12000,-1.229857979920134,142000,-0.6815473348723459,192000,-0.0828632745422871,36000,-0.9259603152112988,36000,0.3571150850477401,12000,180000,2.5657600000000005,96000.0,82.4,2025-11-21_09-33,1,0.9345328456076551,1,105997.62920287249,84.09163315930306,112151.69692509448
R_LN_3DBall_3288,3DBall,3288,ppo,0.0007705641724813,100000,71,13434,3.0,12.0,98,40.0,57.7,0.0005721995827011,12000,-1.4333209015293462,46000,-0.9951566673336318,96000,0.1357551319270587,24000,1.1356523405384813,24000,-0.6464923799579895,12000,84000,2.5657600000000005,48000.0,42.0,2025-11-21_09-33,1,0.5617788443797589,1,53355.79004665341,64.14056589892142,73796.2696354021
U_OE_3DBall_5,3DBall,5,sac,0.0003,500000,64,200000,,12.0,485,46.9,72.8,-3.729146722314311,12000,0.5019694980525369,442000,0.6270461975427244,72000,-18.565020022116887,12000,-1.4053813800654726,12000,-10.22589908297569,12000,480000,2.5657600000000005,60000.0,48.5,2025-11-21_09-33,1,0.9979532948645604,1,52415.90224105906,40.401146296213234,53331.974912483376
R_LN_3DBall_3233,3DBall,3233,ppo,0.0006394989926261,100000,106,20017,3.0,12.0,91,41.9,57.1,0.3160516144622378,12000,-1.6902340315370874,46000,-1.8318779907647396,96000,0.0346352175340713,24000,-0.576517140189839,24000,0.2668435141212966,12000,84000,2.5657600000000005,72000.0,65.0,2025-11-21_09-33,1,0.726374786091787,1,75998.7007773204,94.30267404594625,82566.06141120114
R_AK_3DBall_2455,3DBall,2455,ppo,0.0002714415605649,500000,45,8508,3.0,12.0,273,49.7,83.9,0.8694838726815727,12000,0.6799588906823716,442000,0.6270461975427244,132000,0.3002530208339606,12000,2.350367174838979,12000,-1.4961071651480295,12000,480000,2.5657600000000005,36000.0,13.7,2025-11-21_09-33,1,0.9999443902469554,1,43506.43304987855,18.927615662529984,43531.81854440311
R_LN_3DBall_3823,3DBall,3823,ppo,0.0002895420249935,200000,64,12150,3.0,12.0,183,42.8,51.1,0.0074805079377267,12000,0.6716001561781232,142000,0.6270461975427244,156000,0.1827545287576021,24000,0.0563594961684034,24000,-0.1579638784737234,12000,180000,2.5657600000000005,60000.0,48.7,2025-11-21_09-33,1,0.9646537493098762,1,64606.557163624435,53.376651268799876,69392.20773591791
R_AK_3DBall_2620,3DBall,2620,ppo,3.7535447217927925e-05,500000,58,10976,3.0,12.0,244,48.0,84.2,0.2116593993196184,12000,0.7173596335131767,442000,0.6270461975427244,228000,0.1934362098554529,12000,-0.0218994427361104,12000,0.6279297978270589,12000,480000,2.5657600000000005,84000.0,36.6,2025-11-21_09-33,1,0.9979059500255222,1,67544.71914549607,27.950589336705523,68450.30211533225
R_AK_3DBall_2004,3DBall,2004,ppo,0.0004042798403166,500000,38,7291,3.0,12.0,296,49.2,85.0,2.2933629836342293,12000,0.680301583897341,442000,0.6270461975427244,120000,0.3650552194942553,12000,2.5916088604185457,12000,-2.6165366631174005,12000,480000,2.5657600000000005,36000.0,14.8,2025-11-21_09-33,1,0.9999999102860957,1,34990.056047609156,16.382496811399463,34990.09776546677
R_AK_3DBall_2709,3DBall,2709,ppo,0.0001204590629803,500000,91,17199,3.0,12.0,252,47.0,83.4,0.3429172580651186,12000,0.7173596335131767,442000,0.6270461975427244,168000,0.071665045339954,24000,0.4789577662527783,24000,0.5748288737526873,12000,480000,2.5657600000000005,60000.0,25.2,2025-11-21_09-33,1,0.9947492555312802,1,75508.20216894033,31.26548260061618,77737.10012841868
R_LN_3DBall_3194,3DBall,3194,ppo,0.0002418063798631,100000,139,26087,3.0,12.0,90,42.5,56.9,-0.4661224092901909,12000,-1.729152060993589,46000,-1.9079137942681883,96000,-0.0622120244197756,36000,-0.39822286198999,36000,0.6491701674568193,12000,84000,2.5657600000000005,,,2025-11-21_09-33,0,0.008235575843939481,0,103084.19057077848,144.70572761963618,100025.4000853628
R_AP_3DBall_1053,3DBall,1053,ppo,0.0002893893925795,500000,134,25205,3.0,12.0,518,65.7,87.9,-0.967358559938216,12000,0.6515327368290933,442000,0.6270461975427244,216000,-0.0315912052726034,36000,-0.5013205075902843,36000,0.3411848078254286,12000,480000,2.5657600000000005,84000.0,77.7,2025-11-21_09-33,1,0.8553613873623723,1,97732.4045948207,62.960844188429085,155915.83150330035
R_AK_3DBall_2021,3DBall,2021,ppo,0.000848695215761,500000,175,32912,3.0,12.0,222,37.5,84.2,-0.6211755523696715,12000,0.6893804708098582,442000,0.6270461975427244,276000,-0.0928328435669478,36000,-0.8466806075384651,36000,0.5748288737526873,12000,480000,2.5657600000000005,108000.0,44.4,2025-11-21_09-33,1,0.9969344022219295,1,107063.54411013394,52.459307082002894,108268.12923623281
R_AP_3DBall_1134,3DBall,1134,ppo,0.0008194901092012,500000,146,27502,3.0,12.0,442,65.4,89.5,-0.2780629040700289,12000,0.7173596335131767,442000,0.6270461975427244,192000,-0.0643483606393457,36000,-0.1586824576909562,36000,-0.0039711986580222,12000,480000,2.5657600000000005,72000.0,55.2,2025-11-21_09-33,1,0.9963359707277413,1,84231.76032750394,49.09368829353474,85755.14732813944
R_AK_3DBall_2682,3DBall,2682,ppo,0.0002390007732128,500000,58,10946,3.0,12.0,287,51.6,85.0,1.3054748888654586,12000,0.6814091286355748,442000,0.6270461975427244,108000,0.2026936668069235,12000,1.6963946506021286,12000,-1.3155640232951544,12000,480000,2.5657600000000005,36000.0,14.4,2025-11-21_09-33,1,0.9999930029638431,1,47995.011663678866,20.028955833195884,47998.17435892536
R_LN_3DBall_3954,3DBall,3954,ppo,0.0003660213459888,200000,136,25640,3.0,12.0,173,44.0,59.6,-0.4883825139897212,12000,-1.543288174271962,142000,-1.5418295202633343,192000,-0.0344396535653636,36000,-0.6023766156539392,36000,0.6757206294940051,12000,180000,2.5657600000000005,120000.0,104.1,2025-11-21_09-33,1,0.5153049654353855,1,102313.3318618052,86.27644080631099,149661.57485154955
R_AK_3DBall_2604,3DBall,2604,ppo,0.0006444487514344,500000,94,17700,3.0,12.0,246,47.8,84.2,-0.0071036985895512,12000,0.7173596335131767,442000,0.6270461975427244,144000,0.0602712521689132,24000,0.653168969379348,24000,-0.1845143405109092,12000,480000,2.5657600000000005,60000.0,24.6,2025-11-21_09-33,1,0.999664623731646,1,63303.93858424914,25.83190193534024,63450.39607973164
R_LN_3DBall_3507,3DBall,3507,ppo,0.0005712202489144,200000,69,13114,3.0,12.0,189,48.9,69.4,0.0757960016707662,12000,0.6625610018122688,142000,0.6270461975427244,156000,0.1457247009517194,24000,0.9604203686435916,24000,-0.1845143405109092,12000,180000,2.5657600000000005,60000.0,50.4,2025-11-21_09-33,1,0.8430283585823843,1,58172.48674257181,48.8199945951727,80435.38429676896
R_AK_3DBall_2481,3DBall,2481,ppo,0.0004271361250021,500000,126,23704,3.0,12.0,232,45.1,83.0,0.1763502677272602,12000,0.7173596335131767,442000,0.6270461975427244,216000,-0.0401365501508839,24000,-0.2634813845717836,24000,0.2827737913436081,12000,480000,2.5657600000000005,84000.0,34.8,2025-11-21_09-33,1,0.9994624189124495,1,84597.06634968608,37.637937599001965,84820.3791105295
R_AK_3DBall_2663,3DBall,2663,ppo,0.0004112517416155,500000,89,16699,3.0,12.0,216,32.7,84.1,-0.5298323641198782,12000,0.7173596335131767,442000,0.6270461975427244,168000,0.057422803876153,24000,-0.3396987859396579,24000,0.4526967483816208,12000,480000,2.5657600000000005,72000.0,27.0,2025-11-21_09-33,1,0.9983141820523903,1,73546.11362583148,30.538447789606863,74265.03724130896
R_AP_3DBall_1005,3DBall,1005,ppo,0.0002906705736218,500000,145,27196,3.0,12.0,444,63.9,90.2,-0.6518791450586776,12000,0.6818685362063669,442000,0.6270461975427244,240000,-0.0515303433219248,36000,-0.6551163353504594,36000,0.7925426624576345,12000,480000,2.5657600000000005,96000.0,77.8,2025-11-21_09-33,1,0.7692952030877916,1,104016.23289531507,67.10384376379706,195371.58746573262
R_AK_3DBall_2562,3DBall,2562,ppo,0.0001292413638492,500000,187,35152,3.0,12.0,252,49.6,85.2,-0.3210479338346378,12000,0.634047933013165,442000,0.6270461975427244,300000,-0.1084993091771289,36000,-0.8034680630129292,36000,0.7659922004204487,12000,480000,2.5657600000000005,120000.0,56.7,2025-11-21_09-33,1,0.9827218819249263,1,137153.89429005416,67.57676525112622,143423.1921475913
R_AK_3DBall_2026,3DBall,2026,ppo,0.0008248133404876,500000,125,23580,3.0,12.0,252,43.0,84.7,-0.7232649980606174,12000,0.7173596335131767,442000,0.6270461975427244,264000,-0.0237579724675128,24000,-0.3781477428797016,24000,0.0491297254163493,12000,480000,2.5657600000000005,84000.0,37.8,2025-11-21_09-33,1,0.9989978226169838,1,79609.44182088113,37.485485780827545,80030.7477303218
R_AK_3DBall_2740,3DBall,2740,ppo,0.0007728216020792,500000,71,13449,3.0,12.0,252,50.4,83.6,-0.0393424709130074,12000,0.7118964083470011,442000,0.6270461975427244,168000,0.140739916439389,24000,1.7079633633097522,24000,-0.5615309014389949,12000,480000,2.5657600000000005,48000.0,18.9,2025-11-21_09-33,1,0.9995763803450538,1,50889.50944116316,19.143945909309206,51079.7614722064
R_AK_3DBall_2193,3DBall,2193,ppo,0.00020532843733,500000,53,10085,3.0,12.0,292,45.0,82.8,0.8111470465724607,12000,0.7173596335131767,442000,0.6270461975427244,192000,0.2546778481497973,12000,1.5817282922942102,12000,-0.3331969279191616,12000,480000,2.5657600000000005,36000.0,14.6,2025-11-21_09-33,1,0.9989517113294424,1,52693.45195575364,23.454089297222307,53162.358342334664
R_LN_3DBall_4284,3DBall,4284,ppo,0.0006513360453499,200000,106,20061,3.0,12.0,174,44.2,62.8,-0.075419192322589,12000,-0.4527340663049847,142000,-0.2362194525836898,180000,0.0253777605826007,24000,-0.5421512583230742,24000,0.5535885041229387,12000,180000,2.5657600000000005,72000.0,58.1,2025-11-21_09-33,1,0.971664461863439,1,79740.20440584891,57.00345619308224,83147.83043020201
R_LN_3DBall_3283,3DBall,3283,ppo,0.000875653856063,100000,126,23671,3.0,12.0,95,40.5,57.4,-0.8445441891821917,12000,-1.7162712660222472,46000,-1.8828263885543128,84000,-0.0258943086870829,24000,-0.8034680630129292,24000,0.426146286344435,12000,84000,2.5657600000000005,84000.0,81.3,2025-11-21_09-33,1,0.2030859289173361,0,84548.93258732554,105.26598891773412,96862.10562173263
R_AK_3DBall_2020,3DBall,2020,ppo,0.000617720748082,500000,140,26434,3.0,12.0,229,44.3,84.7,0.0312757922717072,12000,0.6801873528256847,442000,0.6270461975427244,216000,-0.0493940071023547,36000,-0.3036316227923603,36000,0.2827737913436081,12000,480000,2.5657600000000005,84000.0,34.3,2025-11-21_09-33,1,0.9989392106150892,1,88765.53458467848,42.71547948883128,89201.76774030054
R_AK_3DBall_2226,3DBall,2226,ppo,4.49377818442038e-05,500000,40,7502,3.0,12.0,269,48.5,83.8,0.2815100726871064,12000,0.7173596335131767,442000,0.6270461975427244,120000,0.3743126764457259,12000,0.7569471274918558,12000,0.5057976724559924,12000,480000,2.5657600000000005,48000.0,20.2,2025-11-21_09-33,1,0.9905884795700654,1,57294.9986312241,25.45762053267184,61461.52579604059
R_LN_3DBall_3606,3DBall,3606,ppo,0.0001676714114461,200000,175,32847,3.0,12.0,179,42.8,62.9,-0.5075722594203496,12000,-1.7056353599373697,142000,-1.8789532995027924,192000,-0.1042266367379886,36000,-0.3291508420003539,36000,0.7341316459758139,12000,180000,2.5657600000000005,180000.0,167.0,2025-11-21_09-33,1,0.05209701677357795,0,127014.6237901944,125.85204700239977,196197.67963137187
R_LN_3DBall_4260,3DBall,4260,ppo,0.0006998697320917,200000,108,20381,3.0,12.0,201,46.5,65.5,0.0873098489291422,12000,0.2781188134368238,142000,0.5334216187926578,168000,0.0232414243630305,24000,-0.5516784334940585,24000,-0.4022281292158565,12000,180000,2.5657600000000005,72000.0,66.9,2025-11-21_09-33,1,0.9992030538629001,1,73310.13290437718,55.11578904215934,73411.09790456874
R_AK_3DBall_2097,3DBall,2097,ppo,0.0008099744822643,500000,151,28491,3.0,12.0,241,44.5,82.9,-0.4054828137294037,12000,0.5988299969646639,442000,0.6270461975427244,300000,-0.0728937055176264,36000,-0.7939408878419448,36000,0.4208361939369978,12000,480000,2.5657600000000005,84000.0,36.1,2025-11-21_09-33,1,0.9991840731962466,1,94773.1750757087,44.33313612934818,95103.81050376433
R_AK_3DBall_2777,3DBall,2777,ppo,0.0005146312977404,500000,88,16505,3.0,12.0,242,45.2,84.2,-0.0324341625579801,12000,0.7173596335131767,442000,0.6270461975427244,156000,0.056710691802963,24000,0.0097443890818017,24000,0.3252545306031171,12000,480000,2.5657600000000005,60000.0,24.2,2025-11-21_09-33,1,0.9995898103193299,1,67360.75386402824,26.516537767779724,67538.2180182461
R_AK_3DBall_2698,3DBall,2698,ppo,0.0001578625769392,500000,137,25829,3.0,12.0,228,42.8,84.2,-0.5966126782184676,12000,0.7173596335131767,442000,0.6270461975427244,288000,-0.0351517656385536,36000,-0.5418110020669676,36000,0.6544802598642565,12000,480000,2.5657600000000005,108000.0,45.6,2025-11-21_09-33,1,0.9869653075580741,1,105893.45192048198,47.58820048948838,111030.50956404758
R_AK_3DBall_2070,3DBall,2070,ppo,0.0002989551820544,500000,160,30119,3.0,12.0,226,37.0,82.6,-0.0539266774402854,12000,0.7173596335131767,442000,0.6270461975427244,264000,-0.0921207314937577,36000,-0.6037376406783656,36000,0.6810307219014423,12000,480000,2.5657600000000005,108000.0,45.2,2025-11-21_09-33,1,0.9905862815918228,1,110704.76685096082,56.57329956718749,114369.48255347155
R_AK_3DBall_2355,3DBall,2355,ppo,0.0002525795350055,500000,46,8688,3.0,12.0,257,44.8,82.8,1.8143869376857344,12000,0.7173596335131767,442000,0.6270461975427244,144000,0.2867228914433496,12000,2.81413645191225,12000,-0.91730709273732,12000,480000,2.5657600000000005,36000.0,12.9,2025-11-21_09-33,1,0.999865088980568,1,42093.29957963296,17.745600540702767,42155.076239391405
R_LN_3DBall_4032,3DBall,4032,ppo,0.0004021977869081,200000,84,15767,3.0,12.0,178,43.9,61.3,-0.0992144766565695,12000,0.4063680242127964,142000,0.5627792212237888,192000,0.0958768558284157,24000,-0.3257482794392881,24000,0.0278893557866007,12000,180000,2.5657600000000005,72000.0,59.4,2025-11-21_09-33,1,0.9764736238578445,1,70354.4250629622,56.35304296645075,73404.51562409695
C_LF_3DBall_101,3DBall,101,ppo,0.0003,500000,64,12000,3.0,12.0,781,16.6,55.3,-0.0738840126881389,12000,0.7075506610557251,442000,0.6270461975427244,132000,0.1742091838793215,24000,0.8307827350669839,24000,0.0225792633791635,12000,480000,2.5657600000000005,48000.0,58.6,2025-11-21_09-33,1,0.8157010823180257,1,57842.36536548537,41.60879116565423,139331.53887344824
R_LN_3DBall_4622,3DBall,4622,ppo,0.0001420823556016,200000,131,24699,3.0,12.0,181,44.9,65.1,-0.3310266014585654,12000,-1.44240227172603,142000,-1.3368626564562796,192000,-0.0380002139313138,36000,-0.4410951502594193,36000,0.7606821080130115,12000,180000,2.5657600000000005,108000.0,96.3,2025-11-21_09-33,1,0.5770686171083401,1,105043.83647027359,78.50880511154755,145203.77802598738
R_LN_3DBall_3468,3DBall,3468,ppo,0.0008551106017669,100000,145,27347,3.0,12.0,101,47.4,64.7,-0.2488944910154729,12000,-1.716705840751375,46000,-1.880650032256388,96000,-0.067908921005296,36000,-0.5959117467879141,36000,0.1871921280097273,12000,84000,2.5657600000000005,96000.0,101.1,2025-11-21_09-33,1,0.5772051827224144,1,90289.46114661352,109.28074728654093,94395.02664679795
R_LN_3DBall_3671,3DBall,3671,ppo,0.0004958621603185,200000,98,18546,3.0,12.0,176,42.9,63.8,0.1103375434458976,12000,0.0290578279633769,142000,0.5834236625996022,192000,0.0381957779000216,24000,-0.5088061452246293,24000,0.2137425900469249,12000,180000,2.5657600000000005,72000.0,58.6,2025-11-21_09-33,1,0.9697487884669129,1,76397.96983890704,64.30726161028046,80137.08099922926
R_AK_3DBall_2807,3DBall,2807,ppo,0.0005622096480453,500000,128,24029,3.0,12.0,213,27.3,83.5,-0.4239049693428087,12000,0.7173596335131767,442000,0.6270461975427244,252000,-0.0365759897849337,36000,-0.5918286717146352,36000,0.983705989125396,12000,480000,2.5657600000000005,108000.0,42.6,2025-11-21_09-33,1,0.9963682818321995,1,90320.49138020336,36.1572754664168,91808.33189463346
R_LN_3DBall_4335,3DBall,4335,ppo,0.0004243006033182,200000,129,24285,3.0,12.0,178,44.4,63.4,-0.600450627304593,12000,-0.7977764680956377,142000,-0.0236765996731947,192000,-0.0244700845407029,36000,-0.6231322472764407,36000,0.0438196330089122,12000,180000,2.5657600000000005,84000.0,71.1,2025-11-21_09-33,1,0.9478731106081254,1,93539.89207986872,74.23888436920772,99089.32635006843
R_LN_3DBall_3932,3DBall,3932,ppo,0.0001760951840592,200000,60,11412,3.0,12.0,194,43.9,59.6,0.7850489927868067,12000,0.7173596335131767,142000,0.6270461975427244,120000,0.2183601324171047,12000,1.1751220662468451,12000,-0.2269950797704183,12000,180000,2.5657600000000005,48000.0,38.9,2025-11-21_09-33,1,0.9365096527640693,1,58693.13543727758,46.898436108392104,67664.75733518547
R_LN_3DBall_3757,3DBall,3757,ppo,0.0004713254389206,200000,47,8982,3.0,12.0,204,42.7,51.5,2.1812948703193573,12000,0.6111893022610528,142000,0.6270461975427244,96000,0.2995409087607705,12000,2.0162355313423155,12000,-1.039439218108387,12000,180000,2.5657600000000005,36000.0,27.1,2025-11-21_09-33,1,0.9995999815267339,1,42715.284669196786,33.140372860031015,42778.201460891505
R_LN_3DBall_3618,3DBall,3618,ppo,0.0004600435084488,200000,54,10243,3.0,12.0,200,42.6,62.9,0.8994198755533537,12000,0.6783025401433539,142000,0.6270461975427244,168000,0.251117287783847,12000,1.2666509991395154,12000,-0.9969584788488892,12000,180000,2.5657600000000005,48000.0,40.0,2025-11-21_09-33,1,0.9969854410837065,1,49157.95903395448,41.3751165489582,49612.68125350059
R_AK_3DBall_2577,3DBall,2577,ppo,0.0004292655657585,500000,113,21197,3.0,12.0,217,33.2,84.5,-0.1575513027656797,12000,0.7173596335131767,442000,0.6270461975427244,228000,-0.0059551706377615,24000,-0.5302422893593438,24000,-0.0623822151398427,12000,480000,2.5657600000000005,96000.0,37.9,2025-11-21_09-33,1,0.999860451262429,1,79043.7391275974,35.063247693621264,79102.48304237476
R_AK_3DBall_2382,3DBall,2382,ppo,0.000128381679988,500000,166,31142,3.0,12.0,218,28.0,83.3,-0.222796437229819,12000,-0.9167580623624432,442000,-0.868922844811577,492000,-0.0835753866154772,36000,0.0675879526199207,36000,0.6704105370865681,12000,480000,2.5657600000000005,252000.0,108.9,2025-11-21_09-33,1,0.9261671847141217,1,114078.10286592516,57.13496222480094,142571.80301180104
R_AP_3DBall_1326,3DBall,1326,ppo,0.0004100721181845,500000,180,33888,3.0,12.0,413,62.9,89.9,-0.7363140249534452,12000,0.7173596335131767,442000,0.6270461975427244,288000,-0.1120598695430792,36000,-0.8844490519662958,36000,0.5270380420857529,12000,480000,2.5657600000000005,108000.0,82.6,2025-11-21_09-33,1,0.9416385362646786,1,123953.19864798026,76.63881968399197,145899.84040786975
R_AK_3DBall_2141,3DBall,2141,ppo,0.0002081320060876,500000,101,19108,3.0,12.0,236,41.4,83.9,-0.3793847599437497,12000,0.7173596335131767,442000,0.6270461975427244,168000,0.0488774589978724,24000,-0.6336801912157448,24000,0.6226197054196217,12000,480000,2.5657600000000005,72000.0,29.5,2025-11-21_09-33,1,0.9934808225927022,1,86368.97330824779,41.23447968144429,89065.50735241406
R_AK_3DBall_2055,3DBall,2055,ppo,0.0005385917769596,500000,142,26681,3.0,12.0,213,26.8,82.6,-0.8959727069362763,12000,0.7173596335131767,442000,0.6270461975427244,300000,-0.0444092225900243,36000,-0.5581433023600835,36000,0.4951774876411181,12000,480000,2.5657600000000005,120000.0,47.9,2025-11-21_09-33,1,0.9852474858779234,1,96712.66777845616,48.22109538635363,102662.16984230907
R_LN_3DBall_3589,3DBall,3589,ppo,0.0002132276741184,200000,144,27017,3.0,12.0,198,42.8,63.0,-0.527529594668203,12000,-1.2669060963993042,142000,-1.194584652790044,192000,-0.0515303433219248,36000,-0.5224163954688925,36000,0.5376582269006271,12000,180000,2.5657600000000005,96000.0,92.3,2025-11-21_09-33,1,0.23901150762400286,0,106703.68763092837,102.87435962883859,177701.10772490827
R_LN_3DBall_3957,3DBall,3957,ppo,0.0006330709078114,200000,66,12494,3.0,12.0,184,43.8,59.4,0.4334928564976867,12000,0.6953552525143212,142000,0.6270461975427244,156000,0.1613911665619005,24000,0.8525591354578054,24000,-0.0411418455100941,12000,180000,2.5657600000000005,48000.0,36.7,2025-11-21_09-33,1,0.9707386643693982,1,55788.44328982987,41.46657251117055,60008.26605253773
R_AK_3DBall_2499,3DBall,2499,ppo,0.0003144206225058,500000,34,6426,3.0,12.0,324,54.3,83.6,3.2728075904135223,12000,0.7173596335131767,442000,0.6270461975427244,132000,0.4270089698617899,12000,1.6644105625281096,12000,-2.1226980692256854,12000,480000,2.5657600000000005,36000.0,16.2,2025-11-21_09-33,1,0.9999999980802496,1,35705.42629714782,14.671153383142263,35705.42718847749
R_AK_3DBall_2378,3DBall,2378,ppo,0.0007368816339409,500000,76,14390,3.0,12.0,216,26.4,83.0,-0.0784895515914893,12000,0.7173596335131767,442000,0.6270461975427244,168000,0.1172402180241173,24000,-0.3117977729389182,24000,0.3836655470849259,12000,480000,2.5657600000000005,72000.0,27.0,2025-11-21_09-33,1,0.999813897013633,1,62774.76343300531,25.190905784191457,62856.132355245456
R_AK_3DBall_2575,3DBall,2575,ppo,0.0003727777780052,500000,132,24840,3.0,12.0,271,48.3,84.4,-0.426207738794484,12000,0.7173596335131767,442000,0.6270461975427244,216000,-0.0522424553951149,36000,-0.5979532843245536,36000,0.3518049926403029,12000,480000,2.5657600000000005,84000.0,40.7,2025-11-21_09-33,1,0.9984454095949322,1,93879.63436538826,42.16938422250438,94510.98518910645
R_AP_3DBall_1008,3DBall,1008,ppo,0.0004093762505073,500000,101,19068,3.0,12.0,450,65.8,89.1,-0.0262934440201796,12000,0.7173596335131767,442000,0.6270461975427244,156000,0.0460290107051122,24000,-0.5714132963482402,24000,0.1022306494907328,12000,480000,2.5657600000000005,72000.0,56.2,2025-11-21_09-33,1,0.9976540906299531,1,75960.70778828702,45.76234818768861,76955.46553715452
R_LN_3DBall_3530,3DBall,3530,ppo,7.441404179007342e-05,200000,136,25575,3.0,12.0,184,42.9,66.7,-0.8399386502788395,12000,-1.7294277055360645,142000,-1.9120034875010188,192000,-0.0308790931994133,36000,-0.1974716708871066,36000,0.6438600750493823,12000,180000,2.5657600000000005,,,2025-11-21_09-33,0,0.02875324975239557,0,108025.96879171686,106.26857763690249,197355.4477099336
R_AK_3DBall_2185,3DBall,2185,ppo,0.0005410778727008,500000,42,7959,3.0,12.0,266,44.1,83.2,1.5511036303775074,12000,0.7173596335131767,442000,0.6270461975427244,132000,0.3436918572985538,12000,2.700490862372652,12000,-2.106767792003374,12000,480000,2.5657600000000005,36000.0,13.3,2025-11-21_09-33,1,0.9999981358595262,1,36303.98313140181,16.01187516680297,36304.847525914374
R_LN_3DBall_3158,3DBall,3158,ppo,0.0006574710408643,100000,188,35282,3.0,12.0,88,42.4,56.6,-0.1222421711733232,12000,-1.7281264646328482,46000,-1.9048400777905503,96000,-0.12345366271412,36000,-0.7711437186828038,36000,0.564208688937813,12000,84000,2.5657600000000005,,,2025-11-21_09-33,0,0.09947538664259292,0,118513.56108091622,165.46203983853877,101841.6436466554
R_AK_3DBall_2168,3DBall,2168,ppo,4.328495481705952e-05,500000,103,19380,3.0,12.0,220,27.0,83.7,-0.3594274246958946,12000,-0.0099347000181182,442000,0.2234919787924364,468000,0.029650433021741,24000,-0.1753550142401788,24000,0.6491701674568193,12000,480000,2.5657600000000005,192000.0,82.4,2025-11-21_09-33,1,0.9641964206720753,1,87027.90502388145,42.827739198555435,101813.78418657815
R_AK_3DBall_2651,3DBall,2651,ppo,0.0006055485990784,500000,175,32827,3.0,12.0,215,33.5,84.7,-0.6656957617687305,12000,0.6768001532226555,442000,0.6270461975427244,276000,-0.0971055160060881,36000,-0.8017667817323962,36000,0.7182013687535025,12000,480000,2.5657600000000005,108000.0,43.0,2025-11-21_09-33,1,0.9954939713121365,1,113970.57530267109,50.92002885648408,115710.03496471672
R_LN_3DBall_4625,3DBall,4625,ppo,0.0002594527084297,200000,169,31804,3.0,12.0,179,44.6,65.4,-0.1099607340977204,12000,-1.5599510110287975,142000,-1.6830296602654322,180000,-0.0899843952741876,36000,-0.7476660370114497,36000,0.8137830320873831,12000,180000,2.5657600000000005,108000.0,95.3,2025-11-21_09-33,1,0.7653632552057181,1,124309.80145981067,94.98038090115934,142069.5032581136
R_AP_3DBall_1108,3DBall,1108,ppo,0.0006484928038766,500000,111,20964,3.0,12.0,451,66.7,89.5,-0.4008772748260533,12000,0.6949281276376928,442000,0.6270461975427244,180000,0.0175445277775101,24000,-0.2348998590588307,24000,-0.3916079444009822,12000,480000,2.5657600000000005,60000.0,45.1,2025-11-21_09-33,1,0.998808080413523,1,73090.38885569443,43.118793047547,73599.23078287262
R_AK_3DBall_2714,3DBall,2714,ppo,0.0004292220338011,500000,82,15504,3.0,12.0,244,48.7,83.0,-0.2220288474125922,12000,0.7173596335131767,442000,0.6270461975427244,192000,0.1001495282675561,24000,-0.0460576369196777,24000,-0.4553290532902398,12000,480000,2.5657600000000005,60000.0,24.4,2025-11-21_09-33,1,0.9999381954471066,1,66009.99358537825,27.4396416600488,66036.8161436849
R_AK_3DBall_2366,3DBall,2366,ppo,0.0002647593118685,500000,139,26074,3.0,12.0,244,45.3,83.7,-0.1214745813560981,12000,0.680224602088181,442000,0.6270461975427244,300000,-0.0323033173457934,36000,-0.4108123434659335,36000,0.3305646230105543,12000,480000,2.5657600000000005,84000.0,36.6,2025-11-21_09-33,1,0.9974903483653491,1,95773.80474504757,46.3232057671515,96788.27167673787
R_AK_3DBall_2956,3DBall,2956,ppo,0.0007258260413784,500000,146,27524,3.0,12.0,213,33.2,84.6,-0.5659090855294615,12000,0.6990652790589877,442000,0.6270461975427244,228000,-0.0572272399074452,36000,-0.5976130280684471,36000,0.6863408143088795,12000,480000,2.5657600000000005,96000.0,37.2,2025-11-21_09-33,1,0.9988551603031904,1,96151.15904765397,37.319858170420076,96613.50123228676
R_AK_3DBall_2860,3DBall,2860,ppo,0.0002535874342213,500000,39,7356,3.0,12.0,270,53.3,84.3,1.667009692778506,12000,0.6800333892073649,442000,0.6270461975427244,180000,0.3807216851044365,12000,2.368741012668734,12000,-0.7102134888472472,12000,480000,2.5657600000000005,36000.0,13.5,2025-11-21_09-33,1,0.9999593450212525,1,42787.857653583225,15.956889211583805,42806.44560351341
R_LN_3DBall_3372,3DBall,3372,ppo,0.0003742791644454,100000,118,22133,3.0,12.0,95,41.9,58.2,-0.500663951065324,12000,-1.7060500683931656,46000,-1.8632494963578128,96000,-0.0095157310037117,24000,-0.5785586777264784,24000,0.3942857318998002,12000,84000,2.5657600000000005,84000.0,81.5,2025-11-21_09-33,1,0.08177146527521476,0,88996.25498908719,116.70306512164427,99100.20764694283
R_AK_3DBall_2034,3DBall,2034,ppo,0.000256304435196,500000,135,25497,3.0,12.0,226,39.4,83.9,-0.1421995064211767,12000,0.7173596335131767,442000,0.6270461975427244,252000,-0.0444092225900243,36000,-0.5727743213726666,36000,0.6013793357898731,12000,480000,2.5657600000000005,96000.0,39.5,2025-11-21_09-33,1,0.9922922879226146,1,99605.08218870818,50.04654100283749,102691.210932446
R_AP_3DBall_1131,3DBall,1131,ppo,0.0004051674465986,500000,58,10897,3.0,12.0,508,61.9,87.1,1.48892885518227,12000,0.6956308970567964,442000,0.6270461975427244,108000,0.1977088822945932,12000,2.112868308076585,12000,-1.8147127095942948,12000,480000,2.5657600000000005,36000.0,25.4,2025-11-21_09-33,1,0.9999761806328334,1,41953.074975509175,24.47202165163706,41963.98536339584
R_LN_3DBall_3421,3DBall,3421,ppo,3.864592679012569e-05,100000,131,24607,3.0,12.0,105,50.4,72.5,-0.3195127542001877,12000,-1.7375182453503373,46000,-1.920843000995434,36000,-0.0479697829559745,36000,0.6946802326243514,36000,0.7235114611609397,12000,84000,2.5657600000000005,,,2025-11-21_09-33,0,0.0005790109591357899,0,98407.18182925791,132.63703382642436,99999.07774082322
U_OE_3DBall_10,3DBall,10,sac,0.0003,500000,64,200000,,12.0,523,55.5,73.7,-3.3868016638318936,12000,0.6530996891381193,442000,0.6270461975427244,72000,-18.965939119322883,12000,-1.4057216363215792,12000,-8.877135611486498,12000,480000,2.5657600000000005,48000.0,39.2,2025-11-21_09-33,1,0.905413513011549,1,54983.434167761625,38.886219213694616,97075.98778149777
R_AK_3DBall_2399,3DBall,2399,ppo,0.0001479694978062,500000,137,25696,3.0,12.0,253,45.8,83.5,-0.9504715839592628,12000,0.6819827672780232,442000,0.6270461975427244,228000,-0.0522424553951149,36000,-0.6081609720077511,36000,0.6491701674568193,12000,480000,2.5657600000000005,84000.0,37.9,2025-11-21_09-33,1,0.9527785632875133,1,105438.89036960813,51.79806096807175,124070.63283722819
R_LN_3DBall_4359,3DBall,4359,ppo,0.0008280480489802,200000,108,20377,3.0,12.0,175,45.4,63.9,-0.5728173938844872,12000,0.2163669860698743,142000,0.6270461975427244,180000,0.0132718553383698,24000,-0.6040778969344721,24000,0.0119590785642892,12000,180000,2.5657600000000005,72000.0,58.4,2025-11-21_09-33,1,0.9925931252449811,1,75679.87306715081,54.2105493893906,76600.69667687047
R_AK_3DBall_2197,3DBall,2197,ppo,0.0001515773648528,500000,96,18021,3.0,12.0,238,39.5,83.0,0.421979009239309,12000,0.7173596335131767,442000,0.6270461975427244,192000,0.0517259072906326,24000,-0.4366718189300339,24000,0.4526967483816208,12000,480000,2.5657600000000005,84000.0,35.7,2025-11-21_09-33,1,0.9991756918282453,1,77739.38805562347,36.88723279251408,78087.46092865936
R_AK_3DBall_2506,3DBall,2506,ppo,0.0005701995254493,500000,111,20894,3.0,12.0,215,28.1,83.8,-0.7539685907496234,12000,0.7173596335131767,442000,0.6270461975427244,204000,-0.0038188344181914,24000,-0.4693364195162657,24000,0.7606821080130115,12000,480000,2.5657600000000005,96000.0,37.6,2025-11-21_09-33,1,0.9932440443163612,1,82981.85591194933,35.10634765820889,85799.21201268151
R_AK_3DBall_2229,3DBall,2229,ppo,0.0001791965433492,500000,119,22323,3.0,12.0,233,42.3,84.0,-0.6488087857897773,12000,0.6796137141832361,442000,0.6270461975427244,216000,-0.0159247396624222,24000,-0.7071755425347664,24000,0.6438600750493823,12000,480000,2.5657600000000005,96000.0,40.7,2025-11-21_09-33,1,0.9844791323307046,1,94267.01661686698,46.41265396412666,100564.34456102502
R_AK_3DBall_2677,3DBall,2677,ppo,0.0004687778385275,500000,36,6915,3.0,12.0,331,47.1,84.9,4.003553096411868,12000,-1.7623535702989384,442000,0.6270461975427244,108000,0.4312816423009301,12000,3.04210814350366,12000,-2.2342100097818776,12000,480000,2.5657600000000005,36000.0,16.5,2025-11-21_09-33,1,0.9999999974850022,1,31304.68837355245,11.530940339860173,31304.689552320113
R_AK_3DBall_2428,3DBall,2428,ppo,0.0002476536926259,500000,168,31637,3.0,12.0,241,43.3,83.9,-0.8000239797831326,12000,0.7173596335131767,442000,0.6270461975427244,264000,-0.0899843952741876,36000,-0.875942645563631,36000,0.5482784117155015,12000,480000,2.5657600000000005,108000.0,48.2,2025-11-21_09-33,1,0.985445094736349,1,123508.62771596781,61.043113761526314,128988.42397214385
R_LN_3DBall_4532,3DBall,4532,ppo,0.0006572183664213,200000,113,21209,3.0,12.0,201,44.8,65.5,-0.5198536964959524,12000,-0.081403618328361,142000,0.3312989741759,168000,-0.0066672827109516,24000,-0.4485807878937641,24000,-0.3703675747712335,12000,180000,2.5657600000000005,72000.0,66.9,2025-11-21_09-33,1,0.9958963971103353,1,76773.77726744783,56.453792416652355,77279.4487511356
R_AK_3DBall_2486,3DBall,2486,ppo,0.0005406810403078,500000,112,21166,3.0,12.0,254,48.4,83.4,-0.2872739818767315,12000,0.7173596335131767,442000,0.6270461975427244,204000,0.01540819155794,24000,-0.5384084395059018,24000,0.0066489861568521,12000,480000,2.5657600000000005,72000.0,31.7,2025-11-21_09-33,1,0.9998193171221856,1,79691.86776130553,34.75633894471393,79767.8102442072
R_LN_3DBall_3649,3DBall,3649,ppo,8.746216831500958e-05,200000,185,34693,3.0,12.0,176,43.7,63.5,-0.1153338628182976,12000,-1.6984288692863507,142000,-1.8699126535543036,192000,-0.1141962057626494,36000,-0.3121380291950248,36000,0.7500619231981372,12000,180000,2.5657600000000005,156000.0,141.1,2025-11-21_09-33,1,0.08413686011053063,0,132987.0449733966,132.9937892782707,194361.74037733336
R_AK_3DBall_2768,3DBall,2768,ppo,0.0004741269617434,500000,87,16334,3.0,12.0,277,49.4,84.7,0.2485037105464251,12000,0.7173596335131767,442000,0.6270461975427244,156000,0.0866193988769451,24000,0.9447685808626888,24000,-0.66773274958775,12000,480000,2.5657600000000005,60000.0,27.7,2025-11-21_09-33,1,0.9999116026129542,1,59565.607535424875,24.460642531203824,59604.540784883844
R_AK_3DBall_2272,3DBall,2272,ppo,0.0007287497879564,500000,37,7007,3.0,12.0,238,31.5,83.7,2.1605699452542773,12000,0.6799961399448685,442000,0.6270461975427244,96000,0.402085047300138,12000,2.9254002476591023,12000,-1.294323653665394,12000,480000,2.5657600000000005,36000.0,11.9,2025-11-21_09-33,1,0.9999964638223836,1,33946.61558356556,13.250640686377274,33948.26363111158
R_LN_3DBall_3846,3DBall,3846,ppo,0.0007736425224034,200000,106,19934,3.0,12.0,170,42.9,52.0,-0.4093207628155307,12000,0.227437466883879,142000,0.5978226834143088,192000,0.0125597432651797,24000,-0.6200699409714815,24000,-0.1579638784737234,12000,180000,2.5657600000000005,72000.0,56.8,2025-11-21_09-33,1,0.9916772444572848,1,73203.95378835274,59.688850209202215,74259.2462847551
R_AK_3DBall_2519,3DBall,2519,ppo,0.0008799244654622,500000,107,20096,3.0,12.0,216,33.2,85.0,-0.2696194160805532,12000,0.7173596335131767,442000,0.6270461975427244,156000,0.01540819155794,24000,-0.506424351431883,24000,-0.3225767431042872,12000,480000,2.5657600000000005,72000.0,27.0,2025-11-21_09-33,1,0.9999832725252773,1,67578.2062581463,28.177306751304457,67585.43958277065
R_LN_3DBall_3102,3DBall,3102,ppo,0.0004299644608964,100000,126,23689,3.0,12.0,94,40.9,55.8,-0.471495538010768,12000,-1.7239247478232258,46000,-1.900043842347256,96000,-0.0294548690530332,24000,-0.5567822773356573,24000,0.7500619231981372,12000,84000,2.5657600000000005,,,2025-11-21_09-33,0,0.01805461746017896,0,93974.53424086705,127.35156658808302,99891.21252069944
R_AP_3DBall_1209,3DBall,1209,ppo,0.0007946425206887,500000,173,32441,3.0,12.0,434,62.6,87.5,-0.5083398492375747,12000,0.7173596335131767,442000,0.6270461975427244,300000,-0.0899843952741876,36000,-0.9579444032853172,36000,0.5588985965303759,12000,480000,2.5657600000000005,108000.0,86.7,2025-11-21_09-33,1,0.9912090154179775,1,104603.9827853794,62.03917538480902,108079.90307650623
R_AK_3DBall_2319,3DBall,2319,ppo,0.0008849099328638,500000,82,15510,3.0,12.0,257,48.2,83.8,-0.3010905985867844,12000,0.7058123621392145,442000,0.6270461975427244,108000,0.0958768558284157,24000,0.3357098824319072,24000,-0.9279272775521944,12000,480000,2.5657600000000005,48000.0,19.3,2025-11-21_09-33,1,0.9999829982963008,1,55634.478456544864,23.750255805904597,55642.03342747629
R_AK_3DBall_2681,3DBall,2681,ppo,0.0004875566451141,500000,133,25042,3.0,12.0,225,46.4,84.6,-0.1613892518518068,12000,0.6846945135877794,442000,0.6270461975427244,192000,-0.0444092225900243,36000,-0.3849528680018332,36000,0.4473866559741836,12000,480000,2.5657600000000005,84000.0,33.7,2025-11-21_09-33,1,0.9990030230394853,1,90102.97539139488,38.2590409416507,90511.63328111319
R_AK_3DBall_2680,3DBall,2680,ppo,0.0002311598864982,500000,57,10694,3.0,12.0,226,34.8,84.4,-0.3885958377504505,12000,0.7173596335131767,442000,0.6270461975427244,132000,0.209814787538824,12000,-0.1576616889226366,12000,-0.1314134164365376,12000,480000,2.5657600000000005,60000.0,22.6,2025-11-21_09-33,1,0.9997422203099522,1,62215.90349635771,26.151573567470948,62328.75534506228
R_AP_3DBall_1180,3DBall,1180,ppo,0.0001494930454195,500000,65,12342,3.0,12.0,474,62.8,86.7,0.1272245194248508,12000,0.7173596335131767,442000,0.6270461975427244,144000,0.1742091838793215,24000,0.5885202807190978,24000,0.2880838837510452,12000,480000,2.5657600000000005,48000.0,35.5,2025-11-21_09-33,1,0.9596884188258327,1,64261.36768658456,36.381720591548536,81826.68093380747
R_LN_3DBall_4514,3DBall,4514,ppo,0.0001601774678521,200000,155,29076,3.0,12.0,178,44.4,64.9,-0.2588731586394006,12000,-1.7215929439909352,142000,-1.9032258609155488,192000,-0.0671968089321059,36000,0.4146493338486343,36000,0.7713022928278859,12000,180000,2.5657600000000005,,,2025-11-21_09-33,0,0.10308173588465624,0,109481.88025876807,86.35795170267455,190669.23508805863
R_LN_3DBall_4130,3DBall,4130,ppo,0.0003984442820575,200000,116,21910,3.0,12.0,179,43.6,61.0,-0.8330303419238139,12000,-1.6278812494018586,142000,-1.757342944803225,192000,0.0089991828992295,24000,-0.5710730400921337,24000,0.3305646230105543,12000,180000,2.5657600000000005,120000.0,107.1,2025-11-21_09-33,1,0.7399596925667465,1,91665.10806865427,73.9751716380726,119836.54667222971
R_AK_3DBall_2053,3DBall,2053,ppo,8.762159478465068e-05,500000,115,21671,3.0,12.0,226,40.3,81.9,-0.2366130539398702,12000,0.7173596335131767,442000,0.6270461975427244,216000,-0.0109399551500919,24000,-0.4281654125273693,24000,0.6597903522716937,12000,480000,2.5657600000000005,96000.0,39.5,2025-11-21_09-33,1,0.9797760853706208,1,92744.23824216107,46.864846683722604,100980.54400027441
R_LN_3DBall_3899,3DBall,3899,ppo,0.000852817565896,200000,188,35304,3.0,12.0,176,43.5,58.8,-0.3885958377504505,12000,-1.5741827125866852,142000,-1.6296186792240603,192000,-0.109923533323509,36000,-0.8813867456613365,36000,0.5535885041229387,12000,180000,2.5657600000000005,120000.0,105.9,2025-11-21_09-33,1,0.8891416376680307,1,115675.4148036936,98.25615899397108,125023.50022287875
R_AK_3DBall_2215,3DBall,2215,ppo,0.0005064621364616,500000,138,26041,3.0,12.0,235,38.0,83.2,-0.5444165706471562,12000,0.7173596335131767,442000,0.6270461975427244,216000,-0.0436971105168342,36000,-0.5578030461039769,36000,0.1712618507874159,12000,480000,2.5657600000000005,96000.0,41.1,2025-11-21_09-33,1,0.9982973286513485,1,93886.94721244756,45.09382466591639,94578.42427174233
R_LN_3DBall_3884,3DBall,3884,ppo,0.0006440463479344,200000,130,24453,3.0,12.0,206,52.8,58.2,-0.6987021239094118,12000,-0.7821069450053795,142000,-0.2766161323980156,192000,-0.0308790931994133,36000,-0.6915237547538636,36000,-0.0199014758803454,12000,180000,2.5657600000000005,84000.0,82.3,2025-11-21_09-33,1,0.9501792381766236,1,88444.08881994289,75.19784364763268,94001.88930083424
R_LN_3DBall_3816,3DBall,3816,ppo,0.0002927160323491,200000,164,30933,3.0,12.0,173,42.6,51.5,-0.629619040359149,12000,-1.5745403055066531,142000,-1.663357359084308,192000,-0.1028024125916085,36000,-0.8327301010380952,36000,0.6810307219014423,12000,180000,2.5657600000000005,108000.0,92.5,2025-11-21_09-33,1,0.3083819745626771,0,123597.75101136611,112.40295006745842,176438.92359585577
R_AK_3DBall_2351,3DBall,2351,ppo,6.220353589468255e-05,500000,150,28302,3.0,12.0,222,37.2,82.6,-0.4100883526327558,12000,0.6691516379900099,442000,0.6270461975427244,384000,-0.0636362485661556,36000,-0.3288105857442474,36000,0.6597903522716937,12000,480000,2.5657600000000005,156000.0,66.5,2025-11-21_09-33,1,0.9542029602377831,1,113882.9981616705,56.44230097042251,131566.0138477285
R_AK_3DBall_2780,3DBall,2780,ppo,0.0006300061530744,500000,179,33735,3.0,12.0,264,48.6,84.3,-0.5144805677753752,12000,0.7173596335131767,442000,0.6270461975427244,228000,-0.1270142230800703,36000,-0.8619921390632611,36000,0.3093242533808056,12000,480000,2.5657600000000005,84000.0,39.6,2025-11-21_09-33,1,0.9994272474710942,1,115475.82274174062,50.277935362877834,115696.05993669068
R_AK_3DBall_2936,3DBall,2936,ppo,0.0003194926351425,500000,123,23113,3.0,12.0,216,33.5,83.9,-0.4308132776978344,12000,0.7173596335131767,442000,0.6270461975427244,264000,-0.026606420760273,24000,-0.3710023615014634,24000,0.8668839561617666,12000,480000,2.5657600000000005,108000.0,43.2,2025-11-21_09-33,1,0.992647824050803,1,92524.28186038834,37.424716332055866,95520.11503517616
R_LN_3DBall_4319,3DBall,4319,ppo,0.0008787528341417,200000,173,32506,3.0,12.0,198,44.8,63.0,-0.7079132017161143,12000,-1.311289834306148,142000,-1.1433809715010697,192000,-0.1141962057626494,36000,-0.792920119073625,36000,0.1659517583799787,12000,180000,2.5657600000000005,108000.0,105.5,2025-11-21_09-33,1,0.9683718276510608,1,105618.10985400192,82.16774574454912,108603.23654215818
R_AK_3DBall_2849,3DBall,2849,ppo,0.0002557808999019,500000,73,13722,3.0,12.0,262,49.4,84.5,0.8572024356059699,12000,0.7173596335131767,442000,0.6270461975427244,108000,0.1421641405857691,24000,1.6970751631143417,24000,-0.5456006242166717,12000,480000,2.5657600000000005,48000.0,19.7,2025-11-21_09-33,1,0.9997567334607077,1,55164.10505959739,22.045876112023688,55272.31874831253
R_LN_3DBall_3227,3DBall,3227,ppo,0.0004859761098137,100000,88,16560,3.0,12.0,109,39.8,57.6,0.2715314050631788,12000,-1.5887546240753754,46000,-1.526182446784889,96000,0.0723771574131441,24000,0.1427845852194752,24000,0.0544398178237865,12000,84000,2.5657600000000005,60000.0,62.4,2025-11-21_09-33,1,0.39899044498802694,0,67459.24281184594,85.48659508757603,87016.54880925108
R_AP_3DBall_1234,3DBall,1234,ppo,0.0004708843903721,500000,95,17964,3.0,12.0,441,62.4,88.9,-0.3479135774375186,12000,0.7173596335131767,442000,0.6270461975427244,180000,0.0545743555833928,24000,0.0607828274977891,24000,0.4739371180113694,12000,480000,2.5657600000000005,60000.0,44.1,2025-11-21_09-33,1,0.963422663874276,1,73363.40073758393,40.55984505236481,88968.63103234113
R_LN_3DBall_4121,3DBall,4121,ppo,0.0003386363818484,200000,189,35536,3.0,12.0,176,44.2,60.8,-0.6204079625524465,12000,-1.6356141962961634,142000,-1.773088005887501,192000,-0.12345366271412,36000,-0.8657349578804335,36000,0.5376582269006271,12000,180000,2.5657600000000005,120000.0,105.3,2025-11-21_09-33,1,0.5138614132667205,1,135916.1694198234,120.35187213920175,167069.79225052535
R_LN_3DBall_4355,3DBall,4355,ppo,0.0005523193821711,200000,183,34402,3.0,12.0,169,45.1,63.3,-0.30799890694181,12000,-1.612124811365775,142000,-1.752456457617718,192000,-0.1156204299090295,36000,-0.7939408878419448,36000,0.4792472104188066,12000,180000,2.5657600000000005,120000.0,101.6,2025-11-21_09-33,1,0.8965595290682353,1,121594.27973114628,97.6954827529563,129704.6043595007
R_AP_3DBall_1133,3DBall,1133,ppo,0.0004161622275301,500000,50,9540,3.0,12.0,482,53.6,88.6,0.1794206269961605,12000,0.7173596335131767,442000,0.6270461975427244,132000,0.263935305101268,12000,0.19110097358661,12000,-0.6252520103282408,12000,480000,2.5657600000000005,60000.0,48.2,2025-11-21_09-33,1,0.9997770725802686,1,53600.31678460892,30.10302494317013,53699.831514157035
R_AK_3DBall_2107,3DBall,2107,ppo,0.0008951739512821,500000,126,23634,3.0,12.0,243,44.0,83.7,-0.6050561662079433,12000,0.7173596335131767,442000,0.6270461975427244,276000,-0.0223337483211326,24000,-0.3369767358908052,24000,-0.2163748949555322,12000,480000,2.5657600000000005,84000.0,36.4,2025-11-21_09-33,1,0.9997620539468012,1,74638.03192547357,34.978212541885966,74739.24512695779
R_LN_3DBall_4381,3DBall,4381,ppo,0.0008364925729444,200000,69,13057,3.0,12.0,181,44.3,63.8,-0.1951632038097131,12000,0.6360891925979816,142000,0.6270461975427244,168000,0.1514215975372398,24000,0.7491212336014041,24000,0.0809902798609723,12000,180000,2.5657600000000005,60000.0,48.4,2025-11-21_09-33,1,0.9619240014285138,1,56557.20418720528,37.50018744768475,62018.93187566324
R_AK_3DBall_2035,3DBall,2035,ppo,9.525935843945289e-05,500000,130,24443,3.0,12.0,216,32.0,84.0,-0.2066770510680909,12000,0.6806467603964768,442000,0.6270461975427244,324000,-0.0237579724675128,36000,-0.3727036427819963,36000,0.5854490585675617,12000,480000,2.5657600000000005,156000.0,64.7,2025-11-21_09-33,1,0.9780450614468298,1,98227.25635849716,51.077983107687125,107048.15225748497
R_AP_3DBall_1077,3DBall,1077,ppo,0.0007436168615878,500000,55,10317,3.0,12.0,635,64.4,87.9,0.4442391139388394,12000,0.6799588906823716,442000,0.6270461975427244,156000,0.250405175710657,12000,1.468082702754612,12000,-2.149248531262871,12000,480000,2.5657600000000005,48000.0,47.6,2025-11-21_09-33,1,0.9999929697652533,1,40548.82237348533,23.616927277746765,40552.05242311869
R_AP_3DBall_1309,3DBall,1309,ppo,0.0005051588730657,500000,85,15998,3.0,12.0,431,53.5,90.1,-0.4906852834413964,12000,0.7173596335131767,442000,0.6270461975427244,168000,0.0766498298522844,24000,-0.1249970883364047,24000,0.1022306494907328,12000,480000,2.5657600000000005,60000.0,43.1,2025-11-21_09-33,1,0.9933350374073392,1,67549.75858353371,37.27429686833041,70432.02326576159
R_AP_3DBall_1149,3DBall,1149,ppo,0.0003254434121825,500000,62,11729,3.0,12.0,579,60.9,88.2,0.2354546836535972,12000,0.7046477018651527,442000,0.6270461975427244,132000,0.1891635374163125,12000,1.7930274273363975,12000,-0.6252520103282408,12000,480000,2.5657600000000005,48000.0,43.5,2025-11-21_09-33,1,0.9838976746386238,1,52346.631754895316,29.968296822099457,59554.89193949396
R_LN_3DBall_3889,3DBall,3889,ppo,0.0002959698301658,200000,41,7778,3.0,12.0,198,44.2,59.8,1.4789501875583424,12000,0.6933537254761677,142000,0.6270461975427244,156000,0.3707521160797756,12000,2.9873268862705,12000,0.1181609267130442,12000,180000,2.5657600000000005,36000.0,26.5,2025-11-21_09-33,1,0.4485787059858887,0,45508.686454116396,33.70356371048275,130698.48648352732
R_AK_3DBall_2705,3DBall,2705,ppo,0.0003984145168508,500000,140,26431,3.0,12.0,213,28.8,83.4,-0.4108559424499809,12000,0.7173596335131767,442000,0.6270461975427244,264000,-0.0493940071023547,36000,-0.4448379690765917,36000,0.6013793357898731,12000,480000,2.5657600000000005,120000.0,47.9,2025-11-21_09-33,1,0.9960815158465336,1,99738.9820167339,42.79549313451583,101307.39847295167
R_AK_3DBall_2014,3DBall,2014,ppo,0.0003161008530917,500000,134,25206,3.0,12.0,213,29.1,84.2,-0.2611759280910757,12000,0.7173596335131767,442000,0.6270461975427244,300000,-0.0394244380776939,36000,-0.2985277789507615,36000,0.7075811839386281,12000,480000,2.5657600000000005,120000.0,47.9,2025-11-21_09-33,1,0.977128840614755,1,95401.5881471815,47.87057989858509,104655.2229116843
R_AK_3DBall_2699,3DBall,2699,ppo,0.0008347687419273,500000,72,13503,3.0,12.0,219,32.4,83.8,0.028973022820032,12000,0.7173596335131767,442000,0.6270461975427244,144000,0.1599669424155205,24000,0.1808932859034125,24000,0.3942857318998002,12000,480000,2.5657600000000005,60000.0,21.9,2025-11-21_09-33,1,0.9998329637289488,1,56750.55301878765,20.85489778754932,56824.59175355689
R_LN_3DBall_3487,3DBall,3487,ppo,0.0003402252794535,200000,176,33181,3.0,12.0,192,51.5,69.1,-0.4169966609877814,12000,-1.5781038182854994,142000,-1.6828723643718615,192000,-0.1020903005184185,36000,-0.8497429138434243,36000,0.5004875800485553,12000,180000,2.5657600000000005,108000.0,102.5,2025-11-21_09-33,1,0.429064752262667,0,126582.2288534164,124.93561969576372,168499.02221131395
R_LN_3DBall_3017,3DBall,3017,ppo,0.0003581229035572,100000,149,27990,3.0,12.0,92,41.9,66.3,-0.4845445649035942,12000,-1.7343396416172896,46000,-1.9159642496735452,96000,-0.0914086194205677,36000,-0.4285056687834759,36000,0.776612385235323,12000,84000,2.5657600000000005,,,2025-11-21_09-33,0,0.005051114839826572,0,106697.93527976553,152.97774810775798,100033.83204028782
R_AK_3DBall_2517,3DBall,2517,ppo,0.0008554599246992,500000,67,12682,3.0,12.0,221,32.3,85.0,-0.6917938155543862,12000,0.6801501035631877,442000,0.6270461975427244,132000,0.1507094854640497,24000,0.3482993639078509,24000,-0.1101730468067772,12000,480000,2.5657600000000005,60000.0,22.1,2025-11-21_09-33,1,0.999632804524896,1,55950.87683978036,21.84404603833256,56113.92966852869
R_AK_3DBall_2691,3DBall,2691,ppo,0.0004049400278563,500000,110,20732,3.0,12.0,217,37.3,84.8,-0.5106426186892499,12000,0.7173596335131767,442000,0.6270461975427244,204000,0.0082870708260395,24000,-0.613945328361563,24000,0.1287811115279186,12000,480000,2.5657600000000005,84000.0,32.5,2025-11-21_09-33,1,0.9995760982065545,1,82935.64950030946,35.536224231978736,83112.44382646849
R_AK_3DBall_2371,3DBall,2371,ppo,0.0006004054419071,500000,65,12304,3.0,12.0,220,27.1,82.7,-0.4500030231284627,12000,0.7173596335131767,442000,0.6270461975427244,120000,0.1571184941227603,24000,0.2247863429411614,24000,-0.8695162610703856,12000,480000,2.5657600000000005,60000.0,22.0,2025-11-21_09-33,1,0.9999595182220652,1,55920.938873429004,24.37706599359593,55938.91598336703
R_AK_3DBall_2585,3DBall,2585,ppo,0.0001449934668862,500000,110,20687,3.0,12.0,230,41.2,84.8,-0.4707279481935429,12000,0.7173596335131767,442000,0.6270461975427244,204000,-0.0002582740522411,24000,-0.7020716986931678,24000,0.6066894281973103,12000,480000,2.5657600000000005,84000.0,34.5,2025-11-21_09-33,1,0.9955356417158062,1,90947.98963070639,40.90046927191564,92774.14436186467
R_AK_3DBall_2011,3DBall,2011,ppo,0.0008774973417153,500000,140,26433,3.0,12.0,251,43.7,84.9,-0.5259944150337529,12000,0.6424414334957438,442000,0.6270461975427244,252000,-0.0358638777117436,36000,-0.193048339557721,36000,0.2721536065287337,12000,480000,2.5657600000000005,72000.0,31.4,2025-11-21_09-33,1,0.9978505579876824,1,84895.50956532614,39.65154385130113,85787.75259656811
R_LN_3DBall_4169,3DBall,4169,ppo,0.0001179675267325,200000,141,26442,3.0,12.0,182,44.1,60.8,-0.4960584121619719,12000,-1.7114189287610164,142000,-1.8862662692432128,180000,-0.0536666795414949,36000,-0.1688901453741537,36000,0.6863408143088795,12000,180000,2.5657600000000005,,,2025-11-21_09-33,0,0.16413446660182926,0,106747.67382286428,91.12886685695487,184694.079183536
R_LN_3DBall_3246,3DBall,3246,ppo,0.0005392051950058,100000,77,14596,3.0,12.0,108,41.8,57.4,-0.324118293103538,12000,-1.553042514477752,46000,-1.466407428606931,96000,0.1215128904632577,24000,-0.0627301934689001,24000,-0.5137400697720487,12000,84000,2.5657600000000005,60000.0,61.8,2025-11-21_09-33,1,0.7057634398605335,1,64679.38567994741,82.67554550724148,75072.00173949247
R_AK_3DBall_2056,3DBall,2056,ppo,0.0004863600020942,500000,106,20039,3.0,12.0,215,27.0,82.4,-0.5620711364433345,12000,0.7173596335131767,442000,0.6270461975427244,216000,0.0282262088753609,24000,-0.6295971161424657,24000,0.8403334941245689,12000,480000,2.5657600000000005,96000.0,37.6,2025-11-21_09-33,1,0.9899308383862332,1,84103.67916125256,38.96235761235925,88291.40643034891
R_LN_3DBall_3992,3DBall,3992,ppo,0.0004135736936829,200000,119,22351,3.0,12.0,195,43.3,62.2,-0.6495763756070024,12000,-0.4110297920137332,142000,0.16676231225885,168000,-0.0088036189305217,24000,-0.4911128199070869,24000,-0.0623822151398427,12000,180000,2.5657600000000005,72000.0,64.9,2025-11-21_09-33,1,0.90942955945829,1,86808.55973403242,74.27152431325847,97060.35834447177
R_AK_3DBall_2419,3DBall,2419,ppo,0.000188015150169,500000,130,24468,3.0,12.0,245,43.8,83.4,-0.6726040701237578,12000,0.7139252515109854,442000,0.6270461975427244,204000,-0.0194853000283725,36000,-0.535005876944836,36000,0.426146286344435,12000,480000,2.5657600000000005,84000.0,36.7,2025-11-21_09-33,1,0.989808217468943,1,99068.4924230694,47.50560116163849,103154.69915814232
R_LN_3DBall_3678,3DBall,3678,ppo,0.0005679922575159,200000,101,19032,3.0,12.0,300,78.6,85.5,-0.2358454641226451,12000,0.4275703044258905,142000,0.5988953898360349,156000,0.0203929760702703,24000,-0.4924738449315132,24000,0.176571943194853,12000,180000,2.5657600000000005,72000.0,100.1,2025-11-21_09-33,1,0.9467530073693443,1,76117.70363036678,64.55466884801614,82714.06335222934
R_LN_3DBall_3936,3DBall,3936,ppo,0.000104164091457,200000,77,14491,3.0,12.0,185,43.9,59.5,-0.1951632038097131,12000,-1.4906301335225285,142000,-1.4258173522021498,192000,0.112967545584977,24000,-0.2141442274363292,24000,0.4686270256039323,12000,180000,2.5657600000000005,108000.0,98.4,2025-11-21_09-33,1,0.6658917222287372,1,75974.76893852392,63.23059811074735,117412.62528865664
R_AK_3DBall_2580,3DBall,2580,ppo,0.0002360367082877,500000,88,16612,3.0,12.0,253,48.0,84.2,-0.0807923210431645,12000,0.7173596335131767,442000,0.6270461975427244,156000,0.0495895710710625,24000,-0.2641618970839967,24000,0.4420765635667465,12000,480000,2.5657600000000005,72000.0,31.6,2025-11-21_09-33,1,0.9986317202578756,1,75770.7364268005,32.30327872985519,76351.20073416407
R_AK_3DBall_2331,3DBall,2331,ppo,0.0003287721456953,500000,131,24670,3.0,12.0,232,39.7,84.0,-0.7585741296529739,12000,0.7173596335131767,442000,0.6270461975427244,240000,-0.0308790931994133,36000,-0.5809404715192246,36000,0.4898673952336809,12000,480000,2.5657600000000005,84000.0,34.8,2025-11-21_09-33,1,0.989805373625894,1,97198.22212003438,46.302080657247856,101304.63574834625
R_AK_3DBall_2333,3DBall,2333,ppo,0.000257278218335,500000,142,26761,3.0,12.0,214,27.1,84.2,-0.6495763756070024,12000,0.7173596335131767,442000,0.6270461975427244,336000,-0.0607878002733954,36000,-0.2835565036820718,36000,0.5535885041229387,12000,480000,2.5657600000000005,144000.0,58.8,2025-11-21_09-33,1,0.9696227440561683,1,103326.15020780617,49.94778432342278,115376.01326916869
R_AK_3DBall_2018,3DBall,2018,ppo,0.0002840070609391,500000,123,23101,3.0,12.0,225,37.8,84.0,-0.4300456878806093,12000,0.7173596335131767,442000,0.6270461975427244,228000,-0.0173489638088023,24000,-0.6037376406783656,24000,0.5111077648634296,12000,480000,2.5657600000000005,84000.0,33.7,2025-11-21_09-33,1,0.9917908806625699,1,91486.17785416592,46.443274431838184,94839.71657115076
R_LN_3DBall_4633,3DBall,4633,ppo,0.0007378199670047,200000,123,23118,3.0,12.0,172,44.7,65.5,-0.2005363325302886,12000,-0.2944371171150463,142000,0.3872344253780167,180000,-0.0294548690530332,24000,-0.5343253644326227,24000,-0.1845143405109092,12000,180000,2.5657600000000005,84000.0,68.9,2025-11-21_09-33,1,0.9979551581918753,1,79635.89177806895,56.07406738544017,79882.0173387588
R_AK_3DBall_2230,3DBall,2230,ppo,0.0008613651931387,500000,96,18170,3.0,12.0,241,43.9,84.2,-0.3325617810930155,12000,0.7173596335131767,442000,0.6270461975427244,180000,0.0645439246080535,24000,-0.6357217287523842,24000,0.4420765635667465,12000,480000,2.5657600000000005,72000.0,30.1,2025-11-21_09-33,1,0.9997581795463409,1,69974.86205958466,29.23770440419875,70078.8509335262
R_LN_3DBall_3144,3DBall,3144,ppo,0.0003105172638693,100000,63,11933,3.0,12.0,98,40.9,56.0,-0.0623701654297612,12000,-1.6034209003623905,46000,-1.6044977514345056,96000,0.1991331064409732,12000,-0.0287045678582421,12000,0.0916104646758466,12000,84000,2.5657600000000005,60000.0,56.0,2025-11-21_09-33,1,0.23448870493474896,0,65115.022728378695,84.14674049423265,91819.86685789937
R_LN_3DBall_3346,3DBall,3346,ppo,7.340666821328078e-05,100000,129,24310,3.0,12.0,96,41.9,57.7,-0.3486811672547436,12000,-1.737851005428641,46000,-1.9212426872823751,96000,-0.0365759897849337,36000,-0.1018596629211571,36000,0.6544802598642565,12000,84000,2.5657600000000005,,,2025-11-21_09-33,0,0.004704390567356767,0,102204.16392885374,139.0748989831913,100010.36924799581
R_AK_3DBall_2873,3DBall,2873,ppo,0.0008319735266581,500000,179,33661,3.0,12.0,214,33.1,84.6,-0.6879558664682609,12000,0.7173596335131767,442000,0.6270461975427244,300000,-0.0864238349082373,36000,-0.8851295644785088,36000,0.4420765635667465,12000,480000,2.5657600000000005,108000.0,42.8,2025-11-21_09-33,1,0.9994988336268497,1,110390.56736868081,45.74847612606492,110585.82651497782
R_AP_3DBall_1199,3DBall,1199,ppo,0.0003520633281354,500000,34,6474,3.0,12.0,545,53.8,87.2,0.2193352974918691,12000,0.7173596335131767,442000,0.6270461975427244,108000,0.4483723320574914,12000,2.4027666382793926,12000,-1.7456815082976116,12000,480000,2.5657600000000005,48000.0,40.9,2025-11-21_09-33,1,0.99921423277623,1,40946.461378650936,23.504596309461263,41307.17060325523
R_AK_3DBall_2339,3DBall,2339,ppo,0.000542304506617,500000,78,14733,3.0,12.0,231,41.1,83.8,0.4864565538862215,12000,0.667388506231835,442000,0.6270461975427244,132000,0.1029979765603163,24000,-0.1062829942505427,24000,-0.2588556342150413,12000,480000,2.5657600000000005,60000.0,23.1,2025-11-21_09-33,1,0.9999788562874999,1,60913.94738503945,26.119990223740512,60923.23129429873
R_LN_3DBall_3320,3DBall,3320,ppo,0.0002642685757634,100000,176,33136,3.0,12.0,95,40.7,58.2,-0.7931156714281054,12000,-1.730751295996779,46000,-1.9117378895167931,84000,-0.1170446540554095,36000,-0.6986691361321019,36000,0.776612385235323,12000,84000,2.5657600000000005,,,2025-11-21_09-33,0,0.0035053239033943995,0,132239.39853502988,186.46740002913435,100113.00953431589
R_LN_3DBall_3365,3DBall,3365,ppo,0.0005624896885359,100000,91,17231,3.0,12.0,94,41.3,57.6,-0.9604502515831888,12000,-1.7192189243278155,46000,-1.88351745903754,96000,0.056710691802963,24000,-0.6551163353504594,24000,-0.0995528619919029,12000,84000,2.5657600000000005,96000.0,94.1,2025-11-21_09-33,1,0.3478598255970155,0,76007.05496070233,95.55806770568438,91653.81832307113
R_AP_3DBall_1240,3DBall,1240,ppo,0.0004668252339707,500000,135,25319,3.0,12.0,401,52.7,88.1,-0.9028810152913018,12000,0.7038729172052224,442000,0.6270461975427244,264000,-0.0429849984436441,36000,-0.7177234864740705,36000,0.3093242533808056,12000,480000,2.5657600000000005,108000.0,80.1,2025-11-21_09-33,1,0.9710953751196534,1,93161.31462332902,56.491355404479606,104920.83421095504
R_AK_3DBall_2048,3DBall,2048,ppo,0.0001101893014954,500000,63,11829,3.0,12.0,244,44.5,82.1,0.640742107148477,12000,0.7173596335131767,442000,0.6270461975427244,120000,0.1905877615626927,12000,1.0226872635110962,12000,0.0863003722684095,12000,480000,2.5657600000000005,48000.0,18.3,2025-11-21_09-33,1,0.996257660733115,1,59118.46687072036,28.02775998569239,60768.39514419455
R_AK_3DBall_2430,3DBall,2430,ppo,0.0007944401849507,500000,36,6860,3.0,12.0,330,48.9,84.2,5.512634677076516,12000,0.642784126710713,442000,0.6270461975427244,84000,0.4177515129103192,12000,3.836946757768635,12000,-2.574055923857891,12000,480000,2.5657600000000005,24000.0,8.2,2025-11-21_09-33,1,0.9999999999354443,1,24405.54185038215,8.603638183272752,24405.54188108448
R_LN_3DBall_3433,3DBall,3433,ppo,7.640907404785448e-05,100000,54,10138,3.0,12.0,121,44.0,68.5,1.7890564737173038,12000,-1.0481064117781371,46000,-0.3495343828633233,96000,0.2546778481497973,12000,1.3915250451306311,12000,0.3093242533808056,12000,84000,2.5657600000000005,36000.0,34.6,2025-11-21_09-33,1,0.3233399265007262,0,55076.0132842609,65.26366170625909,85474.28143721333
R_AK_3DBall_2434,3DBall,2434,ppo,0.0007276253298747,500000,159,29825,3.0,12.0,219,38.9,84.1,-0.3463783978030684,12000,0.6802643346348445,442000,0.6270461975427244,252000,-0.0835753866154772,36000,-0.7942811440980514,36000,0.7288215535683767,12000,480000,2.5657600000000005,96000.0,38.3,2025-11-21_09-33,1,0.9984347506745274,1,99680.89334981916,44.407347174700966,100307.49256147716
R_LN_3DBall_3611,3DBall,3611,ppo,0.0007693465229852,200000,32,6017,3.0,12.0,218,43.5,62.8,5.811994705794324,12000,0.6367720957437536,142000,0.6270461975427244,120000,0.4839779357169939,12000,2.0825855012830994,12000,-3.444911078677692,12000,180000,2.5657600000000005,24000.0,14.5,2025-11-21_09-33,1,0.9999999999936426,1,25002.31208646407,19.498039515727555,25002.312087576596
R_AP_3DBall_1237,3DBall,1237,ppo,0.0001385674108922,500000,71,13330,3.0,12.0,490,61.8,87.4,0.2431305818258496,12000,0.6809124718022862,442000,0.6270461975427244,156000,0.1464368130249095,24000,0.8716134857997737,24000,0.4049059167146746,12000,480000,2.5657600000000005,60000.0,49.0,2025-11-21_09-33,1,0.9121945187239171,1,63729.02706918699,36.07446866648024,102036.00981416195
R_AK_3DBall_2640,3DBall,2640,ppo,7.767658355494472e-05,500000,93,17599,3.0,12.0,221,33.1,84.4,-0.3594274246958946,12000,0.7173596335131767,442000,0.6270461975427244,312000,0.0723771574131441,24000,-0.3407195547079777,24000,0.6385499826419451,12000,480000,2.5657600000000005,132000.0,55.2,2025-11-21_09-33,1,0.9928657544083421,1,84695.85719556308,36.637122417749595,87658.73894556289
R_LN_3DBall_3019,3DBall,3019,ppo,0.000329770812606,100000,68,12919,3.0,12.0,99,40.7,66.0,0.0013397893999261,12000,-1.5963112577938627,46000,-1.5543229400067542,96000,0.1492852613176697,24000,0.2741235000766159,24000,0.1447113887502301,12000,84000,2.5657600000000005,60000.0,56.5,2025-11-21_09-33,1,0.09748142272281778,0,65716.09981122213,86.42998737690846,96657.95663311085
R_AK_3DBall_2465,3DBall,2465,ppo,8.652374314319183e-05,500000,91,17096,3.0,12.0,247,45.7,84.0,-0.1759734583790848,12000,0.7173596335131767,442000,0.6270461975427244,192000,0.0624075883884834,24000,-0.3002290602312944,24000,0.5164178572708668,12000,480000,2.5657600000000005,72000.0,30.9,2025-11-21_09-33,1,0.9955940749454031,1,79763.20383602992,36.20555406537755,81614.7356651123
R_AK_3DBall_2957,3DBall,2957,ppo,9.31799645938823e-05,500000,101,19122,3.0,12.0,236,43.9,84.6,-0.8291923928376885,12000,0.7173596335131767,442000,0.6270461975427244,228000,0.0218172002166504,24000,-0.4455184815888049,24000,0.8031628472725089,12000,480000,2.5657600000000005,96000.0,41.3,2025-11-21_09-33,1,0.9807677673243714,1,92158.52479141815,37.529237856449065,100002.2269374012
R_AK_3DBall_2149,3DBall,2149,ppo,0.0005296781427218,500000,156,29403,3.0,12.0,218,38.1,84.0,-0.3578922450614444,12000,0.7173596335131767,442000,0.6270461975427244,252000,-0.0835753866154772,36000,-0.8354521510869478,36000,0.4526967483816208,12000,480000,2.5657600000000005,96000.0,38.1,2025-11-21_09-33,1,0.9980332352055841,1,104378.15645974684,51.014374556199904,105156.25157352374
R_LN_3DBall_4429,3DBall,4429,ppo,0.0007444300934408,200000,140,26331,3.0,12.0,171,44.4,65.0,-0.3816875293954249,12000,-1.0627006728243256,142000,-0.8218526933159364,180000,-0.0465455588095944,36000,-0.4785233384311434,36000,0.3942857318998002,12000,180000,2.5657600000000005,96000.0,79.9,2025-11-21_09-33,1,0.9564363962965118,1,90959.70038157125,66.3743651267674,95709.8887818581
R_LN_3DBall_3147,3DBall,3147,ppo,0.0002885976647236,100000,87,16422,3.0,12.0,96,42.0,56.2,0.6760512387408353,12000,-1.6574993796550297,46000,-1.7485034313088093,96000,0.0695287091203839,24000,0.054998471143977,24000,0.1659517583799787,12000,84000,2.5657600000000005,60000.0,54.8,2025-11-21_09-33,1,0.406265504487541,0,70613.78473568843,92.1727276549211,88061.39443066498
R_AK_3DBall_2258,3DBall,2258,ppo,0.0008879661633656,500000,112,21020,3.0,12.0,219,32.2,83.4,0.1180134416181483,12000,0.7173596335131767,442000,0.6270461975427244,168000,-0.0002582740522411,24000,-0.4795441071994632,24000,0.2031224052320506,12000,480000,2.5657600000000005,72000.0,27.4,2025-11-21_09-33,1,0.9999364863355669,1,69602.87089532947,29.811936789137693,69630.2069941604
R_AK_3DBall_2752,3DBall,2752,ppo,0.0007239105342741,500000,171,32122,3.0,12.0,244,45.4,84.4,-0.3901310173849007,12000,0.7173596335131767,442000,0.6270461975427244,312000,-0.0885601711278075,36000,-0.8395352261602268,36000,0.3518049926403029,12000,480000,2.5657600000000005,84000.0,36.6,2025-11-21_09-33,1,0.9996793180646204,1,105366.81733558314,45.24877328799974,105493.36906836498
R_LN_3DBall_4301,3DBall,4301,ppo,0.0008279964092415,200000,65,12286,3.0,12.0,185,45.6,62.8,-0.4039476340949536,12000,0.6843518203728102,142000,0.6270461975427244,144000,0.1777697442452718,24000,0.5772918242675803,24000,0.1022306494907328,12000,180000,2.5657600000000005,48000.0,37.1,2025-11-21_09-33,1,0.9510582300312318,1,56590.05021951054,38.341274330136095,63608.786992899855
R_AK_3DBall_2719,3DBall,2719,ppo,0.0001817309022091,500000,102,19296,3.0,12.0,248,47.2,84.0,-0.164459611120707,12000,0.7173596335131767,442000,0.6270461975427244,168000,0.0360594416804515,24000,-0.5033620451269238,24000,0.2402930520841107,12000,480000,2.5657600000000005,72000.0,31.0,2025-11-21_09-33,1,0.9994060847540421,1,84070.5783253421,36.07132010858682,84317.60515011712
R_AK_3DBall_2083,3DBall,2083,ppo,0.000773170464049,500000,189,35460,3.0,12.0,210,27.2,83.0,-0.5505572891849585,12000,0.7173596335131767,442000,0.6270461975427244,348000,-0.1084993091771289,36000,-0.6387840350573435,36000,0.6969609991237539,12000,480000,2.5657600000000005,156000.0,62.9,2025-11-21_09-33,1,0.9906972486573069,1,114781.43175052764,57.12999711848056,118365.02430354072
R_AK_3DBall_2394,3DBall,2394,ppo,0.0007094241843102,500000,190,35801,3.0,12.0,215,36.3,83.3,-0.8268896233860134,12000,0.7173596335131767,442000,0.6270461975427244,300000,-0.1319990075924006,36000,-0.8987398147227721,36000,0.8350234017171319,12000,480000,2.5657600000000005,120000.0,48.3,2025-11-21_09-33,1,0.9885794504039364,1,125877.59428319651,58.4374056316896,130150.27777268391
R_AK_3DBall_2250,3DBall,2250,ppo,0.0005663518105335,500000,75,14124,3.0,12.0,270,45.9,83.5,-0.2488944910154729,12000,0.6544977781238268,442000,0.6270461975427244,144000,0.1136796576581671,24000,0.8413306790062879,24000,-0.8482758914406252,12000,480000,2.5657600000000005,60000.0,27.0,2025-11-21_09-33,1,0.9997981005155812,1,56036.6668787807,25.427412857225605,56126.30284683874
R_AK_3DBall_2055,3DBall,2055,ppo,0.0005385917769596,500000,142,26681,3.0,12.0,213,26.8,82.6,-0.8959727069362763,12000,0.7173596335131767,442000,0.6270461975427244,300000,-0.0444092225900243,36000,-0.5581433023600835,36000,0.4951774876411181,12000,480000,2.5657600000000005,120000.0,47.9,2025-11-21_09-33,1,0.9852474858779234,1,96712.66777845616,48.22109538635363,102662.16984230907
R_LN_3DBall_4035,3DBall,4035,ppo,0.0002343288361909,200000,133,24947,3.0,12.0,194,43.6,61.3,-0.8437765993649665,12000,-1.0277062323508044,142000,-0.7911954657969449,192000,-0.0330154294189834,36000,-0.7360973243038259,36000,0.5482784117155015,12000,180000,2.5657600000000005,84000.0,77.4,2025-11-21_09-33,1,0.40842567491247606,0,103678.84758055035,90.1375823056453,160659.9683147388
R_AK_3DBall_2666,3DBall,2666,ppo,0.0003374743986859,500000,83,15732,3.0,12.0,219,33.1,83.6,-0.4192994304394566,12000,0.7173596335131767,442000,0.6270461975427244,156000,0.0873315109501352,24000,-0.2958057289019088,24000,0.4792472104188066,12000,480000,2.5657600000000005,72000.0,27.3,2025-11-21_09-33,1,0.998247264706732,1,74569.90257566454,30.482054576337156,75315.56892223863
R_LN_3DBall_3222,3DBall,3222,ppo,0.0003898014945286,100000,67,12628,3.0,12.0,110,42.2,57.0,0.8149849956585877,12000,-1.1584238275882217,46000,-0.0567422593986577,96000,0.1464368130249095,24000,1.5881931611602351,24000,-0.7208336736621216,12000,84000,2.5657600000000005,48000.0,47.2,2025-11-21_09-33,1,0.5101046276498878,1,53018.8909359786,67.77521940346573,76034.71885431859
R_LN_3DBall_3018,3DBall,3018,ppo,0.0005842777154731,100000,184,34546,3.0,12.0,90,41.8,66.0,-0.7800666445352792,12000,-1.731523597372543,46000,-1.9099663767482216,96000,-0.1263021110068802,36000,-0.7296324554378009,36000,0.7182013687535025,12000,84000,2.5657600000000005,,,2025-11-21_09-33,0,0.007302571548065228,0,123749.7379238292,180.31375191623115,100173.43416043656
R_AK_3DBall_2543,3DBall,2543,ppo,0.0002984501278321,500000,113,21215,3.0,12.0,218,34.2,84.2,-0.9558447126798384,12000,0.7173596335131767,442000,0.6270461975427244,252000,-0.0095157310037117,24000,-0.4856687198093816,24000,0.3730453622700516,12000,480000,2.5657600000000005,120000.0,49.0,2025-11-21_09-33,1,0.992055071094731,1,87946.38691152137,40.01861461700169,91220.12357266856
R_AK_3DBall_2947,3DBall,2947,ppo,0.000238116628284,500000,150,28280,3.0,12.0,237,45.3,85.0,-0.5329027233887802,12000,0.6420962569966083,442000,0.6270461975427244,252000,-0.0707573692980562,36000,-0.8650544453682204,36000,0.6385499826419451,12000,480000,2.5657600000000005,96000.0,41.4,2025-11-21_09-33,1,0.9970213096911786,1,112807.11291561309,48.16347457312968,113960.44061601591
R_AP_3DBall_1019,3DBall,1019,ppo,0.0004799262095894,500000,165,31094,3.0,12.0,414,61.4,87.0,-0.3885958377504505,12000,0.692732904434557,442000,0.6270461975427244,288000,-0.0750300417371965,36000,-0.792239606561412,36000,0.4633169331964951,12000,480000,2.5657600000000005,108000.0,82.8,2025-11-21_09-33,1,0.9735377760530928,1,109732.51000558207,69.80622236169152,120059.85572501173
R_AK_3DBall_2365,3DBall,2365,ppo,0.000462513252879,500000,141,26439,3.0,12.0,224,43.0,83.7,-0.8161433659448607,12000,0.7173596335131767,442000,0.6270461975427244,228000,-0.0565151278342551,36000,-0.5863845716169299,36000,0.4473866559741836,12000,480000,2.5657600000000005,84000.0,33.6,2025-11-21_09-33,1,0.9928192400442563,1,96781.89611719643,45.93963663978128,99677.30853098899
R_AK_3DBall_2695,3DBall,2695,ppo,0.000228843010714,500000,38,7225,3.0,12.0,258,52.0,84.4,1.0705924047945623,12000,0.7173596335131767,442000,0.6270461975427244,108000,0.402797159373328,12000,2.3449230747412737,12000,-0.4765694229199885,12000,480000,2.5657600000000005,36000.0,12.9,2025-11-21_09-33,1,0.9994814580668757,1,45477.23801665142,17.64512654580576,45712.927128299256
R_AK_3DBall_2435,3DBall,2435,ppo,0.0006251114816407,500000,43,8123,3.0,12.0,228,26.4,82.9,0.8264988429169637,12000,0.6812179157547587,442000,0.6270461975427244,96000,0.3230406071760422,12000,1.967919142975181,12000,-1.3952154094067115,12000,480000,2.5657600000000005,36000.0,11.4,2025-11-21_09-33,1,0.9999905682556944,1,40414.385946819486,16.490515276032518,40418.72064081775
R_AK_3DBall_2984,3DBall,2984,ppo,9.248308206064696e-05,500000,157,29618,3.0,12.0,265,47.4,84.0,-0.7401519740395706,12000,0.7173596335131767,442000,0.6270461975427244,264000,-0.0764542658835766,36000,-0.8497429138434243,36000,0.7341316459758139,12000,480000,2.5657600000000005,108000.0,53.0,2025-11-21_09-33,1,0.9875796047487443,1,124208.32727389954,54.290855971164895,128875.80838128824
R_LN_3DBall_4632,3DBall,4632,ppo,6.955177692039946e-05,200000,96,18095,3.0,12.0,192,44.4,65.2,-0.175205868561858,12000,-1.7277490054395488,142000,-1.9107373844888376,168000,0.0624075883884834,24000,0.4122675400558881,24000,0.6757206294940051,12000,180000,2.5657600000000005,,,2025-11-21_09-33,0,0.3460759455490176,0,83669.02083254495,60.48111360342414,159740.6463879799
R_LN_3DBall_3198,3DBall,3198,ppo,8.935573297712267e-05,100000,116,21855,3.0,12.0,105,41.2,57.0,-0.4922204630758465,12000,-1.7137532158774735,46000,-1.8790203436541504,96000,-0.0016824981986211,24000,-0.6445683914111553,24000,0.7235114611609397,12000,84000,2.5657600000000005,96000.0,104.9,2025-11-21_09-33,1,0.00999830044580702,0,99044.38659591899,137.36243097798635,99990.44549007594
R_AK_3DBall_2175,3DBall,2175,ppo,0.0006819482583149,500000,140,26402,3.0,12.0,232,39.4,82.7,-0.58509883096009,12000,0.7173596335131767,442000,0.6270461975427244,216000,-0.0593635761270154,36000,-0.5809404715192246,36000,0.1925022204171645,12000,480000,2.5657600000000005,84000.0,34.8,2025-11-21_09-33,1,0.9988432164146411,1,90671.57989024355,42.77011989050466,91145.0842876474
R_LN_3DBall_4354,3DBall,4354,ppo,0.0003634757352985,200000,75,14236,3.0,12.0,181,40.9,63.9,-0.0961441173876675,12000,0.2434571330416061,142000,0.6089958491002194,192000,0.1193765542436875,24000,-0.217546789997395,24000,0.2668435141212966,12000,180000,2.5657600000000005,72000.0,60.5,2025-11-21_09-33,1,0.9656601608149843,1,70883.8479851821,51.20339196688972,75317.675881559
R_LN_3DBall_3269,3DBall,3269,ppo,0.0008683911963052,100000,41,7845,3.0,12.0,108,40.7,57.8,2.126028403479146,12000,-0.4141910127576156,46000,0.341017797501586,96000,0.3429797452253637,12000,3.0540171124673905,12000,-1.899674188113301,12000,84000,2.5657600000000005,36000.0,30.8,2025-11-21_09-33,1,0.9976293255454493,1,33353.42986025849,38.017803668886565,33511.4271815722
R_LN_3DBall_4451,3DBall,4451,ppo,0.0002324929639916,200000,81,15251,3.0,12.0,207,44.5,63.7,0.4611260899177926,12000,0.4747800197141471,142000,0.6270461975427244,168000,0.099437416194366,24000,0.4102260025192488,24000,-0.1420336012514119,12000,180000,2.5657600000000005,60000.0,55.1,2025-11-21_09-33,1,0.9841910443208827,1,67523.49521165394,49.92196285189993,69617.81040437728
R_AK_3DBall_2441,3DBall,2441,ppo,0.0001792906793996,500000,84,15750,3.0,12.0,244,46.0,83.8,-0.2013039223475137,12000,0.6893183887056972,442000,0.6270461975427244,156000,0.0944526316820357,24000,-0.3152003354999841,24000,0.6438600750493823,12000,480000,2.5657600000000005,60000.0,24.4,2025-11-21_09-33,1,0.9955959230351983,1,75480.31343041845,33.501352804008995,77349.9308031444
R_AK_3DBall_2781,3DBall,2781,ppo,0.0004765439619141,500000,38,7253,3.0,12.0,321,53.3,84.6,4.477923603457011,12000,0.6432435342815052,442000,0.6270461975427244,288000,0.3700400040065857,12000,1.9257273672179644,12000,-3.3865000621958714,12000,480000,2.5657600000000005,36000.0,16.0,2025-11-21_09-33,1,0.9999999999988671,1,30116.629529475063,11.519594735345727,30116.629530007383
R_LN_3DBall_4313,3DBall,4313,ppo,0.0003446709665941,200000,50,9383,3.0,12.0,196,40.0,62.6,-0.2865063920595064,12000,0.7173596335131767,142000,0.6270461975427244,144000,0.2553899602229874,12000,-0.1634460452764484,12000,-1.3102539308877172,12000,180000,2.5657600000000005,60000.0,52.1,2025-11-21_09-33,1,0.9997304067476355,1,55454.416397077126,43.5794637090192,55493.38491107557
R_AP_3DBall_1064,3DBall,1064,ppo,0.000247856302049,500000,78,14683,3.0,12.0,455,59.6,88.0,0.0397192802611829,12000,0.6799588906823716,442000,0.6270461975427244,168000,0.1094069852190267,24000,-0.3679400551965041,24000,0.176571943194853,12000,480000,2.5657600000000005,72000.0,56.8,2025-11-21_09-33,1,0.9957791364516164,1,68924.24310123324,40.99885210189787,70743.7550501191
R_AK_3DBall_2238,3DBall,2238,ppo,0.0004667726824267,500000,172,32383,3.0,12.0,269,42.6,82.6,-0.1729030991101828,12000,0.680301583897341,442000,0.6270461975427244,300000,-0.1156204299090295,36000,-0.883428283197976,36000,0.5854490585675617,12000,480000,2.5657600000000005,108000.0,53.8,2025-11-21_09-33,1,0.9975927380283984,1,114907.25747976058,56.31626898500319,115834.27659436931
R_AK_3DBall_2484,3DBall,2484,ppo,5.628560763727482e-05,500000,40,7577,3.0,12.0,262,47.8,83.1,-0.0416452403646826,12000,0.7173596335131767,442000,0.6270461975427244,120000,0.3821459092508166,12000,0.3731380706036313,12000,0.4951774876411181,12000,480000,2.5657600000000005,60000.0,26.2,2025-11-21_09-33,1,0.9951816330218539,1,60423.294857496534,25.432956193874617,62541.33673791743
R_AK_3DBall_2320,3DBall,2320,ppo,0.0004894247989946,500000,48,9174,3.0,12.0,256,46.9,83.4,1.1634707726788058,12000,0.6852011035577338,442000,0.6270461975427244,108000,0.2860107793701595,12000,2.092112676454083,12000,-1.862503541261241,12000,480000,2.5657600000000005,36000.0,12.8,2025-11-21_09-33,1,0.9999972389152868,1,41425.5249166957,17.96033878229852,41426.791079668714
R_AK_3DBall_2214,3DBall,2214,ppo,0.0004469316399792,500000,75,14227,3.0,12.0,254,44.4,83.3,0.1026616452736453,12000,0.7000188601789019,442000,0.6270461975427244,144000,0.1364672440002488,24000,1.5242249850121978,24000,-0.991648386441452,12000,480000,2.5657600000000005,48000.0,19.0,2025-11-21_09-33,1,0.9995651461804199,1,55203.358223087016,25.3521136381076,55396.7797417001
R_AP_3DBall_1341,3DBall,1341,ppo,3.1716643590758594e-05,500000,117,22118,3.0,12.0,457,62.0,90.3,-0.6979345340921868,12000,0.7173596335131767,442000,0.6270461975427244,252000,-0.0095157310037117,24000,-0.4536846317353628,24000,0.7288215535683767,12000,480000,2.5657600000000005,96000.0,79.9,2025-11-21_09-33,1,0.7328623114175582,1,98814.2524275936,58.98522428296938,205986.0857263052
R_LN_3DBall_3905,3DBall,3905,ppo,9.915906809534996e-05,200000,68,12847,3.0,12.0,187,43.8,59.2,-0.1268477100766736,12000,0.6883846738591145,142000,0.6270461975427244,168000,0.1357551319270587,24000,0.2799078564304279,24000,0.6332398902345079,12000,180000,2.5657600000000005,60000.0,49.9,2025-11-21_09-33,1,0.318392297248794,0,71762.02568541843,58.44158434134786,159170.0167634485
R_AK_3DBall_2146,3DBall,2146,ppo,0.0002968018669491,500000,83,15563,3.0,12.0,243,41.3,83.6,0.4089299823464812,12000,0.6792610878316011,442000,0.6270461975427244,144000,0.1151038818045472,24000,0.2775260626376817,24000,0.1447113887502301,12000,480000,2.5657600000000005,60000.0,24.3,2025-11-21_09-33,1,0.9991290438915189,1,65804.85007332919,30.64512949620671,66183.01499143068
R_AK_3DBall_2069,3DBall,2069,ppo,0.0006025056701649,500000,53,10098,3.0,12.0,252,43.0,83.8,1.6984808752847371,12000,0.6816773233255508,442000,0.6270461975427244,168000,0.2297539255881455,12000,1.773292564482216,12000,-1.0766098649604467,12000,480000,2.5657600000000005,36000.0,12.6,2025-11-21_09-33,1,0.9999948658056547,1,42617.797713132786,18.317863793667026,42620.14600224942
R_AK_3DBall_2354,3DBall,2354,ppo,0.0006066104940717,500000,138,25907,3.0,12.0,221,38.0,82.9,-0.4407919453217619,12000,0.7173596335131767,442000,0.6270461975427244,216000,-0.0380002139313138,36000,-0.6479709539722212,36000,0.4526967483816208,12000,480000,2.5657600000000005,96000.0,38.6,2025-11-21_09-33,1,0.9985989693987221,1,90848.8448477784,41.49903467063647,91422.07813669488
R_AP_3DBall_1113,3DBall,1113,ppo,0.0001104736652259,500000,102,19130,3.0,12.0,439,55.0,88.3,-0.5958450884012426,12000,0.6800333892073649,442000,0.6270461975427244,300000,0.0389078899732117,24000,0.0131469516428675,24000,0.564208688937813,12000,480000,2.5657600000000005,156000.0,131.7,2025-11-21_09-33,1,0.696077977472145,1,82951.67702970248,51.425403515185515,209701.84683868542
R_AK_3DBall_2123,3DBall,2123,ppo,0.0004073697800308,500000,140,26286,3.0,12.0,220,38.2,82.8,-1.0187870776923007,12000,0.7099917293913389,442000,0.6270461975427244,252000,-0.0550909036878751,36000,-0.670087610619149,36000,0.4686270256039323,12000,480000,2.5657600000000005,96000.0,38.5,2025-11-21_09-33,1,0.9806431239553722,1,99825.05582741949,50.39661790262237,107571.19261793398
R_AK_3DBall_2621,3DBall,2621,ppo,0.0006437590177206,500000,119,22339,3.0,12.0,215,33.4,84.4,-0.0485535487197082,12000,0.6796906959923956,442000,0.6270461975427244,192000,-0.0137884034428521,24000,-0.6350412162401711,24000,0.2243627748617992,12000,480000,2.5657600000000005,84000.0,32.2,2025-11-21_09-33,1,0.9999012661162735,1,78781.92116973035,32.980312777697954,78823.50966654909
R_LN_3DBall_3548,3DBall,3548,ppo,0.0006662545739792,200000,34,6524,3.0,12.0,211,37.7,61.6,1.6931077465641602,12000,0.7173596335131767,142000,0.6270461975427244,108000,0.4412512113255909,12000,2.6501329364688773,12000,-1.51734753477779,12000,180000,2.5657600000000005,36000.0,28.1,2025-11-21_09-33,1,0.9993173009748308,1,36483.14824975546,29.14731419174684,36594.78104504408
R_AK_3DBall_2797,3DBall,2797,ppo,0.0007263057929552,500000,41,7764,3.0,12.0,247,44.9,83.8,1.5104213700645737,12000,0.6799961399448685,442000,0.6270461975427244,84000,0.3565098746159746,12000,2.41093278842595,12000,-2.005876036262056,12000,480000,2.5657600000000005,36000.0,12.4,2025-11-21_09-33,1,0.9999997713530547,1,35456.77316832248,13.113695945317986,35456.879384712236
R_LN_3DBall_3111,3DBall,3111,ppo,0.0005656910747959,100000,182,34220,3.0,12.0,90,42.6,56.3,-0.4615168703868404,12000,-1.7265396460504907,46000,-1.9030556719159484,84000,-0.1056508608843687,36000,-0.8881918707834681,36000,0.5164178572708668,12000,84000,2.5657600000000005,,,2025-11-21_09-33,0,0.051289438510716205,0,121851.38264261917,174.07619263418218,101120.74514642273
R_AP_3DBall_1347,3DBall,1347,ppo,0.0004543586444717,500000,162,30486,3.0,12.0,397,56.0,87.9,-0.2281695659503944,12000,0.7173596335131767,442000,0.6270461975427244,252000,-0.095681291859708,36000,-0.7480062932675563,36000,0.6597903522716937,12000,480000,2.5657600000000005,108000.0,79.5,2025-11-21_09-33,1,0.9783739500737032,1,108199.52283373545,63.53683213389083,116672.61951408
R_AK_3DBall_2864,3DBall,2864,ppo,0.0005167793278067,500000,63,11940,3.0,12.0,264,49.0,84.7,0.9646650100174912,12000,0.7173596335131767,442000,0.6270461975427244,120000,0.1991331064409732,12000,0.9158467990936294,12000,-1.3845952245918374,12000,480000,2.5657600000000005,48000.0,19.8,2025-11-21_09-33,1,0.9999994198561071,1,49147.48277609323,19.112361707898046,49147.744335427706
R_AK_3DBall_2457,3DBall,2457,ppo,0.0001820929070742,500000,67,12633,3.0,12.0,244,46.0,83.9,-0.4446298944078873,12000,0.7173596335131767,442000,0.6270461975427244,132000,0.1521337096104299,24000,-0.0025048361380351,24000,0.3411848078254286,12000,480000,2.5657600000000005,60000.0,24.4,2025-11-21_09-33,1,0.9955520116936124,1,68554.92175801266,29.994862626915324,70473.98442088149
R_AK_3DBall_2016,3DBall,2016,ppo,0.0002425029553758,500000,37,6965,3.0,12.0,301,47.2,83.8,3.1461552705713727,12000,0.6611306301323973,442000,0.6270461975427244,96000,0.375736900592106,12000,2.432709188816772,12000,-1.3739750397769632,12000,480000,2.5657600000000005,36000.0,15.1,2025-11-21_09-33,1,0.9999993414971404,1,36963.31513462711,16.553881408879082,36963.620045608186
R_LN_3DBall_4128,3DBall,4128,ppo,0.0001521598497125,200000,82,15465,3.0,12.0,182,44.8,61.4,-0.3402376792652662,12000,-1.0368844506299792,142000,-0.7621369834257181,192000,0.0894678471697053,24000,-0.3965215807094571,24000,0.3040141609733567,12000,180000,2.5657600000000005,96000.0,85.1,2025-11-21_09-33,1,0.84713586920149,1,78169.37612010576,62.8714608670573,96792.90854414599
R_LN_3DBall_3301,3DBall,3301,ppo,0.0002767931208814,100000,126,23682,3.0,12.0,94,39.6,57.6,-0.4146938915361062,12000,-1.7152605693665046,46000,-1.8852554497304328,96000,-0.0422728863704542,24000,-0.576517140189839,24000,0.4686270256039323,12000,84000,2.5657600000000005,96000.0,94.0,2025-11-21_09-33,1,0.04335610048289099,0,95858.21458482115,129.51415584788094,99820.42833536094
R_AK_3DBall_2598,3DBall,2598,ppo,0.0002573765017008,500000,63,11938,3.0,12.0,222,29.4,84.6,0.0013397893999261,12000,0.7173596335131767,442000,0.6270461975427244,144000,0.1877393132699325,12000,0.2543886372224341,12000,0.5960692433824359,12000,480000,2.5657600000000005,60000.0,22.2,2025-11-21_09-33,1,0.9967654994651853,1,65285.04560239635,26.327901050183936,66691.13135488733
R_AK_3DBall_2266,3DBall,2266,ppo,0.0001628633493801,500000,156,29344,3.0,12.0,290,47.8,84.0,-0.4054828137294037,12000,0.6061159527090091,442000,0.6270461975427244,276000,-0.0493940071023547,36000,-0.8344313823186281,36000,0.6279297978270589,12000,480000,2.5657600000000005,96000.0,50.8,2025-11-21_09-33,1,0.9889081950710031,1,115589.32196231584,58.60608851354773,119853.13021573325
R_LN_3DBall_3314,3DBall,3314,ppo,0.0005810087775226,100000,177,33215,3.0,12.0,104,41.0,58.4,-0.6503439654242275,12000,-1.722273363852541,46000,-1.896526603022174,96000,-0.0978176280792782,36000,-0.8327301010380952,36000,0.3783554546774887,12000,84000,2.5657600000000005,,,2025-11-21_09-33,0,0.07168732643797454,0,116771.54744462491,161.2864598147984,101202.30739653281
R_LN_3DBall_4206,3DBall,4206,ppo,0.0007798369876295,200000,40,7523,3.0,12.0,201,44.0,60.9,1.4536197235899135,12000,0.6797676778015554,142000,0.6270461975427244,84000,0.360782547055115,12000,2.457207639256445,12000,-2.568745831450454,12000,180000,2.5657600000000005,36000.0,26.7,2025-11-21_09-33,1,0.9999936435354372,1,34158.07898531444,25.091832562452264,34159.133153608396
R_LN_3DBall_3697,3DBall,3697,ppo,0.0008456020410606,200000,160,30154,3.0,12.0,170,42.7,49.7,-0.3018581884040094,12000,-1.4276043813781931,142000,-1.3385619678310812,192000,-0.0707573692980562,36000,-0.8300080509892426,36000,0.6757206294940051,12000,180000,2.5657600000000005,96000.0,79.5,2025-11-21_09-33,1,0.8680231514668799,1,102244.94647447212,86.12072053803074,115146.35036695775
R_AK_3DBall_2430,3DBall,2430,ppo,0.0007944401849507,500000,36,6860,3.0,12.0,330,48.9,84.2,5.512634677076516,12000,0.642784126710713,442000,0.6270461975427244,84000,0.4177515129103192,12000,3.836946757768635,12000,-2.574055923857891,12000,480000,2.5657600000000005,24000.0,8.2,2025-11-21_09-33,1,0.9999999999354443,1,24405.54185038215,8.603638183272752,24405.54188108448
R_AK_3DBall_2150,3DBall,2150,ppo,0.0001014946063345,500000,101,19059,3.0,12.0,232,42.7,84.0,-0.5520924688194087,12000,0.7173596335131767,442000,0.6270461975427244,180000,0.0381957779000216,24000,-0.6146258408737763,24000,0.6491701674568193,12000,480000,2.5657600000000005,84000.0,34.8,2025-11-21_09-33,1,0.9834421064431367,1,88832.13058966275,43.448352007635336,95640.2044053614
R_LN_3DBall_4248,3DBall,4248,ppo,0.0001125386462579,200000,98,18418,3.0,12.0,201,53.1,74.0,-0.2849712124250562,12000,-1.532105945670467,142000,-1.5913184184502709,192000,0.0417563382659719,24000,-0.1481345137516522,24000,0.2615334217138594,12000,180000,2.5657600000000005,108000.0,107.0,2025-11-21_09-33,1,0.7604218177143849,1,83250.8568548888,67.24330838976982,111221.40435299763
R_LN_3DBall_4430,3DBall,4430,ppo,0.000888844910013,200000,100,18757,3.0,12.0,202,43.9,64.8,-0.075419192322589,12000,0.2938330356420781,142000,0.6270461975427244,168000,0.0282262088753609,24000,-0.5149307578345477,24000,-0.4871896077348628,12000,180000,2.5657600000000005,60000.0,53.8,2025-11-21_09-33,1,0.9996761956201915,1,65530.56147811009,46.441649588596505,65574.10327125387
R_LN_3DBall_3114,3DBall,3114,ppo,0.0004219877459759,100000,188,35322,3.0,12.0,89,41.6,56.6,-0.1421995064211767,12000,-1.7283027778086657,46000,-1.9075888879962235,84000,-0.1255899989336902,36000,-0.8024472942446095,36000,0.776612385235323,12000,84000,2.5657600000000005,,,2025-11-21_09-33,0,0.022187109211415923,0,129147.88397177667,186.59008254063787,100646.7072849635
R_LN_3DBall_4302,3DBall,4302,ppo,0.000584450083452,200000,130,24533,3.0,12.0,183,44.6,62.8,-0.748595462029048,12000,-0.7917644371286781,142000,-0.1125616726465009,192000,-0.0436971105168342,36000,-0.6813160670706662,36000,0.5164178572708668,12000,180000,2.5657600000000005,84000.0,73.1,2025-11-21_09-33,1,0.8349318585245346,1,95011.98836936515,72.02095423631305,112342.1643264386
R_LN_3DBall_4403,3DBall,4403,ppo,0.000107109128508,200000,65,12303,3.0,12.0,185,44.9,63.8,0.0635145645951634,12000,0.5052027340372459,142000,0.6270461975427244,192000,0.1692243993669911,24000,-0.0845065938597214,24000,0.5323481344931901,12000,180000,2.5657600000000005,72000.0,61.5,2025-11-21_09-33,1,0.8764729805321904,1,71494.43466548549,52.11667278853149,87368.34413628395
R_LN_3DBall_4216,3DBall,4216,ppo,0.0007063999445445,200000,191,35962,3.0,12.0,172,43.6,61.1,-0.193628024175263,12000,-1.6568214430775905,142000,-1.7864297920077186,192000,-0.1312868955192106,36000,-0.7493673182919827,36000,0.5695187813452501,12000,180000,2.5657600000000005,132000.0,114.3,2025-11-21_09-33,1,0.8997201930493348,1,122514.36989754827,98.39072262787508,130284.61392567278
R_LN_3DBall_3672,3DBall,3672,ppo,0.0007519620595294,200000,174,32670,3.0,12.0,178,43.3,63.6,-0.4615168703868404,12000,-1.6530394012920973,142000,-1.801254285321427,192000,-0.0971055160060881,36000,-0.688801704705011,36000,0.3783554546774887,12000,180000,2.5657600000000005,144000.0,130.8,2025-11-21_09-33,1,0.8113777525449271,1,108103.9633156769,97.4077263202291,125437.60028728774
R_AP_3DBall_1012,3DBall,1012,ppo,0.0007096914244523,500000,38,7165,3.0,12.0,578,65.5,84.8,1.2033854431745143,12000,0.7173596335131767,442000,0.6270461975427244,96000,0.4163272887639391,12000,3.160857576884857,12000,-1.9474650197802472,12000,480000,2.5657600000000005,36000.0,28.9,2025-11-21_09-33,1,0.9999061325125173,1,33586.11116203968,18.5959626700616,33629.89226191195
R_AP_3DBall_1103,3DBall,1103,ppo,0.0004617050621388,500000,101,18949,3.0,12.0,460,63.7,86.3,0.1049644147253222,12000,0.6796906959923956,442000,0.6270461975427244,180000,0.0389078899732117,24000,-0.5928494404829548,24000,0.0863003722684095,12000,480000,2.5657600000000005,72000.0,57.5,2025-11-21_09-33,1,0.9989316861611596,1,72741.064970185,42.95843307076596,73197.51160324558
R_LN_3DBall_3782,3DBall,3782,ppo,0.0008742883787496,200000,135,25322,3.0,12.0,169,43.1,50.7,-0.8583608058922445,12000,-1.04651959319578,142000,-0.4322513939117049,192000,-0.0451213346632144,36000,-0.640825572593983,36000,0.0809902798609723,12000,180000,2.5657600000000005,84000.0,67.7,2025-11-21_09-33,1,0.9331205807865413,1,85204.29671461174,72.00979686694485,92881.76667853905
R_LN_3DBall_4469,3DBall,4469,ppo,5.682692947004142e-05,200000,170,31931,3.0,12.0,186,45.6,64.1,-0.5167833372270522,12000,-1.7345854867497676,142000,-1.9173283402915573,180000,-0.0914086194205677,36000,-0.1369060573001351,36000,0.7925426624576345,12000,180000,2.5657600000000005,,,2025-11-21_09-33,0,0.09317534116322296,0,128257.80316390542,106.31563249204824,193315.39633399778
R_AK_3DBall_2644,3DBall,2644,ppo,0.0001745344678723,500000,38,7187,3.0,12.0,233,34.7,84.5,-0.0278286236546297,12000,0.7173596335131767,442000,0.6270461975427244,120000,0.3992365990073777,12000,0.3557850015421956,12000,-0.3119565582894129,12000,480000,2.5657600000000005,60000.0,23.3,2025-11-21_09-33,1,0.999845190675528,1,54981.939573241034,22.756594559956078,55050.83251855353
R_AK_3DBall_2605,3DBall,2605,ppo,0.0007834621350953,500000,48,9085,3.0,12.0,227,32.3,84.2,0.2446657614602997,12000,0.7173596335131767,442000,0.6270461975427244,108000,0.2696322016867884,12000,1.6980959318826614,12000,-0.6358721951431152,12000,480000,2.5657600000000005,48000.0,17.0,2025-11-21_09-33,1,0.9998831429170519,1,43968.24409513187,16.491669080523796,44021.534635858596
R_AK_3DBall_2505,3DBall,2505,ppo,0.0001775753262285,500000,143,26903,3.0,12.0,223,42.1,83.8,-0.8253544437515615,12000,0.7173596335131767,442000,0.6270461975427244,228000,-0.0515303433219248,36000,-0.5595043273845098,36000,0.4686270256039323,12000,480000,2.5657600000000005,96000.0,39.0,2025-11-21_09-33,1,0.9818002748531277,1,107455.25305746842,51.60041345039926,114599.45955967103
R_AK_3DBall_2434,3DBall,2434,ppo,0.0007276253298747,500000,159,29825,3.0,12.0,219,38.9,84.1,-0.3463783978030684,12000,0.6802643346348445,442000,0.6270461975427244,252000,-0.0835753866154772,36000,-0.7942811440980514,36000,0.7288215535683767,12000,480000,2.5657600000000005,96000.0,38.3,2025-11-21_09-33,1,0.9984347506745274,1,99680.89334981916,44.407347174700966,100307.49256147716
R_LN_3DBall_4234,3DBall,4234,ppo,0.0001572538202307,200000,154,28921,3.0,12.0,176,44.6,61.3,-0.689491046102711,12000,-1.66751198141413,142000,-1.814162863079024,192000,-0.0785906021031467,36000,-0.5962520030440207,36000,0.7447518307907001,12000,180000,2.5657600000000005,132000.0,117.5,2025-11-21_09-33,1,0.22245396960809566,0,118333.73302953615,100.54035532898237,181833.0147293458
R_AK_3DBall_2582,3DBall,2582,ppo,0.0002397040073036,500000,139,26126,3.0,12.0,251,42.3,84.8,-0.6480411959725523,12000,0.7008457938063275,442000,0.6270461975427244,252000,-0.0401365501508839,36000,-0.5588238148722968,36000,0.4314563787518721,12000,480000,2.5657600000000005,84000.0,37.6,2025-11-21_09-33,1,0.9932718849443724,1,101897.69315933922,47.38912857209501,104576.17128367398
R_AK_3DBall_2284,3DBall,2284,ppo,0.0007490499340054,500000,106,20021,3.0,12.0,213,26.8,81.9,-0.2013039223475137,12000,0.7173596335131767,442000,0.6270461975427244,180000,0.0082870708260395,24000,-0.5557615085673375,24000,0.0172691709717264,12000,480000,2.5657600000000005,72000.0,26.6,2025-11-21_09-33,1,0.9999087166698186,1,72457.74845276253,31.549331901215456,72496.77593327701
R_AK_3DBall_2516,3DBall,2516,ppo,0.0008648308898889,500000,32,6115,3.0,12.0,285,50.6,84.9,7.658048216220814,12000,0.6661667304219449,442000,0.6270461975427244,168000,0.4839779357169939,12000,2.940711779183899,12000,-3.779446900346268,12000,480000,2.5657600000000005,24000.0,7.1,2025-11-21_09-33,1,0.9999999999999996,1,20418.207246069807,6.920026229880678,20418.207246070022
R_AK_3DBall_2532,3DBall,2532,ppo,5.438349259790714e-05,500000,72,13531,3.0,12.0,252,47.6,84.4,0.2707638152459538,12000,0.7173596335131767,442000,0.6270461975427244,144000,0.1450125888785293,24000,0.4408490655688412,24000,0.564208688937813,12000,480000,2.5657600000000005,60000.0,25.2,2025-11-21_09-33,1,0.9934278591867646,1,68735.65951002976,29.5967922572998,71569.98948345694
R_LN_3DBall_3249,3DBall,3249,ppo,0.0007130928264838,100000,103,19397,3.0,12.0,95,40.0,57.3,-0.1283828897111238,12000,-1.6813389076528868,46000,-1.8019556702894783,96000,0.0239535364362206,24000,-0.6119037908249235,24000,-0.1526537860662863,12000,84000,2.5657600000000005,72000.0,67.7,2025-11-21_09-33,1,0.8349502960194097,1,72460.61981573864,91.58667026855547,77005.98636295991
R_AK_3DBall_2117,3DBall,2117,ppo,0.0007306364714301,500000,145,27374,3.0,12.0,228,38.2,83.1,-0.4691927685590911,12000,0.6796137141832361,442000,0.6270461975427244,252000,-0.0550909036878751,36000,-0.2515724156080532,36000,0.1606416659725415,12000,480000,2.5657600000000005,96000.0,39.9,2025-11-21_09-33,1,0.9982584734174821,1,89983.88516970542,42.59410513342491,90697.9391329431
R_AK_3DBall_2469,3DBall,2469,ppo,6.45803011018218e-05,500000,155,29240,3.0,12.0,228,40.7,83.4,-0.7447575129429209,12000,0.6368590106895792,442000,0.6270461975427244,408000,-0.0586514640538253,36000,-0.2396634466443229,36000,0.7500619231981372,12000,480000,2.5657600000000005,156000.0,68.3,2025-11-21_09-33,1,0.8631364712524744,1,119224.62638471542,58.10714313459549,171338.88767786074
R_LN_3DBall_3456,3DBall,3456,ppo,0.0006589550132971,100000,78,14788,3.0,12.0,98,42.4,63.0,0.0159239959272041,12000,-1.6955035605382802,46000,-1.839722156473611,96000,0.1307703474147283,24000,-0.5156112703467609,24000,0.0278893557866007,12000,84000,2.5657600000000005,72000.0,70.0,2025-11-21_09-33,1,0.8689819889868412,1,65959.3229891761,76.49566147523339,70419.2647846756
R_AP_3DBall_1360,3DBall,1360,ppo,0.000701015301124,500000,35,6571,3.0,12.0,560,61.8,89.8,4.334384307635908,12000,0.7173596335131767,442000,0.6270461975427244,108000,0.4312816423009301,12000,2.058767563355638,12000,-3.683865237012388,12000,480000,2.5657600000000005,36000.0,28.0,2025-11-21_09-33,1,0.9999999999952267,1,26517.663712690286,13.771188923365326,26517.663714950355
R_LN_3DBall_3809,3DBall,3809,ppo,0.0006618070480765,200000,59,11214,3.0,12.0,187,42.9,51.2,0.2216380669435443,12000,0.6925665243954051,142000,0.6270461975427244,120000,0.1984209943677833,12000,1.0087367570107264,12000,-0.4978097925497372,12000,180000,2.5657600000000005,48000.0,37.4,2025-11-21_09-33,1,0.9828007199827048,1,52323.937176642205,40.58690704590689,54863.85913299282
R_LN_3DBall_4330,3DBall,4330,ppo,0.000171619828537,200000,106,19963,3.0,12.0,188,44.7,63.2,-0.5359730826576805,12000,-1.7120670659284585,142000,-1.8887056449041568,192000,0.0139839674115598,24000,-0.2961459851580155,24000,0.5960692433824359,12000,180000,2.5657600000000005,,,2025-11-21_09-33,0,0.5014189919512373,1,89991.29285536027,70.32790328333789,144839.54495767588
R_LN_3DBall_3758,3DBall,3758,ppo,0.0001760637984509,200000,131,24628,3.0,12.0,177,42.7,51.0,-0.1276152998938987,12000,-1.3835732698229843,142000,-1.2866259581195825,192000,-0.0344396535653636,36000,-0.4703571882845854,36000,0.4633169331964951,12000,180000,2.5657600000000005,96000.0,82.8,2025-11-21_09-33,1,0.5921457064563302,1,98966.96050701046,90.16388039635858,140173.7194539934
R_LN_3DBall_3904,3DBall,3904,ppo,0.0005397927668435,200000,77,14603,3.0,12.0,179,43.6,59.0,-0.5175509270442772,12000,0.6298337997827103,142000,0.6270461975427244,168000,0.1072706489994566,24000,-0.3903969680995387,24000,0.6757206294940051,12000,180000,2.5657600000000005,72000.0,59.8,2025-11-21_09-33,1,0.7553982620153125,1,72090.73582618685,55.31844971943266,103377.56414744406
R_AK_3DBall_2541,3DBall,2541,ppo,0.0006840689178406,500000,87,16314,3.0,12.0,232,45.1,84.5,-0.6626254024998303,12000,0.6765518248060114,442000,0.6270461975427244,132000,0.0823467264378048,24000,-0.0576263496273015,24000,-0.6040116406984922,12000,480000,2.5657600000000005,60000.0,23.2,2025-11-21_09-33,1,0.9999306863662343,1,62567.217391002436,26.814739358842594,62597.53744669331
R_AP_3DBall_1033,3DBall,1033,ppo,0.0007632299227501,500000,85,16061,3.0,12.0,487,65.3,88.4,-0.0815599108603895,12000,0.643320516090665,442000,0.6270461975427244,180000,0.1065585369262665,24000,0.3033855381017817,24000,-0.5031198849571743,12000,480000,2.5657600000000005,60000.0,48.7,2025-11-21_09-33,1,0.9993840883990375,1,58559.374652849336,33.172889583031996,58831.2630551368
R_LN_3DBall_4388,3DBall,4388,ppo,0.0003991728252741,200000,138,26011,3.0,12.0,176,45.2,63.7,-0.1521781740451042,12000,-1.4623355937300715,142000,-1.431877112036419,192000,-0.0365759897849337,36000,-0.5948909780195945,36000,0.6385499826419451,12000,180000,2.5657600000000005,108000.0,94.0,2025-11-21_09-33,1,0.8694804227756833,1,100664.64336063064,76.64818021119979,113629.85211262785
R_AK_3DBall_2690,3DBall,2690,ppo,0.000816454231429,500000,70,13189,3.0,12.0,238,48.5,84.9,0.6384393376968018,12000,0.7173596335131767,442000,0.6270461975427244,144000,0.1457247009517194,24000,2.062510382172811,24000,-0.5296703469943601,12000,480000,2.5657600000000005,48000.0,17.8,2025-11-21_09-33,1,0.9998158327999794,1,46700.05669207449,17.31483810857077,46783.53967340299
R_LN_3DBall_3850,3DBall,3850,ppo,0.0008269247219872,200000,117,22078,3.0,12.0,195,42.4,52.6,-0.4031800442777285,12000,0.0826446169910603,142000,0.537225085071614,192000,-0.0201974121015625,24000,-0.5224163954688925,24000,0.0491297254163493,12000,180000,2.5657600000000005,72000.0,65.1,2025-11-21_09-33,1,0.9796816295570794,1,78100.28822349272,62.640429782565306,80577.09172425306
R_AK_3DBall_2472,3DBall,2472,ppo,0.0004668860577097,500000,41,7753,3.0,12.0,267,49.5,83.3,2.126795993296371,12000,0.6211224389268268,442000,0.6270461975427244,84000,0.346540305591314,12000,2.9478571605621373,12000,-1.6394796601488566,12000,480000,2.5657600000000005,36000.0,13.4,2025-11-21_09-33,1,0.9999973181243917,1,36258.087322026804,14.579504292126467,36259.33102015094
R_AK_3DBall_2089,3DBall,2089,ppo,0.000492532509947,500000,82,15548,3.0,12.0,253,43.3,82.4,0.8633431541437722,12000,0.7173596335131767,442000,0.6270461975427244,132000,0.0973010799747959,24000,0.826699659993705,24000,-0.6518024723654267,12000,480000,2.5657600000000005,48000.0,19.0,2025-11-21_09-33,1,0.9999552347804986,1,57631.71663000146,26.38358760589053,57651.51934330696
R_AK_3DBall_2652,3DBall,2652,ppo,0.0007573665587131,500000,120,22631,3.0,12.0,214,33.0,84.4,-0.6587874534137049,12000,0.7173596335131767,442000,0.6270461975427244,228000,-0.0209095241747526,24000,-0.6357217287523842,24000,0.0013388937494149,12000,480000,2.5657600000000005,84000.0,32.1,2025-11-21_09-33,1,0.9998559560899652,1,79907.2362223447,33.1299068865405,79967.74802661654
R_AP_3DBall_1163,3DBall,1163,ppo,0.0005078395733639,500000,172,32418,3.0,12.0,398,50.2,89.0,-1.345780339830215,12000,0.7173596335131767,442000,0.6270461975427244,324000,-0.0721815934444363,36000,-0.7098975925836192,36000,0.5801389661601245,12000,480000,2.5657600000000005,144000.0,109.6,2025-11-21_09-33,1,0.7067681749996956,1,119797.57142238728,75.29357457012591,231285.02342374856
R_LN_3DBall_3652,3DBall,3652,ppo,5.56116893512305e-05,200000,43,8221,3.0,12.0,209,43.7,66.6,-0.3601950145131196,12000,-1.379997340623306,142000,-1.3648639041330168,192000,0.3315859520543229,12000,-0.0555848120906619,12000,0.5057976724559924,12000,180000,2.5657600000000005,96000.0,97.8,2025-11-21_09-33,1,0.4697924010052794,0,66597.17749967761,56.55610272806271,137328.36771669245
R_AK_3DBall_2371,3DBall,2371,ppo,0.0006004054419071,500000,65,12304,3.0,12.0,220,27.1,82.7,-0.4500030231284627,12000,0.7173596335131767,442000,0.6270461975427244,120000,0.1571184941227603,24000,0.2247863429411614,24000,-0.8695162610703856,12000,480000,2.5657600000000005,60000.0,22.0,2025-11-21_09-33,1,0.9999595182220652,1,55920.938873429004,24.37706599359593,55938.91598336703
R_LN_3DBall_3029,3DBall,3029,ppo,0.0004695792027761,100000,172,32418,3.0,12.0,100,45.0,60.5,-0.3732440414059475,12000,-1.734280042797295,46000,-1.9176429320786983,84000,-0.094969179786518,36000,-0.3730438990381028,36000,0.9730858043105216,12000,84000,2.5657600000000005,,,2025-11-21_09-33,0,0.003250165027689843,0,119809.23723072867,168.62247736977952,100064.38329007252
R_AP_3DBall_1312,3DBall,1312,ppo,0.0002480982190589,500000,72,13675,3.0,12.0,440,53.7,88.8,-0.0769543719570391,12000,0.7173596335131767,442000,0.6270461975427244,156000,0.1336187957074885,24000,-0.2866188099870311,24000,0.1447113887502301,12000,480000,2.5657600000000005,72000.0,54.9,2025-11-21_09-33,1,0.9965381997988229,1,68570.04719268293,38.0459167501855,70063.57149010514
R_LN_3DBall_3808,3DBall,3808,ppo,0.0008848886035118,200000,46,8708,3.0,12.0,201,42.9,51.4,1.2916582721554055,12000,0.5190520098335014,142000,0.6270461975427244,108000,0.3038135811999108,12000,2.4054886883282456,12000,-2.005876036262056,12000,180000,2.5657600000000005,36000.0,26.7,2025-11-21_09-33,1,0.999912823763734,1,36151.105687611634,27.797269532014543,36165.389417534134
R_AP_3DBall_1272,3DBall,1272,ppo,0.0008318541998021,500000,102,19249,3.0,12.0,415,53.4,87.2,-0.4054828137294037,12000,0.6807609914681331,442000,0.6270461975427244,180000,0.043892674485542,24000,-0.6159868658982025,24000,0.0172691709717264,12000,480000,2.5657600000000005,72000.0,51.9,2025-11-21_09-33,1,0.9994241496174501,1,69614.42382620244,37.36958195292333,69862.2615248861
R_LN_3DBall_3536,3DBall,3536,ppo,0.0007892581211151,200000,61,11610,3.0,12.0,184,43.5,65.1,-0.4254401489772589,12000,0.5336636538688545,142000,0.6270461975427244,144000,0.2048300030264937,12000,0.8716134857997737,12000,-0.7102134888472472,12000,180000,2.5657600000000005,48000.0,36.8,2025-11-21_09-33,1,0.9662769958367833,1,52733.36617253985,43.67057170302269,57699.6394782062
R_AK_3DBall_2614,3DBall,2614,ppo,0.0006653555103318,500000,151,28439,3.0,12.0,247,49.9,84.2,-0.4016448646432784,12000,0.6630477255088917,442000,0.6270461975427244,228000,-0.0778784900299567,36000,-0.7861149939514935,36000,0.3464949002328658,12000,480000,2.5657600000000005,72000.0,30.9,2025-11-21_09-33,1,0.999580602004351,1,97381.06233413299,42.129211272389036,97549.9199096004
R_AK_3DBall_2267,3DBall,2267,ppo,4.958683297110998e-05,500000,146,27514,3.0,12.0,271,48.3,84.0,-0.3586598348786695,12000,0.7173596335131767,442000,0.6270461975427244,312000,-0.0643483606393457,36000,-0.4074097809048677,36000,0.7288215535683767,12000,480000,2.5657600000000005,96000.0,47.4,2025-11-21_09-33,1,0.9524342015635936,1,111686.88962511074,56.18336160934168,130157.31276341676
R_LN_3DBall_4114,3DBall,4114,ppo,0.0002938072646796,200000,80,15030,3.0,12.0,184,43.9,60.8,0.040486870078408,12000,0.2749650425454407,142000,0.5002657073249821,192000,0.1051343127798865,24000,-0.433269256368968,24000,0.4580068407890579,12000,180000,2.5657600000000005,72000.0,61.4,2025-11-21_09-33,1,0.942360811220316,1,73090.15394289844,56.811200143387964,80405.13451778435
R_AK_3DBall_2941,3DBall,2941,ppo,0.0002330767707563,500000,183,34493,3.0,12.0,235,42.8,84.4,-0.4922204630758465,12000,0.7173596335131767,442000,0.6270461975427244,324000,-0.1028024125916085,36000,-0.8306885635014557,36000,0.6119995206047475,12000,480000,2.5657600000000005,120000.0,52.8,2025-11-21_09-33,1,0.9951112366567867,1,133678.02426117373,59.499251277918894,135468.88570797918
R_LN_3DBall_4225,3DBall,4225,ppo,0.000272159024491,200000,156,29366,3.0,12.0,174,44.5,61.7,-0.8560580364405677,12000,-1.6172180271911505,142000,-1.7080319714795076,192000,-0.0778784900299567,36000,-0.7429024494259575,36000,0.5748288737526873,12000,180000,2.5657600000000005,108000.0,93.0,2025-11-21_09-33,1,0.39922851779415985,0,118331.56573919211,99.68297927848826,167395.6320394879
R_AP_3DBall_1258,3DBall,1258,ppo,0.0007254861909486,500000,185,34780,3.0,12.0,431,62.4,88.6,-0.9612178414004138,12000,0.6905798970622503,442000,0.6270461975427244,300000,-0.1191809902749797,36000,-0.9147318587597816,36000,0.3411848078254286,12000,480000,2.5657600000000005,108000.0,86.1,2025-11-21_09-33,1,0.9780494625424253,1,116139.16467836272,70.86823556032883,124565.11632258623
R_AK_3DBall_2670,3DBall,2670,ppo,0.0007653795800904,500000,173,32441,3.0,12.0,214,32.3,84.3,-0.5820284716911897,12000,0.7173596335131767,442000,0.6270461975427244,276000,-0.0942570677133279,36000,-0.8123147256717003,36000,0.5695187813452501,12000,480000,2.5657600000000005,108000.0,42.7,2025-11-21_09-33,1,0.9988346509994485,1,106489.23472101425,46.284998716003386,106947.81209803838
R_AK_3DBall_2091,3DBall,2091,ppo,0.000827466593466,500000,56,10668,3.0,12.0,250,44.4,82.0,0.862575564326547,12000,0.7173596335131767,442000,0.6270461975427244,96000,0.2190722444902947,12000,1.5664167607694144,12000,-1.857193448853804,12000,480000,2.5657600000000005,48000.0,18.7,2025-11-21_09-33,1,0.9999990512264973,1,41101.661090381196,18.034004979971858,41102.09648096556
R_LN_3DBall_3945,3DBall,3945,ppo,0.0004223439158971,200000,186,35013,3.0,12.0,172,44.6,59.8,-0.8000239797831326,12000,-1.6624038658837554,142000,-1.8081701473961125,192000,-0.1334232317387807,36000,-0.8027875505007159,36000,0.7447518307907001,12000,180000,2.5657600000000005,132000.0,114.9,2025-11-21_09-33,1,0.23076095333044497,0,134235.78609080348,119.90757361231516,184824.18730328648
R_LN_3DBall_3563,3DBall,3563,ppo,0.0002355041278073,200000,155,29092,3.0,12.0,191,43.9,63.0,-0.2742249549839036,12000,-1.314356690251706,142000,-1.1021333466887402,192000,-0.0622120244197756,36000,-0.7517491120847286,36000,0.5111077648634296,12000,180000,2.5657600000000005,96000.0,89.1,2025-11-21_09-33,1,0.4893661322977196,0,112208.75008664961,109.3683987715286,157037.93558032118
R_AK_3DBall_2697,3DBall,2697,ppo,0.0008337612985944,500000,124,23378,3.0,12.0,239,46.3,84.1,-0.8399386502788395,12000,0.67942250130242,442000,0.6270461975427244,276000,-0.0201974121015625,24000,-0.3311923795369934,24000,-0.4500189608828027,12000,480000,2.5657600000000005,60000.0,23.9,2025-11-21_09-33,1,0.9999171853735009,1,77054.09123919615,32.18862261191858,77089.11734665948
R_LN_3DBall_3243,3DBall,3243,ppo,0.0007661306150403,100000,178,33481,3.0,12.0,90,41.7,57.5,-0.7862073630730797,12000,-1.7282506288411703,46000,-1.9055698275918689,84000,-0.1113477574698891,36000,-0.9252798026990856,36000,0.4792472104188066,12000,84000,2.5657600000000005,,,2025-11-21_09-33,0,0.07540007323648344,0,115554.18917519464,155.75793622017673,101172.78700294379
R_AK_3DBall_2096,3DBall,2096,ppo,0.0003471248315893,500000,103,19428,3.0,12.0,235,43.7,82.9,0.4089299823464812,12000,0.7173596335131767,442000,0.6270461975427244,192000,0.0346352175340713,24000,-0.3339144295858461,24000,-0.0676923075472799,12000,480000,2.5657600000000005,60000.0,23.5,2025-11-21_09-33,1,0.9998595094038785,1,74857.19019997836,35.99364902142454,74916.91876676395
R_AK_3DBall_2495,3DBall,2495,ppo,9.77961476296405e-05,500000,104,19555,3.0,12.0,220,33.3,83.6,-0.4400243555045369,12000,0.7173596335131767,442000,0.6270461975427244,336000,0.0268019847289807,24000,-0.1995132084237461,24000,0.5960692433824359,12000,480000,2.5657600000000005,132000.0,54.9,2025-11-21_09-33,1,0.9837099925865646,1,86479.59003433003,39.5546911273922,93215.84057827765
R_AK_3DBall_2888,3DBall,2888,ppo,0.0004842656958816,500000,74,13898,3.0,12.0,221,33.2,84.5,0.0527683071540108,12000,0.7173596335131767,442000,0.6270461975427244,156000,0.1143917697313571,24000,0.2077735301358323,24000,-0.0358317531026569,12000,480000,2.5657600000000005,72000.0,27.6,2025-11-21_09-33,1,0.9998870004243264,1,61170.2057715997,23.484080765982775,61219.793352140434
R_LN_3DBall_3422,3DBall,3422,ppo,3.379242472220606e-05,100000,118,22138,3.0,12.0,103,49.2,72.7,-0.7286381267811929,12000,-1.7376473761269924,46000,-1.9214154549031817,84000,-0.0173489638088023,24000,0.7780430153704638,24000,0.7075811839386281,12000,84000,2.5657600000000005,,,2025-11-21_09-33,0,0.00022454275649934788,0,93223.56980239926,125.43419843128432,99998.47840168422
R_LN_3DBall_3663,3DBall,3663,ppo,0.0006001130238092,200000,46,8764,3.0,12.0,202,43.0,63.3,0.1748150880928101,12000,0.6387736227819071,142000,0.6270461975427244,120000,0.2966924604680103,12000,1.7062620820292196,12000,-1.3155640232951544,12000,180000,2.5657600000000005,48000.0,40.3,2025-11-21_09-33,1,0.991074565998412,1,45481.795367167455,37.68694326945727,46860.937404661665
R_AK_3DBall_2627,3DBall,2627,ppo,0.0004708376653287,500000,111,20860,3.0,12.0,232,45.0,83.8,-0.3471459876202935,12000,0.7136769230943408,442000,0.6270461975427244,180000,0.01540819155794,24000,-0.6986691361321019,24000,0.3093242533808056,12000,480000,2.5657600000000005,72000.0,29.0,2025-11-21_09-33,1,0.9996328698934914,1,81599.27817334136,34.8659624131162,81752.88567490884
R_AK_3DBall_2560,3DBall,2560,ppo,0.0006070306980832,500000,188,35402,3.0,12.0,215,33.2,84.8,-0.4515382027629129,12000,0.7173596335131767,442000,0.6270461975427244,300000,-0.109923533323509,36000,-0.7398401431209983,36000,0.6332398902345079,12000,480000,2.5657600000000005,120000.0,48.3,2025-11-21_09-33,1,0.9965671159062085,1,122411.32403742267,55.830745808797744,123707.5421971304
R_LN_3DBall_4164,3DBall,4164,ppo,0.0002912518320467,200000,173,32470,3.0,12.0,178,43.2,60.8,-0.5467193400988315,12000,-1.6907952537587034,142000,-1.8566559619338867,192000,-0.0935449556401379,36000,-0.535686389457049,36000,0.6810307219014423,12000,180000,2.5657600000000005,156000.0,142.5,2025-11-21_09-33,1,0.3077907386025133,0,123633.5398921809,106.78527410849621,176495.11083895498
R_AK_3DBall_2593,3DBall,2593,ppo,0.0005738530119001,500000,71,13313,3.0,12.0,217,27.1,84.2,0.2270111956641215,12000,0.7173596335131767,442000,0.6270461975427244,132000,0.1371793560734387,24000,0.5735490054504079,24000,-0.1685840632885978,12000,480000,2.5657600000000005,60000.0,21.7,2025-11-21_09-33,1,0.9998663102518122,1,56240.236911869375,22.612077619379164,56299.563042852526
R_LN_3DBall_3117,3DBall,3117,ppo,0.0001691285978872,100000,176,33171,3.0,12.0,95,40.0,56.3,-0.3740116312231726,12000,-1.7304706848859708,46000,-1.9101958740355625,84000,-0.1170446540554095,36000,-0.7190845114984968,36000,0.6916509067163167,12000,84000,2.5657600000000005,,,2025-11-21_09-33,0,0.006762768046787176,0,132597.484627331,196.65316662284604,100220.44922744334
R_LN_3DBall_4187,3DBall,4187,ppo,0.0003248305602148,200000,189,35503,3.0,12.0,174,43.8,61.1,-0.5943099087667925,12000,-1.6786942100156248,142000,-1.82596263371801,192000,-0.12345366271412,36000,-0.8051693442934621,36000,0.8403334941245689,12000,180000,2.5657600000000005,156000.0,139.4,2025-11-21_09-33,1,0.2839705932255127,0,137658.64338614116,118.87934320677911,182296.88797987928
R_AK_3DBall_2457,3DBall,2457,ppo,0.0001820929070742,500000,67,12633,3.0,12.0,244,46.0,83.9,-0.4446298944078873,12000,0.7173596335131767,442000,0.6270461975427244,132000,0.1521337096104299,24000,-0.0025048361380351,24000,0.3411848078254286,12000,480000,2.5657600000000005,60000.0,24.4,2025-11-21_09-33,1,0.9955520116936124,1,68554.92175801266,29.994862626915324,70473.98442088149
R_LN_3DBall_4281,3DBall,4281,ppo,0.0002608669906298,200000,99,18610,3.0,12.0,178,44.8,62.3,-0.3271886523724384,12000,0.0817208352811434,142000,0.2840895771351316,192000,0.0403321141195917,24000,-0.6398048038256632,24000,0.3677352698626144,12000,180000,2.5657600000000005,72000.0,59.5,2025-11-21_09-33,1,0.9216804929209503,1,83619.42984995901,65.37409656624004,92734.29873768898
R_AK_3DBall_2544,3DBall,2544,ppo,0.0007462200002404,500000,149,28031,3.0,12.0,239,47.7,84.1,-0.4891501038069463,12000,0.6991372942998145,442000,0.6270461975427244,276000,-0.0629241364929657,36000,-0.8538259889167034,36000,0.2615334217138594,12000,480000,2.5657600000000005,96000.0,41.8,2025-11-21_09-33,1,0.9997258104192245,1,94044.9869653438,41.05776037395276,94156.29560018149
R_AK_3DBall_2828,3DBall,2828,ppo,0.0007164826765304,500000,116,21762,3.0,12.0,250,43.1,84.9,0.4212114194220839,12000,0.7173596335131767,442000,0.6270461975427244,216000,-0.0073793947841416,24000,-0.2189078150218214,24000,-0.7102134888472472,12000,480000,2.5657600000000005,72000.0,31.2,2025-11-21_09-33,1,0.9999979667618062,1,68123.46368240213,27.723716840185403,68124.34179027077
R_AK_3DBall_2101,3DBall,2101,ppo,0.0003403336044125,500000,130,24450,3.0,12.0,222,38.5,82.8,-0.2619435179083008,12000,0.7173596335131767,442000,0.6270461975427244,228000,-0.0145005155160421,36000,-0.6061194344711116,36000,0.3783554546774887,12000,480000,2.5657600000000005,84000.0,33.3,2025-11-21_09-33,1,0.997252427171827,1,92575.65179010006,46.08648736631708,93695.07985877765
R_AP_3DBall_1350,3DBall,1350,ppo,0.0005036178499812,500000,69,13098,3.0,12.0,520,68.1,91.0,0.1556253426621817,12000,0.6806467603964768,442000,0.6270461975427244,156000,0.1336187957074885,24000,1.6800623503090126,24000,-0.8748263534778228,12000,480000,2.5657600000000005,48000.0,39.0,2025-11-21_09-33,1,0.9970325749874707,1,52022.5507218309,28.123730573711615,53351.89020986803
R_LN_3DBall_3503,3DBall,3503,ppo,0.0007520783343786,200000,47,8899,3.0,12.0,200,48.2,68.5,1.6823614891230092,12000,0.5540663165803541,142000,0.6270461975427244,120000,0.3009651329071507,12000,2.6310785861269093,12000,-1.936844834965361,12000,180000,2.5657600000000005,36000.0,26.7,2025-11-21_09-33,1,0.9997976613848866,1,36447.88001199099,30.251017013098117,36480.97292144823
R_AK_3DBall_2479,3DBall,2479,ppo,0.0001145454275183,500000,68,12889,3.0,12.0,242,45.4,83.1,-0.1736706889274079,12000,0.7173596335131767,442000,0.6270461975427244,144000,0.1499973733908597,24000,-0.0936935127745992,24000,0.3942857318998002,12000,480000,2.5657600000000005,72000.0,30.2,2025-11-21_09-33,1,0.9973279706852414,1,70660.66654731934,30.697312676625756,71807.87383228383
R_LN_3DBall_3053,3DBall,3053,ppo,0.0008204837515197,100000,108,20385,3.0,12.0,101,42.2,55.2,-0.3932013766538026,12000,-1.6836086293810162,46000,-1.8019866137439515,96000,0.0068628466796593,24000,-0.4751207758700775,24000,-0.1314134164365376,12000,84000,2.5657600000000005,72000.0,72.1,2025-11-21_09-33,1,0.6168473441852328,1,73386.71641883356,95.46017138974047,83583.66670290902
R_AK_3DBall_2338,3DBall,2338,ppo,0.0007600641572179,500000,102,19235,3.0,12.0,229,40.5,84.0,0.2277787854813465,12000,0.6422626370357599,442000,0.6270461975427244,180000,0.0218172002166504,24000,-0.3597739050499463,24000,-0.6093217331059294,12000,480000,2.5657600000000005,72000.0,28.6,2025-11-21_09-33,1,0.9999946743027138,1,65252.06631363196,28.533548833338575,65254.38164952256
R_LN_3DBall_4384,3DBall,4384,ppo,0.0001361514033383,200000,101,19082,3.0,12.0,186,44.6,63.6,0.3344737700756411,12000,0.0215856259065486,142000,0.3590552528380606,192000,0.0481653469246823,24000,-0.4523236067109366,24000,0.4951774876411181,12000,180000,2.5657600000000005,72000.0,62.2,2025-11-21_09-33,1,0.952132162728332,1,85743.04812687093,64.93601663744172,91212.28130629066
R_AK_3DBall_2236,3DBall,2236,ppo,0.0006008428727631,500000,150,28186,3.0,12.0,212,28.4,82.5,-0.1982335630786134,12000,0.7173596335131767,442000,0.6270461975427244,276000,-0.0757421538103866,36000,-0.5230969079811056,36000,0.3252545306031171,12000,480000,2.5657600000000005,108000.0,42.3,2025-11-21_09-33,1,0.9988984771878516,1,94331.49990074347,44.77955478568181,94778.35300777282
R_LN_3DBall_3476,3DBall,3476,ppo,0.0004649043657011,200000,149,28072,3.0,12.0,177,46.4,68.2,-0.338702499630816,12000,-1.6679043403124278,142000,-1.819918345610977,192000,-0.0849996107618572,36000,-0.4860089760654881,36000,0.808472939679946,12000,180000,2.5657600000000005,144000.0,129.7,2025-11-21_09-33,1,0.2549775800203037,0,105107.18980384961,97.02759980854354,175804.46089485957
R_AK_3DBall_2372,3DBall,2372,ppo,0.0008792691099341,500000,103,19373,3.0,12.0,213,26.9,82.3,0.2753693541493058,12000,0.6930656645128602,442000,0.6270461975427244,192000,0.0061507346064693,24000,-0.3961813244533506,24000,0.1871921280097273,12000,480000,2.5657600000000005,72000.0,26.6,2025-11-21_09-33,1,0.999964435803841,1,66245.59133286343,27.157069806460473,66261.01745973811
R_AK_3DBall_2537,3DBall,2537,ppo,0.0005172866094953,500000,179,33642,3.0,12.0,214,32.8,84.8,-0.1260801202594486,12000,0.7173596335131767,442000,0.6270461975427244,300000,-0.1070750850307488,36000,-0.6959470860832492,36000,0.6332398902345079,12000,480000,2.5657600000000005,120000.0,48.1,2025-11-21_09-33,1,0.9979134137582998,1,115582.51847882563,53.151593017464336,116384.63870683676
R_AP_3DBall_1117,3DBall,1117,ppo,0.0002528261700298,500000,45,8504,3.0,12.0,509,58.0,88.2,0.3851346980125024,12000,0.7173596335131767,442000,0.6270461975427244,108000,0.3251769433956124,12000,1.133610803001842,12000,-0.598701548291055,12000,480000,2.5657600000000005,48000.0,38.2,2025-11-21_09-33,1,0.9977807931276427,1,50381.33378436861,28.93720473886092,51379.130618374475
R_AK_3DBall_2414,3DBall,2414,ppo,0.000145358590225,500000,82,15392,3.0,12.0,230,41.5,83.1,0.0397192802611829,12000,0.7173596335131767,442000,0.6270461975427244,192000,0.0937405196088456,24000,-0.2454478029981347,24000,0.426146286344435,12000,480000,2.5657600000000005,72000.0,28.8,2025-11-21_09-33,1,0.9983728304566702,1,73270.0547319412,32.915349995416165,73964.41670210815
R_AK_3DBall_2730,3DBall,2730,ppo,0.0002718111215082,500000,64,12179,3.0,12.0,252,49.5,84.1,-0.2726897753494535,12000,0.6796137141832361,442000,0.6270461975427244,108000,0.1699365114401812,24000,1.1557274596487697,24000,-0.1632739708811606,12000,480000,2.5657600000000005,48000.0,18.9,2025-11-21_09-33,1,0.9962020211518297,1,60643.303684645,24.50430145817639,62311.97112405272
R_AK_3DBall_2826,3DBall,2826,ppo,0.000172377371674,500000,48,9111,3.0,12.0,245,45.6,83.3,-0.0209203152996041,12000,0.7173596335131767,442000,0.6270461975427244,108000,0.2867228914433496,12000,0.1652414981225096,12000,0.0916104646758466,12000,480000,2.5657600000000005,48000.0,18.4,2025-11-21_09-33,1,0.9996609102923923,1,60425.12631972853,23.75102419476897,60574.181635116445
R_AK_3DBall_2204,3DBall,2204,ppo,4.90122362854653e-05,500000,155,29101,3.0,12.0,256,42.8,82.6,-0.3893634275676756,12000,0.7173596335131767,442000,0.6270461975427244,276000,-0.0664846968589159,36000,-0.7476660370114497,36000,0.7022710915311909,12000,480000,2.5657600000000005,108000.0,51.2,2025-11-21_09-33,1,0.9722854563683742,1,116930.83987500775,61.22644224406865,127547.42682722211
R_LN_3DBall_4611,3DBall,4611,ppo,0.0003419984351389,200000,92,17367,3.0,12.0,179,44.8,64.8,0.0827043100257918,12000,-0.2987505817121585,142000,0.2721170388753385,192000,0.0545743555833928,24000,-0.3846126117457267,24000,0.0969205570832956,12000,180000,2.5657600000000005,84000.0,71.5,2025-11-21_09-33,1,0.9917045590288763,1,76061.99183264784,53.876994639438216,77090.11226347875
R_AK_3DBall_2568,3DBall,2568,ppo,0.000779585738445,500000,87,16372,3.0,12.0,248,44.3,84.2,0.1870965251684129,12000,0.7173596335131767,442000,0.6270461975427244,180000,0.0773619419254745,24000,0.8440527290551406,24000,-0.8695162610703856,12000,480000,2.5657600000000005,60000.0,24.8,2025-11-21_09-33,1,0.9999791889226324,1,55011.57135545847,22.52749117949746,55020.83204407469
R_LN_3DBall_3776,3DBall,3776,ppo,0.0005834496961593,200000,161,30204,3.0,12.0,179,42.9,51.7,-0.1475726351417539,12000,-1.2903035998155343,142000,-1.2056933529458027,192000,-0.0721815934444363,36000,-0.8170783132571925,36000,0.3571150850477401,12000,180000,2.5657600000000005,96000.0,83.6,2025-11-21_09-33,1,0.9210818277423495,1,104130.41704454155,92.72037312262023,111696.26930648954
R_LN_3DBall_4586,3DBall,4586,ppo,6.578887936229118e-05,200000,114,21543,3.0,12.0,189,44.4,65.2,-0.5874016004117651,12000,-1.3424426341741813,142000,-1.117177022804965,192000,-0.0073793947841416,24000,-0.6347009599840645,24000,0.7182013687535025,12000,180000,2.5657600000000005,96000.0,88.4,2025-11-21_09-33,1,0.5600609392829746,1,101077.63065541715,76.02609319636063,144597.4449087756
R_LN_3DBall_3638,3DBall,3638,ppo,0.0003520876016931,200000,191,35972,3.0,12.0,175,42.8,63.5,-0.9612178414004138,12000,-1.673288100385277,142000,-1.8271591139576275,192000,-0.1070750850307488,36000,-0.7993849879396502,36000,0.7872325700501973,12000,180000,2.5657600000000005,120000.0,104.9,2025-11-21_09-33,1,0.06755354958851066,0,142313.46400370955,138.16940490411957,196103.0697299852
R_AK_3DBall_2448,3DBall,2448,ppo,8.14982351603076e-05,500000,78,14731,3.0,12.0,220,33.4,84.3,-0.3210479338346378,12000,0.7173596335131767,442000,0.6270461975427244,228000,0.126497674975588,24000,-0.2505516468397334,24000,0.3995958243072374,12000,480000,2.5657600000000005,96000.0,38.5,2025-11-21_09-33,1,0.9961173160940312,1,75775.12857647406,34.05490946149758,77422.25965726186
R_AK_3DBall_2509,3DBall,2509,ppo,3.714788071268449e-05,500000,105,19712,3.0,12.0,225,40.8,82.0,-0.452305792580138,12000,0.7173596335131767,442000,0.6270461975427244,228000,0.01540819155794,24000,-0.2229908900951003,24000,0.6916509067163167,12000,480000,2.5657600000000005,96000.0,39.3,2025-11-21_09-33,1,0.9733790998408153,1,88490.64449445307,40.77445305197147,99445.39396193669
R_LN_3DBall_4090,3DBall,4090,ppo,0.0007553891311066,200000,157,29576,3.0,12.0,174,44.2,60.3,-0.5897043698634403,12000,-1.3759620038528353,142000,-1.096475851762618,192000,-0.0835753866154772,36000,-0.9286823652601516,36000,0.6916509067163167,12000,180000,2.5657600000000005,108000.0,93.0,2025-11-21_09-33,1,0.8564716616759397,1,105417.40442449969,83.21784958298186,118992.68720182787
R_LN_3DBall_3961,3DBall,3961,ppo,0.0007195302443852,200000,186,34949,3.0,12.0,173,43.8,60.5,-0.5144805677753752,12000,-1.6063685586679588,142000,-1.6944194301326527,192000,-0.0999539642988483,36000,-0.8946567396494932,36000,0.6704105370865681,12000,180000,2.5657600000000005,120000.0,103.6,2025-11-21_09-33,1,0.7511376062387379,1,120993.25115689267,102.96344217197287,140655.0597972832
R_LN_3DBall_4478,3DBall,4478,ppo,0.0001973187053848,200000,126,23663,3.0,12.0,177,44.5,64.2,-0.0838626803120664,12000,-1.0179096763141848,142000,-0.6101556281610331,192000,-0.0187731879551824,24000,-0.474780519613971,24000,0.5057976724559924,12000,180000,2.5657600000000005,84000.0,70.6,2025-11-21_09-33,1,0.8661132904703865,1,96186.10242280897,74.32584195439894,110085.40357286338
R_LN_3DBall_4075,3DBall,4075,ppo,0.0006867642652142,200000,186,34884,3.0,12.0,171,43.9,61.9,-0.4323484573322845,12000,-1.617836364948595,142000,-1.7103501519437665,192000,-0.1163325419822195,36000,-0.8089121631106344,36000,0.7288215535683767,12000,180000,2.5657600000000005,120000.0,102.4,2025-11-21_09-33,1,0.7295169706526514,1,119871.39125650654,100.18827972799012,141544.8200868351
R_AK_3DBall_2510,3DBall,2510,ppo,0.0002019560287681,500000,141,26577,3.0,12.0,227,47.4,85.3,-0.7309408962328681,12000,0.7173596335131767,442000,0.6270461975427244,264000,-0.0486818950291646,36000,-0.6462696726916882,36000,0.5111077648634296,12000,480000,2.5657600000000005,96000.0,39.7,2025-11-21_09-33,1,0.9882270986938733,1,106970.88143154222,50.51931733671658,111597.97445488266
R_AP_3DBall_1095,3DBall,1095,ppo,0.0005315065107612,500000,134,25143,3.0,12.0,433,65.7,89.3,-0.4761010769141184,12000,0.7173596335131767,442000,0.6270461975427244,192000,-0.0387123260045039,36000,-0.2685852284133824,36000,0.0756801874535352,12000,480000,2.5657600000000005,84000.0,64.9,2025-11-21_09-33,1,0.9857975633907301,1,85559.14799190815,52.73142743778277,91445.21792084488
R_AK_3DBall_2313,3DBall,2313,ppo,0.0006561389770543,500000,161,30283,3.0,12.0,214,25.8,83.1,-0.482241795451919,12000,0.7173596335131767,442000,0.6270461975427244,276000,-0.0728937055176264,36000,-0.7639983373045657,36000,0.5323481344931901,12000,480000,2.5657600000000005,108000.0,42.7,2025-11-21_09-33,1,0.9979240877577642,1,103497.90843324375,48.28571551594665,104321.01197919928
R_LN_3DBall_3827,3DBall,3827,ppo,0.0007234159263305,200000,129,24351,3.0,12.0,180,42.6,51.9,-0.3340969607274657,12000,-0.6008470671283385,142000,-0.2490068351446013,192000,-0.0387123260045039,36000,-0.464232575674667,36000,-0.0199014758803454,12000,180000,2.5657600000000005,84000.0,71.8,2025-11-21_09-33,1,0.9707574438877075,1,84703.68990407418,70.47215987644806,88075.24872159457
R_LN_3DBall_3216,3DBall,3216,ppo,0.0004487310357024,100000,71,13410,3.0,12.0,97,40.7,57.1,0.1218513907042753,12000,-1.6123582400774206,46000,-1.6891642001146778,96000,0.140027804366199,24000,0.700464588978163,24000,0.5588985965303759,12000,84000,2.5657600000000005,60000.0,55.4,2025-11-21_09-33,1,0.027900832682496723,0,63645.35408646718,77.36274180924944,98985.6751071351
R_LN_3DBall_3399,3DBall,3399,ppo,0.0004956378231286,100000,58,10990,3.0,12.0,116,53.6,59.0,0.407394802712031,12000,-0.9568357855246744,46000,-0.3069561895086602,96000,0.2176480203439146,12000,1.2622276678101298,12000,-0.6624226571803128,12000,84000,2.5657600000000005,48000.0,49.8,2025-11-21_09-33,1,0.6336589083506878,1,52235.19770220672,62.72976284351013,69733.40751839388
R_AP_3DBall_1105,3DBall,1105,ppo,0.0001463949917726,500000,161,30333,3.0,12.0,448,58.9,89.8,-0.5183185168615022,12000,0.393224001119811,442000,0.5711777904919656,492000,-0.0828632745422871,36000,-0.0688548060788186,36000,0.6544802598642565,12000,480000,2.5657600000000005,192000.0,168.0,2025-11-21_09-33,1,0.48624208318795986,0,114638.235507349,74.57512744505054,312620.8928521054
R_AK_3DBall_2976,3DBall,2976,ppo,0.0006502171903261,500000,152,28666,3.0,12.0,266,48.4,84.2,-0.3225831134690879,12000,0.583649680855195,442000,0.6270461975427244,324000,-0.0835753866154772,36000,-0.8657349578804335,36000,0.2084324976394878,12000,480000,2.5657600000000005,72000.0,33.3,2025-11-21_09-33,1,0.9998994734706064,1,98478.5340033395,39.60222806297061,98518.8975627932
R_LN_3DBall_4494,3DBall,4494,ppo,0.00020653541547,200000,65,12221,3.0,12.0,185,44.2,64.4,0.0719580525846391,12000,0.5869449989440655,142000,0.6270461975427244,144000,0.1706486235133713,24000,0.2982816942601832,24000,0.3836655470849259,12000,180000,2.5657600000000005,60000.0,49.2,2025-11-21_09-33,1,0.8871187988718535,1,66458.10057021289,47.298401557292934,81532.4705787814
R_AK_3DBall_2236,3DBall,2236,ppo,0.0006008428727631,500000,150,28186,3.0,12.0,212,28.4,82.5,-0.1982335630786134,12000,0.7173596335131767,442000,0.6270461975427244,276000,-0.0757421538103866,36000,-0.5230969079811056,36000,0.3252545306031171,12000,480000,2.5657600000000005,108000.0,42.3,2025-11-21_09-33,1,0.9988984771878516,1,94331.49990074347,44.77955478568181,94778.35300777282
R_AP_3DBall_1316,3DBall,1316,ppo,0.0008342025487533,500000,114,21466,3.0,12.0,450,63.0,89.7,-0.0669757043331116,12000,0.7173596335131767,442000,0.6270461975427244,192000,0.0033022863137091,24000,-0.2260531964000596,24000,-0.2163748949555322,12000,480000,2.5657600000000005,60000.0,45.0,2025-11-21_09-33,1,0.9996544024587556,1,69449.86567928585,37.62709979142851,69598.66274708955
R_LN_3DBall_4426,3DBall,4426,ppo,0.0001567089318607,200000,152,28612,3.0,12.0,175,44.3,64.7,-0.0884682192154169,12000,-1.5161260120594031,142000,-1.6032729063616211,192000,-0.0743179296640064,36000,-0.7388193743526785,36000,0.6810307219014423,12000,180000,2.5657600000000005,96000.0,81.9,2025-11-21_09-33,1,0.7685651888402254,1,115513.33001088047,92.42199460874271,135066.48652533055
R_AK_3DBall_2234,3DBall,2234,ppo,0.0006643152324434,500000,141,26509,3.0,12.0,242,42.4,82.3,-0.6603226330481551,12000,0.6803388331598378,442000,0.6270461975427244,204000,-0.0337275414921735,36000,-0.3825710742090872,36000,-0.0092812910654593,12000,480000,2.5657600000000005,84000.0,36.3,2025-11-21_09-33,1,0.9988900679570597,1,88504.58291006248,42.206273830268046,88961.31485901368
R_LN_3DBall_3593,3DBall,3593,ppo,0.0006404828411291,200000,142,26676,3.0,12.0,174,43.0,62.5,-0.7854397732558547,12000,-1.3684500692493438,142000,-1.3323294403760049,192000,-0.0657725847857259,36000,-0.651373516533287,36000,0.2668435141212966,12000,180000,2.5657600000000005,96000.0,81.1,2025-11-21_09-33,1,0.7158327798306207,1,95277.21993475847,86.64450619789231,125036.00123430745
R_LN_3DBall_3988,3DBall,3988,ppo,0.000248836439412,200000,45,8492,3.0,12.0,234,43.7,61.0,2.1352394812858484,12000,0.6647140091845752,142000,0.6270461975427244,144000,0.3223284951028523,12000,3.170044495799735,12000,-1.1031603269976442,12000,180000,2.5657600000000005,36000.0,31.2,2025-11-21_09-33,1,0.9920327618651774,1,41126.40680121303,31.69396315342339,42392.19055156269
R_AK_3DBall_2206,3DBall,2206,ppo,0.0005024872483985,500000,121,22821,3.0,12.0,262,42.4,83.3,-0.452305792580138,12000,0.6919531532062937,442000,0.6270461975427244,204000,-0.0045309464913814,24000,-0.5322838268959833,24000,-0.0676923075472799,12000,480000,2.5657600000000005,84000.0,39.3,2025-11-21_09-33,1,0.999501269143468,1,83816.55511263787,40.020313754756,84024.11863858097
R_LN_3DBall_3773,3DBall,3773,ppo,0.0001692202524467,200000,129,24298,3.0,12.0,201,42.2,51.9,-0.3494487570719687,12000,-0.9343471641133624,142000,0.0260675820131424,192000,-0.0301669811262232,36000,-0.6418463413623027,36000,0.6279297978270589,12000,180000,2.5657600000000005,84000.0,80.2,2025-11-21_09-33,1,0.43529162124047605,0,102296.496805683,92.1587595621998,157470.48369367173
R_AK_3DBall_2379,3DBall,2379,ppo,0.0008374651924554,500000,38,7247,3.0,12.0,230,26.0,83.4,1.373790382598498,12000,0.7173596335131767,442000,0.6270461975427244,120000,0.3807216851044365,12000,2.2003141658959766,12000,-1.793472339964546,12000,480000,2.5657600000000005,36000.0,11.5,2025-11-21_09-33,1,0.9999994808790925,1,35265.00326141519,13.84697639837787,35265.244515068436
R_AK_3DBall_2170,3DBall,2170,ppo,0.000633472916735,500000,180,33797,3.0,12.0,253,42.6,83.9,-0.8453117789994167,12000,0.6368639772579119,442000,0.6270461975427244,300000,-0.109211421250319,36000,-0.865394701624327,36000,0.2562233293064223,12000,480000,2.5657600000000005,108000.0,50.6,2025-11-21_09-33,1,0.9966563608890899,1,114301.99311718807,58.19390540929685,115591.6280580015
R_LN_3DBall_3796,3DBall,3796,ppo,0.0004690707105655,200000,46,8721,3.0,12.0,235,42.4,51.3,0.8902087977466512,12000,0.6298784988977063,142000,0.6270461975427244,132000,0.304525693273101,12000,2.5300224780632545,12000,-1.3474245777397773,12000,180000,2.5657600000000005,36000.0,31.3,2025-11-21_09-33,1,0.9880398089615505,1,42833.84596738839,34.64985953087471,44713.58319439681
R_AK_3DBall_2518,3DBall,2518,ppo,0.0006526172703378,500000,129,24276,3.0,12.0,215,32.3,85.1,-0.7401519740395706,12000,0.7173596335131767,442000,0.6270461975427244,264000,-0.0337275414921735,36000,-0.7122793863763651,36000,0.5907591509749988,12000,480000,2.5657600000000005,108000.0,43.0,2025-11-21_09-33,1,0.9978639678594021,1,89310.71804580664,38.396769545626476,90187.96355185987
R_LN_3DBall_4143,3DBall,4143,ppo,0.0006556418597672,200000,179,33607,3.0,12.0,171,43.9,60.6,-0.5904719596806653,12000,-1.671053144635478,142000,-1.832380821899924,180000,-0.1077871971039389,36000,-0.6010155906295129,36000,0.6332398902345079,12000,180000,2.5657600000000005,144000.0,125.6,2025-11-21_09-33,1,0.6316075737447586,1,116380.33259414986,95.88967292674332,147185.1847524473
R_AK_3DBall_2262,3DBall,2262,ppo,0.0002268737706201,500000,50,9411,3.0,12.0,298,50.1,82.6,1.2770740656281276,12000,0.7173596335131767,442000,0.6270461975427244,132000,0.2746169861991188,12000,1.9828904182438705,12000,-0.7951749673662536,12000,480000,2.5657600000000005,36000.0,14.9,2025-11-21_09-33,1,0.9998532638399115,1,46761.802745192464,20.724892981282217,46828.309177863084
R_AK_3DBall_2225,3DBall,2225,ppo,0.0001498803620875,500000,64,12106,3.0,12.0,225,34.7,84.4,-0.3839902988471002,12000,0.7173596335131767,442000,0.6270461975427244,204000,0.1863150891235523,24000,-0.2559957469374387,24000,0.3199444381956799,12000,480000,2.5657600000000005,108000.0,45.0,2025-11-21_09-33,1,0.9969387875776903,1,69185.08909537618,31.859498360690363,70503.90505235369
R_AK_3DBall_2271,3DBall,2271,ppo,0.0005584988791248,500000,125,23471,3.0,12.0,266,46.3,84.1,-0.5244592353993028,12000,0.6802643346348445,442000,0.6270461975427244,168000,-0.0173489638088023,24000,-0.4557261692720024,24000,-0.0570721227324056,12000,480000,2.5657600000000005,84000.0,39.9,2025-11-21_09-33,1,0.9994151522200806,1,82717.10935871689,39.177577713526716,82961.15633090679
R_AK_3DBall_2866,3DBall,2866,ppo,0.0008190951801375,500000,95,17822,3.0,12.0,216,32.5,84.5,-0.179043817647985,12000,0.7173596335131767,442000,0.6270461975427244,180000,0.0538622435102028,24000,-0.2144844836924357,24000,-0.28009600384479,12000,480000,2.5657600000000005,72000.0,27.0,2025-11-21_09-33,1,0.9999841393082783,1,63372.920126653946,24.240719435896125,63379.84533416514
R_AP_3DBall_1042,3DBall,1042,ppo,0.0005987812405044,500000,164,30925,3.0,12.0,413,57.6,87.5,-0.1805789972824351,12000,0.7173596335131767,442000,0.6270461975427244,276000,-0.1006660763720383,36000,-0.7013911861809545,36000,0.4473866559741836,12000,480000,2.5657600000000005,108000.0,82.7,2025-11-21_09-33,1,0.9880418823389363,1,104217.55982859619,64.10357987324706,108950.37281634874
R_AK_3DBall_2779,3DBall,2779,ppo,0.000437561423586,500000,77,14492,3.0,12.0,261,48.5,84.2,0.114943082349248,12000,0.7173596335131767,442000,0.6270461975427244,204000,0.1193765542436875,24000,0.5095808293023708,24000,-0.5509107166241206,12000,480000,2.5657600000000005,48000.0,19.6,2025-11-21_09-33,1,0.9999423523908366,1,59903.01039794788,24.31984562973866,59928.38093719844
R_AK_3DBall_2653,3DBall,2653,ppo,0.0004954494089895,500000,151,28374,3.0,12.0,214,33.1,84.6,-0.2435213622948975,12000,0.7173596335131767,442000,0.6270461975427244,252000,-0.0693331451516761,36000,-0.682336835838986,36000,0.4473866559741836,12000,480000,2.5657600000000005,96000.0,37.4,2025-11-21_09-33,1,0.9991547091830758,1,99848.08429614852,43.98634482486625,100186.3290358676
R_LN_3DBall_3752,3DBall,3752,ppo,0.000191738238538,200000,121,22794,3.0,12.0,182,42.8,51.6,-0.6825827377476836,12000,-0.904878030910178,142000,-0.2877918767051324,192000,-0.0102278430769018,24000,-0.6411658288500895,24000,0.5057976724559924,12000,180000,2.5657600000000005,84000.0,72.9,2025-11-21_09-33,1,0.3745603957752214,0,98561.27597623695,89.29588911071656,162005.07138272584
R_LN_3DBall_4571,3DBall,4571,ppo,0.0005567407201168,200000,115,21635,3.0,12.0,177,44.2,65.1,0.1018940554564202,12000,0.0510026101422379,142000,0.581706300876358,192000,-0.0045309464913814,24000,-0.5703925275799204,24000,-0.1898244329183464,12000,180000,2.5657600000000005,72000.0,59.1,2025-11-21_09-33,1,0.9984255826647432,1,79275.3435887744,57.30859867542943,79465.41458062115
R_LN_3DBall_3977,3DBall,3977,ppo,0.000593155031624,200000,107,20063,3.0,12.0,174,41.8,60.1,-0.3770819904920745,12000,-0.9059905422167444,142000,-0.4515910529572459,192000,0.0182566398507002,24000,-0.5972727718123404,24000,0.2827737913436081,12000,180000,2.5657600000000005,96000.0,81.4,2025-11-21_09-33,1,0.9515833966736664,1,78401.66072054206,63.065340017703384,84289.0392785765
R_AK_3DBall_2681,3DBall,2681,ppo,0.0004875566451141,500000,133,25042,3.0,12.0,225,46.4,84.6,-0.1613892518518068,12000,0.6846945135877794,442000,0.6270461975427244,192000,-0.0444092225900243,36000,-0.3849528680018332,36000,0.4473866559741836,12000,480000,2.5657600000000005,84000.0,33.7,2025-11-21_09-33,1,0.9990030230394853,1,90102.97539139488,38.2590409416507,90511.63328111319
R_AP_3DBall_1020,3DBall,1020,ppo,7.471209277855806e-05,500000,52,9878,3.0,12.0,515,65.3,87.0,0.8272664327341889,12000,0.7173596335131767,442000,0.6270461975427244,144000,0.2447082791251366,12000,0.6579325569648404,12000,0.5854490585675617,12000,480000,2.5657600000000005,48000.0,38.6,2025-11-21_09-33,1,0.9717206292368556,1,59721.18305962604,33.8584338754024,72171.99096304143
R_LN_3DBall_4113,3DBall,4113,ppo,0.0005113439865997,200000,132,24899,3.0,12.0,178,43.4,61.2,-0.6549495043275778,12000,-1.170405673691311,142000,-0.7853445742803672,192000,-0.0323033173457934,36000,-0.7027522112053809,36000,0.6173096130121846,12000,180000,2.5657600000000005,96000.0,83.2,2025-11-21_09-33,1,0.7217508764613255,1,97844.7125578923,77.93040249416737,126269.33175350013
R_AP_3DBall_1043,3DBall,1043,ppo,0.0006746796361571,500000,146,27452,3.0,12.0,445,66.8,87.5,0.0358813311750576,12000,0.7173596335131767,442000,0.6270461975427244,204000,-0.0664846968589159,36000,-0.0970960753356651,36000,0.1447113887502301,12000,480000,2.5657600000000005,72000.0,55.7,2025-11-21_09-33,1,0.9938213682135071,1,85636.51826825245,51.64660544922698,88196.7176476421
R_AK_3DBall_2671,3DBall,2671,ppo,0.0008900806145801,500000,64,12015,3.0,12.0,221,34.4,84.0,-0.0071036985895512,12000,0.6096446995095253,442000,0.6270461975427244,120000,0.1834666408307921,24000,0.8859042485562502,24000,-1.1456410662571417,12000,480000,2.5657600000000005,48000.0,16.6,2025-11-21_09-33,1,0.9999947679761073,1,46871.277029871584,18.218214797276303,46873.647810176626
R_AK_3DBall_2552,3DBall,2552,ppo,0.0007791284284388,500000,136,25510,3.0,12.0,218,36.6,80.2,-0.6173376032835461,12000,0.6769243174309779,442000,0.6270461975427244,204000,-0.0301669811262232,36000,-0.3618154425865857,36000,0.0013388937494149,12000,480000,2.5657600000000005,84000.0,32.7,2025-11-21_09-33,1,0.999633537087094,1,82712.22673486102,35.99622080296555,82865.14722777181
R_LN_3DBall_3192,3DBall,3192,ppo,0.0004011578497275,100000,176,33007,3.0,12.0,105,40.8,57.0,-0.7823694139869544,12000,-1.7244611372031775,46000,-1.89918774010684,84000,-0.0814390503959069,36000,-0.9058851961010104,36000,0.6226197054196217,12000,84000,2.5657600000000005,,,2025-11-21_09-33,0,0.012927923899315026,0,124634.4254708586,180.64946380490557,100318.4719777906
R_LN_3DBall_3980,3DBall,3980,ppo,0.0003262297461802,200000,122,23009,3.0,12.0,174,43.9,60.5,-0.238148233574322,12000,-1.1389300468816406,142000,-0.6799769545578481,192000,-0.0308790931994133,24000,-0.6939055485466098,24000,0.5057976724559924,12000,180000,2.5657600000000005,84000.0,69.8,2025-11-21_09-33,1,0.8313337625321288,1,94224.03147797278,78.50252552368194,112064.8661031031
R_LN_3DBall_3291,3DBall,3291,ppo,0.0002695511989267,100000,57,10845,3.0,12.0,106,41.5,57.7,0.6514883645896297,12000,-1.1535714903269911,46000,-0.5035502702595992,96000,0.2283297014417654,12000,0.80628428462731,12000,-0.4128483140307308,12000,84000,2.5657600000000005,48000.0,45.5,2025-11-21_09-33,1,0.6176020985598137,1,57212.57242072225,71.59172008821751,73574.39493506201
R_AK_3DBall_2638,3DBall,2638,ppo,4.3715300418814754e-05,500000,171,32227,3.0,12.0,241,45.2,84.5,-0.1867197158202357,12000,0.7008184776804968,442000,0.6270461975427244,336000,-0.0985297401524682,36000,-0.5023412763586041,36000,0.7235114611609397,12000,480000,2.5657600000000005,120000.0,54.2,2025-11-21_09-33,1,0.980088744137764,1,127645.34107846256,60.86560939776226,135059.3899637449
R_LN_3DBall_3210,3DBall,3210,ppo,0.000149191679992,100000,46,8805,3.0,12.0,106,42.1,57.2,-0.6326893996280492,12000,-1.6790791190614232,46000,-1.7886912428054436,96000,0.3031014691267208,12000,-0.4798843634555698,12000,0.2402930520841107,12000,84000,2.5657600000000005,72000.0,75.7,2025-11-21_09-33,1,0.11250598877427138,0,67666.8963060733,87.14678136207488,96362.33219877373
R_AP_3DBall_1273,3DBall,1273,ppo,0.0006005556945572,500000,64,12179,3.0,12.0,596,63.2,87.6,0.540187841091983,12000,0.6799961399448685,442000,0.6270461975427244,180000,0.1998452185141633,24000,1.7321215574933195,24000,-1.989945759039745,12000,480000,2.5657600000000005,48000.0,44.7,2025-11-21_09-33,1,0.9999752212183531,1,45151.693706188926,25.37233377968199,45162.964293053024
R_AK_3DBall_2099,3DBall,2099,ppo,0.0004570396612269,500000,137,25803,3.0,12.0,212,28.5,82.4,-0.1575513027656797,12000,0.7173596335131767,442000,0.6270461975427244,264000,-0.0394244380776939,36000,-0.3822308179529807,36000,0.6279297978270589,12000,480000,2.5657600000000005,108000.0,42.4,2025-11-21_09-33,1,0.9938516916809297,1,93502.28288987571,45.064234710810986,96001.55618566698
R_AK_3DBall_2969,3DBall,2969,ppo,3.5643058614796486e-05,500000,175,32995,3.0,12.0,224,32.7,83.8,-0.748595462029048,12000,-1.7123625767442652,442000,-1.8932698044389047,480000,-0.0942570677133279,36000,0.3636108954326469,36000,0.7341316459758139,12000,480000,2.5657600000000005,,,2025-11-21_09-33,0,0.7081849276823687,1,129163.82168803683,57.9887266571341,237379.40788013636
R_AK_3DBall_2135,3DBall,2135,ppo,0.0003578952793,500000,143,26842,3.0,12.0,225,41.1,84.1,-0.5643739058950114,12000,0.7173596335131767,442000,0.6270461975427244,216000,-0.0515303433219248,36000,-0.6166673784104156,36000,0.3677352698626144,12000,480000,2.5657600000000005,96000.0,39.3,2025-11-21_09-33,1,0.9937243035159308,1,99156.43296529008,50.28060321079966,101672.00552959157
R_AK_3DBall_2882,3DBall,2882,ppo,0.0005810172982953,500000,120,22549,3.0,12.0,265,47.4,84.6,-0.4707279481935429,12000,0.6803388331598378,442000,0.6270461975427244,240000,-0.0116520672232819,24000,-0.5588238148722968,24000,-0.10486295439934,12000,480000,2.5657600000000005,72000.0,33.1,2025-11-21_09-33,1,0.9999068974039438,1,80845.19267728234,33.17388257292086,80884.21707799353
R_AK_3DBall_2146,3DBall,2146,ppo,0.0002968018669491,500000,83,15563,3.0,12.0,243,41.3,83.6,0.4089299823464812,12000,0.6792610878316011,442000,0.6270461975427244,144000,0.1151038818045472,24000,0.2775260626376817,24000,0.1447113887502301,12000,480000,2.5657600000000005,60000.0,24.3,2025-11-21_09-33,1,0.9991290438915189,1,65804.85007332919,30.64512949620671,66183.01499143068
R_LN_3DBall_3718,3DBall,3718,ppo,0.0008725721134683,200000,72,13596,3.0,12.0,179,42.9,51.3,0.6015950264699952,12000,0.6858417908726764,142000,0.6270461975427244,144000,0.1279218991219681,24000,1.5027888408774832,24000,-0.6836630268100614,12000,180000,2.5657600000000005,48000.0,35.7,2025-11-21_09-33,1,0.9909795127084927,1,49062.28973411966,38.087974360211085,50423.82143138224
R_AK_3DBall_2490,3DBall,2490,ppo,0.0008508233014198,500000,40,7553,3.0,12.0,342,47.0,83.1,1.8082462191479336,12000,-1.763495881015502,442000,0.4368238897919895,84000,0.3864185816899568,12000,1.9995629747930932,12000,-3.205956920342984,12000,480000,2.5657600000000005,36000.0,17.1,2025-11-21_09-33,1,0.9999999990889175,1,31606.42077524389,12.96643785717288,31606.421201989102
R_LN_3DBall_4034,3DBall,4034,ppo,0.0005214258242461,200000,39,7450,3.0,12.0,204,43.7,61.0,1.7000160549191874,12000,0.6089468966587545,142000,0.6270461975427244,84000,0.3736005643725359,12000,2.53648734692928,12000,-1.9156044653356128,12000,180000,2.5657600000000005,36000.0,27.3,2025-11-21_09-33,1,0.9998865746406594,1,38083.66519724148,28.866392875756272,38102.03061569958
R_LN_3DBall_4567,3DBall,4567,ppo,0.0006945578065857,200000,32,6046,3.0,12.0,214,38.9,65.0,0.9086309533600562,12000,0.7173596335131767,142000,0.6270461975427244,96000,0.4647509097408626,12000,2.144512139894497,12000,-0.6995933040323729,12000,180000,2.5657600000000005,36000.0,28.5,2025-11-21_09-33,1,0.9974139689416426,1,40237.65309902645,25.31819560925721,40650.803490068436
R_AK_3DBall_2460,3DBall,2460,ppo,0.0002403936692071,500000,169,31756,3.0,12.0,234,47.2,83.8,-0.7071456118988892,12000,0.7173596335131767,442000,0.6270461975427244,300000,-0.0928328435669478,36000,-0.8306885635014557,36000,0.5695187813452501,12000,480000,2.5657600000000005,108000.0,46.8,2025-11-21_09-33,1,0.9864180489960708,1,122000.5500970236,60.234677315567694,127134.52010511802
R_LN_3DBall_3560,3DBall,3560,ppo,0.0005767524265494,200000,47,8985,3.0,12.0,197,43.1,62.1,1.1788225690233087,12000,0.7173596335131767,142000,0.6270461975427244,96000,0.2860107793701595,12000,2.2302567164333555,12000,-1.7616117855199231,12000,180000,2.5657600000000005,48000.0,39.5,2025-11-21_09-33,1,0.9991784083670382,1,41267.574036971775,34.824027240843584,41397.98727002273
R_LN_3DBall_4103,3DBall,4103,ppo,0.0005374447337372,200000,189,35533,3.0,12.0,174,44.2,60.6,-0.93972532651811,12000,-1.628611334946793,142000,-1.74186606032438,192000,-0.1028024125916085,36000,-0.8895528958078943,36000,0.5376582269006271,12000,180000,2.5657600000000005,120000.0,104.2,2025-11-21_09-33,1,0.5025851132264412,1,131472.4478262424,113.95742271255209,165559.0724316212
R_AP_3DBall_1153,3DBall,1153,ppo,0.0004331918140957,500000,70,13235,3.0,12.0,449,53.2,88.6,0.2500388901808752,12000,0.7173596335131767,442000,0.6270461975427244,144000,0.1457247009517194,24000,-0.0739586499204174,24000,-0.1314134164365376,12000,480000,2.5657600000000005,72000.0,56.2,2025-11-21_09-33,1,0.9993065411349948,1,60787.68315022032,34.08518568867265,61092.25882495925
R_AP_3DBall_1311,3DBall,1311,ppo,0.00040531297374,500000,138,25975,3.0,12.0,402,51.9,87.8,-0.3056961374901348,12000,0.7173596335131767,442000,0.6270461975427244,240000,-0.0387123260045039,36000,-0.4710377007967987,36000,0.6916509067163167,12000,480000,2.5657600000000005,96000.0,70.4,2025-11-21_09-33,1,0.9552566671868848,1,95923.75602625874,55.538224698560704,114003.47389224936
R_AK_3DBall_2528,3DBall,2528,ppo,0.000661805999342,500000,122,23058,3.0,12.0,231,44.1,84.8,-0.833797931741039,12000,0.6803785657065008,442000,0.6270461975427244,204000,-0.0344396535653636,24000,-0.7170429739618573,24000,0.0544398178237865,12000,480000,2.5657600000000005,84000.0,34.6,2025-11-21_09-33,1,0.999594868671817,1,84960.14715831965,36.78748412892137,85128.29280515028
R_AK_3DBall_2717,3DBall,2717,ppo,0.0002122559134762,500000,189,35555,3.0,12.0,215,32.8,83.4,-0.65955504323093,12000,0.4747825029983136,442000,0.6208136700876482,444000,-0.1220294385677399,36000,-0.3359559671224856,36000,0.6385499826419451,12000,480000,2.5657600000000005,192000.0,80.5,2025-11-21_09-33,1,0.9529326012066642,1,134203.77102361582,63.72256798585995,151420.84800994565
R_AK_3DBall_2520,3DBall,2520,ppo,0.000523090234217,500000,97,18275,3.0,12.0,216,34.6,84.6,-0.045483189450808,12000,0.7173596335131767,442000,0.6270461975427244,180000,0.043180562412352,24000,-0.5030217888708173,24000,0.2031224052320506,12000,480000,2.5657600000000005,72000.0,27.0,2025-11-21_09-33,1,0.9998471619066545,1,72909.96769105893,30.77587562596633,72975.24331728392
R_AK_3DBall_2403,3DBall,2403,ppo,0.0008081312738097,500000,149,27986,3.0,12.0,229,40.3,83.5,-0.4346512267839597,12000,0.6425556645674004,442000,0.6270461975427244,216000,-0.068621033078486,36000,-0.8589298327583018,36000,0.2827737913436081,12000,480000,2.5657600000000005,96000.0,40.0,2025-11-21_09-33,1,0.999735044265475,1,91450.52813577814,40.80967304983668,91558.77566118573
R_LN_3DBall_4459,3DBall,4459,ppo,0.0007611693199451,200000,124,23392,3.0,12.0,182,44.5,63.8,-0.7908129019764301,12000,-0.5429045976727132,142000,0.0454820210736597,192000,-0.0223337483211326,24000,-0.7109183613519389,24000,0.0597499102312237,12000,180000,2.5657600000000005,84000.0,72.7,2025-11-21_09-33,1,0.983677184187666,1,85636.08056404036,62.06633727110361,87502.82175657012
R_AK_3DBall_2932,3DBall,2932,ppo,0.0003389796755891,500000,101,19082,3.0,12.0,217,33.0,84.5,-0.500663951065324,12000,0.7173596335131767,442000,0.6270461975427244,204000,0.0374836658268315,24000,-0.6136050721054563,24000,0.3571150850477401,12000,480000,2.5657600000000005,84000.0,32.5,2025-11-21_09-33,1,0.9994171580575912,1,82618.14815747905,33.06050866183073,82861.41580673312
R_AK_3DBall_2408,3DBall,2408,ppo,0.0007460958417932,500000,111,20930,3.0,12.0,221,38.7,83.1,-0.3172099847485125,12000,0.7173596335131767,442000,0.6270461975427244,180000,-0.0166368517356123,24000,-0.5816209840314377,24000,0.0969205570832956,12000,480000,2.5657600000000005,72000.0,27.6,2025-11-21_09-33,1,0.9998670419172851,1,74963.37526510125,32.04791425570347,75019.88731980958
R_AP_3DBall_1040,3DBall,1040,ppo,0.0002175733633558,500000,151,28369,3.0,12.0,432,65.4,87.9,-0.7186594591572669,12000,0.7041162790535338,442000,0.6270461975427244,276000,-0.0444092225900243,36000,-0.7932603753297317,36000,0.6226197054196217,12000,480000,2.5657600000000005,96000.0,75.6,2025-11-21_09-33,1,0.8361944301424689,1,110536.25330503177,72.67962897689559,174332.5842712502
R_LN_3DBall_4228,3DBall,4228,ppo,0.0001183804294476,200000,63,11957,3.0,12.0,188,44.2,61.0,-0.6357597588969495,12000,0.4882046539179404,142000,0.6270461975427244,168000,0.1763455200988916,12000,-0.1607239952275959,12000,0.3146343457882428,12000,180000,2.5657600000000005,72000.0,62.5,2025-11-21_09-33,1,0.6986029636201883,1,72879.68894915779,56.35690855017294,111193.37396356146
R_AK_3DBall_2249,3DBall,2249,ppo,0.0004028018906385,500000,159,29918,3.0,12.0,255,44.8,83.7,-0.7401519740395706,12000,0.7173596335131767,442000,0.6270461975427244,240000,-0.0721815934444363,36000,-0.8837685394540824,36000,0.7606821080130115,12000,480000,2.5657600000000005,108000.0,51.0,2025-11-21_09-33,1,0.9835517242441632,1,113632.03047858232,55.697698136234344,119987.11738449338
R_LN_3DBall_4088,3DBall,4088,ppo,0.0004954547163951,200000,142,26776,3.0,12.0,174,43.8,60.2,-0.6587874534137049,12000,-1.5810763094327325,142000,-1.6741308384832774,192000,-0.0380002139313138,36000,-0.6925445235221834,36000,0.5748288737526873,12000,180000,2.5657600000000005,120000.0,104.6,2025-11-21_09-33,1,0.6864077717983953,1,103144.58240327051,84.01659488262652,133517.68862082582
R_LN_3DBall_4542,3DBall,4542,ppo,0.0003160900240047,200000,87,16497,3.0,12.0,179,45.1,64.5,-0.1475726351417539,12000,0.1895748331981157,142000,0.6270461975427244,192000,0.0787861660718545,24000,-0.2059780772897712,24000,0.3358747154179914,12000,180000,2.5657600000000005,60000.0,47.6,2025-11-21_09-33,1,0.9475773976142137,1,77026.2824796992,54.47010123572854,83472.88477716793
